# Mr. Cluckers - procedurally generated plush rooster
mtllib ginger.mtl
o MrCluckers
v -0.115000 0.920000 0.460000
v -0.111658 0.948475 0.450832
v -0.101827 0.975295 0.442197
v -0.086079 0.998902 0.434596
v -0.065327 1.017923 0.428472
v -0.040780 1.031253 0.424180
v -0.013862 1.038117 0.421970
v 0.013862 1.038117 0.421970
v 0.040780 1.031253 0.424180
v 0.065327 1.017923 0.428472
v 0.086079 0.998902 0.434596
v 0.101827 0.975295 0.442197
v 0.111658 0.948475 0.450832
v 0.115000 0.920000 0.460000
v 0.111658 0.891525 0.469168
v 0.101827 0.864705 0.477803
v 0.086079 0.841098 0.485404
v 0.065327 0.822077 0.491528
v 0.040780 0.808747 0.495820
v 0.013862 0.801883 0.498030
v -0.013862 0.801883 0.498030
v -0.040780 0.808747 0.495820
v -0.065327 0.822077 0.491528
v -0.086079 0.841098 0.485404
v -0.101827 0.864705 0.477803
v -0.111658 0.891525 0.469168
v -0.115000 0.920000 0.460000
v -0.126484 0.913359 0.439375
v -0.122809 0.946788 0.428511
v -0.111996 0.978273 0.418278
v -0.094675 1.005986 0.409271
v -0.071851 1.028316 0.402014
v -0.044852 1.043965 0.396928
v -0.015246 1.052024 0.394309
v 0.015246 1.052024 0.394309
v 0.044852 1.043965 0.396928
v 0.071851 1.028316 0.402014
v 0.094675 1.005986 0.409271
v 0.111996 0.978273 0.418278
v 0.122809 0.946788 0.428511
v 0.126484 0.913359 0.439375
v 0.122809 0.879931 0.450239
v 0.111996 0.848445 0.460472
v 0.094675 0.820732 0.469479
v 0.071851 0.798402 0.476736
v 0.044852 0.782753 0.481822
v 0.015246 0.774695 0.484441
v -0.015246 0.774695 0.484441
v -0.044852 0.782753 0.481822
v -0.071851 0.798402 0.476736
v -0.094675 0.820732 0.469479
v -0.111996 0.848445 0.460472
v -0.122809 0.879931 0.450239
v -0.126484 0.913359 0.439375
v -0.143125 0.903750 0.410000
v -0.138966 0.944595 0.397286
v -0.126731 0.983066 0.385311
v -0.107131 1.016927 0.374771
v -0.081304 1.044211 0.366278
v -0.050753 1.063332 0.360326
v -0.017252 1.073178 0.357261
v 0.017252 1.073178 0.357261
v 0.050753 1.063332 0.360326
v 0.081304 1.044211 0.366278
v 0.107131 1.016927 0.374771
v 0.126731 0.983066 0.385311
v 0.138966 0.944595 0.397286
v 0.143125 0.903750 0.410000
v 0.138966 0.862905 0.422714
v 0.126731 0.824434 0.434689
v 0.107131 0.790573 0.445229
v 0.081304 0.763289 0.453722
v 0.050753 0.744168 0.459674
v 0.017252 0.734322 0.462739
v -0.017252 0.734322 0.462739
v -0.050753 0.744168 0.459674
v -0.081304 0.763289 0.453722
v -0.107131 0.790573 0.445229
v -0.126731 0.824434 0.434689
v -0.138966 0.862905 0.422714
v -0.143125 0.903750 0.410000
v -0.160703 0.893516 0.375625
v -0.156033 0.942350 0.362544
v -0.142296 0.988345 0.350224
v -0.120288 1.028830 0.339380
v -0.091290 1.061451 0.330642
v -0.056986 1.084312 0.324519
v -0.019371 1.096084 0.321366
v 0.019371 1.096084 0.321366
v 0.056986 1.084312 0.324519
v 0.091290 1.061451 0.330642
v 0.120288 1.028830 0.339380
v 0.142296 0.988345 0.350224
v 0.156033 0.942350 0.362544
v 0.160703 0.893516 0.375625
v 0.156033 0.844682 0.388706
v 0.142296 0.798686 0.401026
v 0.120288 0.758201 0.411870
v 0.091290 0.725580 0.420608
v 0.056986 0.702719 0.426731
v 0.019371 0.690947 0.429884
v -0.019371 0.690947 0.429884
v -0.056986 0.702719 0.426731
v -0.091290 0.725580 0.420608
v -0.120288 0.758201 0.411870
v -0.142296 0.798686 0.401026
v -0.156033 0.844682 0.388706
v -0.160703 0.893516 0.375625
v -0.175000 0.885000 0.340000
v -0.169915 0.940026 0.328383
v -0.154955 0.991854 0.317441
v -0.130989 1.037473 0.307809
v -0.099411 1.074230 0.300049
v -0.062056 1.099990 0.294611
v -0.021094 1.113255 0.291810
v 0.021094 1.113255 0.291810
v 0.062056 1.099990 0.294611
v 0.099411 1.074230 0.300049
v 0.130989 1.037473 0.307809
v 0.154955 0.991854 0.317441
v 0.169915 0.940026 0.328383
v 0.175000 0.885000 0.340000
v 0.169915 0.829974 0.351617
v 0.154955 0.778146 0.362559
v 0.130989 0.732527 0.372191
v 0.099411 0.695770 0.379951
v 0.062056 0.670010 0.385389
v 0.021094 0.656745 0.388190
v -0.021094 0.656745 0.388190
v -0.062056 0.670010 0.385389
v -0.099411 0.695770 0.379951
v -0.130989 0.732527 0.372191
v -0.154955 0.778146 0.362559
v -0.169915 0.829974 0.351617
v -0.175000 0.885000 0.340000
v -0.185523 0.878242 0.303281
v -0.180132 0.936543 0.293485
v -0.164273 0.991456 0.284258
v -0.138866 1.039789 0.276136
v -0.105389 1.078734 0.269592
v -0.065788 1.106027 0.265006
v -0.022362 1.120082 0.262644
v 0.022362 1.120082 0.262644
v 0.065788 1.106027 0.265006
v 0.105389 1.078734 0.269592
v 0.138866 1.039789 0.276136
v 0.164273 0.991456 0.284258
v 0.180132 0.936543 0.293485
v 0.185523 0.878242 0.303281
v 0.180132 0.819941 0.313078
v 0.164273 0.765028 0.322305
v 0.138866 0.716695 0.330426
v 0.105389 0.677750 0.336970
v 0.065788 0.650457 0.341557
v 0.022362 0.636402 0.343918
v -0.022362 0.636402 0.343918
v -0.065788 0.650457 0.341557
v -0.105389 0.677750 0.336970
v -0.138866 0.716695 0.330426
v -0.164273 0.765028 0.322305
v -0.180132 0.819941 0.313078
v -0.185523 0.878242 0.303281
v -0.194312 0.872188 0.263750
v -0.188666 0.932093 0.255828
v -0.172055 0.988517 0.248367
v -0.145445 1.038181 0.241799
v -0.110382 1.078197 0.236507
v -0.068904 1.106241 0.232799
v -0.023422 1.120683 0.230889
v 0.023422 1.120683 0.230889
v 0.068904 1.106241 0.232799
v 0.110382 1.078197 0.236507
v 0.145445 1.038181 0.241799
v 0.172055 0.988517 0.248367
v 0.188666 0.932093 0.255828
v 0.194312 0.872187 0.263750
v 0.188666 0.812282 0.271672
v 0.172055 0.755858 0.279133
v 0.145445 0.706194 0.285701
v 0.110382 0.666178 0.290993
v 0.068904 0.638134 0.294701
v 0.023422 0.623692 0.296611
v -0.023422 0.623692 0.296611
v -0.068904 0.638134 0.294701
v -0.110382 0.666178 0.290993
v -0.145445 0.706194 0.285701
v -0.172055 0.755858 0.279133
v -0.188666 0.812282 0.271672
v -0.194312 0.872188 0.263750
v -0.200945 0.867539 0.222344
v -0.195106 0.928155 0.217142
v -0.177928 0.985248 0.212242
v -0.150410 1.035500 0.207929
v -0.114150 1.075991 0.204454
v -0.071256 1.104367 0.202019
v -0.024221 1.118980 0.200765
v 0.024221 1.118980 0.200765
v 0.071256 1.104367 0.202019
v 0.114150 1.075991 0.204454
v 0.150410 1.035500 0.207929
v 0.177928 0.985248 0.212242
v 0.195106 0.928155 0.217142
v 0.200945 0.867539 0.222344
v 0.195106 0.806923 0.227546
v 0.177928 0.749830 0.232446
v 0.150410 0.699578 0.236758
v 0.114150 0.659087 0.240233
v 0.071256 0.630711 0.242669
v 0.024221 0.616098 0.243923
v -0.024221 0.616098 0.243923
v -0.071256 0.630711 0.242669
v -0.114150 0.659087 0.240233
v -0.150410 0.699578 0.236758
v -0.177928 0.749830 0.232446
v -0.195106 0.806923 0.227546
v -0.200945 0.867539 0.222344
v -0.205000 0.865000 0.180000
v -0.199043 0.925998 0.178152
v -0.181518 0.983450 0.176412
v -0.153445 1.034019 0.174881
v -0.116453 1.074765 0.173646
v -0.072694 1.103320 0.172781
v -0.024710 1.118025 0.172336
v 0.024710 1.118025 0.172336
v 0.072694 1.103320 0.172781
v 0.116453 1.074765 0.173646
v 0.153445 1.034019 0.174881
v 0.181518 0.983450 0.176412
v 0.199043 0.925998 0.178152
v 0.205000 0.865000 0.180000
v 0.199043 0.804002 0.181848
v 0.181518 0.746550 0.183588
v 0.153445 0.695981 0.185119
v 0.116453 0.655235 0.186354
v 0.072694 0.626680 0.187219
v 0.024710 0.611975 0.187664
v -0.024710 0.611975 0.187664
v -0.072694 0.626680 0.187219
v -0.116453 0.655235 0.186354
v -0.153445 0.695981 0.185119
v -0.181518 0.746550 0.183588
v -0.199043 0.804002 0.181848
v -0.205000 0.865000 0.180000
v -0.205937 0.864922 0.135937
v -0.199953 0.926048 0.137211
v -0.182349 0.983622 0.138410
v -0.154146 1.034297 0.139466
v -0.116986 1.075129 0.140317
v -0.073026 1.103745 0.140913
v -0.024823 1.118481 0.141220
v 0.024823 1.118481 0.141220
v 0.073026 1.103745 0.140913
v 0.116986 1.075129 0.140317
v 0.154146 1.034297 0.139466
v 0.182349 0.983622 0.138410
v 0.199953 0.926048 0.137211
v 0.205937 0.864922 0.135937
v 0.199953 0.803796 0.134664
v 0.182349 0.746222 0.133465
v 0.154146 0.695546 0.132409
v 0.116986 0.654714 0.131558
v 0.073026 0.626099 0.130962
v 0.024823 0.611363 0.130655
v -0.024823 0.611363 0.130655
v -0.073026 0.626099 0.130962
v -0.116986 0.654714 0.131558
v -0.154146 0.695546 0.132409
v -0.182349 0.746222 0.133465
v -0.199953 0.803796 0.134664
v -0.205937 0.864922 0.135937
v -0.204125 0.866875 0.090000
v -0.198193 0.927599 0.093614
v -0.180744 0.984793 0.097019
v -0.152790 1.035135 0.100015
v -0.115956 1.075698 0.102430
v -0.072384 1.104125 0.104122
v -0.024605 1.118763 0.104993
v 0.024605 1.118763 0.104993
v 0.072384 1.104125 0.104122
v 0.115956 1.075698 0.102430
v 0.152790 1.035135 0.100015
v 0.180744 0.984793 0.097019
v 0.198193 0.927599 0.093614
v 0.204125 0.866875 0.090000
v 0.198193 0.806151 0.086386
v 0.180744 0.748957 0.082981
v 0.152790 0.698615 0.079985
v 0.115956 0.658052 0.077570
v 0.072384 0.629625 0.075878
v 0.024605 0.614987 0.075007
v -0.024605 0.614987 0.075007
v -0.072384 0.629625 0.075878
v -0.115956 0.658052 0.077570
v -0.152790 0.698615 0.079985
v -0.180744 0.748957 0.082981
v -0.198193 0.806151 0.086386
v -0.204125 0.866875 0.090000
v -0.200500 0.870391 0.044063
v -0.194674 0.930169 0.049459
v -0.177534 0.986473 0.054542
v -0.150076 1.036031 0.059016
v -0.113897 1.075963 0.062621
v -0.071098 1.103947 0.065147
v -0.024168 1.118358 0.066448
v 0.024168 1.118358 0.066448
v 0.071098 1.103947 0.065147
v 0.113897 1.075963 0.062621
v 0.150076 1.036031 0.059016
v 0.177534 0.986473 0.054542
v 0.194674 0.930169 0.049459
v 0.200500 0.870391 0.044063
v 0.194674 0.810612 0.038666
v 0.177534 0.754308 0.033583
v 0.150076 0.704750 0.029109
v 0.113897 0.664818 0.025504
v 0.071098 0.636834 0.022978
v 0.024168 0.622423 0.021677
v -0.024168 0.622423 0.021677
v -0.071098 0.636834 0.022978
v -0.113897 0.664818 0.025504
v -0.150076 0.704750 0.029109
v -0.177534 0.754308 0.033583
v -0.194674 0.810612 0.038666
v -0.200500 0.870391 0.044063
v -0.196000 0.875000 0.000000
v -0.190305 0.933168 0.007364
v -0.173549 0.987956 0.014300
v -0.146708 1.036179 0.020405
v -0.111341 1.075034 0.025324
v -0.069503 1.102265 0.028772
v -0.023625 1.116288 0.030547
v 0.023625 1.116288 0.030547
v 0.069503 1.102265 0.028772
v 0.111341 1.075034 0.025324
v 0.146708 1.036179 0.020405
v 0.173549 0.987956 0.014300
v 0.190305 0.933168 0.007364
v 0.196000 0.875000 0.000000
v 0.190305 0.816832 -0.007364
v 0.173549 0.762044 -0.014300
v 0.146708 0.713821 -0.020405
v 0.111341 0.674966 -0.025324
v 0.069503 0.647735 -0.028772
v 0.023625 0.633712 -0.030547
v -0.023625 0.633712 -0.030547
v -0.069503 0.647735 -0.028772
v -0.111341 0.674966 -0.025324
v -0.146708 0.713821 -0.020405
v -0.173549 0.762044 -0.014300
v -0.190305 0.816832 -0.007364
v -0.196000 0.875000 0.000000
v -0.189586 0.881211 -0.041406
v -0.184077 0.936656 -0.031810
v -0.167870 0.988878 -0.022772
v -0.141907 1.034844 -0.014816
v -0.107697 1.071880 -0.008406
v -0.067228 1.097836 -0.003913
v -0.022852 1.111202 -0.001600
v 0.022852 1.111202 -0.001600
v 0.067228 1.097836 -0.003913
v 0.107697 1.071880 -0.008406
v 0.141907 1.034844 -0.014816
v 0.167870 0.988878 -0.022772
v 0.184077 0.936656 -0.031810
v 0.189586 0.881211 -0.041406
v 0.184077 0.825766 -0.051002
v 0.167870 0.773544 -0.060041
v 0.141907 0.727578 -0.067997
v 0.107697 0.690542 -0.074407
v 0.067228 0.664586 -0.078899
v 0.022852 0.651220 -0.081212
v -0.022852 0.651220 -0.081212
v -0.067228 0.664586 -0.078899
v -0.107697 0.690542 -0.074407
v -0.141907 0.727578 -0.067997
v -0.167870 0.773544 -0.060041
v -0.184077 0.825766 -0.051002
v -0.189586 0.881211 -0.041406
v -0.181188 0.889062 -0.081250
v -0.175923 0.941084 -0.070609
v -0.160434 0.990081 -0.060587
v -0.135621 1.033208 -0.051766
v -0.102926 1.067958 -0.044658
v -0.064250 1.092311 -0.039676
v -0.021840 1.104852 -0.037111
v 0.021840 1.104852 -0.037111
v 0.064250 1.092311 -0.039676
v 0.102926 1.067958 -0.044658
v 0.135621 1.033208 -0.051766
v 0.160434 0.990081 -0.060587
v 0.175923 0.941084 -0.070609
v 0.181188 0.889062 -0.081250
v 0.175923 0.837041 -0.091891
v 0.160434 0.788044 -0.101913
v 0.135621 0.744917 -0.110734
v 0.102926 0.710167 -0.117842
v 0.064250 0.685814 -0.122824
v 0.021840 0.673273 -0.125389
v -0.021840 0.673273 -0.125389
v -0.064250 0.685814 -0.122824
v -0.102926 0.710167 -0.117842
v -0.135621 0.744917 -0.110734
v -0.160434 0.788044 -0.101913
v -0.175923 0.837041 -0.091891
v -0.181188 0.889062 -0.081250
v -0.173195 0.897383 -0.120469
v -0.168163 0.946274 -0.110574
v -0.153357 0.992324 -0.101255
v -0.129639 1.032856 -0.093052
v -0.098386 1.065515 -0.086442
v -0.061416 1.088403 -0.081810
v -0.020876 1.100189 -0.079425
v 0.020876 1.100189 -0.079425
v 0.061416 1.088403 -0.081810
v 0.098386 1.065515 -0.086442
v 0.129639 1.032856 -0.093052
v 0.153357 0.992324 -0.101255
v 0.168163 0.946274 -0.110574
v 0.173195 0.897383 -0.120469
v 0.168163 0.848492 -0.130363
v 0.153357 0.802442 -0.139683
v 0.129639 0.761910 -0.147886
v 0.098386 0.729251 -0.154495
v 0.061416 0.706363 -0.159128
v 0.020876 0.694577 -0.161513
v -0.020876 0.694577 -0.161513
v -0.061416 0.706363 -0.159128
v -0.098386 0.729251 -0.154495
v -0.129639 0.761910 -0.147886
v -0.153357 0.802442 -0.139683
v -0.168163 0.848492 -0.130363
v -0.173195 0.897383 -0.120469
v -0.168000 0.905000 -0.160000
v -0.163118 0.951593 -0.151377
v -0.148757 0.995479 -0.143256
v -0.125750 1.034106 -0.136108
v -0.095435 1.065230 -0.130348
v -0.059574 1.087042 -0.126312
v -0.020250 1.098275 -0.124233
v 0.020250 1.098275 -0.124233
v 0.059574 1.087042 -0.126312
v 0.095435 1.065230 -0.130348
v 0.125750 1.034106 -0.136108
v 0.148757 0.995479 -0.143256
v 0.163118 0.951593 -0.151377
v 0.168000 0.905000 -0.160000
v 0.163118 0.858407 -0.168623
v 0.148757 0.814521 -0.176744
v 0.125750 0.775894 -0.183892
v 0.095435 0.744770 -0.189652
v 0.059574 0.722958 -0.193688
v 0.020250 0.711725 -0.195767
v -0.020250 0.711725 -0.195767
v -0.059574 0.722958 -0.193688
v -0.095435 0.744770 -0.189652
v -0.125750 0.775894 -0.183892
v -0.148757 0.814521 -0.176744
v -0.163118 0.858407 -0.168623
v -0.168000 0.905000 -0.160000
v -0.166375 0.912188 -0.200469
v -0.161540 0.957236 -0.192499
v -0.147318 0.999667 -0.184992
v -0.124533 1.037014 -0.178384
v -0.094512 1.067107 -0.173060
v -0.058997 1.088196 -0.169329
v -0.020054 1.099056 -0.167407
v 0.020054 1.099056 -0.167407
v 0.058997 1.088196 -0.169329
v 0.094512 1.067107 -0.173060
v 0.124533 1.037014 -0.178384
v 0.147318 0.999667 -0.184992
v 0.161540 0.957236 -0.192499
v 0.166375 0.912187 -0.200469
v 0.161540 0.867139 -0.208439
v 0.147318 0.824708 -0.215946
v 0.124533 0.787361 -0.222553
v 0.094512 0.757268 -0.227877
v 0.058997 0.736179 -0.231609
v 0.020054 0.725319 -0.233530
v -0.020054 0.725319 -0.233530
v -0.058997 0.736179 -0.231609
v -0.094512 0.757268 -0.227877
v -0.124533 0.787361 -0.222553
v -0.147318 0.824708 -0.215946
v -0.161540 0.867139 -0.208439
v -0.166375 0.912188 -0.200469
v -0.167000 0.919375 -0.241250
v -0.162147 0.963360 -0.233947
v -0.147871 1.004790 -0.227069
v -0.125001 1.041255 -0.221015
v -0.094867 1.070637 -0.216137
v -0.059219 1.091228 -0.212718
v -0.020130 1.101832 -0.210958
v 0.020130 1.101832 -0.210958
v 0.059219 1.091228 -0.212718
v 0.094867 1.070637 -0.216137
v 0.125001 1.041255 -0.221015
v 0.147871 1.004790 -0.227069
v 0.162147 0.963360 -0.233947
v 0.167000 0.919375 -0.241250
v 0.162147 0.875390 -0.248553
v 0.147871 0.833960 -0.255431
v 0.125001 0.797495 -0.261485
v 0.094867 0.768113 -0.266363
v 0.059219 0.747522 -0.269782
v 0.020130 0.736918 -0.271542
v -0.020130 0.736918 -0.271542
v -0.059219 0.747522 -0.269782
v -0.094867 0.768113 -0.266363
v -0.125001 0.797495 -0.261485
v -0.147871 0.833960 -0.255431
v -0.162147 0.875390 -0.248553
v -0.167000 0.919375 -0.241250
v -0.169125 0.925625 -0.281406
v -0.164211 0.969099 -0.275541
v -0.149753 1.010046 -0.270016
v -0.126592 1.046087 -0.265153
v -0.096074 1.075127 -0.261235
v -0.059973 1.095479 -0.258489
v -0.020386 1.105959 -0.257075
v 0.020386 1.105959 -0.257075
v 0.059973 1.095479 -0.258489
v 0.096074 1.075127 -0.261235
v 0.126592 1.046087 -0.265153
v 0.149753 1.010046 -0.270016
v 0.164211 0.969099 -0.275541
v 0.169125 0.925625 -0.281406
v 0.164211 0.882151 -0.287272
v 0.149753 0.841204 -0.292796
v 0.126592 0.805163 -0.297659
v 0.096074 0.776123 -0.301577
v 0.059973 0.755771 -0.304323
v 0.020386 0.745291 -0.305737
v -0.020386 0.745291 -0.305737
v -0.059973 0.755771 -0.304323
v -0.096074 0.776123 -0.301577
v -0.126592 0.805163 -0.297659
v -0.149753 0.841204 -0.292796
v -0.164211 0.882151 -0.287272
v -0.169125 0.925625 -0.281406
v -0.172000 0.930000 -0.320000
v -0.167002 0.973418 -0.316539
v -0.152298 1.014312 -0.313279
v -0.128744 1.050307 -0.310410
v -0.097707 1.079309 -0.308099
v -0.060992 1.099635 -0.306478
v -0.020732 1.110102 -0.305644
v 0.020732 1.110102 -0.305644
v 0.060992 1.099635 -0.306478
v 0.097707 1.079309 -0.308099
v 0.128744 1.050307 -0.310410
v 0.152298 1.014312 -0.313279
v 0.167002 0.973418 -0.316539
v 0.172000 0.930000 -0.320000
v 0.167002 0.886582 -0.323461
v 0.152298 0.845688 -0.326721
v 0.128744 0.809693 -0.329590
v 0.097707 0.780691 -0.331901
v 0.060992 0.760365 -0.333522
v 0.020732 0.749898 -0.334356
v -0.020732 0.749898 -0.334356
v -0.060992 0.760365 -0.333522
v -0.097707 0.780691 -0.331901
v -0.128744 0.809693 -0.329590
v -0.152298 0.845688 -0.326721
v -0.167002 0.886582 -0.323461
v -0.172000 0.930000 -0.320000
v -0.177211 0.931641 -0.356875
v -0.172062 0.975694 -0.356115
v -0.156912 1.017188 -0.355400
v -0.132644 1.053710 -0.354770
v -0.100667 1.083137 -0.354263
v -0.062840 1.103760 -0.353907
v -0.021360 1.114380 -0.353724
v 0.021360 1.114380 -0.353724
v 0.062840 1.103760 -0.353907
v 0.100667 1.083137 -0.354263
v 0.132644 1.053710 -0.354770
v 0.156912 1.017188 -0.355400
v 0.172062 0.975694 -0.356115
v 0.177211 0.931641 -0.356875
v 0.172062 0.887587 -0.357635
v 0.156912 0.846093 -0.358350
v 0.132644 0.809572 -0.358980
v 0.100667 0.780144 -0.359487
v 0.062840 0.759521 -0.359843
v 0.021360 0.748901 -0.360026
v -0.021360 0.748901 -0.360026
v -0.062840 0.759521 -0.359843
v -0.100667 0.780144 -0.359487
v -0.132644 0.809572 -0.358980
v -0.156912 0.846093 -0.358350
v -0.172062 0.887587 -0.357635
v -0.177211 0.931641 -0.356875
v -0.184563 0.931250 -0.392500
v -0.179199 0.976501 -0.393409
v -0.163422 1.019123 -0.394265
v -0.138147 1.056638 -0.395019
v -0.104843 1.086865 -0.395626
v -0.065447 1.108049 -0.396052
v -0.022247 1.118958 -0.396271
v 0.022247 1.118958 -0.396271
v 0.065447 1.108049 -0.396052
v 0.104843 1.086865 -0.395626
v 0.138147 1.056638 -0.395019
v 0.163422 1.019123 -0.394265
v 0.179199 0.976501 -0.393409
v 0.184563 0.931250 -0.392500
v 0.179199 0.885999 -0.391591
v 0.163422 0.843377 -0.390735
v 0.138147 0.805862 -0.389981
v 0.104843 0.775635 -0.389374
v 0.065447 0.754451 -0.388948
v 0.022247 0.743542 -0.388729
v -0.022247 0.743542 -0.388729
v -0.065447 0.754451 -0.388948
v -0.104843 0.775635 -0.389374
v -0.138147 0.805862 -0.389981
v -0.163422 0.843377 -0.390735
v -0.179199 0.885999 -0.391591
v -0.184563 0.931250 -0.392500
v -0.190633 0.930234 -0.426875
v -0.185093 0.976553 -0.427733
v -0.168797 1.020179 -0.428541
v -0.142691 1.058578 -0.429252
v -0.108292 1.089519 -0.429825
v -0.067599 1.111202 -0.430226
v -0.022978 1.122368 -0.430433
v 0.022978 1.122368 -0.430433
v 0.067599 1.111202 -0.430226
v 0.108292 1.089519 -0.429825
v 0.142691 1.058578 -0.429252
v 0.168797 1.020179 -0.428541
v 0.185093 0.976553 -0.427733
v 0.190633 0.930234 -0.426875
v 0.185093 0.883916 -0.426017
v 0.168797 0.840290 -0.425209
v 0.142691 0.801890 -0.424498
v 0.108292 0.770950 -0.423925
v 0.067599 0.749267 -0.423524
v 0.022978 0.738101 -0.423317
v -0.022978 0.738101 -0.423317
v -0.067599 0.749267 -0.423524
v -0.108292 0.770950 -0.423925
v -0.142691 0.801890 -0.424498
v -0.168797 0.840290 -0.425209
v -0.185093 0.883916 -0.426017
v -0.190633 0.930234 -0.426875
v -0.192000 0.930000 -0.460000
v -0.186421 0.976425 -0.459536
v -0.170008 1.020152 -0.459098
v -0.143714 1.058639 -0.458714
v -0.109068 1.089651 -0.458403
v -0.068084 1.111384 -0.458186
v -0.023143 1.122576 -0.458074
v 0.023143 1.122576 -0.458074
v 0.068084 1.111384 -0.458186
v 0.109068 1.089651 -0.458403
v 0.143714 1.058639 -0.458714
v 0.170008 1.020152 -0.459098
v 0.186421 0.976425 -0.459536
v 0.192000 0.930000 -0.460000
v 0.186421 0.883575 -0.460464
v 0.170008 0.839848 -0.460902
v 0.143714 0.801361 -0.461286
v 0.109068 0.770349 -0.461597
v 0.068084 0.748616 -0.461814
v 0.023143 0.737424 -0.461926
v -0.023143 0.737424 -0.461926
v -0.068084 0.748616 -0.461814
v -0.109068 0.770349 -0.461597
v -0.143714 0.801361 -0.461286
v -0.170008 0.839848 -0.460902
v -0.186421 0.883575 -0.460464
v -0.192000 0.930000 -0.460000
v -0.187648 0.930898 -0.493281
v -0.182196 0.976271 -0.491783
v -0.166154 1.019006 -0.490372
v -0.140457 1.056621 -0.489130
v -0.106596 1.086930 -0.488129
v -0.066541 1.108170 -0.487428
v -0.022619 1.119108 -0.487067
v 0.022619 1.119108 -0.487067
v 0.066541 1.108170 -0.487428
v 0.106596 1.086930 -0.488129
v 0.140457 1.056621 -0.489130
v 0.166154 1.019006 -0.490372
v 0.182196 0.976271 -0.491783
v 0.187648 0.930898 -0.493281
v 0.182196 0.885526 -0.494779
v 0.166154 0.842791 -0.496190
v 0.140457 0.805176 -0.497432
v 0.106596 0.774867 -0.498433
v 0.066541 0.753627 -0.499135
v 0.022619 0.742689 -0.499496
v -0.022619 0.742689 -0.499496
v -0.066541 0.753627 -0.499135
v -0.106596 0.774867 -0.498433
v -0.140457 0.805176 -0.497432
v -0.166154 0.842791 -0.496190
v -0.182196 0.885526 -0.494779
v -0.187648 0.930898 -0.493281
v -0.179437 0.932188 -0.526250
v -0.174223 0.975806 -0.524351
v -0.158884 1.016890 -0.522563
v -0.134311 1.053051 -0.520989
v -0.101932 1.082189 -0.519720
v -0.063629 1.102608 -0.518831
v -0.021629 1.113123 -0.518373
v 0.021629 1.113123 -0.518373
v 0.063629 1.102608 -0.518831
v 0.101932 1.082189 -0.519720
v 0.134311 1.053051 -0.520989
v 0.158884 1.016890 -0.522563
v 0.174223 0.975806 -0.524351
v 0.179437 0.932187 -0.526250
v 0.174223 0.888569 -0.528149
v 0.158884 0.847485 -0.529937
v 0.134311 0.811324 -0.531511
v 0.101932 0.782186 -0.532780
v 0.063629 0.761767 -0.533669
v 0.021629 0.751252 -0.534127
v -0.021629 0.751252 -0.534127
v -0.063629 0.761767 -0.533669
v -0.101932 0.782186 -0.532780
v -0.134311 0.811324 -0.531511
v -0.158884 0.847485 -0.529937
v -0.174223 0.888569 -0.528149
v -0.179437 0.932188 -0.526250
v -0.168258 0.933633 -0.556094
v -0.163369 0.974849 -0.553937
v -0.148985 1.013670 -0.551906
v -0.125943 1.047839 -0.550118
v -0.095581 1.075371 -0.548677
v -0.059665 1.094666 -0.547668
v -0.020281 1.104602 -0.547148
v 0.020281 1.104602 -0.547148
v 0.059665 1.094666 -0.547668
v 0.095581 1.075371 -0.548677
v 0.125943 1.047839 -0.550118
v 0.148985 1.013670 -0.551906
v 0.163369 0.974849 -0.553937
v 0.168258 0.933633 -0.556094
v 0.163369 0.892417 -0.558250
v 0.148985 0.853596 -0.560282
v 0.125943 0.819426 -0.562070
v 0.095581 0.791894 -0.563510
v 0.059665 0.772599 -0.564520
v 0.020281 0.762663 -0.565040
v -0.020281 0.762663 -0.565040
v -0.059665 0.772599 -0.564520
v -0.095581 0.791894 -0.563510
v -0.125943 0.819426 -0.562070
v -0.148985 0.853596 -0.560282
v -0.163369 0.892417 -0.558250
v -0.168258 0.933633 -0.556094
v -0.155000 0.935000 -0.580000
v -0.150496 0.973203 -0.577419
v -0.137246 1.009187 -0.574987
v -0.116019 1.040858 -0.572847
v -0.088050 1.066378 -0.571123
v -0.054964 1.084262 -0.569915
v -0.018683 1.093472 -0.569292
v 0.018683 1.093472 -0.569292
v 0.054964 1.084262 -0.569915
v 0.088050 1.066378 -0.571123
v 0.116019 1.040858 -0.572847
v 0.137246 1.009187 -0.574987
v 0.150496 0.973203 -0.577419
v 0.155000 0.935000 -0.580000
v 0.150496 0.896797 -0.582581
v 0.137246 0.860813 -0.585013
v 0.116019 0.829142 -0.587153
v 0.088050 0.803622 -0.588877
v 0.054964 0.785738 -0.590085
v 0.018683 0.776528 -0.590708
v -0.018683 0.776528 -0.590708
v -0.054964 0.785738 -0.590085
v -0.088050 0.803622 -0.588877
v -0.116019 0.829142 -0.587153
v -0.137246 0.860813 -0.585013
v -0.150496 0.896797 -0.582581
v -0.155000 0.935000 -0.580000
v -0.137164 0.936367 -0.596562
v -0.133178 0.970263 -0.593096
v -0.121453 1.002189 -0.589831
v -0.102669 1.030289 -0.586957
v -0.077918 1.052931 -0.584641
v -0.048639 1.068799 -0.583018
v -0.016533 1.076971 -0.582183
v 0.016533 1.076971 -0.582183
v 0.048639 1.068799 -0.583018
v 0.077918 1.052931 -0.584641
v 0.102669 1.030289 -0.586957
v 0.121453 1.002189 -0.589831
v 0.133178 0.970263 -0.593096
v 0.137164 0.936367 -0.596562
v 0.133178 0.902471 -0.600029
v 0.121453 0.870546 -0.603294
v 0.102669 0.842445 -0.606168
v 0.077918 0.819803 -0.608484
v 0.048639 0.803935 -0.610107
v 0.016533 0.795764 -0.610942
v -0.016533 0.795764 -0.610942
v -0.048639 0.803935 -0.610107
v -0.077918 0.819803 -0.608484
v -0.102669 0.842445 -0.606168
v -0.121453 0.870546 -0.603294
v -0.133178 0.902471 -0.600029
v -0.137164 0.936367 -0.596562
v -0.115187 0.937812 -0.607500
v -0.111840 0.966298 -0.603203
v -0.101993 0.993128 -0.599155
v -0.086219 1.016743 -0.595592
v -0.065434 1.035771 -0.592722
v -0.040846 1.049106 -0.590710
v -0.013884 1.055973 -0.589674
v 0.013884 1.055973 -0.589674
v 0.040846 1.049106 -0.590710
v 0.065434 1.035771 -0.592722
v 0.086219 1.016743 -0.595592
v 0.101993 0.993128 -0.599155
v 0.111840 0.966298 -0.603203
v 0.115187 0.937812 -0.607500
v 0.111840 0.909327 -0.611797
v 0.101993 0.882497 -0.615845
v 0.086219 0.858882 -0.619408
v 0.065434 0.839854 -0.622278
v 0.040846 0.826519 -0.624290
v 0.013884 0.819652 -0.625326
v -0.013884 0.819652 -0.625326
v -0.040846 0.826519 -0.624290
v -0.065434 0.839854 -0.622278
v -0.086219 0.858882 -0.619408
v -0.101993 0.882497 -0.615845
v -0.111840 0.909327 -0.611797
v -0.115187 0.937812 -0.607500
v -0.094367 0.939102 -0.614687
v -0.091625 0.962542 -0.610585
v -0.083558 0.984621 -0.606722
v -0.070635 1.004054 -0.603321
v -0.053607 1.019712 -0.600581
v -0.033463 1.030685 -0.598660
v -0.011375 1.036336 -0.597671
v 0.011375 1.036336 -0.597671
v 0.033463 1.030685 -0.598660
v 0.053607 1.019712 -0.600581
v 0.070635 1.004054 -0.603321
v 0.083558 0.984621 -0.606722
v 0.091625 0.962542 -0.610585
v 0.094367 0.939102 -0.614687
v 0.091625 0.915661 -0.618790
v 0.083558 0.893582 -0.622653
v 0.070635 0.874149 -0.626054
v 0.053607 0.858491 -0.628794
v 0.033463 0.847518 -0.630715
v 0.011375 0.841867 -0.631704
v -0.011375 0.841867 -0.631704
v -0.033463 0.847518 -0.630715
v -0.053607 0.858491 -0.628794
v -0.070635 0.874149 -0.626054
v -0.083558 0.893582 -0.622653
v -0.091625 0.915661 -0.618790
v -0.094367 0.939102 -0.614687
v -0.080000 0.940000 -0.620000
v -0.077675 0.960057 -0.616608
v -0.070836 0.978948 -0.613413
v -0.059881 0.995576 -0.610601
v -0.045445 1.008974 -0.608335
v -0.028368 1.018364 -0.606747
v -0.009643 1.023199 -0.605930
v 0.009643 1.023199 -0.605930
v 0.028368 1.018364 -0.606747
v 0.045445 1.008974 -0.608335
v 0.059881 0.995576 -0.610601
v 0.070836 0.978948 -0.613413
v 0.077675 0.960057 -0.616608
v 0.080000 0.940000 -0.620000
v 0.077675 0.919943 -0.623392
v 0.070836 0.901052 -0.626587
v 0.059881 0.884424 -0.629399
v 0.045445 0.871026 -0.631665
v 0.028368 0.861636 -0.633253
v 0.009643 0.856801 -0.634070
v -0.009643 0.856801 -0.634070
v -0.028368 0.861636 -0.633253
v -0.045445 0.871026 -0.631665
v -0.059881 0.884424 -0.629399
v -0.070836 0.901052 -0.626587
v -0.077675 0.919943 -0.623392
v -0.080000 0.940000 -0.620000
v 0.000000 0.920000 0.460000
v 0.000000 0.940000 -0.620000
v 0.180000 0.945000 0.330000
v 0.172709 0.991299 0.299906
v 0.151426 1.033846 0.272250
v 0.117875 1.069196 0.249273
v 0.074775 1.094484 0.232835
v 0.025617 1.107662 0.224270
v -0.025617 1.107662 0.224270
v -0.074775 1.094484 0.232835
v -0.117875 1.069196 0.249273
v -0.151426 1.033846 0.272250
v -0.172709 0.991299 0.299906
v -0.180000 0.945000 0.330000
v -0.172709 0.898701 0.360094
v -0.151426 0.856154 0.387750
v -0.117875 0.820804 0.410727
v -0.074775 0.795516 0.427165
v -0.025617 0.782338 0.435730
v 0.025617 0.782338 0.435730
v 0.074775 0.795516 0.427165
v 0.117875 0.820804 0.410727
v 0.151426 0.856154 0.387750
v 0.172709 0.898701 0.360094
v 0.180000 0.945000 0.330000
v 0.168000 1.010000 0.430000
v 0.161195 1.049049 0.397645
v 0.141331 1.084935 0.367911
v 0.110017 1.114750 0.343207
v 0.069790 1.136079 0.325535
v 0.023909 1.147193 0.316326
v -0.023909 1.147193 0.316326
v -0.069790 1.136079 0.325535
v -0.110017 1.114750 0.343207
v -0.141331 1.084935 0.367911
v -0.161195 1.049049 0.397645
v -0.168000 1.010000 0.430000
v -0.161195 0.970951 0.462355
v -0.141331 0.935065 0.492089
v -0.110017 0.905250 0.516793
v -0.069790 0.883921 0.534465
v -0.023909 0.872807 0.543674
v 0.023909 0.872807 0.543674
v 0.069790 0.883921 0.534465
v 0.110017 0.905250 0.516793
v 0.141331 0.935065 0.492089
v 0.161195 0.970951 0.462355
v 0.168000 1.010000 0.430000
v 0.152000 1.090000 0.505000
v 0.145843 1.119069 0.470548
v 0.127871 1.145783 0.438887
v 0.099539 1.167978 0.412582
v 0.063143 1.183855 0.393764
v 0.021632 1.192129 0.383958
v -0.021632 1.192129 0.383958
v -0.063143 1.183855 0.393764
v -0.099539 1.167978 0.412582
v -0.127871 1.145783 0.438887
v -0.145843 1.119069 0.470548
v -0.152000 1.090000 0.505000
v -0.145843 1.060931 0.539452
v -0.127871 1.034217 0.571113
v -0.099539 1.012022 0.597418
v -0.063143 0.996145 0.616236
v -0.021632 0.987871 0.626042
v 0.021632 0.987871 0.626042
v 0.063143 0.996145 0.616236
v 0.099539 1.012022 0.597418
v 0.127871 1.034217 0.571113
v 0.145843 1.060931 0.539452
v 0.152000 1.090000 0.505000
v 0.140000 1.170000 0.565000
v 0.134329 1.193353 0.531139
v 0.117775 1.214813 0.500021
v 0.091681 1.232643 0.474167
v 0.058158 1.245398 0.455672
v 0.019924 1.252045 0.446034
v -0.019924 1.252045 0.446034
v -0.058158 1.245398 0.455672
v -0.091681 1.232643 0.474167
v -0.117775 1.214813 0.500021
v -0.134329 1.193353 0.531139
v -0.140000 1.170000 0.565000
v -0.134329 1.146647 0.598861
v -0.117775 1.125187 0.629979
v -0.091681 1.107357 0.655833
v -0.058158 1.094602 0.674328
v -0.019924 1.087955 0.683966
v 0.019924 1.087955 0.683966
v 0.058158 1.094602 0.674328
v 0.091681 1.107357 0.655833
v 0.117775 1.125187 0.629979
v 0.134329 1.146647 0.598861
v 0.140000 1.170000 0.565000
v 0.132000 1.235000 0.605000
v 0.126653 1.255081 0.572368
v 0.111045 1.273535 0.542380
v 0.086442 1.288868 0.517465
v 0.054835 1.299836 0.499641
v 0.018786 1.305552 0.490353
v -0.018786 1.305552 0.490353
v -0.054835 1.299836 0.499641
v -0.086442 1.288868 0.517465
v -0.111045 1.273535 0.542380
v -0.126653 1.255081 0.572368
v -0.132000 1.235000 0.605000
v -0.126653 1.214919 0.637632
v -0.111045 1.196465 0.667620
v -0.086442 1.181132 0.692535
v -0.054835 1.170164 0.710359
v -0.018786 1.164448 0.719647
v 0.018786 1.164448 0.719647
v 0.054835 1.170164 0.710359
v 0.086442 1.181132 0.692535
v 0.111045 1.196465 0.667620
v 0.126653 1.214919 0.637632
v 0.132000 1.235000 0.605000
v 0.136000 1.252000 0.545000
v 0.131366 1.280659 0.527371
v 0.117779 1.307364 0.510944
v 0.096167 1.330297 0.496838
v 0.068000 1.347894 0.486013
v 0.035199 1.358955 0.479209
v 0.000000 1.362728 0.476888
v -0.035199 1.358955 0.479209
v -0.068000 1.347894 0.486013
v -0.096167 1.330297 0.496838
v -0.117779 1.307364 0.510944
v -0.131366 1.280659 0.527371
v -0.136000 1.252000 0.545000
v -0.131366 1.223341 0.562629
v -0.117779 1.196636 0.579056
v -0.096167 1.173703 0.593162
v -0.068000 1.156106 0.603987
v -0.035199 1.145045 0.610791
v -0.000000 1.141272 0.613112
v 0.035199 1.145045 0.610791
v 0.068000 1.156106 0.603987
v 0.096167 1.173703 0.593162
v 0.117779 1.196636 0.579056
v 0.131366 1.223341 0.562629
v 0.136000 1.252000 0.545000
v 0.142222 1.265556 0.567037
v 0.137376 1.295582 0.548834
v 0.123168 1.323562 0.531872
v 0.100566 1.347589 0.517306
v 0.071111 1.366026 0.506129
v 0.036810 1.377616 0.499103
v 0.000000 1.381569 0.496707
v -0.036810 1.377616 0.499103
v -0.071111 1.366026 0.506129
v -0.100566 1.347589 0.517306
v -0.123168 1.323562 0.531872
v -0.137376 1.295582 0.548834
v -0.142222 1.265556 0.567037
v -0.137376 1.235529 0.585240
v -0.123168 1.207549 0.602202
v -0.100566 1.183522 0.616768
v -0.071111 1.165085 0.627945
v -0.036810 1.153495 0.634971
v -0.000000 1.149542 0.637368
v 0.036810 1.153495 0.634971
v 0.071111 1.165085 0.627945
v 0.100566 1.183522 0.616768
v 0.123168 1.207549 0.602202
v 0.137376 1.235529 0.585240
v 0.142222 1.265556 0.567037
v 0.150889 1.284444 0.598519
v 0.145747 1.317041 0.580687
v 0.130674 1.347415 0.564070
v 0.106695 1.373499 0.549801
v 0.075444 1.393513 0.538851
v 0.039053 1.406095 0.531969
v 0.000000 1.410386 0.529621
v -0.039053 1.406095 0.531969
v -0.075444 1.393513 0.538851
v -0.106695 1.373499 0.549801
v -0.130674 1.347415 0.564070
v -0.145747 1.317041 0.580687
v -0.150889 1.284444 0.598519
v -0.145747 1.251848 0.616351
v -0.130674 1.221474 0.632967
v -0.106695 1.195390 0.647236
v -0.075444 1.175376 0.658186
v -0.039053 1.162794 0.665068
v -0.000000 1.158503 0.667416
v 0.039053 1.162794 0.665068
v 0.075444 1.175376 0.658186
v 0.106695 1.195390 0.647236
v 0.130674 1.221474 0.632967
v 0.145747 1.251848 0.616351
v 0.150889 1.284444 0.598519
v 0.158000 1.300000 0.630000
v 0.152616 1.335828 0.615048
v 0.136832 1.369214 0.601114
v 0.111723 1.397884 0.589149
v 0.079000 1.419883 0.579968
v 0.040893 1.433712 0.574197
v 0.000000 1.438429 0.572229
v -0.040893 1.433712 0.574197
v -0.079000 1.419883 0.579968
v -0.111723 1.397884 0.589149
v -0.136832 1.369214 0.601114
v -0.152616 1.335828 0.615048
v -0.158000 1.300000 0.630000
v -0.152616 1.264172 0.644952
v -0.136832 1.230786 0.658886
v -0.111723 1.202116 0.670851
v -0.079000 1.180117 0.680032
v -0.040893 1.166288 0.685803
v -0.000000 1.161571 0.687771
v 0.040893 1.166288 0.685803
v 0.079000 1.180117 0.680032
v 0.111723 1.202116 0.670851
v 0.136832 1.230786 0.658886
v 0.152616 1.264172 0.644952
v 0.158000 1.300000 0.630000
v 0.162852 1.309407 0.658333
v 0.157303 1.347912 0.647814
v 0.141034 1.383792 0.638011
v 0.115154 1.414604 0.629593
v 0.081426 1.438246 0.623134
v 0.042149 1.453108 0.619074
v 0.000000 1.458177 0.617689
v -0.042149 1.453108 0.619074
v -0.081426 1.438246 0.623134
v -0.115154 1.414604 0.629593
v -0.141034 1.383792 0.638011
v -0.157303 1.347912 0.647814
v -0.162852 1.309407 0.658333
v -0.157303 1.270903 0.668853
v -0.141034 1.235022 0.678656
v -0.115154 1.204211 0.687073
v -0.081426 1.180569 0.693532
v -0.042149 1.165707 0.697593
v -0.000000 1.160637 0.698978
v 0.042149 1.165707 0.697593
v 0.081426 1.180569 0.693532
v 0.115154 1.204211 0.687073
v 0.141034 1.235022 0.678656
v 0.157303 1.270903 0.668853
v 0.162852 1.309407 0.658333
v 0.166148 1.315481 0.686667
v 0.160487 1.355657 0.680575
v 0.143889 1.393094 0.674898
v 0.117484 1.425243 0.670023
v 0.083074 1.449911 0.666283
v 0.043002 1.465418 0.663931
v 0.000000 1.470707 0.663129
v -0.043002 1.465418 0.663931
v -0.083074 1.449911 0.666283
v -0.117484 1.425243 0.670023
v -0.143889 1.393094 0.674898
v -0.160487 1.355657 0.680575
v -0.166148 1.315481 0.686667
v -0.160487 1.275306 0.692759
v -0.143889 1.237869 0.698435
v -0.117484 1.205720 0.703310
v -0.083074 1.181052 0.707051
v -0.043002 1.165545 0.709402
v -0.000000 1.160256 0.710204
v 0.043002 1.165545 0.709402
v 0.083074 1.181052 0.707051
v 0.117484 1.205720 0.703310
v 0.143889 1.237869 0.698435
v 0.160487 1.275306 0.692759
v 0.166148 1.315481 0.686667
v 0.166000 1.318000 0.715000
v 0.160344 1.358633 0.714635
v 0.143760 1.396497 0.714294
v 0.117380 1.429011 0.714002
v 0.083000 1.453960 0.713777
v 0.042964 1.469644 0.713636
v 0.000000 1.474994 0.713588
v -0.042964 1.469644 0.713636
v -0.083000 1.453960 0.713777
v -0.117380 1.429011 0.714002
v -0.143760 1.396497 0.714294
v -0.160344 1.358633 0.714635
v -0.166000 1.318000 0.715000
v -0.160344 1.277367 0.715365
v -0.143760 1.239503 0.715706
v -0.117380 1.206989 0.715998
v -0.083000 1.182040 0.716223
v -0.042964 1.166356 0.716364
v -0.000000 1.161006 0.716412
v 0.042964 1.166356 0.716364
v 0.083000 1.182040 0.716223
v 0.117380 1.206989 0.715998
v 0.143760 1.239503 0.715706
v 0.160344 1.277367 0.715365
v 0.166000 1.318000 0.715000
v 0.160889 1.316000 0.744333
v 0.155407 1.355322 0.749398
v 0.139334 1.391965 0.754117
v 0.113766 1.423431 0.758169
v 0.080444 1.447576 0.761279
v 0.041641 1.462753 0.763233
v 0.000000 1.467930 0.763900
v -0.041641 1.462753 0.763233
v -0.080444 1.447576 0.761279
v -0.113766 1.423431 0.758169
v -0.139334 1.391965 0.754117
v -0.155407 1.355322 0.749398
v -0.160889 1.316000 0.744333
v -0.155407 1.276678 0.739269
v -0.139334 1.240035 0.734550
v -0.113766 1.208569 0.730498
v -0.080444 1.184424 0.727388
v -0.041641 1.169247 0.725433
v -0.000000 1.164070 0.724767
v 0.041641 1.169247 0.725433
v 0.080444 1.184424 0.727388
v 0.113766 1.208569 0.730498
v 0.139334 1.240035 0.734550
v 0.155407 1.276678 0.739269
v 0.160889 1.316000 0.744333
v 0.152333 1.310444 0.773667
v 0.147143 1.347533 0.781662
v 0.131925 1.382095 0.789112
v 0.107716 1.411773 0.795510
v 0.076167 1.434547 0.800419
v 0.039427 1.448862 0.803505
v 0.000000 1.453745 0.804558
v -0.039427 1.448862 0.803505
v -0.076167 1.434547 0.800419
v -0.107716 1.411773 0.795510
v -0.131925 1.382095 0.789112
v -0.147143 1.347533 0.781662
v -0.152333 1.310444 0.773667
v -0.147143 1.273355 0.765671
v -0.131925 1.238794 0.758221
v -0.107716 1.209115 0.751823
v -0.076167 1.186342 0.746914
v -0.039427 1.172026 0.743828
v -0.000000 1.167144 0.742775
v 0.039427 1.172026 0.743828
v 0.076167 1.186342 0.746914
v 0.107716 1.209115 0.751823
v 0.131925 1.238794 0.758221
v 0.147143 1.273355 0.765671
v 0.152333 1.310444 0.773667
v 0.143000 1.304000 0.800000
v 0.138127 1.338634 0.809734
v 0.123842 1.370908 0.818804
v 0.101116 1.398622 0.826593
v 0.071500 1.419888 0.832569
v 0.037011 1.433256 0.836326
v 0.000000 1.437816 0.837608
v -0.037011 1.433256 0.836326
v -0.071500 1.419888 0.832569
v -0.101116 1.398622 0.826593
v -0.123842 1.370908 0.818804
v -0.138127 1.338634 0.809734
v -0.143000 1.304000 0.800000
v -0.138127 1.269366 0.790266
v -0.123842 1.237092 0.781196
v -0.101116 1.209378 0.773407
v -0.071500 1.188112 0.767431
v -0.037011 1.174744 0.763674
v -0.000000 1.170184 0.762392
v 0.037011 1.174744 0.763674
v 0.071500 1.188112 0.767431
v 0.101116 1.209378 0.773407
v 0.123842 1.237092 0.781196
v 0.138127 1.269366 0.790266
v 0.143000 1.304000 0.800000
v 0.132407 1.296444 0.823481
v 0.127896 1.327981 0.834959
v 0.114668 1.357368 0.845654
v 0.093626 1.382604 0.854839
v 0.066204 1.401968 0.861886
v 0.034270 1.414140 0.866316
v 0.000000 1.418292 0.867827
v -0.034270 1.414140 0.866316
v -0.066204 1.401968 0.861886
v -0.093626 1.382604 0.854839
v -0.114668 1.357368 0.845654
v -0.127896 1.327981 0.834959
v -0.132407 1.296444 0.823481
v -0.127896 1.264908 0.812004
v -0.114668 1.235521 0.801309
v -0.093626 1.210285 0.792124
v -0.066204 1.190921 0.785077
v -0.034270 1.178748 0.780647
v -0.000000 1.174597 0.779136
v 0.034270 1.178748 0.780647
v 0.066204 1.190921 0.785077
v 0.093626 1.210285 0.792124
v 0.114668 1.235521 0.801309
v 0.127896 1.264908 0.812004
v 0.132407 1.296444 0.823481
v 0.121037 1.288000 0.843963
v 0.116913 1.316492 0.855885
v 0.104821 1.343042 0.866996
v 0.085586 1.365841 0.876536
v 0.060519 1.383335 0.883857
v 0.031327 1.394333 0.888458
v 0.000000 1.398084 0.890028
v -0.031327 1.394333 0.888458
v -0.060519 1.383335 0.883857
v -0.085586 1.365841 0.876536
v -0.104821 1.343042 0.866996
v -0.116913 1.316492 0.855885
v -0.121037 1.288000 0.843963
v -0.116913 1.259508 0.832040
v -0.104821 1.232958 0.820930
v -0.085586 1.210159 0.811390
v -0.060519 1.192665 0.804069
v -0.031327 1.181667 0.799467
v -0.000000 1.177916 0.797898
v 0.031327 1.181667 0.799467
v 0.060519 1.192665 0.804069
v 0.085586 1.210159 0.811390
v 0.104821 1.232958 0.820930
v 0.116913 1.259508 0.832040
v 0.121037 1.288000 0.843963
v 0.113000 1.282000 0.858000
v 0.109150 1.308655 0.869393
v 0.097861 1.333493 0.880010
v 0.079903 1.354822 0.889127
v 0.056500 1.371189 0.896123
v 0.029247 1.381477 0.900521
v 0.000000 1.384986 0.902021
v -0.029247 1.381477 0.900521
v -0.056500 1.371189 0.896123
v -0.079903 1.354822 0.889127
v -0.097861 1.333493 0.880010
v -0.109150 1.308655 0.869393
v -0.113000 1.282000 0.858000
v -0.109150 1.255345 0.846607
v -0.097861 1.230507 0.835990
v -0.079903 1.209178 0.826873
v -0.056500 1.192811 0.819877
v -0.029247 1.182523 0.815479
v -0.000000 1.179014 0.813979
v 0.029247 1.182523 0.815479
v 0.056500 1.192811 0.819877
v 0.079903 1.209178 0.826873
v 0.097861 1.230507 0.835990
v 0.109150 1.255345 0.846607
v 0.113000 1.282000 0.858000
v -0.000000 1.252000 0.545000
v -0.000000 1.282000 0.858000
v 0.101000 1.262000 0.836000
v 0.096909 1.288094 0.841953
v 0.084967 1.312075 0.847423
v 0.066141 1.331998 0.851968
v 0.041957 1.346251 0.855219
v 0.014374 1.353678 0.856913
v -0.014374 1.353678 0.856913
v -0.041957 1.346251 0.855219
v -0.066141 1.331998 0.851968
v -0.084967 1.312075 0.847423
v -0.096909 1.288094 0.841953
v -0.101000 1.262000 0.836000
v -0.096909 1.235906 0.830047
v -0.084967 1.211925 0.824577
v -0.066141 1.192002 0.820032
v -0.041957 1.177749 0.816781
v -0.014374 1.170322 0.815087
v 0.014374 1.170322 0.815087
v 0.041957 1.177749 0.816781
v 0.066141 1.192002 0.820032
v 0.084967 1.211925 0.824577
v 0.096909 1.235906 0.830047
v 0.101000 1.262000 0.836000
v 0.099519 1.258815 0.849963
v 0.095487 1.284345 0.855760
v 0.083720 1.307807 0.861088
v 0.065171 1.327300 0.865514
v 0.041341 1.341245 0.868681
v 0.014163 1.348511 0.870331
v -0.014163 1.348511 0.870331
v -0.041341 1.341245 0.868681
v -0.065171 1.327300 0.865514
v -0.083720 1.307807 0.861088
v -0.095487 1.284345 0.855760
v -0.099519 1.258815 0.849963
v -0.095487 1.233284 0.844166
v -0.083720 1.209822 0.838838
v -0.065171 1.190330 0.834412
v -0.041341 1.176385 0.831245
v -0.014163 1.169118 0.829595
v 0.014163 1.169118 0.829595
v 0.041341 1.176385 0.831245
v 0.065171 1.190330 0.834412
v 0.083720 1.209822 0.838838
v 0.095487 1.233284 0.844166
v 0.099519 1.258815 0.849963
v 0.097370 1.254296 0.869926
v 0.093426 1.279049 0.875376
v 0.081913 1.301796 0.880384
v 0.063764 1.320696 0.884545
v 0.040449 1.334215 0.887521
v 0.013857 1.341261 0.889073
v -0.013857 1.341261 0.889073
v -0.040449 1.334215 0.887521
v -0.063764 1.320696 0.884545
v -0.081913 1.301796 0.880384
v -0.093426 1.279049 0.875376
v -0.097370 1.254296 0.869926
v -0.093426 1.229544 0.864476
v -0.081913 1.206796 0.859468
v -0.063764 1.187897 0.855307
v -0.040449 1.174377 0.852330
v -0.013857 1.167332 0.850779
v 0.013857 1.167332 0.850779
v 0.040449 1.174377 0.852330
v 0.063764 1.187897 0.855307
v 0.081913 1.206796 0.859468
v 0.093426 1.229544 0.864476
v 0.097370 1.254296 0.869926
v 0.095000 1.250000 0.890000
v 0.091152 1.274017 0.894896
v 0.079919 1.296088 0.899395
v 0.062212 1.314425 0.903133
v 0.039464 1.327543 0.905807
v 0.013520 1.334379 0.907200
v -0.013520 1.334379 0.907200
v -0.039464 1.327543 0.905807
v -0.062212 1.314425 0.903133
v -0.079919 1.296088 0.899395
v -0.091152 1.274017 0.894896
v -0.095000 1.250000 0.890000
v -0.091152 1.225983 0.885104
v -0.079919 1.203912 0.880605
v -0.062212 1.185575 0.876867
v -0.039464 1.172457 0.874193
v -0.013520 1.165621 0.872800
v 0.013520 1.165621 0.872800
v 0.039464 1.172457 0.874193
v 0.062212 1.185575 0.876867
v 0.079919 1.203912 0.880605
v 0.091152 1.225983 0.885104
v 0.095000 1.250000 0.890000
v 0.092704 1.246444 0.908444
v 0.088949 1.269844 0.912801
v 0.077987 1.291347 0.916805
v 0.060708 1.309213 0.920131
v 0.038511 1.321993 0.922511
v 0.013193 1.328653 0.923751
v -0.013193 1.328653 0.923751
v -0.038511 1.321993 0.922511
v -0.060708 1.309213 0.920131
v -0.077987 1.291347 0.916805
v -0.088949 1.269844 0.912801
v -0.092704 1.246444 0.908444
v -0.088949 1.223045 0.904088
v -0.077987 1.201542 0.900084
v -0.060708 1.183676 0.896758
v -0.038511 1.170896 0.894378
v -0.013193 1.164236 0.893138
v 0.013193 1.164236 0.893138
v 0.038511 1.170896 0.894378
v 0.060708 1.183676 0.896758
v 0.077987 1.201542 0.900084
v 0.088949 1.223045 0.904088
v 0.092704 1.246444 0.908444
v 0.090185 1.243111 0.927000
v 0.086532 1.265852 0.931009
v 0.075869 1.286751 0.934693
v 0.059059 1.304114 0.937754
v 0.037464 1.316535 0.939944
v 0.012835 1.323008 0.941085
v -0.012835 1.323008 0.941085
v -0.037464 1.316535 0.939944
v -0.059059 1.304114 0.937754
v -0.075869 1.286751 0.934693
v -0.086532 1.265852 0.931009
v -0.090185 1.243111 0.927000
v -0.086532 1.220370 0.922991
v -0.075869 1.199472 0.919307
v -0.059059 1.182108 0.916246
v -0.037464 1.169687 0.914056
v -0.012835 1.163214 0.912915
v 0.012835 1.163214 0.912915
v 0.037464 1.169687 0.914056
v 0.059059 1.182108 0.916246
v 0.075869 1.199472 0.919307
v 0.086532 1.220370 0.922991
v 0.090185 1.243111 0.927000
v 0.087000 1.240000 0.945000
v 0.083476 1.261945 0.948714
v 0.073189 1.282112 0.952127
v 0.056973 1.298867 0.954963
v 0.036141 1.310853 0.956992
v 0.012381 1.317099 0.958049
v -0.012381 1.317099 0.958049
v -0.036141 1.310853 0.956992
v -0.056973 1.298867 0.954963
v -0.073189 1.282112 0.952127
v -0.083476 1.261945 0.948714
v -0.087000 1.240000 0.945000
v -0.083476 1.218055 0.941286
v -0.073189 1.197888 0.937873
v -0.056973 1.181133 0.935037
v -0.036141 1.169147 0.933008
v -0.012381 1.162901 0.931951
v 0.012381 1.162901 0.931951
v 0.036141 1.169147 0.933008
v 0.056973 1.181133 0.935037
v 0.073189 1.197888 0.937873
v 0.083476 1.218055 0.941286
v 0.087000 1.240000 0.945000
v 0.083148 1.237037 0.962889
v 0.079780 1.258070 0.966295
v 0.069949 1.277400 0.969425
v 0.054450 1.293459 0.972026
v 0.034541 1.304948 0.973886
v 0.011833 1.310934 0.974855
v -0.011833 1.310934 0.974855
v -0.034541 1.304948 0.973886
v -0.054450 1.293459 0.972026
v -0.069949 1.277400 0.969425
v -0.079780 1.258070 0.966295
v -0.083148 1.237037 0.962889
v -0.079780 1.216004 0.959483
v -0.069949 1.196674 0.956353
v -0.054450 1.180615 0.953752
v -0.034541 1.169127 0.951892
v -0.011833 1.163140 0.950922
v 0.011833 1.163140 0.950922
v 0.034541 1.169127 0.951892
v 0.054450 1.180615 0.953752
v 0.069949 1.196674 0.956353
v 0.079780 1.216004 0.959483
v 0.083148 1.237037 0.962889
v 0.078630 1.234296 0.980222
v 0.075445 1.254284 0.983358
v 0.066147 1.272653 0.986239
v 0.051491 1.287915 0.988633
v 0.032664 1.298832 0.990345
v 0.011190 1.304521 0.991238
v -0.011190 1.304521 0.991238
v -0.032664 1.298832 0.990345
v -0.051491 1.287915 0.988633
v -0.066147 1.272653 0.986239
v -0.075445 1.254284 0.983358
v -0.078630 1.234296 0.980222
v -0.075445 1.214308 0.977087
v -0.066147 1.195939 0.974205
v -0.051491 1.180678 0.971811
v -0.032664 1.169760 0.970099
v -0.011190 1.164071 0.969207
v 0.011190 1.164071 0.969207
v 0.032664 1.169760 0.970099
v 0.051491 1.180678 0.971811
v 0.066147 1.195939 0.974205
v 0.075445 1.214308 0.977087
v 0.078630 1.234296 0.980222
v 0.073000 1.232000 0.995000
v 0.070043 1.250657 0.997870
v 0.061412 1.267802 1.000508
v 0.047805 1.282046 1.002699
v 0.030325 1.292237 1.004267
v 0.010389 1.297547 1.005084
v -0.010389 1.297547 1.005084
v -0.030325 1.292237 1.004267
v -0.047805 1.282046 1.002699
v -0.061412 1.267802 1.000508
v -0.070043 1.250657 0.997870
v -0.073000 1.232000 0.995000
v -0.070043 1.213343 0.992130
v -0.061412 1.196198 0.989492
v -0.047805 1.181954 0.987301
v -0.030325 1.171763 0.985733
v -0.010389 1.166453 0.984916
v 0.010389 1.166453 0.984916
v 0.030325 1.171763 0.985733
v 0.047805 1.181954 0.987301
v 0.061412 1.196198 0.989492
v 0.070043 1.213343 0.992130
v 0.073000 1.232000 0.995000
v 0.064852 1.230222 1.006704
v 0.062225 1.246910 1.009194
v 0.054557 1.262246 1.011482
v 0.042469 1.274988 1.013383
v 0.026940 1.284103 1.014743
v 0.009229 1.288853 1.015451
v -0.009229 1.288853 1.015451
v -0.026940 1.284103 1.014743
v -0.042469 1.274988 1.013383
v -0.054557 1.262246 1.011482
v -0.062225 1.246910 1.009194
v -0.064852 1.230222 1.006704
v -0.062225 1.213534 1.004214
v -0.054557 1.198198 1.001926
v -0.042469 1.185457 1.000025
v -0.026940 1.176342 0.998665
v -0.009229 1.171592 0.997956
v 0.009229 1.171592 0.997956
v 0.026940 1.176342 0.998665
v 0.042469 1.185457 1.000025
v 0.054557 1.198198 1.001926
v 0.062225 1.213534 1.004214
v 0.064852 1.230222 1.006704
v 0.055593 1.228889 1.015852
v 0.053341 1.243325 1.017949
v 0.046767 1.256591 1.019876
v 0.036405 1.267613 1.021478
v 0.023094 1.275498 1.022623
v 0.007912 1.279607 1.023220
v -0.007912 1.279607 1.023220
v -0.023094 1.275498 1.022623
v -0.036405 1.267613 1.021478
v -0.046767 1.256591 1.019876
v -0.053341 1.243325 1.017949
v -0.055593 1.228889 1.015852
v -0.053341 1.214453 1.013755
v -0.046767 1.201187 1.011827
v -0.036405 1.190164 1.010226
v -0.023094 1.182279 1.009081
v -0.007912 1.178171 1.008484
v 0.007912 1.178171 1.008484
v 0.023094 1.182279 1.009081
v 0.036405 1.190164 1.010226
v 0.046767 1.201187 1.011827
v 0.053341 1.214453 1.013755
v 0.055593 1.228889 1.015852
v 0.049000 1.228000 1.022000
v 0.047015 1.240826 1.023854
v 0.041221 1.252614 1.025559
v 0.032088 1.262407 1.026974
v 0.020355 1.269412 1.027987
v 0.006973 1.273063 1.028515
v -0.006973 1.273063 1.028515
v -0.020355 1.269412 1.027987
v -0.032088 1.262407 1.026974
v -0.041221 1.252614 1.025559
v -0.047015 1.240826 1.023854
v -0.049000 1.228000 1.022000
v -0.047015 1.215174 1.020146
v -0.041221 1.203386 1.018441
v -0.032088 1.193593 1.017026
v -0.020355 1.186588 1.016013
v -0.006973 1.182937 1.015485
v 0.006973 1.182937 1.015485
v 0.020355 1.186588 1.016013
v 0.032088 1.193593 1.017026
v 0.041221 1.203386 1.018441
v 0.047015 1.215174 1.020146
v 0.049000 1.228000 1.022000
v -0.000000 1.262000 0.836000
v -0.000000 1.228000 1.022000
v 0.000000 1.198160 1.018000
v 0.000000 1.198160 1.018000
v 0.000000 1.198160 1.018000
v 0.000000 1.198160 1.018000
v 0.000000 1.198160 1.018000
v 0.000000 1.198160 1.018000
v 0.000000 1.198160 1.018000
v 0.000000 1.198160 1.018000
v 0.000000 1.198160 1.018000
v 0.000000 1.198160 1.018000
v 0.000000 1.198160 1.018000
v 0.000000 1.198160 1.018000
v 0.000000 1.198160 1.018000
v 0.000000 1.198160 1.018000
v 0.000000 1.198160 1.018000
v 0.000000 1.198160 1.018000
v 0.000000 1.198160 1.018000
v 0.011388 1.199449 1.018000
v 0.010521 1.199449 1.021486
v 0.008053 1.199449 1.024442
v 0.004358 1.199449 1.026417
v 0.000000 1.199449 1.027110
v -0.004358 1.199449 1.026417
v -0.008053 1.199449 1.024442
v -0.010521 1.199449 1.021486
v -0.011388 1.199449 1.018000
v -0.010521 1.199449 1.014514
v -0.008053 1.199449 1.011558
v -0.004358 1.199449 1.009583
v -0.000000 1.199449 1.008890
v 0.004358 1.199449 1.009583
v 0.008053 1.199449 1.011558
v 0.010521 1.199449 1.014514
v 0.011388 1.199449 1.018000
v 0.022000 1.203230 1.018000
v 0.020325 1.203230 1.024735
v 0.015556 1.203230 1.030445
v 0.008419 1.203230 1.034260
v 0.000000 1.203230 1.035600
v -0.008419 1.203230 1.034260
v -0.015556 1.203230 1.030445
v -0.020325 1.203230 1.024735
v -0.022000 1.203230 1.018000
v -0.020325 1.203230 1.011265
v -0.015556 1.203230 1.005555
v -0.008419 1.203230 1.001740
v -0.000000 1.203230 1.000400
v 0.008419 1.203230 1.001740
v 0.015556 1.203230 1.005555
v 0.020325 1.203230 1.011265
v 0.022000 1.203230 1.018000
v 0.031113 1.209243 1.018000
v 0.028744 1.209243 1.027525
v 0.022000 1.209243 1.035600
v 0.011906 1.209243 1.040996
v 0.000000 1.209243 1.042890
v -0.011906 1.209243 1.040996
v -0.022000 1.209243 1.035600
v -0.028744 1.209243 1.027525
v -0.031113 1.209243 1.018000
v -0.028744 1.209243 1.008475
v -0.022000 1.209243 1.000400
v -0.011906 1.209243 0.995004
v -0.000000 1.209243 0.993110
v 0.011906 1.209243 0.995004
v 0.022000 1.209243 1.000400
v 0.028744 1.209243 1.008475
v 0.031113 1.209243 1.018000
v 0.038105 1.217080 1.018000
v 0.035205 1.217080 1.029666
v 0.026944 1.217080 1.039556
v 0.014582 1.217080 1.046164
v 0.000000 1.217080 1.048484
v -0.014582 1.217080 1.046164
v -0.026944 1.217080 1.039556
v -0.035205 1.217080 1.029666
v -0.038105 1.217080 1.018000
v -0.035205 1.217080 1.006334
v -0.026944 1.217080 0.996444
v -0.014582 1.217080 0.989836
v -0.000000 1.217080 0.987516
v 0.014582 1.217080 0.989836
v 0.026944 1.217080 0.996444
v 0.035205 1.217080 1.006334
v 0.038105 1.217080 1.018000
v 0.042501 1.226206 1.018000
v 0.039266 1.226206 1.031011
v 0.030053 1.226206 1.042042
v 0.016264 1.226206 1.049412
v 0.000000 1.226206 1.052001
v -0.016264 1.226206 1.049412
v -0.030053 1.226206 1.042042
v -0.039266 1.226206 1.031011
v -0.042501 1.226206 1.018000
v -0.039266 1.226206 1.004989
v -0.030053 1.226206 0.993958
v -0.016264 1.226206 0.986588
v -0.000000 1.226206 0.983999
v 0.016264 1.226206 0.986588
v 0.030053 1.226206 0.993958
v 0.039266 1.226206 1.004989
v 0.042501 1.226206 1.018000
v 0.044000 1.236000 1.018000
v 0.040651 1.236000 1.031470
v 0.031113 1.236000 1.042890
v 0.016838 1.236000 1.050521
v 0.000000 1.236000 1.053200
v -0.016838 1.236000 1.050521
v -0.031113 1.236000 1.042890
v -0.040651 1.236000 1.031470
v -0.044000 1.236000 1.018000
v -0.040651 1.236000 1.004530
v -0.031113 1.236000 0.993110
v -0.016838 1.236000 0.985479
v -0.000000 1.236000 0.982800
v 0.016838 1.236000 0.985479
v 0.031113 1.236000 0.993110
v 0.040651 1.236000 1.004530
v 0.044000 1.236000 1.018000
v 0.042501 1.245794 1.018000
v 0.039266 1.245794 1.031011
v 0.030053 1.245794 1.042042
v 0.016264 1.245794 1.049412
v 0.000000 1.245794 1.052001
v -0.016264 1.245794 1.049412
v -0.030053 1.245794 1.042042
v -0.039266 1.245794 1.031011
v -0.042501 1.245794 1.018000
v -0.039266 1.245794 1.004989
v -0.030053 1.245794 0.993958
v -0.016264 1.245794 0.986588
v -0.000000 1.245794 0.983999
v 0.016264 1.245794 0.986588
v 0.030053 1.245794 0.993958
v 0.039266 1.245794 1.004989
v 0.042501 1.245794 1.018000
v 0.038105 1.254920 1.018000
v 0.035205 1.254920 1.029666
v 0.026944 1.254920 1.039556
v 0.014582 1.254920 1.046164
v 0.000000 1.254920 1.048484
v -0.014582 1.254920 1.046164
v -0.026944 1.254920 1.039556
v -0.035205 1.254920 1.029666
v -0.038105 1.254920 1.018000
v -0.035205 1.254920 1.006334
v -0.026944 1.254920 0.996444
v -0.014582 1.254920 0.989836
v -0.000000 1.254920 0.987516
v 0.014582 1.254920 0.989836
v 0.026944 1.254920 0.996444
v 0.035205 1.254920 1.006334
v 0.038105 1.254920 1.018000
v 0.031113 1.262757 1.018000
v 0.028744 1.262757 1.027525
v 0.022000 1.262757 1.035600
v 0.011906 1.262757 1.040996
v 0.000000 1.262757 1.042890
v -0.011906 1.262757 1.040996
v -0.022000 1.262757 1.035600
v -0.028744 1.262757 1.027525
v -0.031113 1.262757 1.018000
v -0.028744 1.262757 1.008475
v -0.022000 1.262757 1.000400
v -0.011906 1.262757 0.995004
v -0.000000 1.262757 0.993110
v 0.011906 1.262757 0.995004
v 0.022000 1.262757 1.000400
v 0.028744 1.262757 1.008475
v 0.031113 1.262757 1.018000
v 0.022000 1.268770 1.018000
v 0.020325 1.268770 1.024735
v 0.015556 1.268770 1.030445
v 0.008419 1.268770 1.034260
v 0.000000 1.268770 1.035600
v -0.008419 1.268770 1.034260
v -0.015556 1.268770 1.030445
v -0.020325 1.268770 1.024735
v -0.022000 1.268770 1.018000
v -0.020325 1.268770 1.011265
v -0.015556 1.268770 1.005555
v -0.008419 1.268770 1.001740
v -0.000000 1.268770 1.000400
v 0.008419 1.268770 1.001740
v 0.015556 1.268770 1.005555
v 0.020325 1.268770 1.011265
v 0.022000 1.268770 1.018000
v 0.011388 1.272551 1.018000
v 0.010521 1.272551 1.021486
v 0.008053 1.272551 1.024442
v 0.004358 1.272551 1.026417
v 0.000000 1.272551 1.027110
v -0.004358 1.272551 1.026417
v -0.008053 1.272551 1.024442
v -0.010521 1.272551 1.021486
v -0.011388 1.272551 1.018000
v -0.010521 1.272551 1.014514
v -0.008053 1.272551 1.011558
v -0.004358 1.272551 1.009583
v -0.000000 1.272551 1.008890
v 0.004358 1.272551 1.009583
v 0.008053 1.272551 1.011558
v 0.010521 1.272551 1.014514
v 0.011388 1.272551 1.018000
v 0.000000 1.273840 1.018000
v 0.000000 1.273840 1.018000
v 0.000000 1.273840 1.018000
v 0.000000 1.273840 1.018000
v 0.000000 1.273840 1.018000
v 0.000000 1.273840 1.018000
v 0.000000 1.273840 1.018000
v 0.000000 1.273840 1.018000
v 0.000000 1.273840 1.018000
v 0.000000 1.273840 1.018000
v 0.000000 1.273840 1.018000
v 0.000000 1.273840 1.018000
v 0.000000 1.273840 1.018000
v 0.000000 1.273840 1.018000
v 0.000000 1.273840 1.018000
v 0.000000 1.273840 1.018000
v 0.000000 1.273840 1.018000
v 0.034154 1.210000 0.984231
v 0.036926 1.216457 0.985027
v 0.043927 1.220448 0.987723
v 0.052485 1.220448 0.991288
v 0.059329 1.216457 0.994362
v 0.061846 1.210000 0.995769
v 0.059074 1.203543 0.994973
v 0.052073 1.199552 0.992277
v 0.043515 1.199552 0.988712
v 0.036671 1.203543 0.985638
v 0.034154 1.210000 0.984231
v 0.059742 1.206000 0.912744
v 0.063262 1.214228 0.913632
v 0.072411 1.219313 0.916189
v 0.083696 1.219313 0.919438
v 0.092805 1.214228 0.922137
v 0.096258 1.206000 0.923256
v 0.092738 1.197772 0.922368
v 0.083589 1.192687 0.919811
v 0.072304 1.192687 0.916562
v 0.063195 1.197772 0.913863
v 0.059742 1.206000 0.912744
v 0.071132 1.208000 0.856018
v 0.073943 1.214462 0.856608
v 0.081360 1.218456 0.857730
v 0.090549 1.218456 0.858955
v 0.098001 1.214462 0.859815
v 0.100868 1.208000 0.859982
v 0.098057 1.201538 0.859392
v 0.090640 1.197544 0.858270
v 0.081451 1.197544 0.857045
v 0.073999 1.201538 0.856185
v 0.071132 1.208000 0.856018
v 0.048000 1.210000 0.990000
v 0.086000 1.208000 0.858000
v -0.061846 1.210000 0.995769
v -0.059329 1.216457 0.994362
v -0.052485 1.220448 0.991288
v -0.043927 1.220448 0.987723
v -0.036926 1.216457 0.985027
v -0.034154 1.210000 0.984231
v -0.036671 1.203543 0.985638
v -0.043515 1.199552 0.988712
v -0.052073 1.199552 0.992277
v -0.059074 1.203543 0.994973
v -0.061846 1.210000 0.995769
v -0.096258 1.206000 0.923256
v -0.092805 1.214228 0.922137
v -0.083696 1.219313 0.919438
v -0.072411 1.219313 0.916189
v -0.063262 1.214228 0.913632
v -0.059742 1.206000 0.912744
v -0.063195 1.197772 0.913863
v -0.072304 1.192687 0.916562
v -0.083589 1.192687 0.919811
v -0.092738 1.197772 0.922368
v -0.096258 1.206000 0.923256
v -0.100868 1.208000 0.859982
v -0.098001 1.214462 0.859815
v -0.090549 1.218456 0.858955
v -0.081360 1.218456 0.857730
v -0.073943 1.214462 0.856608
v -0.071132 1.208000 0.856018
v -0.073999 1.201538 0.856185
v -0.081451 1.197544 0.857045
v -0.090640 1.197544 0.858270
v -0.098057 1.201538 0.859392
v -0.100868 1.208000 0.859982
v -0.048000 1.210000 0.990000
v -0.086000 1.208000 0.858000
v 0.100000 1.279320 0.800000
v 0.100000 1.279320 0.800000
v 0.100000 1.279320 0.800000
v 0.100000 1.279320 0.800000
v 0.100000 1.279320 0.800000
v 0.100000 1.279320 0.800000
v 0.100000 1.279320 0.800000
v 0.100000 1.279320 0.800000
v 0.100000 1.279320 0.800000
v 0.100000 1.279320 0.800000
v 0.100000 1.279320 0.800000
v 0.100000 1.279320 0.800000
v 0.100000 1.279320 0.800000
v 0.100000 1.279320 0.800000
v 0.100000 1.279320 0.800000
v 0.100000 1.279320 0.800000
v 0.100000 1.279320 0.800000
v 0.106365 1.280229 0.796023
v 0.106718 1.280229 0.797665
v 0.106048 1.280229 0.799663
v 0.104457 1.280229 0.801712
v 0.102188 1.280229 0.803501
v 0.099585 1.280229 0.804756
v 0.097046 1.280229 0.805288
v 0.094956 1.280229 0.805014
v 0.093635 1.280229 0.803977
v 0.093282 1.280229 0.802335
v 0.093952 1.280229 0.800337
v 0.095543 1.280229 0.798288
v 0.097812 1.280229 0.796499
v 0.100415 1.280229 0.795244
v 0.102954 1.280229 0.794712
v 0.105044 1.280229 0.794986
v 0.106365 1.280229 0.796023
v 0.112297 1.282894 0.792316
v 0.112978 1.282894 0.795489
v 0.111683 1.282894 0.799349
v 0.108610 1.282894 0.803308
v 0.104226 1.282894 0.806763
v 0.099199 1.282894 0.809189
v 0.094293 1.282894 0.810216
v 0.090257 1.282894 0.809687
v 0.087703 1.282894 0.807684
v 0.087022 1.282894 0.804511
v 0.088317 1.282894 0.800651
v 0.091390 1.282894 0.796692
v 0.095774 1.282894 0.793237
v 0.100801 1.282894 0.790811
v 0.105707 1.282894 0.789784
v 0.109743 1.282894 0.790313
v 0.112297 1.282894 0.792316
v 0.117390 1.287134 0.789133
v 0.118354 1.287134 0.793621
v 0.116523 1.287134 0.799079
v 0.112177 1.287134 0.804678
v 0.105977 1.287134 0.809565
v 0.098867 1.287134 0.812995
v 0.091929 1.287134 0.814447
v 0.086221 1.287134 0.813700
v 0.082610 1.287134 0.810867
v 0.081646 1.287134 0.806379
v 0.083477 1.287134 0.800921
v 0.087823 1.287134 0.795322
v 0.094023 1.287134 0.790435
v 0.101133 1.287134 0.787005
v 0.108071 1.287134 0.785553
v 0.113779 1.287134 0.786300
v 0.117390 1.287134 0.789133
v 0.121299 1.292660 0.786691
v 0.122478 1.292660 0.792187
v 0.120236 1.292660 0.798872
v 0.114913 1.292660 0.805729
v 0.107320 1.292660 0.811714
v 0.098612 1.292660 0.815916
v 0.090116 1.292660 0.817694
v 0.083124 1.292660 0.816779
v 0.078701 1.292660 0.813309
v 0.077522 1.292660 0.807813
v 0.079764 1.292660 0.801128
v 0.085087 1.292660 0.794271
v 0.092680 1.292660 0.788286
v 0.101388 1.292660 0.784084
v 0.109884 1.292660 0.782306
v 0.116876 1.292660 0.783221
v 0.121299 1.292660 0.786691
v 0.123755 1.299095 0.785156
v 0.125071 1.299095 0.791286
v 0.122571 1.299095 0.798742
v 0.116634 1.299095 0.806390
v 0.108164 1.299095 0.813065
v 0.098452 1.299095 0.817751
v 0.088975 1.299095 0.819735
v 0.081177 1.299095 0.818714
v 0.076245 1.299095 0.814844
v 0.074929 1.299095 0.808714
v 0.077429 1.299095 0.801258
v 0.083366 1.299095 0.793610
v 0.091836 1.299095 0.786935
v 0.101548 1.299095 0.782249
v 0.111025 1.299095 0.780265
v 0.118823 1.299095 0.781286
v 0.123755 1.299095 0.785156
v 0.124593 1.306000 0.784632
v 0.125956 1.306000 0.790978
v 0.123367 1.306000 0.798698
v 0.117220 1.306000 0.806616
v 0.108452 1.306000 0.813526
v 0.098397 1.306000 0.818378
v 0.088586 1.306000 0.820431
v 0.080513 1.306000 0.819374
v 0.075407 1.306000 0.815368
v 0.074044 1.306000 0.809022
v 0.076633 1.306000 0.801302
v 0.082780 1.306000 0.793384
v 0.091548 1.306000 0.786474
v 0.101603 1.306000 0.781622
v 0.111414 1.306000 0.779569
v 0.119487 1.306000 0.780626
v 0.124593 1.306000 0.784632
v 0.123755 1.312905 0.785156
v 0.125071 1.312905 0.791286
v 0.122571 1.312905 0.798742
v 0.116634 1.312905 0.806390
v 0.108164 1.312905 0.813065
v 0.098452 1.312905 0.817751
v 0.088975 1.312905 0.819735
v 0.081177 1.312905 0.818714
v 0.076245 1.312905 0.814844
v 0.074929 1.312905 0.808714
v 0.077429 1.312905 0.801258
v 0.083366 1.312905 0.793610
v 0.091836 1.312905 0.786935
v 0.101548 1.312905 0.782249
v 0.111025 1.312905 0.780265
v 0.118823 1.312905 0.781286
v 0.123755 1.312905 0.785156
v 0.121299 1.319340 0.786691
v 0.122478 1.319340 0.792187
v 0.120236 1.319340 0.798872
v 0.114913 1.319340 0.805729
v 0.107320 1.319340 0.811714
v 0.098612 1.319340 0.815916
v 0.090116 1.319340 0.817694
v 0.083124 1.319340 0.816779
v 0.078701 1.319340 0.813309
v 0.077522 1.319340 0.807813
v 0.079764 1.319340 0.801128
v 0.085087 1.319340 0.794271
v 0.092680 1.319340 0.788286
v 0.101388 1.319340 0.784084
v 0.109884 1.319340 0.782306
v 0.116876 1.319340 0.783221
v 0.121299 1.319340 0.786691
v 0.117390 1.324866 0.789133
v 0.118354 1.324866 0.793621
v 0.116523 1.324866 0.799079
v 0.112177 1.324866 0.804678
v 0.105977 1.324866 0.809565
v 0.098867 1.324866 0.812995
v 0.091929 1.324866 0.814447
v 0.086221 1.324866 0.813700
v 0.082610 1.324866 0.810867
v 0.081646 1.324866 0.806379
v 0.083477 1.324866 0.800921
v 0.087823 1.324866 0.795322
v 0.094023 1.324866 0.790435
v 0.101133 1.324866 0.787005
v 0.108071 1.324866 0.785553
v 0.113779 1.324866 0.786300
v 0.117390 1.324866 0.789133
v 0.112297 1.329106 0.792316
v 0.112978 1.329106 0.795489
v 0.111683 1.329106 0.799349
v 0.108610 1.329106 0.803308
v 0.104226 1.329106 0.806763
v 0.099199 1.329106 0.809189
v 0.094293 1.329106 0.810216
v 0.090257 1.329106 0.809687
v 0.087703 1.329106 0.807684
v 0.087022 1.329106 0.804511
v 0.088317 1.329106 0.800651
v 0.091390 1.329106 0.796692
v 0.095774 1.329106 0.793237
v 0.100801 1.329106 0.790811
v 0.105707 1.329106 0.789784
v 0.109743 1.329106 0.790313
v 0.112297 1.329106 0.792316
v 0.106365 1.331771 0.796023
v 0.106718 1.331771 0.797665
v 0.106048 1.331771 0.799663
v 0.104457 1.331771 0.801712
v 0.102188 1.331771 0.803501
v 0.099585 1.331771 0.804756
v 0.097046 1.331771 0.805288
v 0.094956 1.331771 0.805014
v 0.093635 1.331771 0.803977
v 0.093282 1.331771 0.802335
v 0.093952 1.331771 0.800337
v 0.095543 1.331771 0.798288
v 0.097812 1.331771 0.796499
v 0.100415 1.331771 0.795244
v 0.102954 1.331771 0.794712
v 0.105044 1.331771 0.794986
v 0.106365 1.331771 0.796023
v 0.100000 1.332680 0.800000
v 0.100000 1.332680 0.800000
v 0.100000 1.332680 0.800000
v 0.100000 1.332680 0.800000
v 0.100000 1.332680 0.800000
v 0.100000 1.332680 0.800000
v 0.100000 1.332680 0.800000
v 0.100000 1.332680 0.800000
v 0.100000 1.332680 0.800000
v 0.100000 1.332680 0.800000
v 0.100000 1.332680 0.800000
v 0.100000 1.332680 0.800000
v 0.100000 1.332680 0.800000
v 0.100000 1.332680 0.800000
v 0.100000 1.332680 0.800000
v 0.100000 1.332680 0.800000
v 0.100000 1.332680 0.800000
v 0.108479 1.291000 0.813569
v 0.108479 1.291000 0.813569
v 0.108479 1.291000 0.813569
v 0.108479 1.291000 0.813569
v 0.108479 1.291000 0.813569
v 0.108479 1.291000 0.813569
v 0.108479 1.291000 0.813569
v 0.108479 1.291000 0.813569
v 0.108479 1.291000 0.813569
v 0.108479 1.291000 0.813569
v 0.108479 1.291000 0.813569
v 0.108479 1.291000 0.813569
v 0.108479 1.291000 0.813569
v 0.113347 1.292142 0.810527
v 0.113607 1.292142 0.812395
v 0.112493 1.292142 0.814577
v 0.110304 1.292142 0.816490
v 0.107625 1.292142 0.817619
v 0.105175 1.292142 0.817664
v 0.103611 1.292142 0.816611
v 0.103350 1.292142 0.814743
v 0.104464 1.292142 0.812560
v 0.106654 1.292142 0.810648
v 0.109332 1.292142 0.809518
v 0.111782 1.292142 0.809474
v 0.113347 1.292142 0.810527
v 0.117474 1.295393 0.807948
v 0.117955 1.295393 0.811400
v 0.115897 1.295393 0.815432
v 0.111851 1.295393 0.818966
v 0.106902 1.295393 0.821053
v 0.102375 1.295393 0.821135
v 0.099484 1.295393 0.819189
v 0.099003 1.295393 0.815738
v 0.101061 1.295393 0.811705
v 0.105106 1.295393 0.808172
v 0.110056 1.295393 0.806085
v 0.114582 1.295393 0.806003
v 0.117474 1.295393 0.807948
v 0.120231 1.300260 0.806225
v 0.120860 1.300260 0.810735
v 0.118171 1.300260 0.816004
v 0.112885 1.300260 0.820620
v 0.106418 1.300260 0.823347
v 0.100504 1.300260 0.823454
v 0.096726 1.300260 0.820912
v 0.096098 1.300260 0.816403
v 0.098787 1.300260 0.811134
v 0.104072 1.300260 0.806517
v 0.110539 1.300260 0.803790
v 0.116453 1.300260 0.803683
v 0.120231 1.300260 0.806225
v 0.121199 1.306000 0.805620
v 0.121880 1.306000 0.810501
v 0.118969 1.306000 0.816204
v 0.113248 1.306000 0.821201
v 0.106249 1.306000 0.824153
v 0.099847 1.306000 0.824269
v 0.095758 1.306000 0.821518
v 0.095078 1.306000 0.816636
v 0.097988 1.306000 0.810933
v 0.103709 1.306000 0.805936
v 0.110709 1.306000 0.802984
v 0.117111 1.306000 0.802869
v 0.121199 1.306000 0.805620
v 0.120231 1.311740 0.806225
v 0.120860 1.311740 0.810735
v 0.118171 1.311740 0.816004
v 0.112885 1.311740 0.820620
v 0.106418 1.311740 0.823347
v 0.100504 1.311740 0.823454
v 0.096726 1.311740 0.820912
v 0.096098 1.311740 0.816403
v 0.098787 1.311740 0.811134
v 0.104072 1.311740 0.806517
v 0.110539 1.311740 0.803790
v 0.116453 1.311740 0.803683
v 0.120231 1.311740 0.806225
v 0.117474 1.316607 0.807948
v 0.117955 1.316607 0.811400
v 0.115897 1.316607 0.815432
v 0.111851 1.316607 0.818966
v 0.106902 1.316607 0.821053
v 0.102375 1.316607 0.821135
v 0.099484 1.316607 0.819189
v 0.099003 1.316607 0.815738
v 0.101061 1.316607 0.811705
v 0.105106 1.316607 0.808172
v 0.110056 1.316607 0.806085
v 0.114582 1.316607 0.806003
v 0.117474 1.316607 0.807948
v 0.113347 1.319858 0.810527
v 0.113607 1.319858 0.812395
v 0.112493 1.319858 0.814577
v 0.110304 1.319858 0.816490
v 0.107625 1.319858 0.817619
v 0.105175 1.319858 0.817664
v 0.103611 1.319858 0.816611
v 0.103350 1.319858 0.814743
v 0.104464 1.319858 0.812560
v 0.106654 1.319858 0.810648
v 0.109332 1.319858 0.809518
v 0.111782 1.319858 0.809474
v 0.113347 1.319858 0.810527
v 0.108479 1.321000 0.813569
v 0.108479 1.321000 0.813569
v 0.108479 1.321000 0.813569
v 0.108479 1.321000 0.813569
v 0.108479 1.321000 0.813569
v 0.108479 1.321000 0.813569
v 0.108479 1.321000 0.813569
v 0.108479 1.321000 0.813569
v 0.108479 1.321000 0.813569
v 0.108479 1.321000 0.813569
v 0.108479 1.321000 0.813569
v 0.108479 1.321000 0.813569
v 0.108479 1.321000 0.813569
v -0.100000 1.279320 0.800000
v -0.100000 1.279320 0.800000
v -0.100000 1.279320 0.800000
v -0.100000 1.279320 0.800000
v -0.100000 1.279320 0.800000
v -0.100000 1.279320 0.800000
v -0.100000 1.279320 0.800000
v -0.100000 1.279320 0.800000
v -0.100000 1.279320 0.800000
v -0.100000 1.279320 0.800000
v -0.100000 1.279320 0.800000
v -0.100000 1.279320 0.800000
v -0.100000 1.279320 0.800000
v -0.100000 1.279320 0.800000
v -0.100000 1.279320 0.800000
v -0.100000 1.279320 0.800000
v -0.100000 1.279320 0.800000
v -0.093635 1.280229 0.803977
v -0.094956 1.280229 0.805014
v -0.097046 1.280229 0.805288
v -0.099585 1.280229 0.804756
v -0.102188 1.280229 0.803501
v -0.104457 1.280229 0.801712
v -0.106048 1.280229 0.799663
v -0.106718 1.280229 0.797665
v -0.106365 1.280229 0.796023
v -0.105044 1.280229 0.794986
v -0.102954 1.280229 0.794712
v -0.100415 1.280229 0.795244
v -0.097812 1.280229 0.796499
v -0.095543 1.280229 0.798288
v -0.093952 1.280229 0.800337
v -0.093282 1.280229 0.802335
v -0.093635 1.280229 0.803977
v -0.087703 1.282894 0.807684
v -0.090257 1.282894 0.809687
v -0.094293 1.282894 0.810216
v -0.099199 1.282894 0.809189
v -0.104226 1.282894 0.806763
v -0.108610 1.282894 0.803308
v -0.111683 1.282894 0.799349
v -0.112978 1.282894 0.795489
v -0.112297 1.282894 0.792316
v -0.109743 1.282894 0.790313
v -0.105707 1.282894 0.789784
v -0.100801 1.282894 0.790811
v -0.095774 1.282894 0.793237
v -0.091390 1.282894 0.796692
v -0.088317 1.282894 0.800651
v -0.087022 1.282894 0.804511
v -0.087703 1.282894 0.807684
v -0.082610 1.287134 0.810867
v -0.086221 1.287134 0.813700
v -0.091929 1.287134 0.814447
v -0.098867 1.287134 0.812995
v -0.105977 1.287134 0.809565
v -0.112177 1.287134 0.804678
v -0.116523 1.287134 0.799079
v -0.118354 1.287134 0.793621
v -0.117390 1.287134 0.789133
v -0.113779 1.287134 0.786300
v -0.108071 1.287134 0.785553
v -0.101133 1.287134 0.787005
v -0.094023 1.287134 0.790435
v -0.087823 1.287134 0.795322
v -0.083477 1.287134 0.800921
v -0.081646 1.287134 0.806379
v -0.082610 1.287134 0.810867
v -0.078701 1.292660 0.813309
v -0.083124 1.292660 0.816779
v -0.090116 1.292660 0.817694
v -0.098612 1.292660 0.815916
v -0.107320 1.292660 0.811714
v -0.114913 1.292660 0.805729
v -0.120236 1.292660 0.798872
v -0.122478 1.292660 0.792187
v -0.121299 1.292660 0.786691
v -0.116876 1.292660 0.783221
v -0.109884 1.292660 0.782306
v -0.101388 1.292660 0.784084
v -0.092680 1.292660 0.788286
v -0.085087 1.292660 0.794271
v -0.079764 1.292660 0.801128
v -0.077522 1.292660 0.807813
v -0.078701 1.292660 0.813309
v -0.076245 1.299095 0.814844
v -0.081177 1.299095 0.818714
v -0.088975 1.299095 0.819735
v -0.098452 1.299095 0.817751
v -0.108164 1.299095 0.813065
v -0.116634 1.299095 0.806390
v -0.122571 1.299095 0.798742
v -0.125071 1.299095 0.791286
v -0.123755 1.299095 0.785156
v -0.118823 1.299095 0.781286
v -0.111025 1.299095 0.780265
v -0.101548 1.299095 0.782249
v -0.091836 1.299095 0.786935
v -0.083366 1.299095 0.793610
v -0.077429 1.299095 0.801258
v -0.074929 1.299095 0.808714
v -0.076245 1.299095 0.814844
v -0.075407 1.306000 0.815368
v -0.080513 1.306000 0.819374
v -0.088586 1.306000 0.820431
v -0.098397 1.306000 0.818378
v -0.108452 1.306000 0.813526
v -0.117220 1.306000 0.806616
v -0.123367 1.306000 0.798698
v -0.125956 1.306000 0.790978
v -0.124593 1.306000 0.784632
v -0.119487 1.306000 0.780626
v -0.111414 1.306000 0.779569
v -0.101603 1.306000 0.781622
v -0.091548 1.306000 0.786474
v -0.082780 1.306000 0.793384
v -0.076633 1.306000 0.801302
v -0.074044 1.306000 0.809022
v -0.075407 1.306000 0.815368
v -0.076245 1.312905 0.814844
v -0.081177 1.312905 0.818714
v -0.088975 1.312905 0.819735
v -0.098452 1.312905 0.817751
v -0.108164 1.312905 0.813065
v -0.116634 1.312905 0.806390
v -0.122571 1.312905 0.798742
v -0.125071 1.312905 0.791286
v -0.123755 1.312905 0.785156
v -0.118823 1.312905 0.781286
v -0.111025 1.312905 0.780265
v -0.101548 1.312905 0.782249
v -0.091836 1.312905 0.786935
v -0.083366 1.312905 0.793610
v -0.077429 1.312905 0.801258
v -0.074929 1.312905 0.808714
v -0.076245 1.312905 0.814844
v -0.078701 1.319340 0.813309
v -0.083124 1.319340 0.816779
v -0.090116 1.319340 0.817694
v -0.098612 1.319340 0.815916
v -0.107320 1.319340 0.811714
v -0.114913 1.319340 0.805729
v -0.120236 1.319340 0.798872
v -0.122478 1.319340 0.792187
v -0.121299 1.319340 0.786691
v -0.116876 1.319340 0.783221
v -0.109884 1.319340 0.782306
v -0.101388 1.319340 0.784084
v -0.092680 1.319340 0.788286
v -0.085087 1.319340 0.794271
v -0.079764 1.319340 0.801128
v -0.077522 1.319340 0.807813
v -0.078701 1.319340 0.813309
v -0.082610 1.324866 0.810867
v -0.086221 1.324866 0.813700
v -0.091929 1.324866 0.814447
v -0.098867 1.324866 0.812995
v -0.105977 1.324866 0.809565
v -0.112177 1.324866 0.804678
v -0.116523 1.324866 0.799079
v -0.118354 1.324866 0.793621
v -0.117390 1.324866 0.789133
v -0.113779 1.324866 0.786300
v -0.108071 1.324866 0.785553
v -0.101133 1.324866 0.787005
v -0.094023 1.324866 0.790435
v -0.087823 1.324866 0.795322
v -0.083477 1.324866 0.800921
v -0.081646 1.324866 0.806379
v -0.082610 1.324866 0.810867
v -0.087703 1.329106 0.807684
v -0.090257 1.329106 0.809687
v -0.094293 1.329106 0.810216
v -0.099199 1.329106 0.809189
v -0.104226 1.329106 0.806763
v -0.108610 1.329106 0.803308
v -0.111683 1.329106 0.799349
v -0.112978 1.329106 0.795489
v -0.112297 1.329106 0.792316
v -0.109743 1.329106 0.790313
v -0.105707 1.329106 0.789784
v -0.100801 1.329106 0.790811
v -0.095774 1.329106 0.793237
v -0.091390 1.329106 0.796692
v -0.088317 1.329106 0.800651
v -0.087022 1.329106 0.804511
v -0.087703 1.329106 0.807684
v -0.093635 1.331771 0.803977
v -0.094956 1.331771 0.805014
v -0.097046 1.331771 0.805288
v -0.099585 1.331771 0.804756
v -0.102188 1.331771 0.803501
v -0.104457 1.331771 0.801712
v -0.106048 1.331771 0.799663
v -0.106718 1.331771 0.797665
v -0.106365 1.331771 0.796023
v -0.105044 1.331771 0.794986
v -0.102954 1.331771 0.794712
v -0.100415 1.331771 0.795244
v -0.097812 1.331771 0.796499
v -0.095543 1.331771 0.798288
v -0.093952 1.331771 0.800337
v -0.093282 1.331771 0.802335
v -0.093635 1.331771 0.803977
v -0.100000 1.332680 0.800000
v -0.100000 1.332680 0.800000
v -0.100000 1.332680 0.800000
v -0.100000 1.332680 0.800000
v -0.100000 1.332680 0.800000
v -0.100000 1.332680 0.800000
v -0.100000 1.332680 0.800000
v -0.100000 1.332680 0.800000
v -0.100000 1.332680 0.800000
v -0.100000 1.332680 0.800000
v -0.100000 1.332680 0.800000
v -0.100000 1.332680 0.800000
v -0.100000 1.332680 0.800000
v -0.100000 1.332680 0.800000
v -0.100000 1.332680 0.800000
v -0.100000 1.332680 0.800000
v -0.100000 1.332680 0.800000
v -0.108479 1.291000 0.813569
v -0.108479 1.291000 0.813569
v -0.108479 1.291000 0.813569
v -0.108479 1.291000 0.813569
v -0.108479 1.291000 0.813569
v -0.108479 1.291000 0.813569
v -0.108479 1.291000 0.813569
v -0.108479 1.291000 0.813569
v -0.108479 1.291000 0.813569
v -0.108479 1.291000 0.813569
v -0.108479 1.291000 0.813569
v -0.108479 1.291000 0.813569
v -0.108479 1.291000 0.813569
v -0.103611 1.292142 0.816611
v -0.105175 1.292142 0.817664
v -0.107625 1.292142 0.817619
v -0.110304 1.292142 0.816490
v -0.112493 1.292142 0.814577
v -0.113607 1.292142 0.812395
v -0.113347 1.292142 0.810527
v -0.111782 1.292142 0.809474
v -0.109332 1.292142 0.809518
v -0.106654 1.292142 0.810648
v -0.104464 1.292142 0.812560
v -0.103350 1.292142 0.814743
v -0.103611 1.292142 0.816611
v -0.099484 1.295393 0.819189
v -0.102375 1.295393 0.821135
v -0.106902 1.295393 0.821053
v -0.111851 1.295393 0.818966
v -0.115897 1.295393 0.815432
v -0.117955 1.295393 0.811400
v -0.117474 1.295393 0.807948
v -0.114582 1.295393 0.806003
v -0.110056 1.295393 0.806085
v -0.105106 1.295393 0.808172
v -0.101061 1.295393 0.811705
v -0.099003 1.295393 0.815738
v -0.099484 1.295393 0.819189
v -0.096726 1.300260 0.820912
v -0.100504 1.300260 0.823454
v -0.106418 1.300260 0.823347
v -0.112885 1.300260 0.820620
v -0.118171 1.300260 0.816004
v -0.120860 1.300260 0.810735
v -0.120231 1.300260 0.806225
v -0.116453 1.300260 0.803683
v -0.110539 1.300260 0.803790
v -0.104072 1.300260 0.806517
v -0.098787 1.300260 0.811134
v -0.096098 1.300260 0.816403
v -0.096726 1.300260 0.820912
v -0.095758 1.306000 0.821518
v -0.099847 1.306000 0.824269
v -0.106249 1.306000 0.824153
v -0.113248 1.306000 0.821201
v -0.118969 1.306000 0.816204
v -0.121880 1.306000 0.810501
v -0.121199 1.306000 0.805620
v -0.117111 1.306000 0.802869
v -0.110709 1.306000 0.802984
v -0.103709 1.306000 0.805936
v -0.097988 1.306000 0.810933
v -0.095078 1.306000 0.816636
v -0.095758 1.306000 0.821518
v -0.096726 1.311740 0.820912
v -0.100504 1.311740 0.823454
v -0.106418 1.311740 0.823347
v -0.112885 1.311740 0.820620
v -0.118171 1.311740 0.816004
v -0.120860 1.311740 0.810735
v -0.120231 1.311740 0.806225
v -0.116453 1.311740 0.803683
v -0.110539 1.311740 0.803790
v -0.104072 1.311740 0.806517
v -0.098787 1.311740 0.811134
v -0.096098 1.311740 0.816403
v -0.096726 1.311740 0.820912
v -0.099484 1.316607 0.819189
v -0.102375 1.316607 0.821135
v -0.106902 1.316607 0.821053
v -0.111851 1.316607 0.818966
v -0.115897 1.316607 0.815432
v -0.117955 1.316607 0.811400
v -0.117474 1.316607 0.807948
v -0.114582 1.316607 0.806003
v -0.110056 1.316607 0.806085
v -0.105106 1.316607 0.808172
v -0.101061 1.316607 0.811705
v -0.099003 1.316607 0.815738
v -0.099484 1.316607 0.819189
v -0.103611 1.319858 0.816611
v -0.105175 1.319858 0.817664
v -0.107625 1.319858 0.817619
v -0.110304 1.319858 0.816490
v -0.112493 1.319858 0.814577
v -0.113607 1.319858 0.812395
v -0.113347 1.319858 0.810527
v -0.111782 1.319858 0.809474
v -0.109332 1.319858 0.809518
v -0.106654 1.319858 0.810648
v -0.104464 1.319858 0.812560
v -0.103350 1.319858 0.814743
v -0.103611 1.319858 0.816611
v -0.108479 1.321000 0.813569
v -0.108479 1.321000 0.813569
v -0.108479 1.321000 0.813569
v -0.108479 1.321000 0.813569
v -0.108479 1.321000 0.813569
v -0.108479 1.321000 0.813569
v -0.108479 1.321000 0.813569
v -0.108479 1.321000 0.813569
v -0.108479 1.321000 0.813569
v -0.108479 1.321000 0.813569
v -0.108479 1.321000 0.813569
v -0.108479 1.321000 0.813569
v -0.108479 1.321000 0.813569
v 0.194815 1.365000 0.562730
v 0.199190 1.373898 0.581226
v 0.189465 1.381034 0.607401
v 0.167567 1.384994 0.636072
v 0.137831 1.384994 0.661559
v 0.106149 1.381034 0.678815
v 0.078794 1.373898 0.684422
v 0.061185 1.365000 0.677270
v 0.056810 1.356102 0.658774
v 0.066535 1.348966 0.632599
v 0.088433 1.345006 0.603928
v 0.118169 1.345006 0.578441
v 0.149851 1.348966 0.561185
v 0.177206 1.356102 0.555578
v 0.194815 1.365000 0.562730
v 0.220556 1.295000 0.603010
v 0.222187 1.303103 0.620297
v 0.209917 1.309600 0.643071
v 0.186176 1.313206 0.666821
v 0.155666 1.313206 0.686843
v 0.124430 1.309600 0.699172
v 0.098654 1.303103 0.701366
v 0.083444 1.295000 0.692990
v 0.081813 1.286897 0.675703
v 0.094083 1.280400 0.652929
v 0.117824 1.276794 0.629179
v 0.148334 1.276794 0.609157
v 0.179570 1.280400 0.596828
v 0.205346 1.286897 0.594634
v 0.220556 1.295000 0.603010
v 0.224693 1.220000 0.664696
v 0.222872 1.225563 0.676793
v 0.210578 1.230024 0.690316
v 0.190247 1.232500 0.702589
v 0.165906 1.232500 0.711180
v 0.142376 1.230024 0.714387
v 0.124317 1.225563 0.711576
v 0.115307 1.220000 0.703304
v 0.117128 1.214437 0.691207
v 0.129422 1.209976 0.677684
v 0.149753 1.207500 0.665411
v 0.174094 1.207500 0.656820
v 0.197624 1.209976 0.653613
v 0.215683 1.214437 0.656424
v 0.224693 1.220000 0.664696
v 0.195657 1.155000 0.712314
v 0.194497 1.157137 0.716873
v 0.189673 1.158852 0.721260
v 0.182141 1.159803 0.724604
v 0.173393 1.159803 0.726245
v 0.165161 1.158852 0.725856
v 0.159076 1.157137 0.723515
v 0.156343 1.155000 0.719686
v 0.157503 1.152863 0.715127
v 0.162327 1.151148 0.710740
v 0.169859 1.150197 0.707396
v 0.178607 1.150197 0.705755
v 0.186839 1.151148 0.706144
v 0.192924 1.152863 0.708485
v 0.195657 1.155000 0.712314
v 0.128000 1.365000 0.620000
v 0.176000 1.155000 0.716000
v -0.061185 1.365000 0.677270
v -0.078794 1.373898 0.684422
v -0.106149 1.381034 0.678815
v -0.137831 1.384994 0.661559
v -0.167567 1.384994 0.636072
v -0.189465 1.381034 0.607401
v -0.199190 1.373898 0.581226
v -0.194815 1.365000 0.562730
v -0.177206 1.356102 0.555578
v -0.149851 1.348966 0.561185
v -0.118169 1.345006 0.578441
v -0.088433 1.345006 0.603928
v -0.066535 1.348966 0.632599
v -0.056810 1.356102 0.658774
v -0.061185 1.365000 0.677270
v -0.083444 1.295000 0.692990
v -0.098654 1.303103 0.701366
v -0.124430 1.309600 0.699172
v -0.155666 1.313206 0.686843
v -0.186176 1.313206 0.666821
v -0.209917 1.309600 0.643071
v -0.222187 1.303103 0.620297
v -0.220556 1.295000 0.603010
v -0.205346 1.286897 0.594634
v -0.179570 1.280400 0.596828
v -0.148334 1.276794 0.609157
v -0.117824 1.276794 0.629179
v -0.094083 1.280400 0.652929
v -0.081813 1.286897 0.675703
v -0.083444 1.295000 0.692990
v -0.115307 1.220000 0.703304
v -0.124317 1.225563 0.711576
v -0.142376 1.230024 0.714387
v -0.165906 1.232500 0.711180
v -0.190247 1.232500 0.702589
v -0.210578 1.230024 0.690316
v -0.222872 1.225563 0.676793
v -0.224693 1.220000 0.664696
v -0.215683 1.214437 0.656424
v -0.197624 1.209976 0.653613
v -0.174094 1.207500 0.656820
v -0.149753 1.207500 0.665411
v -0.129422 1.209976 0.677684
v -0.117128 1.214437 0.691207
v -0.115307 1.220000 0.703304
v -0.156343 1.155000 0.719686
v -0.159076 1.157137 0.723515
v -0.165161 1.158852 0.725856
v -0.173393 1.159803 0.726245
v -0.182141 1.159803 0.724604
v -0.189673 1.158852 0.721260
v -0.194497 1.157137 0.716873
v -0.195657 1.155000 0.712314
v -0.192924 1.152863 0.708485
v -0.186839 1.151148 0.706144
v -0.178607 1.150197 0.705755
v -0.169859 1.150197 0.707396
v -0.162327 1.151148 0.710740
v -0.157503 1.152863 0.715127
v -0.156343 1.155000 0.719686
v -0.128000 1.365000 0.620000
v -0.176000 1.155000 0.716000
v -0.050000 1.010000 -0.640000
v -0.043301 1.032862 -0.627617
v -0.025000 1.049597 -0.618551
v -0.000000 1.055723 -0.615233
v 0.025000 1.049597 -0.618551
v 0.043301 1.032862 -0.627617
v 0.050000 1.010000 -0.640000
v 0.043301 0.987138 -0.652383
v 0.025000 0.970403 -0.661449
v 0.000000 0.964277 -0.664767
v -0.025000 0.970403 -0.661449
v -0.043301 0.987138 -0.652383
v -0.050000 1.010000 -0.640000
v -0.038000 1.075000 -0.760000
v -0.032909 1.093306 -0.751945
v -0.019000 1.106707 -0.746049
v -0.000000 1.111613 -0.743890
v 0.019000 1.106707 -0.746049
v 0.032909 1.093306 -0.751945
v 0.038000 1.075000 -0.760000
v 0.032909 1.056694 -0.768055
v 0.019000 1.043293 -0.773951
v 0.000000 1.038387 -0.776110
v -0.019000 1.043293 -0.773951
v -0.032909 1.056694 -0.768055
v -0.038000 1.075000 -0.760000
v -0.028000 1.120000 -0.890000
v -0.024249 1.134100 -0.886616
v -0.014000 1.144421 -0.884139
v -0.000000 1.148199 -0.883232
v 0.014000 1.144421 -0.884139
v 0.024249 1.134100 -0.886616
v 0.028000 1.120000 -0.890000
v 0.024249 1.105900 -0.893384
v 0.014000 1.095579 -0.895861
v 0.000000 1.091801 -0.896768
v -0.014000 1.095579 -0.895861
v -0.024249 1.105900 -0.893384
v -0.028000 1.120000 -0.890000
v -0.019000 1.135000 -1.010000
v -0.016454 1.145000 -1.010000
v -0.009500 1.152321 -1.010000
v -0.000000 1.155000 -1.010000
v 0.009500 1.152321 -1.010000
v 0.016454 1.145000 -1.010000
v 0.019000 1.135000 -1.010000
v 0.016454 1.125000 -1.010000
v 0.009500 1.117679 -1.010000
v 0.000000 1.115000 -1.010000
v -0.009500 1.117679 -1.010000
v -0.016454 1.125000 -1.010000
v -0.019000 1.135000 -1.010000
v -0.008000 1.120000 -1.110000
v -0.006928 1.123956 -1.110593
v -0.004000 1.126852 -1.111028
v -0.000000 1.127911 -1.111187
v 0.004000 1.126852 -1.111028
v 0.006928 1.123956 -1.110593
v 0.008000 1.120000 -1.110000
v 0.006928 1.116044 -1.109407
v 0.004000 1.113148 -1.108972
v 0.000000 1.112089 -1.108813
v -0.004000 1.113148 -1.108972
v -0.006928 1.116044 -1.109407
v -0.008000 1.120000 -1.110000
v 0.000000 1.120000 -1.110000
v 0.156000 1.008733 0.478809
v 0.152089 1.040954 0.461677
v 0.140551 1.071561 0.445403
v 0.121966 1.099016 0.430805
v 0.097264 1.121945 0.418613
v 0.067686 1.139196 0.409441
v 0.034713 1.149906 0.403746
v 0.000000 1.153536 0.401816
v -0.034713 1.149906 0.403746
v -0.067686 1.139196 0.409441
v -0.097264 1.121945 0.418613
v -0.121966 1.099016 0.430805
v -0.140551 1.071561 0.445403
v -0.152089 1.040954 0.461677
v -0.156000 1.008733 0.478809
v -0.152089 0.976511 0.495942
v -0.140551 0.945905 0.512215
v -0.121966 0.918449 0.526814
v -0.097264 0.895521 0.539005
v -0.067686 0.878269 0.548178
v -0.034713 0.867560 0.553872
v -0.000000 0.863929 0.555803
v 0.034713 0.867560 0.553872
v 0.067686 0.878269 0.548178
v 0.097264 0.895521 0.539005
v 0.121966 0.918449 0.526814
v 0.140551 0.945905 0.512215
v 0.152089 0.976511 0.495942
v 0.156000 1.008733 0.478809
v 0.156000 1.031267 0.521191
v 0.152089 1.063489 0.504058
v 0.140551 1.094095 0.487785
v 0.121966 1.121551 0.473186
v 0.097264 1.144479 0.460995
v 0.067686 1.161731 0.451822
v 0.034713 1.172440 0.446128
v 0.000000 1.176071 0.444197
v -0.034713 1.172440 0.446128
v -0.067686 1.161731 0.451822
v -0.097264 1.144479 0.460995
v -0.121966 1.121551 0.473186
v -0.140551 1.094095 0.487785
v -0.152089 1.063489 0.504058
v -0.156000 1.031267 0.521191
v -0.152089 0.999046 0.538323
v -0.140551 0.968439 0.554597
v -0.121966 0.940984 0.569195
v -0.097264 0.918055 0.581387
v -0.067686 0.900804 0.590559
v -0.034713 0.890094 0.596254
v -0.000000 0.886464 0.598184
v 0.034713 0.890094 0.596254
v 0.067686 0.900804 0.590559
v 0.097264 0.918055 0.581387
v 0.121966 0.940984 0.569195
v 0.140551 0.968439 0.554597
v 0.152089 0.999046 0.538323
v 0.156000 1.031267 0.521191
v -0.000000 1.008733 0.478809
v -0.000000 1.031267 0.521191
v 0.000000 0.849480 0.575000
v 0.000000 0.849480 0.575000
v 0.000000 0.849480 0.575000
v 0.000000 0.849480 0.575000
v 0.000000 0.849480 0.575000
v 0.000000 0.849480 0.575000
v 0.000000 0.849480 0.575000
v 0.000000 0.849480 0.575000
v 0.000000 0.849480 0.575000
v 0.000000 0.849480 0.575000
v 0.000000 0.849480 0.575000
v 0.000000 0.849480 0.575000
v 0.000000 0.849480 0.575000
v 0.000000 0.849480 0.575000
v 0.000000 0.849480 0.575000
v 0.014833 0.851218 0.575000
v 0.013364 0.851218 0.576416
v 0.009248 0.851218 0.577551
v 0.003301 0.851218 0.578181
v -0.003301 0.851218 0.578181
v -0.009248 0.851218 0.577551
v -0.013364 0.851218 0.576416
v -0.014833 0.851218 0.575000
v -0.013364 0.851218 0.573584
v -0.009248 0.851218 0.572449
v -0.003301 0.851218 0.571819
v 0.003301 0.851218 0.571819
v 0.009248 0.851218 0.572449
v 0.013364 0.851218 0.573584
v 0.014833 0.851218 0.575000
v 0.028214 0.856264 0.575000
v 0.025420 0.856264 0.577693
v 0.017591 0.856264 0.579853
v 0.006278 0.856264 0.581051
v -0.006278 0.856264 0.581051
v -0.017591 0.856264 0.579853
v -0.025420 0.856264 0.577693
v -0.028214 0.856264 0.575000
v -0.025420 0.856264 0.572307
v -0.017591 0.856264 0.570147
v -0.006278 0.856264 0.568949
v 0.006278 0.856264 0.568949
v 0.017591 0.856264 0.570147
v 0.025420 0.856264 0.572307
v 0.028214 0.856264 0.575000
v 0.038833 0.864122 0.575000
v 0.034987 0.864122 0.578707
v 0.024212 0.864122 0.581679
v 0.008641 0.864122 0.583329
v -0.008641 0.864122 0.583329
v -0.024212 0.864122 0.581679
v -0.034987 0.864122 0.578707
v -0.038833 0.864122 0.575000
v -0.034987 0.864122 0.571293
v -0.024212 0.864122 0.568321
v -0.008641 0.864122 0.566671
v 0.008641 0.864122 0.566671
v 0.024212 0.864122 0.568321
v 0.034987 0.864122 0.571293
v 0.038833 0.864122 0.575000
v 0.045651 0.874024 0.575000
v 0.041130 0.874024 0.579358
v 0.028463 0.874024 0.582852
v 0.010158 0.874024 0.584791
v -0.010158 0.874024 0.584791
v -0.028463 0.874024 0.582852
v -0.041130 0.874024 0.579358
v -0.045651 0.874024 0.575000
v -0.041130 0.874024 0.570642
v -0.028463 0.874024 0.567148
v -0.010158 0.874024 0.565209
v 0.010158 0.874024 0.565209
v 0.028463 0.874024 0.567148
v 0.041130 0.874024 0.570642
v 0.045651 0.874024 0.575000
v 0.048000 0.885000 0.575000
v 0.043247 0.885000 0.579582
v 0.029928 0.885000 0.583256
v 0.010681 0.885000 0.585295
v -0.010681 0.885000 0.585295
v -0.029928 0.885000 0.583256
v -0.043247 0.885000 0.579582
v -0.048000 0.885000 0.575000
v -0.043247 0.885000 0.570418
v -0.029928 0.885000 0.566744
v -0.010681 0.885000 0.564705
v 0.010681 0.885000 0.564705
v 0.029928 0.885000 0.566744
v 0.043247 0.885000 0.570418
v 0.048000 0.885000 0.575000
v 0.045651 0.895976 0.575000
v 0.041130 0.895976 0.579358
v 0.028463 0.895976 0.582852
v 0.010158 0.895976 0.584791
v -0.010158 0.895976 0.584791
v -0.028463 0.895976 0.582852
v -0.041130 0.895976 0.579358
v -0.045651 0.895976 0.575000
v -0.041130 0.895976 0.570642
v -0.028463 0.895976 0.567148
v -0.010158 0.895976 0.565209
v 0.010158 0.895976 0.565209
v 0.028463 0.895976 0.567148
v 0.041130 0.895976 0.570642
v 0.045651 0.895976 0.575000
v 0.038833 0.905878 0.575000
v 0.034987 0.905878 0.578707
v 0.024212 0.905878 0.581679
v 0.008641 0.905878 0.583329
v -0.008641 0.905878 0.583329
v -0.024212 0.905878 0.581679
v -0.034987 0.905878 0.578707
v -0.038833 0.905878 0.575000
v -0.034987 0.905878 0.571293
v -0.024212 0.905878 0.568321
v -0.008641 0.905878 0.566671
v 0.008641 0.905878 0.566671
v 0.024212 0.905878 0.568321
v 0.034987 0.905878 0.571293
v 0.038833 0.905878 0.575000
v 0.028214 0.913736 0.575000
v 0.025420 0.913736 0.577693
v 0.017591 0.913736 0.579853
v 0.006278 0.913736 0.581051
v -0.006278 0.913736 0.581051
v -0.017591 0.913736 0.579853
v -0.025420 0.913736 0.577693
v -0.028214 0.913736 0.575000
v -0.025420 0.913736 0.572307
v -0.017591 0.913736 0.570147
v -0.006278 0.913736 0.568949
v 0.006278 0.913736 0.568949
v 0.017591 0.913736 0.570147
v 0.025420 0.913736 0.572307
v 0.028214 0.913736 0.575000
v 0.014833 0.918782 0.575000
v 0.013364 0.918782 0.576416
v 0.009248 0.918782 0.577551
v 0.003301 0.918782 0.578181
v -0.003301 0.918782 0.578181
v -0.009248 0.918782 0.577551
v -0.013364 0.918782 0.576416
v -0.014833 0.918782 0.575000
v -0.013364 0.918782 0.573584
v -0.009248 0.918782 0.572449
v -0.003301 0.918782 0.571819
v 0.003301 0.918782 0.571819
v 0.009248 0.918782 0.572449
v 0.013364 0.918782 0.573584
v 0.014833 0.918782 0.575000
v 0.000000 0.920520 0.575000
v 0.000000 0.920520 0.575000
v 0.000000 0.920520 0.575000
v 0.000000 0.920520 0.575000
v 0.000000 0.920520 0.575000
v 0.000000 0.920520 0.575000
v 0.000000 0.920520 0.575000
v 0.000000 0.920520 0.575000
v 0.000000 0.920520 0.575000
v 0.000000 0.920520 0.575000
v 0.000000 0.920520 0.575000
v 0.000000 0.920520 0.575000
v 0.000000 0.920520 0.575000
v 0.000000 0.920520 0.575000
v 0.000000 0.920520 0.575000
v 0.205878 0.964894 0.345000
v 0.196401 0.960084 0.396015
v 0.169415 0.955257 0.436925
v 0.130266 0.951370 0.459629
v 0.086706 0.949192 0.459629
v 0.047364 0.949155 0.436925
v 0.020031 0.951265 0.396015
v 0.010122 0.955106 0.345000
v 0.019599 0.959916 0.293985
v 0.046585 0.964743 0.253075
v 0.085734 0.968630 0.230371
v 0.129294 0.970808 0.230371
v 0.168636 0.970845 0.253075
v 0.195969 0.968735 0.293985
v 0.205878 0.964894 0.345000
v 0.193966 0.762279 0.328000
v 0.186527 0.759232 0.366947
v 0.165516 0.756337 0.398181
v 0.135094 0.754168 0.415514
v 0.101286 0.753154 0.415514
v 0.070789 0.753496 0.398181
v 0.049642 0.755126 0.366947
v 0.042034 0.757721 0.328000
v 0.049473 0.760768 0.289053
v 0.070484 0.763663 0.257819
v 0.100906 0.765832 0.240486
v 0.134714 0.766846 0.240486
v 0.165211 0.766504 0.257819
v 0.186358 0.764874 0.289053
v 0.193966 0.762279 0.328000
v 0.177997 0.560580 0.316000
v 0.172271 0.558808 0.344585
v 0.156192 0.557271 0.367508
v 0.132944 0.556276 0.380230
v 0.107133 0.556018 0.380230
v 0.083870 0.556548 0.367508
v 0.067764 0.557763 0.344585
v 0.062003 0.559420 0.316000
v 0.067729 0.561192 0.287415
v 0.083808 0.562729 0.264492
v 0.107056 0.563724 0.251770
v 0.132867 0.563982 0.251770
v 0.156130 0.563452 0.264492
v 0.172236 0.562237 0.287415
v 0.177997 0.560580 0.316000
v 0.120000 0.560000 0.316000
v 0.174000 0.560000 0.316000
v 0.166765 0.559748 0.344999
v 0.147000 0.559563 0.366228
v 0.120000 0.559496 0.373998
v 0.093000 0.559563 0.366228
v 0.073235 0.559748 0.344999
v 0.066000 0.560000 0.316000
v 0.073235 0.560252 0.287001
v 0.093000 0.560437 0.265772
v 0.120000 0.560504 0.258002
v 0.147000 0.560437 0.265772
v 0.166765 0.560252 0.287001
v 0.174000 0.560000 0.316000
v 0.160000 0.330000 0.314000
v 0.154641 0.329811 0.334999
v 0.140000 0.329673 0.350372
v 0.120000 0.329622 0.355998
v 0.100000 0.329673 0.350372
v 0.085359 0.329811 0.334999
v 0.080000 0.330000 0.314000
v 0.085359 0.330189 0.293001
v 0.100000 0.330327 0.277628
v 0.120000 0.330378 0.272002
v 0.140000 0.330327 0.277628
v 0.154641 0.330189 0.293001
v 0.160000 0.330000 0.314000
v 0.154000 0.115000 0.312000
v 0.149445 0.114833 0.329999
v 0.137000 0.114710 0.343176
v 0.120000 0.114665 0.347998
v 0.103000 0.114710 0.343176
v 0.090555 0.114833 0.329999
v 0.086000 0.115000 0.312000
v 0.090555 0.115167 0.294001
v 0.103000 0.115290 0.280824
v 0.120000 0.115335 0.276002
v 0.137000 0.115290 0.280824
v 0.149445 0.115167 0.294001
v 0.154000 0.115000 0.312000
v 0.120000 0.115000 0.312000
v 0.158000 0.058000 0.312000
v 0.152909 0.071910 0.323424
v 0.139000 0.082093 0.331787
v 0.120000 0.085820 0.334848
v 0.101000 0.082093 0.331787
v 0.087091 0.071910 0.323424
v 0.082000 0.058000 0.312000
v 0.087091 0.044090 0.300576
v 0.101000 0.033907 0.292213
v 0.120000 0.030180 0.289152
v 0.139000 0.033907 0.292213
v 0.152909 0.044090 0.300576
v 0.158000 0.058000 0.312000
v 0.163000 0.024000 0.353400
v 0.157239 0.038434 0.360303
v 0.141500 0.049001 0.365357
v 0.120000 0.052868 0.367207
v 0.098500 0.049001 0.365357
v 0.082761 0.038434 0.360303
v 0.077000 0.024000 0.353400
v 0.082761 0.009566 0.346497
v 0.098500 -0.001001 0.341443
v 0.120000 -0.004868 0.339593
v 0.141500 -0.001001 0.341443
v 0.157239 0.009566 0.346497
v 0.163000 0.024000 0.353400
v 0.151000 0.014000 0.404000
v 0.146847 0.024301 0.406036
v 0.135500 0.031841 0.407526
v 0.120000 0.034602 0.408071
v 0.104500 0.031841 0.407526
v 0.093153 0.024301 0.406036
v 0.089000 0.014000 0.404000
v 0.093153 0.003699 0.401964
v 0.104500 -0.003841 0.400474
v 0.120000 -0.006602 0.399929
v 0.135500 -0.003841 0.400474
v 0.146847 0.003699 0.401964
v 0.151000 0.014000 0.404000
v 0.120000 0.058000 0.312000
v 0.120000 0.014000 0.404000
v -0.010122 0.955106 0.345000
v -0.020031 0.951265 0.396015
v -0.047364 0.949155 0.436925
v -0.086706 0.949192 0.459629
v -0.130266 0.951370 0.459629
v -0.169415 0.955257 0.436925
v -0.196401 0.960084 0.396015
v -0.205878 0.964894 0.345000
v -0.195969 0.968735 0.293985
v -0.168636 0.970845 0.253075
v -0.129294 0.970808 0.230371
v -0.085734 0.968630 0.230371
v -0.046585 0.964743 0.253075
v -0.019599 0.959916 0.293985
v -0.010122 0.955106 0.345000
v -0.042034 0.757721 0.328000
v -0.049642 0.755126 0.366947
v -0.070789 0.753496 0.398181
v -0.101286 0.753154 0.415514
v -0.135094 0.754168 0.415514
v -0.165516 0.756337 0.398181
v -0.186527 0.759232 0.366947
v -0.193966 0.762279 0.328000
v -0.186358 0.764874 0.289053
v -0.165211 0.766504 0.257819
v -0.134714 0.766846 0.240486
v -0.100906 0.765832 0.240486
v -0.070484 0.763663 0.257819
v -0.049473 0.760768 0.289053
v -0.042034 0.757721 0.328000
v -0.062003 0.559420 0.316000
v -0.067764 0.557763 0.344585
v -0.083870 0.556548 0.367508
v -0.107133 0.556018 0.380230
v -0.132944 0.556276 0.380230
v -0.156192 0.557271 0.367508
v -0.172271 0.558808 0.344585
v -0.177997 0.560580 0.316000
v -0.172236 0.562237 0.287415
v -0.156130 0.563452 0.264492
v -0.132867 0.563982 0.251770
v -0.107056 0.563724 0.251770
v -0.083808 0.562729 0.264492
v -0.067729 0.561192 0.287415
v -0.062003 0.559420 0.316000
v -0.120000 0.560000 0.316000
v -0.066000 0.560000 0.316000
v -0.073235 0.559748 0.344999
v -0.093000 0.559563 0.366228
v -0.120000 0.559496 0.373998
v -0.147000 0.559563 0.366228
v -0.166765 0.559748 0.344999
v -0.174000 0.560000 0.316000
v -0.166765 0.560252 0.287001
v -0.147000 0.560437 0.265772
v -0.120000 0.560504 0.258002
v -0.093000 0.560437 0.265772
v -0.073235 0.560252 0.287001
v -0.066000 0.560000 0.316000
v -0.080000 0.330000 0.314000
v -0.085359 0.329811 0.334999
v -0.100000 0.329673 0.350372
v -0.120000 0.329622 0.355998
v -0.140000 0.329673 0.350372
v -0.154641 0.329811 0.334999
v -0.160000 0.330000 0.314000
v -0.154641 0.330189 0.293001
v -0.140000 0.330327 0.277628
v -0.120000 0.330378 0.272002
v -0.100000 0.330327 0.277628
v -0.085359 0.330189 0.293001
v -0.080000 0.330000 0.314000
v -0.086000 0.115000 0.312000
v -0.090555 0.114833 0.329999
v -0.103000 0.114710 0.343176
v -0.120000 0.114665 0.347998
v -0.137000 0.114710 0.343176
v -0.149445 0.114833 0.329999
v -0.154000 0.115000 0.312000
v -0.149445 0.115167 0.294001
v -0.137000 0.115290 0.280824
v -0.120000 0.115335 0.276002
v -0.103000 0.115290 0.280824
v -0.090555 0.115167 0.294001
v -0.086000 0.115000 0.312000
v -0.120000 0.115000 0.312000
v -0.082000 0.058000 0.312000
v -0.087091 0.071910 0.323424
v -0.101000 0.082093 0.331787
v -0.120000 0.085820 0.334848
v -0.139000 0.082093 0.331787
v -0.152909 0.071910 0.323424
v -0.158000 0.058000 0.312000
v -0.152909 0.044090 0.300576
v -0.139000 0.033907 0.292213
v -0.120000 0.030180 0.289152
v -0.101000 0.033907 0.292213
v -0.087091 0.044090 0.300576
v -0.082000 0.058000 0.312000
v -0.077000 0.024000 0.353400
v -0.082761 0.038434 0.360303
v -0.098500 0.049001 0.365357
v -0.120000 0.052868 0.367207
v -0.141500 0.049001 0.365357
v -0.157239 0.038434 0.360303
v -0.163000 0.024000 0.353400
v -0.157239 0.009566 0.346497
v -0.141500 -0.001001 0.341443
v -0.120000 -0.004868 0.339593
v -0.098500 -0.001001 0.341443
v -0.082761 0.009566 0.346497
v -0.077000 0.024000 0.353400
v -0.089000 0.014000 0.404000
v -0.093153 0.024301 0.406036
v -0.104500 0.031841 0.407526
v -0.120000 0.034602 0.408071
v -0.135500 0.031841 0.407526
v -0.146847 0.024301 0.406036
v -0.151000 0.014000 0.404000
v -0.146847 0.003699 0.401964
v -0.135500 -0.003841 0.400474
v -0.120000 -0.006602 0.399929
v -0.104500 -0.003841 0.400474
v -0.093153 0.003699 0.401964
v -0.089000 0.014000 0.404000
v -0.120000 0.058000 0.312000
v -0.120000 0.014000 0.404000
v 0.226950 0.955000 -0.460871
v 0.237441 0.969827 -0.403646
v 0.228834 0.982397 -0.348910
v 0.202440 0.990795 -0.304998
v 0.162278 0.993745 -0.278593
v 0.114461 0.990795 -0.273716
v 0.066270 0.982397 -0.291110
v 0.025040 0.969827 -0.328126
v -0.002950 0.955000 -0.379129
v -0.013441 0.940173 -0.436354
v -0.004834 0.927603 -0.491090
v 0.021560 0.919205 -0.535002
v 0.061722 0.916255 -0.561407
v 0.109539 0.919205 -0.566284
v 0.157730 0.927603 -0.548890
v 0.198960 0.940173 -0.511874
v 0.226950 0.955000 -0.460871
v 0.231941 0.773513 -0.375000
v 0.223650 0.784461 -0.328106
v 0.200797 0.793208 -0.288351
v 0.166861 0.798421 -0.261788
v 0.127009 0.799307 -0.252460
v 0.087308 0.795732 -0.261788
v 0.053802 0.788239 -0.288351
v 0.031592 0.777969 -0.328106
v 0.024059 0.766487 -0.375000
v 0.032350 0.755539 -0.421894
v 0.055203 0.746792 -0.461649
v 0.089139 0.741579 -0.488212
v 0.128991 0.740693 -0.497540
v 0.168692 0.744268 -0.488212
v 0.202198 0.751761 -0.461649
v 0.224408 0.762031 -0.421894
v 0.231941 0.773513 -0.375000
v 0.187982 0.598495 -0.335000
v 0.183273 0.605442 -0.305944
v 0.169539 0.611561 -0.281311
v 0.148873 0.615920 -0.264852
v 0.124420 0.617855 -0.259072
v 0.099903 0.617072 -0.264852
v 0.079055 0.613690 -0.281311
v 0.065049 0.608224 -0.305944
v 0.060018 0.601505 -0.335000
v 0.064727 0.594558 -0.364056
v 0.078461 0.588439 -0.388689
v 0.099127 0.584080 -0.405148
v 0.123580 0.582145 -0.410928
v 0.148097 0.582928 -0.405148
v 0.168945 0.586310 -0.388689
v 0.182951 0.591776 -0.364056
v 0.187982 0.598495 -0.335000
v 0.124000 0.600000 -0.335000
v 0.064075 0.600000 -0.332004
v 0.070573 0.616924 -0.363003
v 0.091388 0.629313 -0.386499
v 0.120940 0.633848 -0.396196
v 0.151313 0.629313 -0.389496
v 0.174367 0.616924 -0.368193
v 0.183925 0.600000 -0.337996
v 0.177427 0.583076 -0.306997
v 0.156612 0.570687 -0.283501
v 0.127060 0.566152 -0.273804
v 0.096687 0.570687 -0.280504
v 0.073633 0.583076 -0.301807
v 0.064075 0.600000 -0.332004
v 0.074032 0.455000 -0.413276
v 0.079345 0.467906 -0.436062
v 0.095551 0.477355 -0.453204
v 0.118308 0.480813 -0.460109
v 0.141519 0.477355 -0.454928
v 0.158963 0.467906 -0.439047
v 0.165968 0.455000 -0.416724
v 0.160655 0.442094 -0.393938
v 0.144449 0.432645 -0.376796
v 0.121692 0.429187 -0.369891
v 0.098481 0.432645 -0.375072
v 0.081037 0.442094 -0.390953
v 0.074032 0.455000 -0.413276
v 0.082011 0.320000 -0.494100
v 0.086403 0.330198 -0.511420
v 0.099261 0.337664 -0.524340
v 0.117140 0.340397 -0.529398
v 0.135250 0.337664 -0.525240
v 0.148737 0.330198 -0.512978
v 0.153989 0.320000 -0.495900
v 0.149597 0.309802 -0.478580
v 0.136739 0.302336 -0.465660
v 0.118860 0.299603 -0.460602
v 0.100750 0.302336 -0.464760
v 0.087263 0.309802 -0.477022
v 0.082011 0.320000 -0.494100
v 0.118000 0.320000 -0.495000
v 0.153000 0.320000 -0.495000
v 0.148311 0.323340 -0.476296
v 0.135500 0.325785 -0.462604
v 0.118000 0.326680 -0.457592
v 0.100500 0.325785 -0.462604
v 0.087689 0.323340 -0.476296
v 0.083000 0.320000 -0.495000
v 0.087689 0.316660 -0.513704
v 0.100500 0.314215 -0.527396
v 0.118000 0.313320 -0.532408
v 0.135500 0.314215 -0.527396
v 0.148311 0.316660 -0.513704
v 0.153000 0.320000 -0.495000
v 0.149000 0.180000 -0.470000
v 0.144847 0.182557 -0.453699
v 0.133500 0.184429 -0.441766
v 0.118000 0.185114 -0.437399
v 0.102500 0.184429 -0.441766
v 0.091153 0.182557 -0.453699
v 0.087000 0.180000 -0.470000
v 0.091153 0.177443 -0.486301
v 0.102500 0.175571 -0.498234
v 0.118000 0.174886 -0.502601
v 0.133500 0.175571 -0.498234
v 0.144847 0.177443 -0.486301
v 0.149000 0.180000 -0.470000
v 0.147000 0.065000 -0.455000
v 0.143115 0.067005 -0.439630
v 0.132500 0.068472 -0.428379
v 0.118000 0.069010 -0.424260
v 0.103500 0.068472 -0.428379
v 0.092885 0.067005 -0.439630
v 0.089000 0.065000 -0.455000
v 0.092885 0.062995 -0.470370
v 0.103500 0.061528 -0.481621
v 0.118000 0.060990 -0.485740
v 0.132500 0.061528 -0.481621
v 0.143115 0.062995 -0.470370
v 0.147000 0.065000 -0.455000
v 0.118000 0.065000 -0.455000
v 0.158000 0.058000 -0.455000
v 0.152909 0.071523 -0.443120
v 0.139000 0.081422 -0.434423
v 0.120000 0.085045 -0.431239
v 0.101000 0.081422 -0.434423
v 0.087091 0.071523 -0.443120
v 0.082000 0.058000 -0.455000
v 0.087091 0.044477 -0.466880
v 0.101000 0.034578 -0.475577
v 0.120000 0.030955 -0.478761
v 0.139000 0.034578 -0.475577
v 0.152909 0.044477 -0.466880
v 0.158000 0.058000 -0.455000
v 0.163000 0.024000 -0.416300
v 0.157239 0.038244 -0.409012
v 0.141500 0.048671 -0.403677
v 0.120000 0.052488 -0.401725
v 0.098500 0.048671 -0.403677
v 0.082761 0.038244 -0.409012
v 0.077000 0.024000 -0.416300
v 0.082761 0.009756 -0.423588
v 0.098500 -0.000671 -0.428923
v 0.120000 -0.004488 -0.430875
v 0.141500 -0.000671 -0.428923
v 0.157239 0.009756 -0.423588
v 0.163000 0.024000 -0.416300
v 0.151000 0.014000 -0.369000
v 0.146847 0.024273 -0.366828
v 0.135500 0.031793 -0.365238
v 0.120000 0.034546 -0.364656
v 0.104500 0.031793 -0.365238
v 0.093153 0.024273 -0.366828
v 0.089000 0.014000 -0.369000
v 0.093153 0.003727 -0.371172
v 0.104500 -0.003793 -0.372762
v 0.120000 -0.006546 -0.373344
v 0.135500 -0.003793 -0.372762
v 0.146847 0.003727 -0.371172
v 0.151000 0.014000 -0.369000
v 0.120000 0.058000 -0.455000
v 0.120000 0.014000 -0.369000
v 0.002950 0.955000 -0.379129
v -0.025040 0.969827 -0.328126
v -0.066270 0.982397 -0.291110
v -0.114461 0.990795 -0.273716
v -0.162278 0.993745 -0.278593
v -0.202440 0.990795 -0.304998
v -0.228834 0.982397 -0.348910
v -0.237441 0.969827 -0.403646
v -0.226950 0.955000 -0.460871
v -0.198960 0.940173 -0.511874
v -0.157730 0.927603 -0.548890
v -0.109539 0.919205 -0.566284
v -0.061722 0.916255 -0.561407
v -0.021560 0.919205 -0.535002
v 0.004834 0.927603 -0.491090
v 0.013441 0.940173 -0.436354
v 0.002950 0.955000 -0.379129
v -0.024059 0.766487 -0.375000
v -0.031592 0.777969 -0.328106
v -0.053802 0.788239 -0.288351
v -0.087308 0.795732 -0.261788
v -0.127009 0.799307 -0.252460
v -0.166861 0.798421 -0.261788
v -0.200797 0.793208 -0.288351
v -0.223650 0.784461 -0.328106
v -0.231941 0.773513 -0.375000
v -0.224408 0.762031 -0.421894
v -0.202198 0.751761 -0.461649
v -0.168692 0.744268 -0.488212
v -0.128991 0.740693 -0.497540
v -0.089139 0.741579 -0.488212
v -0.055203 0.746792 -0.461649
v -0.032350 0.755539 -0.421894
v -0.024059 0.766487 -0.375000
v -0.060018 0.601505 -0.335000
v -0.065049 0.608224 -0.305944
v -0.079055 0.613690 -0.281311
v -0.099903 0.617072 -0.264852
v -0.124420 0.617855 -0.259072
v -0.148873 0.615920 -0.264852
v -0.169539 0.611561 -0.281311
v -0.183273 0.605442 -0.305944
v -0.187982 0.598495 -0.335000
v -0.182951 0.591776 -0.364056
v -0.168945 0.586310 -0.388689
v -0.148097 0.582928 -0.405148
v -0.123580 0.582145 -0.410928
v -0.099127 0.584080 -0.405148
v -0.078461 0.588439 -0.388689
v -0.064727 0.594558 -0.364056
v -0.060018 0.601505 -0.335000
v -0.124000 0.600000 -0.335000
v -0.183925 0.600000 -0.337996
v -0.174367 0.616924 -0.368193
v -0.151313 0.629313 -0.389496
v -0.120940 0.633848 -0.396196
v -0.091388 0.629313 -0.386499
v -0.070573 0.616924 -0.363003
v -0.064075 0.600000 -0.332004
v -0.073633 0.583076 -0.301807
v -0.096687 0.570687 -0.280504
v -0.127060 0.566152 -0.273804
v -0.156612 0.570687 -0.283501
v -0.177427 0.583076 -0.306997
v -0.183925 0.600000 -0.337996
v -0.165968 0.455000 -0.416724
v -0.158963 0.467906 -0.439047
v -0.141519 0.477355 -0.454928
v -0.118308 0.480813 -0.460109
v -0.095551 0.477355 -0.453204
v -0.079345 0.467906 -0.436062
v -0.074032 0.455000 -0.413276
v -0.081037 0.442094 -0.390953
v -0.098481 0.432645 -0.375072
v -0.121692 0.429187 -0.369891
v -0.144449 0.432645 -0.376796
v -0.160655 0.442094 -0.393938
v -0.165968 0.455000 -0.416724
v -0.153989 0.320000 -0.495900
v -0.148737 0.330198 -0.512978
v -0.135250 0.337664 -0.525240
v -0.117140 0.340397 -0.529398
v -0.099261 0.337664 -0.524340
v -0.086403 0.330198 -0.511420
v -0.082011 0.320000 -0.494100
v -0.087263 0.309802 -0.477022
v -0.100750 0.302336 -0.464760
v -0.118860 0.299603 -0.460602
v -0.136739 0.302336 -0.465660
v -0.149597 0.309802 -0.478580
v -0.153989 0.320000 -0.495900
v -0.118000 0.320000 -0.495000
v -0.083000 0.320000 -0.495000
v -0.087689 0.323340 -0.476296
v -0.100500 0.325785 -0.462604
v -0.118000 0.326680 -0.457592
v -0.135500 0.325785 -0.462604
v -0.148311 0.323340 -0.476296
v -0.153000 0.320000 -0.495000
v -0.148311 0.316660 -0.513704
v -0.135500 0.314215 -0.527396
v -0.118000 0.313320 -0.532408
v -0.100500 0.314215 -0.527396
v -0.087689 0.316660 -0.513704
v -0.083000 0.320000 -0.495000
v -0.087000 0.180000 -0.470000
v -0.091153 0.182557 -0.453699
v -0.102500 0.184429 -0.441766
v -0.118000 0.185114 -0.437399
v -0.133500 0.184429 -0.441766
v -0.144847 0.182557 -0.453699
v -0.149000 0.180000 -0.470000
v -0.144847 0.177443 -0.486301
v -0.133500 0.175571 -0.498234
v -0.118000 0.174886 -0.502601
v -0.102500 0.175571 -0.498234
v -0.091153 0.177443 -0.486301
v -0.087000 0.180000 -0.470000
v -0.089000 0.065000 -0.455000
v -0.092885 0.067005 -0.439630
v -0.103500 0.068472 -0.428379
v -0.118000 0.069010 -0.424260
v -0.132500 0.068472 -0.428379
v -0.143115 0.067005 -0.439630
v -0.147000 0.065000 -0.455000
v -0.143115 0.062995 -0.470370
v -0.132500 0.061528 -0.481621
v -0.118000 0.060990 -0.485740
v -0.103500 0.061528 -0.481621
v -0.092885 0.062995 -0.470370
v -0.089000 0.065000 -0.455000
v -0.118000 0.065000 -0.455000
v -0.082000 0.058000 -0.455000
v -0.087091 0.071523 -0.443120
v -0.101000 0.081422 -0.434423
v -0.120000 0.085045 -0.431239
v -0.139000 0.081422 -0.434423
v -0.152909 0.071523 -0.443120
v -0.158000 0.058000 -0.455000
v -0.152909 0.044477 -0.466880
v -0.139000 0.034578 -0.475577
v -0.120000 0.030955 -0.478761
v -0.101000 0.034578 -0.475577
v -0.087091 0.044477 -0.466880
v -0.082000 0.058000 -0.455000
v -0.077000 0.024000 -0.416300
v -0.082761 0.038244 -0.409012
v -0.098500 0.048671 -0.403677
v -0.120000 0.052488 -0.401725
v -0.141500 0.048671 -0.403677
v -0.157239 0.038244 -0.409012
v -0.163000 0.024000 -0.416300
v -0.157239 0.009756 -0.423588
v -0.141500 -0.000671 -0.428923
v -0.120000 -0.004488 -0.430875
v -0.098500 -0.000671 -0.428923
v -0.082761 0.009756 -0.423588
v -0.077000 0.024000 -0.416300
v -0.089000 0.014000 -0.369000
v -0.093153 0.024273 -0.366828
v -0.104500 0.031793 -0.365238
v -0.120000 0.034546 -0.364656
v -0.135500 0.031793 -0.365238
v -0.146847 0.024273 -0.366828
v -0.151000 0.014000 -0.369000
v -0.146847 0.003727 -0.371172
v -0.135500 -0.003793 -0.372762
v -0.120000 -0.006546 -0.373344
v -0.104500 -0.003793 -0.372762
v -0.093153 0.003727 -0.371172
v -0.089000 0.014000 -0.369000
v -0.120000 0.058000 -0.455000
v -0.120000 0.014000 -0.369000
vn -0.250076 0.306087 0.918571
vn -0.239331 0.357012 0.902919
vn -0.213072 0.403609 0.889775
vn -0.174324 0.442564 0.879630
vn -0.126734 0.471942 0.872473
vn -0.073664 0.490992 0.868044
vn -0.017801 0.499614 0.866065
vn 0.038731 0.497856 0.866395
vn 0.093938 0.485654 0.869089
vn 0.145459 0.462916 0.874386
vn 0.190252 0.429904 0.882602
vn 0.224691 0.387802 0.893937
vn 0.245224 0.339141 0.908212
vn 0.249421 0.287740 0.924659
vn 0.236873 0.237999 0.941938
vn 0.209375 0.193850 0.958428
vn 0.170229 0.157945 0.972664
vn 0.123140 0.131481 0.983641
vn 0.071327 0.114591 0.990849
vn 0.017183 0.106972 0.994113
vn -0.037534 0.108408 0.993398
vn -0.091212 0.119012 0.988694
vn -0.141828 0.139162 0.980061
vn -0.186567 0.169105 0.967779
vn -0.221851 0.208354 0.952560
vn -0.243955 0.255108 0.935631
vn -0.250076 0.306087 0.918571
vn -0.879716 0.153574 0.450017
vn -0.848222 0.329765 0.414457
vn -0.763403 0.500598 0.408188
vn -0.631588 0.649930 0.422715
vn -0.465446 0.764582 0.445842
vn -0.280064 0.838997 0.466527
vn -0.086940 0.874189 0.477740
vn 0.107896 0.872532 0.476494
vn 0.300645 0.833804 0.463016
vn 0.484718 0.755469 0.440811
vn 0.648022 0.637001 0.417490
vn 0.775497 0.484807 0.404433
vn 0.855123 0.312542 0.413621
vn 0.881142 0.136156 0.452826
vn 0.852378 -0.030666 0.522026
vn 0.770417 -0.177297 0.612392
vn 0.640900 -0.295754 0.708362
vn 0.474911 -0.381681 0.792956
vn 0.286422 -0.435260 0.853529
vn 0.087534 -0.459623 0.883790
vn -0.113610 -0.457560 0.881891
vn -0.310744 -0.429149 0.848097
vn -0.495751 -0.371814 0.784847
vn -0.656800 -0.282733 0.699054
vn -0.780547 -0.161975 0.603748
vn -0.856619 -0.013913 0.515763
vn -0.879716 0.153574 0.450017
vn -0.887938 0.138228 0.438701
vn -0.856069 0.307389 0.415521
vn -0.774949 0.472738 0.419490
vn -0.646916 0.620430 0.443358
vn -0.481360 0.736562 0.475151
vn -0.292826 0.813326 0.502746
vn -0.094272 0.850262 0.517849
vn 0.106737 0.849423 0.516806
vn 0.305229 0.810593 0.499773
vn 0.493208 0.731532 0.470751
vn 0.657342 0.612996 0.438335
vn 0.783217 0.463242 0.414702
vn 0.861865 0.296286 0.411586
vn 0.891137 0.125763 0.435958
vn 0.871820 -0.038707 0.488295
vn 0.804232 -0.190555 0.562939
vn 0.688416 -0.323691 0.649082
vn 0.526940 -0.431222 0.732381
vn 0.327613 -0.506159 0.797793
vn 0.103919 -0.543163 0.833172
vn -0.126997 -0.539833 0.832137
vn -0.347305 -0.496965 0.795239
vn -0.541178 -0.418141 0.729578
vn -0.696875 -0.308961 0.647231
vn -0.807771 -0.175876 0.562649
vn -0.871580 -0.024983 0.489616
vn -0.887938 0.138228 0.438701
vn -0.914505 0.104841 0.390754
vn -0.883540 0.273712 0.380050
vn -0.807543 0.439961 0.392821
vn -0.684284 0.592999 0.424391
vn -0.517653 0.718517 0.464509
vn -0.319743 0.804735 0.500166
vn -0.105675 0.847204 0.520652
vn 0.112695 0.846364 0.520546
vn 0.326140 0.802341 0.499881
vn 0.523018 0.714911 0.464063
vn 0.688591 0.588543 0.423627
vn 0.811048 0.434770 0.391376
vn 0.886472 0.267592 0.377573
vn 0.916838 0.097473 0.387178
vn 0.904648 -0.070178 0.420343
vn 0.849303 -0.232641 0.473881
vn 0.746504 -0.386312 0.541752
vn 0.590586 -0.523322 0.614282
vn 0.380301 -0.629659 0.677422
vn 0.126951 -0.687624 0.714882
vn -0.142028 -0.684484 0.715059
vn -0.392150 -0.621380 0.678311
vn -0.597847 -0.512399 0.616463
vn -0.749677 -0.375017 0.545294
vn -0.849633 -0.222311 0.478227
vn -0.903273 -0.061322 0.424661
vn -0.914505 0.104841 0.390754
vn -0.948259 0.066845 0.310380
vn -0.923810 0.238944 0.299133
vn -0.860556 0.411283 0.300483
vn -0.752105 0.579659 0.313581
vn -0.591885 0.733075 0.335070
vn -0.379385 0.853071 0.358240
vn -0.127008 0.918554 0.374337
vn 0.139127 0.915840 0.376672
vn 0.388074 0.846425 0.364641
vn 0.596255 0.725434 0.343838
vn 0.753484 0.572970 0.322440
vn 0.860683 0.405868 0.307402
vn 0.923791 0.234242 0.302888
vn 0.948487 0.062166 0.310657
vn 0.937199 -0.109940 0.331017
vn 0.887716 -0.282665 0.363401
vn 0.792731 -0.454599 0.406099
vn 0.641061 -0.618159 0.454885
vn 0.423687 -0.754704 0.500911
vn 0.147461 -0.834722 0.530561
vn -0.152922 -0.832867 0.531928
vn -0.427643 -0.749908 0.504737
vn -0.643085 -0.611981 0.460349
vn -0.793288 -0.448297 0.411977
vn -0.887504 -0.276872 0.368346
vn -0.936798 -0.104802 0.333807
vn -0.948259 0.066845 0.310380
vn -0.970414 0.041267 0.237894
vn -0.951022 0.217534 0.219629
vn -0.896746 0.395146 0.199264
vn -0.799562 0.573992 0.176732
vn -0.646890 0.746948 0.153629
vn -0.427690 0.893963 0.133830
vn -0.147401 0.981414 0.122881
vn 0.158065 0.979492 0.124942
vn 0.436034 0.889097 0.139219
vn 0.652181 0.740869 0.160539
vn 0.802399 0.567925 0.183350
vn 0.898072 0.389514 0.204319
vn 0.951551 0.212276 0.222463
vn 0.970505 0.036161 0.238352
vn 0.957002 -0.141297 0.253344
vn 0.907605 -0.322308 0.269019
vn 0.813432 -0.506144 0.286612
vn 0.661281 -0.684828 0.306134
vn 0.439670 -0.837266 0.325078
vn 0.153982 -0.928493 0.337921
vn -0.158802 -0.927259 0.339077
vn -0.443646 -0.833948 0.328190
vn -0.664054 -0.680244 0.310324
vn -0.815097 -0.501023 0.290849
vn -0.908445 -0.317093 0.272359
vn -0.957296 -0.136158 0.255040
vn -0.970414 0.041267 0.237894
vn -0.982659 0.024305 0.183825
vn -0.964323 0.206310 0.165883
vn -0.910772 0.389052 0.138322
vn -0.813741 0.572402 0.100900
vn -0.660154 0.748980 0.056790
vn -0.438756 0.898487 0.014641
vn -0.155151 0.987818 -0.012003
vn 0.155048 0.987838 -0.011708
vn 0.439186 0.898265 0.015337
vn 0.661149 0.748052 0.057449
vn 0.815004 0.570567 0.101100
vn 0.911989 0.386363 0.137841
vn 0.965244 0.202916 0.164711
vn 0.983071 0.020367 0.182090
vn 0.967667 -0.163741 0.191859
vn 0.915417 -0.351359 0.196361
vn 0.817406 -0.541003 0.197898
vn 0.661164 -0.723538 0.198380
vn 0.437062 -0.877155 0.198936
vn 0.152156 -0.967978 0.199668
vn -0.157961 -0.966958 0.200100
vn -0.442019 -0.874390 0.200154
vn -0.664841 -0.719661 0.200186
vn -0.819776 -0.536609 0.200047
vn -0.916646 -0.346867 0.198605
vn -0.967968 -0.159427 0.193959
vn -0.982659 0.024305 0.183825
vn -0.992012 0.009896 0.125753
vn -0.973313 0.198649 0.114890
vn -0.917004 0.387560 0.094341
vn -0.815550 0.575201 0.063419
vn -0.657558 0.752998 0.024707
vn -0.434427 0.900602 -0.013791
vn -0.153606 0.987355 -0.039192
vn 0.151475 0.987635 -0.040400
vn 0.433218 0.901128 -0.017020
vn 0.657523 0.753159 0.020371
vn 0.816316 0.574594 0.058913
vn 0.918005 0.386139 0.090354
vn 0.974087 0.196598 0.111817
vn 0.992285 0.007470 0.123750
vn 0.974826 -0.182558 0.128014
vn 0.918548 -0.374410 0.126835
vn 0.815538 -0.565613 0.122386
vn 0.655197 -0.746394 0.116672
vn 0.430505 -0.895676 0.111486
vn 0.149998 -0.982737 0.108297
vn -0.153323 -0.982254 0.108024
vn -0.433445 -0.894344 0.110791
vn -0.657536 -0.744460 0.115868
vn -0.817215 -0.563305 0.121848
vn -0.919558 -0.371896 0.126910
vn -0.975176 -0.179995 0.128972
vn -0.992012 0.009896 0.125753
vn -0.998314 0.001004 0.058029
vn -0.979310 0.194622 0.055448
vn -0.920262 0.388272 0.048609
vn -0.814289 0.579274 0.037086
vn -0.651809 0.758069 0.021819
vn -0.426717 0.904366 0.005993
vn -0.147904 0.988988 -0.005148
vn 0.152612 0.988262 -0.006882
vn 0.430774 0.902459 0.001391
vn 0.654926 0.755529 0.015762
vn 0.816472 0.576550 0.031048
vn 0.921620 0.385633 0.043637
vn 0.979970 0.192220 0.052062
vn 0.998412 -0.001069 0.056329
vn 0.979234 -0.194510 0.057153
vn 0.919887 -0.388239 0.055477
vn 0.813455 -0.579275 0.052267
vn 0.650718 -0.757772 0.048458
vn 0.426182 -0.903519 0.044969
vn 0.148949 -0.987924 0.042654
vn -0.149737 -0.987827 0.042147
vn -0.426993 -0.903202 0.043618
vn -0.651536 -0.757179 0.046698
vn -0.814217 -0.578347 0.050641
vn -0.920493 -0.386936 0.054526
vn -0.979558 -0.192815 0.057348
vn -0.998314 0.001004 0.058029
vn -0.999960 -0.000738 -0.008941
vn -0.980958 0.194154 -0.005049
vn -0.921204 0.389079 -0.001001
vn -0.813926 0.580960 0.003076
vn -0.650034 0.759875 0.006848
vn -0.424223 0.905505 0.009721
vn -0.145966 0.989229 0.010981
vn 0.153087 0.988160 0.010195
vn 0.430013 0.902791 0.007599
vn 0.653952 0.756526 0.003950
vn 0.816178 0.577801 0.000011
vn 0.922276 0.386513 -0.003767
vn 0.981313 0.192281 -0.007243
vn 0.999943 -0.001958 -0.010458
vn 0.980472 -0.196193 -0.013524
vn 0.920514 -0.390359 -0.016552
vn 0.813407 -0.581365 -0.019579
vn 0.650254 -0.759384 -0.022501
vn 0.425871 -0.904439 -0.024991
vn 0.149426 -0.988417 -0.026525
vn -0.148268 -0.988588 -0.026639
vn -0.424991 -0.904845 -0.025268
vn -0.649768 -0.759791 -0.022782
vn -0.813268 -0.581556 -0.019664
vn -0.920594 -0.390183 -0.016245
vn -0.980614 -0.195541 -0.012665
vn -0.999960 -0.000738 -0.008941
vn -0.998311 0.001716 -0.058067
vn -0.979495 0.195457 -0.048841
vn -0.920304 0.389279 -0.038761
vn -0.813933 0.580285 -0.027982
vn -0.651145 0.758757 -0.017271
vn -0.426342 0.904525 -0.008203
vn -0.148636 0.988888 -0.002926
vn 0.150438 0.988615 -0.003115
vn 0.427676 0.903890 -0.008743
vn 0.651851 0.758131 -0.018098
vn 0.814132 0.579954 -0.029022
vn 0.920219 0.389361 -0.039942
vn 0.979332 0.195956 -0.050095
vn 0.998235 0.002588 -0.059333
vn 0.979273 -0.190845 -0.067844
vn 0.920037 -0.384406 -0.075925
vn 0.813757 -0.575138 -0.083756
vn 0.651317 -0.753311 -0.091152
vn 0.427226 -0.898892 -0.097316
vn 0.150473 -0.983452 -0.100897
vn -0.147876 -0.983863 -0.100734
vn -0.425039 -0.899980 -0.096842
vn -0.649737 -0.754763 -0.090408
vn -0.812773 -0.576666 -0.082797
vn -0.919537 -0.385819 -0.074807
vn -0.979126 -0.192026 -0.066624
vn -0.998311 0.001716 -0.058067
vn -0.996026 0.005479 -0.088890
vn -0.977291 0.197624 -0.076471
vn -0.918525 0.389955 -0.065176
vn -0.812995 0.579672 -0.054949
vn -0.651502 0.757250 -0.046013
vn -0.428301 0.902795 -0.038978
vn -0.152062 0.987759 -0.034777
vn 0.146207 0.988661 -0.034258
vn 0.423421 0.905152 -0.037617
vn 0.648012 0.760342 -0.044278
vn 0.810786 0.582906 -0.053351
vn 0.917286 0.393035 -0.064111
vn 0.976735 0.200469 -0.076160
vn 0.995964 0.008105 -0.089386
vn 0.977393 -0.184184 -0.103825
vn 0.918658 -0.376554 -0.119479
vn 0.812970 -0.566195 -0.136025
vn 0.651081 -0.743556 -0.152377
vn 0.427279 -0.888707 -0.166230
vn 0.150428 -0.973142 -0.174258
vn -0.148171 -0.973573 -0.173784
vn -0.425302 -0.889897 -0.164929
vn -0.649529 -0.745281 -0.150560
vn -0.811858 -0.568253 -0.134071
vn -0.917947 -0.378824 -0.117748
vn -0.977058 -0.186627 -0.102611
vn -0.996026 0.005479 -0.088890
vn -0.992146 0.012603 -0.124450
vn -0.972735 0.203947 -0.110422
vn -0.912828 0.395381 -0.102069
vn -0.806042 0.583518 -0.099010
vn -0.644111 0.758357 -0.100078
vn -0.422703 0.900385 -0.103095
vn -0.151136 0.982894 -0.105254
vn 0.141320 0.984431 -0.104520
vn 0.414653 0.904340 -0.101156
vn 0.638532 0.763384 -0.097581
vn 0.802648 0.588564 -0.096686
vn 0.910995 0.399987 -0.100488
vn 0.971925 0.208053 -0.109888
vn 0.992021 0.016311 -0.125011
vn 0.973765 -0.174937 -0.145531
vn 0.914979 -0.365599 -0.170735
vn 0.809157 -0.552780 -0.199247
vn 0.647461 -0.727076 -0.228373
vn 0.424655 -0.869165 -0.253419
vn 0.149768 -0.951672 -0.268122
vn -0.146473 -0.952342 -0.267563
vn -0.421835 -0.870986 -0.251869
vn -0.645335 -0.729650 -0.226171
vn -0.807700 -0.555764 -0.196841
vn -0.914086 -0.368820 -0.168581
vn -0.973367 -0.178366 -0.144025
vn -0.992146 0.012603 -0.124450
vn -0.984504 0.026301 -0.173378
vn -0.963745 0.217641 -0.154360
vn -0.901058 0.408737 -0.145013
vn -0.790681 0.594882 -0.144703
vn -0.626141 0.764908 -0.151203
vn -0.406025 0.899680 -0.160371
vn -0.141600 0.975739 -0.166983
vn 0.140079 0.975926 -0.167168
vn 0.404457 0.900289 -0.160917
vn 0.624545 0.766036 -0.152094
vn 0.789143 0.596619 -0.145939
vn 0.899701 0.411152 -0.146604
vn 0.962716 0.220788 -0.156303
vn 0.983994 0.030219 -0.175619
vn 0.965910 -0.159305 -0.204056
vn 0.906563 -0.346997 -0.240286
vn 0.800094 -0.529531 -0.281863
vn 0.638791 -0.697627 -0.324441
vn 0.418761 -0.833264 -0.360986
vn 0.149434 -0.911765 -0.382561
vn -0.140304 -0.913340 -0.382264
vn -0.411191 -0.837422 -0.360064
vn -0.633501 -0.703151 -0.322886
vn -0.796964 -0.535317 -0.279792
vn -0.905107 -0.352384 -0.237923
vn -0.965630 -0.164000 -0.201651
vn -0.984504 0.026301 -0.173378
vn -0.980185 0.036309 -0.194729
vn -0.959530 0.228079 -0.165175
vn -0.895822 0.419601 -0.146415
vn -0.783976 0.605394 -0.137403
vn -0.618549 0.773903 -0.135905
vn -0.399206 0.906334 -0.138541
vn -0.137616 0.980330 -0.141473
vn 0.140020 0.979918 -0.141970
vn 0.400838 0.905399 -0.139934
vn 0.619089 0.773108 -0.137957
vn 0.783578 0.605351 -0.139841
vn 0.894877 0.420697 -0.149024
vn 0.958484 0.230529 -0.167822
vn 0.979513 0.040229 -0.197320
vn 0.960048 -0.148085 -0.237441
vn 0.898346 -0.332741 -0.286806
vn 0.789351 -0.509705 -0.342235
vn 0.627015 -0.669720 -0.397903
vn 0.409564 -0.796485 -0.444826
vn 0.147201 -0.869087 -0.472249
vn -0.133743 -0.871295 -0.472183
vn -0.398447 -0.802295 -0.444479
vn -0.619356 -0.677334 -0.397011
vn -0.784974 -0.517439 -0.340696
vn -0.896456 -0.339553 -0.284728
vn -0.959792 -0.153512 -0.235020
vn -0.980185 0.036309 -0.194729
vn -0.986587 0.031319 -0.160203
vn -0.965999 0.226319 -0.124999
vn -0.901499 0.420844 -0.100942
vn -0.788464 0.608966 -0.086512
vn -0.621962 0.779004 -0.079471
vn -0.401976 0.912397 -0.077118
vn -0.140036 0.987164 -0.076797
vn 0.138208 0.987423 -0.076778
vn 0.400368 0.913109 -0.077053
vn 0.620681 0.780037 -0.079351
vn 0.787504 0.610232 -0.086336
vn 0.900814 0.422359 -0.100732
vn 0.965586 0.228193 -0.124788
vn 0.986539 0.033712 -0.160013
vn 0.965491 -0.158220 -0.206865
vn 0.900646 -0.345020 -0.264192
vn 0.787422 -0.521673 -0.328366
vn 0.621179 -0.678363 -0.392378
vn 0.402325 -0.799655 -0.445743
vn 0.142385 -0.867479 -0.476662
vn -0.133875 -0.868735 -0.476840
vn -0.395223 -0.802956 -0.446162
vn -0.616171 -0.682663 -0.392816
vn -0.784403 -0.525998 -0.328691
vn -0.899124 -0.348803 -0.264409
vn -0.964947 -0.161281 -0.207042
vn -0.986587 0.031319 -0.160203
vn -0.996337 0.016039 -0.083991
vn -0.974746 0.217241 -0.051732
vn -0.908337 0.417110 -0.030707
vn -0.792841 0.609130 -0.019092
vn -0.624070 0.781238 -0.014315
vn -0.402918 0.915138 -0.013411
vn -0.141214 0.989885 -0.013608
vn 0.136357 0.990572 -0.013209
vn 0.398951 0.916890 -0.012305
vn 0.621408 0.783383 -0.012744
vn 0.791383 0.611074 -0.017360
vn 0.907725 0.418556 -0.029089
vn 0.974610 0.218158 -0.050417
vn 0.996407 0.016545 -0.083058
vn 0.974835 -0.182785 -0.127614
vn 0.908121 -0.376614 -0.182969
vn 0.791896 -0.559174 -0.245409
vn 0.622143 -0.719870 -0.307775
vn 0.400314 -0.842878 -0.359592
vn 0.138792 -0.910545 -0.389417
vn -0.137877 -0.910669 -0.389450
vn -0.399609 -0.843178 -0.359672
vn -0.621716 -0.720194 -0.307880
vn -0.791669 -0.559425 -0.245568
vn -0.907977 -0.376813 -0.183275
vn -0.974710 -0.183053 -0.128186
vn -0.996337 0.016039 -0.083991
vn -0.999909 0.002809 -0.013202
vn -0.977447 0.210486 0.017100
vn -0.908747 0.415839 0.035447
vn -0.790149 0.611346 0.043829
vn -0.618758 0.784278 0.045247
vn -0.397108 0.916750 0.043289
vn -0.137773 0.989600 0.041353
vn 0.135895 0.989852 0.041551
vn 0.395657 0.917352 0.043834
vn 0.617910 0.784902 0.046006
vn 0.789803 0.611736 0.044622
vn 0.908678 0.415934 0.036096
vn 0.977459 0.210400 0.017469
vn 0.999909 0.002751 -0.013176
vn 0.977639 -0.202598 -0.056365
vn 0.909106 -0.401592 -0.110685
vn 0.790570 -0.587717 -0.172011
vn 0.619120 -0.749967 -0.232894
vn 0.397430 -0.872900 -0.283010
vn 0.138223 -0.940113 -0.311580
vn -0.135272 -0.940572 -0.311490
vn -0.395097 -0.874051 -0.282726
vn -0.617672 -0.751306 -0.232425
vn -0.789889 -0.588798 -0.171443
vn -0.908893 -0.402214 -0.110174
vn -0.977615 -0.202794 -0.056070
vn -0.999909 0.002809 -0.013202
vn -0.999496 -0.004225 0.031465
vn -0.975898 0.209866 0.059832
vn -0.904315 0.420012 0.076185
vn -0.782225 0.617467 0.082819
vn -0.608614 0.789121 0.082929
vn -0.387910 0.918208 0.080125
vn -0.133170 0.988044 0.077690
vn 0.134105 0.987920 0.077651
vn 0.388823 0.917828 0.080050
vn 0.609442 0.788481 0.082931
vn 0.782865 0.616628 0.083014
vn 0.904679 0.419143 0.076648
vn 0.975987 0.209237 0.060567
vn 0.999465 -0.004288 0.032417
vn 0.976445 -0.215589 -0.008758
vn 0.905764 -0.419251 -0.061811
vn 0.784677 -0.607663 -0.122584
vn 0.611877 -0.769416 -0.183318
vn 0.391704 -0.890000 -0.233383
vn 0.137241 -0.955259 -0.262003
vn -0.130233 -0.956172 -0.262248
vn -0.385882 -0.892365 -0.234050
vn -0.607880 -0.772354 -0.184259
vn -0.782463 -0.610295 -0.123661
vn -0.904858 -0.421036 -0.062931
vn -0.976260 -0.216380 -0.009839
vn -0.999496 -0.004225 0.031465
vn -0.998161 -0.006297 0.060299
vn -0.973355 0.214303 0.081580
vn -0.898714 0.428674 0.092472
vn -0.773196 0.626926 0.095555
vn -0.597902 0.796053 0.093874
vn -0.378981 0.920968 0.090500
vn -0.129573 0.987656 0.088019
vn 0.130831 0.987495 0.087960
vn 0.380141 0.920501 0.090389
vn 0.598861 0.795331 0.093886
vn 0.773852 0.626063 0.095910
vn 0.899003 0.427877 0.093356
vn 0.973319 0.213882 0.083094
vn 0.998032 -0.005973 0.062428
vn 0.974106 -0.224139 0.029664
vn 0.901007 -0.433543 -0.015042
vn 0.777321 -0.625361 -0.068528
vn 0.603404 -0.787777 -0.123739
vn 0.385001 -0.907069 -0.170293
vn 0.135333 -0.970942 -0.197374
vn -0.126102 -0.972064 -0.197963
vn -0.377225 -0.910020 -0.171946
vn -0.597933 -0.791555 -0.126163
vn -0.774203 -0.628902 -0.071356
vn -0.899703 -0.436134 -0.017917
vn -0.973860 -0.225534 0.027048
vn -0.998161 -0.006297 0.060299
vn -0.994596 -0.005027 0.103701
vn -0.969092 0.220569 0.110496
vn -0.892298 0.437821 0.110082
vn -0.764487 0.636026 0.105023
vn -0.588521 0.802515 0.098050
vn -0.371802 0.923769 0.091723
vn -0.127344 0.987941 0.088074
vn 0.127038 0.987964 0.088251
vn 0.371592 0.923799 0.092271
vn 0.588434 0.802460 0.099013
vn 0.764461 0.635820 0.106453
vn 0.892221 0.437486 0.112016
vn 0.968883 0.220252 0.112939
vn 0.994288 -0.005085 0.106608
vn 0.969046 -0.229505 0.090986
vn 0.893395 -0.444502 0.065293
vn 0.767422 -0.640391 0.031028
vn 0.592944 -0.805213 -0.007016
vn 0.376399 -0.925560 -0.040782
vn 0.130689 -0.989537 -0.061132
vn -0.125772 -0.990132 -0.061811
vn -0.372350 -0.927110 -0.042690
vn -0.590264 -0.807150 -0.009824
vn -0.766107 -0.642114 0.027727
vn -0.893076 -0.445632 0.061870
vn -0.969237 -0.229964 0.087726
vn -0.994596 -0.005027 0.103701
vn -0.985462 -0.000093 0.169898
vn -0.960485 0.227128 0.160874
vn -0.883345 0.444944 0.147401
vn -0.755210 0.642067 0.131938
vn -0.580108 0.806068 0.117169
vn -0.366226 0.924510 0.105640
vn -0.126398 0.986990 0.099368
vn 0.122760 0.987439 0.099468
vn 0.363114 0.925704 0.105924
vn 0.577881 0.807605 0.117591
vn 0.753957 0.643436 0.132436
vn 0.882893 0.445668 0.147918
vn 0.960461 0.226873 0.161379
vn 0.985374 -0.001471 0.170398
vn 0.957884 -0.229089 0.173140
vn 0.878892 -0.446170 0.168766
vn 0.750043 -0.642254 0.157941
vn 0.574962 -0.805544 0.143241
vn 0.361149 -0.923542 0.128999
vn 0.121240 -0.985331 0.120097
vn -0.127698 -0.984541 0.119881
vn -0.366909 -0.921348 0.128432
vn -0.579507 -0.802411 0.142509
vn -0.753145 -0.638792 0.157219
vn -0.880622 -0.442983 0.168139
vn -0.958558 -0.226661 0.172601
vn -0.985462 -0.000093 0.169898
vn -0.982024 0.004098 0.188712
vn -0.956183 0.232809 0.177520
vn -0.877741 0.450926 0.161977
vn -0.748759 0.646946 0.144294
vn -0.574094 0.808840 0.127253
vn -0.362335 0.925084 0.113724
vn -0.126024 0.986338 0.106090
vn 0.119210 0.987225 0.105720
vn 0.356480 0.927488 0.112642
vn 0.569886 0.812076 0.125547
vn 0.746445 0.650095 0.142111
vn 0.877079 0.453084 0.159522
vn 0.956522 0.233297 0.175041
vn 0.982457 0.002603 0.186473
vn 0.954503 -0.227745 0.192498
vn 0.873656 -0.446677 0.192886
vn 0.742523 -0.642726 0.188581
vn 0.566262 -0.803970 0.181602
vn 0.353628 -0.918940 0.174633
vn 0.117327 -0.978385 0.170286
vn -0.126867 -0.977204 0.170225
vn -0.362106 -0.915649 0.174544
vn -0.572864 -0.799254 0.181713
vn -0.746852 -0.637526 0.189139
vn -0.875785 -0.441980 0.194047
vn -0.954940 -0.224387 0.194267
vn -0.982024 0.004098 0.188712
vn -0.993937 0.001102 0.109947
vn -0.966284 0.234656 0.105977
vn -0.884538 0.456055 0.098010
vn -0.752017 0.653342 0.087259
vn -0.574729 0.814829 0.075760
vn -0.361868 0.929893 0.065959
vn -0.125814 0.990232 0.060093
vn 0.118623 0.991153 0.059533
vn 0.355636 0.932406 0.064360
vn 0.570138 0.818268 0.073347
vn 0.749299 0.656837 0.084364
vn 0.883453 0.458785 0.095011
vn 0.966238 0.236064 0.103236
vn 0.994178 0.000993 0.107742
vn 0.966181 -0.234090 0.108149
vn 0.883346 -0.456820 0.104951
vn 0.749213 -0.654838 0.099336
vn 0.570229 -0.816215 0.092911
vn 0.356077 -0.930363 0.087371
vn 0.119480 -0.989265 0.084140
vn -0.124664 -0.988632 0.084063
vn -0.360705 -0.928594 0.087207
vn -0.573857 -0.813676 0.092844
vn -0.751595 -0.652061 0.099606
vn -0.884490 -0.454410 0.105779
vn -0.966365 -0.232619 0.109667
vn -0.993937 0.001102 0.109947
vn -0.999032 -0.000514 -0.043997
vn -0.970728 0.236187 -0.043626
vn -0.886807 0.459947 -0.044960
vn -0.751402 0.658116 -0.047726
vn -0.571579 0.818944 -0.051269
vn -0.357344 0.932371 -0.054683
vn -0.121295 0.990976 -0.057050
vn 0.122177 0.990828 -0.057734
vn 0.358060 0.931982 -0.056591
vn 0.572026 0.818455 -0.054017
vn 0.751567 0.657698 -0.050794
vn 0.886762 0.459745 -0.047832
vn 0.970597 0.236292 -0.045903
vn 0.998966 -0.000076 -0.045462
vn 0.970534 -0.236420 -0.046587
vn 0.886666 -0.459805 -0.049008
vn 0.751495 -0.657671 -0.052202
vn 0.572038 -0.818347 -0.055509
vn 0.358210 -0.931822 -0.058261
vn 0.122502 -0.990659 -0.059903
vn -0.120779 -0.990859 -0.060095
vn -0.356655 -0.932386 -0.058768
vn -0.570787 -0.819176 -0.056144
vn -0.750627 -0.658621 -0.052696
vn -0.886190 -0.460716 -0.049066
vn -0.970387 -0.237145 -0.045955
vn -0.999032 -0.000514 -0.043997
vn -0.982793 0.003602 -0.184673
vn -0.954824 0.236459 -0.179996
vn -0.872449 0.456592 -0.174231
vn -0.739588 0.651746 -0.168036
vn -0.562960 0.810390 -0.162310
vn -0.352231 0.922476 -0.158024
vn -0.119802 0.980468 -0.155982
vn 0.119975 0.980350 -0.156590
vn 0.352083 0.922238 -0.159733
vn 0.562319 0.810332 -0.164798
vn 0.738514 0.652230 -0.170860
vn 0.871220 0.457899 -0.176932
vn 0.953852 0.238687 -0.182193
vn 0.982503 0.006639 -0.186131
vn 0.955731 -0.225863 -0.188583
vn 0.874548 -0.446298 -0.189692
vn 0.742606 -0.642265 -0.189821
vn 0.566480 -0.802008 -0.189431
vn 0.355793 -0.915261 -0.188969
vn 0.122951 -0.974295 -0.188766
vn -0.117658 -0.974909 -0.188966
vn -0.350905 -0.917037 -0.189495
vn -0.562356 -0.804752 -0.190079
vn -0.739519 -0.645673 -0.190308
vn -0.872648 -0.449990 -0.189722
vn -0.955013 -0.229422 -0.187922
vn -0.982793 0.003602 -0.184673
vn -0.956042 0.008332 -0.293111
vn -0.929624 0.233431 -0.285149
vn -0.851400 0.446929 -0.274539
vn -0.724353 0.637490 -0.262526
vn -0.553993 0.793814 -0.250902
vn -0.349021 0.905414 -0.241683
vn -0.121470 0.963975 -0.236638
vn 0.114051 0.964843 -0.236793
vn 0.341960 0.907989 -0.242116
vn 0.547655 0.798002 -0.251527
vn 0.719108 0.643114 -0.263226
vn 0.847593 0.453712 -0.275193
vn 0.927535 0.240995 -0.285658
vn 0.955847 0.016218 -0.293417
vn 0.931329 -0.209405 -0.297953
vn 0.854509 -0.424451 -0.299426
vn 0.728033 -0.617120 -0.298548
vn 0.557372 -0.775557 -0.296391
vn 0.351411 -0.888819 -0.294128
vn 0.122448 -0.948315 -0.292754
vn -0.114653 -0.949267 -0.292827
vn -0.344067 -0.891623 -0.294324
vn -0.550913 -0.780063 -0.296643
vn -0.722853 -0.623074 -0.298769
vn -0.850935 -0.431502 -0.299527
vn -0.929589 -0.217117 -0.297866
vn -0.956042 0.008332 -0.293111
vn -0.911208 0.014793 -0.411682
vn -0.885469 0.227381 -0.405267
vn -0.811677 0.429088 -0.396313
vn -0.692229 0.609892 -0.385812
vn -0.531563 0.759325 -0.375321
vn -0.337198 0.867078 -0.366705
vn -0.120284 0.924506 -0.361692
vn 0.104964 0.926502 -0.361354
vn 0.323060 0.872846 -0.365748
vn 0.519594 0.768260 -0.373897
vn 0.683091 0.621152 -0.384131
vn 0.805693 0.441762 -0.394596
vn 0.882680 0.240618 -0.403706
vn 0.911474 0.027857 -0.410414
vn 0.890808 -0.186611 -0.414290
vn 0.820554 -0.392510 -0.415485
vn 0.702262 -0.578726 -0.414614
vn 0.540205 -0.733442 -0.412602
vn 0.342370 -0.845157 -0.410478
vn 0.120776 -0.904444 -0.409138
vn -0.109365 -0.905904 -0.409118
vn -0.331604 -0.849452 -0.410452
vn -0.530679 -0.740334 -0.412656
vn -0.694486 -0.587859 -0.414862
vn -0.814950 -0.403454 -0.416030
vn -0.887726 -0.198883 -0.415196
vn -0.911208 0.014793 -0.411682
vn -0.795706 0.032902 -0.604789
vn -0.763445 0.215120 -0.608995
vn -0.691308 0.383408 -0.612447
vn -0.583531 0.530446 -0.614914
vn -0.445264 0.649514 -0.616337
vn -0.282940 0.734490 -0.616822
vn -0.104603 0.780321 -0.616568
vn 0.080178 0.783835 -0.615771
vn 0.261003 0.744465 -0.614532
vn 0.427714 0.664446 -0.612840
vn 0.571345 0.548373 -0.610616
vn 0.684569 0.402420 -0.607802
vn 0.761610 0.233703 -0.604428
vn 0.797947 0.050040 -0.600646
vn 0.790174 -0.139883 -0.596706
vn 0.736243 -0.326193 -0.592912
vn 0.636193 -0.497668 -0.589564
vn 0.493199 -0.642099 -0.586910
vn 0.314566 -0.747448 -0.585123
vn 0.112042 -0.803760 -0.584309
vn -0.099078 -0.805301 -0.584529
vn -0.302124 -0.752020 -0.585821
vn -0.481772 -0.649569 -0.588180
vn -0.626241 -0.507867 -0.591518
vn -0.728244 -0.338946 -0.595631
vn -0.784696 -0.154989 -0.600192
vn -0.795706 0.032902 -0.604789
vn -0.576052 0.074686 -0.813994
vn -0.524968 0.200827 -0.827089
vn -0.448458 0.303733 -0.840614
vn -0.356272 0.380690 -0.853314
vn -0.257185 0.432899 -0.863976
vn -0.157181 0.464359 -0.871588
vn -0.058498 0.479760 -0.875447
vn 0.039820 0.482107 -0.875207
vn 0.139919 0.471144 -0.870888
vn 0.242530 0.443419 -0.862878
vn 0.345037 0.393948 -0.851912
vn 0.441030 0.318637 -0.839025
vn 0.521379 0.216363 -0.825440
vn 0.576107 0.090003 -0.812404
vn 0.596280 -0.053585 -0.800986
vn 0.575476 -0.204248 -0.791903
vn 0.510850 -0.349502 -0.785417
vn 0.403970 -0.475717 -0.781346
vn 0.261401 -0.569679 -0.779189
vn 0.094664 -0.620630 -0.778368
vn -0.080908 -0.622405 -0.778502
vn -0.248501 -0.574875 -0.779594
vn -0.392678 -0.483985 -0.782024
vn -0.501763 -0.360359 -0.786368
vn -0.569048 -0.217156 -0.793113
vn -0.592875 -0.067992 -0.802419
vn -0.576052 0.074686 -0.813994
vn -0.403882 0.122927 -0.906514
vn -0.355980 0.209003 -0.910822
vn -0.292464 0.273679 -0.916277
vn -0.222335 0.316526 -0.922160
vn -0.153013 0.340593 -0.927676
vn -0.088848 0.351203 -0.932074
vn -0.030405 0.354016 -0.934745
vn 0.025010 0.352899 -0.935327
vn 0.081602 0.348442 -0.933772
vn 0.142740 0.337751 -0.930349
vn 0.208970 0.315617 -0.925590
vn 0.277111 0.276520 -0.920188
vn 0.340610 0.216670 -0.914898
vn 0.390836 0.135464 -0.910438
vn 0.418770 0.036135 -0.907373
vn 0.416711 -0.074343 -0.905994
vn 0.379776 -0.185897 -0.906208
vn 0.307174 -0.286494 -0.907505
vn 0.203083 -0.363810 -0.909065
vn 0.076787 -0.407405 -0.910014
vn -0.058399 -0.410998 -0.909764
vn -0.187447 -0.374026 -0.908278
vn -0.296539 -0.301774 -0.906089
vn -0.375529 -0.204008 -0.904079
vn -0.419203 -0.092783 -0.903139
vn -0.427323 0.019726 -0.903884
vn -0.403882 0.122927 -0.906514
vn -0.344880 0.151262 -0.926379
vn -0.324112 0.227487 -0.918260
vn -0.286990 0.294895 -0.911413
vn -0.236577 0.350999 -0.905997
vn -0.176012 0.394017 -0.902092
vn -0.108485 0.422757 -0.899726
vn -0.037206 0.436602 -0.898885
vn 0.034691 0.435512 -0.899514
vn 0.104293 0.419962 -0.901529
vn 0.168999 0.390793 -0.904831
vn 0.226482 0.349037 -0.909329
vn 0.274520 0.295821 -0.914947
vn 0.310779 0.232441 -0.921622
vn 0.332680 0.160608 -0.929263
vn 0.337445 0.082816 -0.937695
vn 0.322429 0.002728 -0.946590
vn 0.285757 -0.074585 -0.955395
vn 0.227217 -0.142770 -0.963322
vn 0.149162 -0.194873 -0.969420
vn 0.056999 -0.224627 -0.972776
vn -0.041216 -0.228006 -0.972787
vn -0.136161 -0.204383 -0.969375
vn -0.219154 -0.156709 -0.963023
vn -0.283752 -0.090611 -0.954607
vn -0.326444 -0.012933 -0.945128
vn -0.346431 0.069611 -0.935489
vn -0.344880 0.151262 -0.926379
vn -0.082161 0.163246 -0.983158
vn -0.082595 0.181991 -0.979825
vn -0.078069 0.200726 -0.976532
vn -0.068514 0.218237 -0.973488
vn -0.054251 0.233229 -0.970907
vn -0.036047 0.244468 -0.968987
vn -0.015105 0.250944 -0.967884
vn 0.007033 0.252038 -0.967692
vn 0.028664 0.247633 -0.968430
vn 0.048148 0.238143 -0.970036
vn 0.064111 0.224431 -0.972379
vn 0.075587 0.207668 -0.975275
vn 0.082068 0.189156 -0.978512
vn 0.083470 0.170172 -0.981873
vn 0.080053 0.151866 -0.985154
vn 0.072323 0.135194 -0.988176
vn 0.060943 0.120914 -0.990790
vn 0.046658 0.109589 -0.992881
vn 0.030255 0.101615 -0.994364
vn 0.012533 0.097243 -0.995182
vn -0.005708 0.096595 -0.995307
vn -0.023673 0.099683 -0.994738
vn -0.040573 0.106406 -0.993495
vn -0.055623 0.116546 -0.991627
vn -0.068055 0.129758 -0.989207
vn -0.077127 0.145548 -0.986340
vn -0.082161 0.163246 -0.983158
vn -0.000000 0.306476 0.951878
vn 0.000000 0.166750 -0.985999
vn 0.993786 0.092749 0.061543
vn 0.946244 0.315484 -0.071358
vn 0.828110 0.527315 -0.190189
vn 0.640980 0.711543 -0.287839
vn 0.393168 0.847368 -0.356914
vn 0.103907 0.914586 -0.390815
vn -0.197162 0.901353 -0.385602
vn -0.476812 0.809948 -0.341518
vn -0.707653 0.655770 -0.263046
vn -0.873722 0.460268 -0.157363
vn -0.969384 0.243412 -0.032317
vn -0.994302 0.020336 0.104639
vn -0.948896 -0.197619 0.246056
vn -0.832757 -0.399671 0.383117
vn -0.646647 -0.572417 0.504169
vn -0.397620 -0.698815 0.594606
vn -0.104675 -0.761390 0.639788
vn 0.200697 -0.749441 0.630920
vn 0.482762 -0.665012 0.569824
vn 0.713362 -0.521685 0.467931
vn 0.877585 -0.337467 0.340529
vn 0.971020 -0.128491 0.201522
vn 0.993786 0.092749 0.061543
vn 0.993196 0.068839 0.093927
vn 0.958654 0.277507 -0.063032
vn 0.853369 0.479123 -0.205435
vn 0.678830 0.658689 -0.324528
vn 0.442155 0.797054 -0.411345
vn 0.160357 0.874457 -0.457833
vn -0.139154 0.877552 -0.458846
vn -0.423942 0.805607 -0.413849
vn -0.665298 0.670997 -0.327324
vn -0.844689 0.493431 -0.207429
vn -0.954131 0.292529 -0.063721
vn -0.992003 0.083737 0.094437
vn -0.958515 -0.121408 0.257893
vn -0.853724 -0.312591 0.416465
vn -0.678871 -0.477888 0.557456
vn -0.440619 -0.602604 0.665374
vn -0.156026 -0.671413 0.724473
vn 0.146243 -0.673817 0.724281
vn 0.432092 -0.609426 0.664753
vn 0.672412 -0.488171 0.556373
vn 0.849652 -0.325254 0.415093
vn 0.956950 -0.135539 0.256665
vn 0.993196 0.068839 0.093927
vn 0.991526 0.090948 0.092758
vn 0.956931 0.270946 -0.104264
vn 0.849277 0.443182 -0.286912
vn 0.671719 0.594339 -0.442215
vn 0.433384 0.708866 -0.556495
vn 0.152477 0.771709 -0.617427
vn -0.143953 0.773251 -0.617544
vn -0.425169 0.713431 -0.556999
vn -0.664272 0.601731 -0.443466
vn -0.843240 0.453068 -0.289268
vn -0.953072 0.282852 -0.107929
vn -0.990670 0.104237 0.087795
vn -0.955553 -0.071915 0.285914
vn -0.848468 -0.235538 0.473945
vn -0.672509 -0.375754 0.637605
vn -0.436261 -0.480456 0.760815
vn -0.157087 -0.537985 0.828188
vn 0.138600 -0.540663 0.829743
vn 0.420166 -0.487994 0.765064
vn 0.660448 -0.386893 0.643523
vn 0.841058 -0.248732 0.480369
vn 0.952598 -0.085730 0.291904
vn 0.991526 0.090948 0.092758
vn 0.993792 0.083804 0.073167
vn 0.959335 0.241931 -0.145417
vn 0.851022 0.392792 -0.348534
vn 0.673085 0.524424 -0.521474
vn 0.435587 0.623623 -0.649121
vn 0.156710 0.678141 -0.718030
vn -0.137667 0.680272 -0.719915
vn -0.418306 0.629772 -0.654528
vn -0.658956 0.533966 -0.529771
vn -0.840943 0.404929 -0.358953
vn -0.953844 0.255846 -0.157241
vn -0.993274 0.098674 0.060579
vn -0.958241 -0.056279 0.280370
vn -0.849935 -0.199509 0.487655
vn -0.672617 -0.321302 0.666597
vn -0.436110 -0.411535 0.800279
vn -0.158208 -0.460952 0.873208
vn 0.135528 -0.463624 0.875605
vn 0.415989 -0.419122 0.807025
vn 0.656926 -0.332698 0.676580
vn 0.839604 -0.213324 0.499558
vn 0.953445 -0.071181 0.293047
vn 0.993792 0.083804 0.073167
vn 0.993350 0.061597 0.097268
vn 0.969065 0.207857 -0.133073
vn 0.869806 0.349067 -0.348699
vn 0.700137 0.474015 -0.533965
vn 0.470130 0.570500 -0.673430
vn 0.197098 0.627124 -0.753570
vn -0.094722 0.636218 -0.765672
vn -0.377537 0.596405 -0.708355
vn -0.625250 0.513125 -0.588018
vn -0.817799 0.396742 -0.416895
vn -0.942608 0.259541 -0.210066
vn -0.993411 0.113366 0.016794
vn -0.968224 -0.031284 0.248119
vn -0.868208 -0.164972 0.467973
vn -0.698163 -0.278684 0.659472
vn -0.468294 -0.363682 0.805255
vn -0.195882 -0.412319 0.889732
vn 0.095029 -0.419654 0.902696
vn 0.376944 -0.384922 0.842465
vn 0.624066 -0.311803 0.716464
vn 0.816527 -0.207258 0.538821
vn 0.941763 -0.079819 0.326668
vn 0.993350 0.061597 0.097268
vn 0.261949 -0.494864 -0.828548
vn 0.251904 -0.433762 -0.865098
vn 0.224198 -0.376541 -0.898862
vn 0.180481 -0.327470 -0.927464
vn 0.123700 -0.290353 -0.948891
vn 0.057896 -0.268136 -0.961640
vn -0.012127 -0.262606 -0.964827
vn -0.081208 -0.274196 -0.958239
vn -0.144277 -0.301948 -0.942344
vn -0.196789 -0.343617 -0.918260
vn -0.235101 -0.395916 -0.887682
vn -0.256738 -0.454854 -0.852757
vn -0.260543 -0.516127 -0.815923
vn -0.246666 -0.575493 -0.779721
vn -0.216445 -0.629077 -0.746601
vn -0.172203 -0.673593 -0.718762
vn -0.117017 -0.706462 -0.698010
vn -0.054491 -0.725868 -0.685672
vn 0.011445 -0.730771 -0.682527
vn 0.076715 -0.720900 -0.688780
vn 0.137263 -0.696760 -0.704048
vn 0.189222 -0.659637 -0.727375
vn 0.229105 -0.611604 -0.757266
vn 0.254028 -0.555501 -0.791763
vn 0.261949 -0.494864 -0.828548
vn 0.973250 -0.107584 -0.203001
vn 0.935025 0.121979 -0.332941
vn 0.828829 0.332780 -0.449778
vn 0.666117 0.508655 -0.545489
vn 0.461872 0.638788 -0.615324
vn 0.231374 0.717339 -0.657184
vn -0.011340 0.741856 -0.670463
vn -0.253306 0.711810 -0.655105
vn -0.481545 0.628060 -0.611273
vn -0.682034 0.493479 -0.539730
vn -0.839685 0.314426 -0.442792
vn -0.940025 0.102210 -0.325434
vn -0.972415 -0.126795 -0.195786
vn -0.933311 -0.353250 -0.064389
vn -0.827442 -0.558578 0.057714
vn -0.666087 -0.728289 0.161007
vn -0.463711 -0.853242 0.238642
vn -0.235025 -0.928823 0.286446
vn 0.006342 -0.953192 0.302299
vn 0.247649 -0.925824 0.285515
vn 0.476018 -0.847002 0.236629
vn 0.677450 -0.718469 0.157682
vn 0.836749 -0.545024 0.052912
vn 0.939097 -0.336323 -0.070602
vn 0.973250 -0.107584 -0.203001
vn 0.977691 -0.094855 -0.187408
vn 0.942373 0.146908 -0.300586
vn 0.837462 0.368795 -0.403295
vn 0.674805 0.553585 -0.488039
vn 0.469971 0.690122 -0.550327
vn 0.238648 0.772732 -0.588159
vn -0.005015 0.799271 -0.600949
vn -0.248162 0.769364 -0.588638
vn -0.477962 0.683767 -0.551375
vn -0.680396 0.545071 -0.489855
vn -0.840132 0.359421 -0.406195
vn -0.942278 0.138310 -0.304930
vn -0.975890 -0.101114 -0.193429
vn -0.937528 -0.338332 -0.081068
vn -0.832431 -0.553666 0.022643
vn -0.672404 -0.731975 0.109936
vn -0.472026 -0.863915 0.175621
vn -0.245601 -0.944822 0.216777
vn -0.006029 -0.972713 0.231932
vn 0.234671 -0.946759 0.220400
vn 0.464113 -0.866849 0.182132
vn 0.668412 -0.734356 0.118097
vn 0.832009 -0.553891 0.031076
vn 0.939221 -0.335352 -0.073509
vn 0.977691 -0.094855 -0.187408
vn 0.984289 -0.064303 -0.164441
vn 0.949969 0.192241 -0.246174
vn 0.844896 0.426569 -0.322784
vn 0.681514 0.620856 -0.387397
vn 0.475860 0.764003 -0.435726
vn 0.243784 0.850714 -0.465677
vn -0.000680 0.879191 -0.476469
vn -0.244937 0.849169 -0.467887
vn -0.476414 0.761192 -0.440019
vn -0.681169 0.617370 -0.393525
vn -0.843589 0.423320 -0.330390
vn -0.948072 0.190349 -0.254806
vn -0.982754 -0.063797 -0.173563
vn -0.943589 -0.317109 -0.095301
vn -0.836055 -0.547902 -0.028565
vn -0.673183 -0.739189 0.020595
vn -0.471338 -0.880499 0.050615
vn -0.246107 -0.967061 0.064994
vn -0.009791 -0.997517 0.069744
vn 0.228147 -0.971264 0.067789
vn 0.457551 -0.887431 0.055796
vn 0.664600 -0.746689 0.027612
vn 0.832273 -0.553995 -0.020261
vn 0.943291 -0.320557 -0.086284
vn 0.984289 -0.064303 -0.164441
vn 0.990884 -0.028851 -0.131590
vn 0.954452 0.236075 -0.182455
vn 0.847537 0.477418 -0.231848
vn 0.682897 0.677035 -0.274365
vn 0.476663 0.823881 -0.306614
vn 0.244536 0.912882 -0.326876
vn 0.000225 0.942417 -0.334440
vn -0.244085 0.912222 -0.329049
vn -0.476204 0.822615 -0.310701
vn -0.682420 0.675273 -0.279838
vn -0.847027 0.475334 -0.237912
vn -0.953897 0.233882 -0.188093
vn -0.990268 -0.030960 -0.135685
vn -0.951133 -0.296054 -0.087741
vn -0.841326 -0.538050 -0.051707
vn -0.673839 -0.738128 -0.033283
vn -0.465994 -0.884158 -0.033377
vn -0.235655 -0.970812 -0.044613
vn 0.002724 -0.998609 -0.052653
vn 0.240347 -0.969474 -0.048504
vn 0.469122 -0.882280 -0.038817
vn 0.675645 -0.736270 -0.037564
vn 0.842389 -0.536234 -0.053232
vn 0.951874 -0.294123 -0.086184
vn 0.990884 -0.028851 -0.131590
vn 0.998667 -0.001681 -0.051593
vn 0.959696 0.268562 -0.082810
vn 0.850283 0.514224 -0.112220
vn 0.683563 0.716892 -0.137143
vn 0.475886 0.865570 -0.155955
vn 0.242947 0.955402 -0.167879
vn -0.001738 0.984987 -0.172619
vn -0.246260 0.954170 -0.170046
vn -0.478708 0.863255 -0.160096
vn -0.685585 0.713837 -0.142865
vn -0.851302 0.511021 -0.118927
vn -0.959776 0.266043 -0.089731
vn -0.998321 -0.002579 -0.057858
vn -0.962129 -0.271268 -0.026853
vn -0.856218 -0.516614 -0.000603
vn -0.693209 -0.720523 0.017521
vn -0.488574 -0.872141 0.025798
vn -0.256630 -0.966160 0.026018
vn -0.009730 -0.999660 0.024210
vn 0.239493 -0.970579 0.024887
vn 0.476720 -0.878705 0.024811
vn 0.686757 -0.726663 0.018048
vn 0.853732 -0.520708 0.002096
vn 0.961833 -0.272745 -0.022076
vn 0.998667 -0.001681 -0.051593
vn 0.995594 0.006024 0.093575
vn 0.958195 0.275984 0.075465
vn 0.850483 0.522601 0.059728
vn 0.685087 0.726961 0.046727
vn 0.478134 0.877514 0.036834
vn 0.245340 0.968964 0.030300
vn 0.000384 0.999628 0.027270
vn -0.244623 0.969218 0.027848
vn -0.477579 0.878001 0.032130
vn -0.684813 0.727610 0.040182
vn -0.850587 0.523258 0.051984
vn -0.958679 0.276396 0.067379
vn -0.996266 0.005892 0.086136
vn -0.958395 -0.264143 0.108202
vn -0.849952 -0.509525 0.134041
vn -0.683558 -0.711098 0.164582
vn -0.475250 -0.856928 0.199528
vn -0.241212 -0.942280 0.232219
vn 0.003796 -0.969219 0.246170
vn 0.247819 -0.940896 0.230867
vn 0.479631 -0.854726 0.198490
vn 0.685678 -0.708847 0.165476
vn 0.850424 -0.507810 0.137506
vn 0.957970 -0.263233 0.114021
vn 0.995594 0.006024 0.093575
vn 0.973446 -0.023973 0.227659
vn 0.943027 0.240935 0.229455
vn 0.842842 0.486394 0.230298
vn 0.683586 0.692643 0.230121
vn 0.480469 0.846524 0.229230
vn 0.249334 0.941183 0.228051
vn 0.004633 0.973901 0.226925
vn -0.240487 0.943977 0.225995
vn -0.472900 0.851859 0.225171
vn -0.678152 0.699898 0.224173
vn -0.840222 0.494426 0.222642
vn -0.943351 0.248069 0.220341
vn -0.975883 -0.019649 0.217407
vn -0.934244 -0.284913 0.214506
vn -0.824277 -0.524706 0.212724
vn -0.658933 -0.721372 0.213141
vn -0.454233 -0.864269 0.216127
vn -0.226091 -0.948789 0.220642
vn 0.011247 -0.974438 0.224376
vn 0.245816 -0.942711 0.225545
vn 0.467260 -0.855104 0.224645
vn 0.664570 -0.712977 0.223629
vn 0.824349 -0.519926 0.223887
vn 0.931656 -0.284903 0.225492
vn 0.973446 -0.023973 0.227659
vn 0.953506 -0.062769 0.294765
vn 0.926717 0.194634 0.321425
vn 0.832123 0.435568 0.343296
vn 0.678336 0.640704 0.359665
vn 0.478973 0.795767 0.370594
vn 0.249495 0.892157 0.376575
vn 0.005118 0.925744 0.378116
vn -0.239634 0.895324 0.375460
vn -0.470258 0.801926 0.368473
vn -0.671565 0.649411 0.356743
vn -0.827995 0.446010 0.339851
vn -0.925605 0.205633 0.317760
vn -0.955226 -0.052541 0.291174
vn -0.915077 -0.306876 0.261651
vn -0.810980 -0.537351 0.231440
vn -0.654097 -0.728601 0.203220
vn -0.457857 -0.870633 0.179906
vn -0.235893 -0.957767 0.164429
vn -0.001406 -0.987251 0.159164
vn 0.232756 -0.958422 0.165079
vn 0.453941 -0.872402 0.181251
vn 0.649451 -0.732169 0.205283
vn 0.806239 -0.543270 0.234171
vn 0.911291 -0.315228 0.264913
vn 0.953506 -0.062769 0.294765
vn 0.933371 -0.098813 0.345042
vn 0.910598 0.151097 0.384683
vn 0.820761 0.386613 0.420573
vn 0.671347 0.588808 0.450110
vn 0.474985 0.742907 0.471676
vn 0.246887 0.839212 0.484530
vn 0.002904 0.872568 0.488484
vn -0.241231 0.841391 0.483599
vn -0.469807 0.747210 0.470062
vn -0.667030 0.595086 0.448267
vn -0.817726 0.394580 0.419084
vn -0.909249 0.160333 0.384135
vn -0.934065 -0.088808 0.345884
vn -0.891631 -0.332438 0.307374
vn -0.788308 -0.552045 0.271692
vn -0.635274 -0.733584 0.241415
vn -0.445660 -0.868169 0.218335
vn -0.232351 -0.951097 0.203537
vn -0.007148 -0.980240 0.197683
vn 0.218840 -0.954781 0.201253
vn 0.434239 -0.874889 0.214491
vn 0.626636 -0.742363 0.237117
vn 0.782566 -0.561933 0.267995
vn 0.888569 -0.342682 0.304981
vn 0.933371 -0.098813 0.345042
vn 0.903816 -0.145998 0.402244
vn 0.885860 0.091604 0.454819
vn 0.803049 0.317995 0.503976
vn 0.661082 0.514835 0.545816
vn 0.471102 0.666847 0.577389
vn 0.247683 0.763189 0.596821
vn 0.006971 0.797595 0.603154
vn -0.234415 0.767923 0.596107
vn -0.459825 0.675888 0.575966
vn -0.652980 0.527288 0.543676
vn -0.798978 0.332486 0.501085
vn -0.886094 0.106408 0.451127
vn -0.907861 -0.132646 0.397736
vn -0.864386 -0.365445 0.345379
vn -0.762062 -0.574687 0.298322
vn -0.611770 -0.747108 0.259936
vn -0.426466 -0.874162 0.232310
vn -0.219133 -0.951423 0.216274
vn -0.001668 -0.977308 0.211817
vn 0.215175 -0.951784 0.218649
vn 0.420999 -0.875673 0.236550
vn 0.604781 -0.750924 0.265241
vn 0.754479 -0.581736 0.303883
vn 0.857754 -0.375963 0.350586
vn 0.903816 -0.145998 0.402244
vn 0.885543 -0.183451 0.426802
vn 0.865630 0.039862 0.499095
vn 0.785244 0.253258 0.565024
vn 0.648764 0.440526 0.620518
vn 0.465433 0.587034 0.662392
vn 0.248398 0.681389 0.688482
vn 0.013296 0.716396 0.697568
vn -0.223057 0.689371 0.689212
vn -0.443730 0.602186 0.663683
vn -0.632707 0.461244 0.622042
vn -0.776141 0.277260 0.566332
vn -0.863790 0.064497 0.499706
vn -0.890165 -0.160718 0.426352
vn -0.854886 -0.381873 0.351201
vn -0.762149 -0.583936 0.279548
vn -0.619684 -0.754341 0.216706
vn -0.437780 -0.883310 0.167667
vn -0.228605 -0.963881 0.136649
vn -0.005652 -0.991951 0.126493
vn 0.216968 -0.966363 0.138084
vn 0.425409 -0.888863 0.170147
vn 0.606887 -0.763856 0.219571
vn 0.750116 -0.598133 0.282071
vn 0.845506 -0.400802 0.352812
vn 0.885543 -0.183451 0.426802
vn 0.182653 -0.393902 0.900821
vn 0.181227 -0.348943 0.919454
vn 0.167181 -0.305196 0.937500
vn 0.140953 -0.265879 0.953646
vn 0.104003 -0.234159 0.966619
vn 0.058842 -0.212798 0.975323
vn 0.008895 -0.203775 0.978977
vn -0.041837 -0.207968 0.977241
vn -0.089246 -0.224996 0.970264
vn -0.129612 -0.253287 0.958669
vn -0.160014 -0.290324 0.943455
vn -0.178563 -0.333022 0.925857
vn -0.184436 -0.378102 0.907206
vn -0.177784 -0.422403 0.888802
vn -0.159549 -0.463086 0.871835
vn -0.131289 -0.497741 0.857331
vn -0.095015 -0.524446 0.846125
vn -0.053069 -0.541783 0.838841
vn -0.008016 -0.548863 0.835874
vn 0.037462 -0.545335 0.837381
vn 0.080673 -0.531399 0.843271
vn 0.119028 -0.507790 0.853218
vn 0.150136 -0.475761 0.866666
vn 0.171906 -0.437059 0.882852
vn 0.182653 -0.393902 0.900821
vn -0.000000 -0.523938 -0.851757
vn 0.000000 -0.393041 0.919521
vn 0.210900 0.227781 -0.950598
vn 0.199393 0.288975 -0.936342
vn 0.171943 0.344309 -0.922977
vn 0.130626 0.389430 -0.911746
vn 0.078650 0.420681 -0.903793
vn 0.020191 0.435445 -0.899989
vn -0.039936 0.432465 -0.900766
vn -0.096752 0.412006 -0.906030
vn -0.145626 0.375812 -0.915182
vn -0.182690 0.326874 -0.927242
vn -0.205099 0.269092 -0.941023
vn -0.211145 0.206960 -0.955293
vn -0.200296 0.145290 -0.968903
vn -0.173237 0.088971 -0.980853
vn -0.131921 0.042663 -0.990342
vn -0.079553 0.010402 -0.996776
vn -0.020437 -0.004873 -0.999779
vn 0.040406 -0.001739 -0.999182
vn 0.097770 0.019488 -0.995018
vn 0.146847 0.056817 -0.987526
vn 0.183707 0.106897 -0.977151
vn 0.205570 0.165465 -0.964553
vn 0.210900 0.227781 -0.950598
vn 0.994490 -0.015419 0.103693
vn 0.945893 0.274112 0.173634
vn 0.813638 0.529037 0.241066
vn 0.618110 0.727484 0.297837
vn 0.382283 0.859965 0.338111
vn 0.125459 0.925021 0.358603
vn -0.137632 0.923536 0.357965
vn -0.394052 0.855373 0.336245
vn -0.628771 0.719498 0.294906
vn -0.822044 0.517587 0.237374
vn -0.950648 0.259792 0.169637
vn -0.994508 -0.031139 0.099922
vn -0.945850 -0.322516 0.036751
vn -0.813425 -0.581506 -0.013794
vn -0.617684 -0.784865 -0.049536
vn -0.381623 -0.921554 -0.071422
vn -0.124575 -0.988855 -0.081528
vn 0.138650 -0.986998 -0.081306
vn 0.395029 -0.915944 -0.070695
vn 0.629509 -0.775500 -0.048144
vn 0.822439 -0.568736 -0.011566
vn 0.950750 -0.307385 0.039853
vn 0.994490 -0.015419 0.103693
vn 0.993930 -0.025263 0.107072
vn 0.947419 0.267436 0.175715
vn 0.816040 0.525154 0.241438
vn 0.621302 0.725289 0.296545
vn 0.387036 0.858774 0.335725
vn 0.132554 0.925008 0.356076
vn -0.128109 0.925512 0.356393
vn -0.383047 0.860214 0.336611
vn -0.618165 0.727445 0.297818
vn -0.814003 0.527675 0.242812
vn -0.946498 0.269921 0.176872
vn -0.993907 -0.023122 0.107774
vn -0.947257 -0.317427 0.044089
vn -0.815578 -0.578596 -0.007667
vn -0.620501 -0.782925 -0.044800
vn -0.385874 -0.920054 -0.067840
vn -0.131032 -0.988257 -0.078602
vn 0.129865 -0.988423 -0.078461
vn 0.384745 -0.920553 -0.067479
vn 0.619460 -0.783772 -0.044389
vn 0.814705 -0.579829 -0.007441
vn 0.946703 -0.319102 0.043908
vn 0.993930 -0.025263 0.107072
vn 0.993030 -0.028070 0.114473
vn 0.946679 0.268093 0.178677
vn 0.814626 0.528646 0.238573
vn 0.619508 0.730348 0.287752
vn 0.385857 0.864439 0.322274
vn 0.132924 0.930897 0.340237
vn -0.125797 0.931645 0.340900
vn -0.379129 0.866710 0.324151
vn -0.613659 0.734178 0.290526
vn -0.810223 0.533938 0.241760
vn -0.944266 0.274478 0.181723
vn -0.992915 -0.021261 0.116908
vn -0.946460 -0.318050 0.055297
vn -0.814354 -0.580358 0.003659
vn -0.619242 -0.784441 -0.034527
vn -0.385554 -0.920803 -0.058903
vn -0.132481 -0.988670 -0.070573
vn 0.126408 -0.989467 -0.070541
vn 0.379785 -0.923199 -0.058889
vn 0.614167 -0.788410 -0.034762
vn 0.810484 -0.585754 0.002874
vn 0.944364 -0.324486 0.053711
vn 0.993030 -0.028070 0.114473
vn 0.991958 -0.025412 0.123987
vn 0.944519 0.273401 0.182033
vn 0.811130 0.535989 0.234059
vn 0.615177 0.738798 0.275199
vn 0.381522 0.873223 0.303187
vn 0.129290 0.939437 0.317399
vn -0.128336 0.939441 0.317773
vn -0.380494 0.873304 0.304245
vn -0.614061 0.739143 0.276761
vn -0.810037 0.536849 0.235868
vn -0.943717 0.274973 0.183816
vn -0.991822 -0.023137 0.125513
vn -0.944459 -0.321515 0.068007
vn -0.811451 -0.584140 0.018087
vn -0.615996 -0.787494 -0.020043
vn -0.382737 -0.922757 -0.045078
vn -0.130683 -0.989764 -0.057343
vn 0.126982 -0.990243 -0.057395
vn 0.379337 -0.924150 -0.045265
vn 0.613208 -0.789657 -0.020452
vn 0.809560 -0.586781 0.017349
vn 0.943621 -0.324203 0.066867
vn 0.991958 -0.025412 0.123987
vn 0.988452 -0.029293 0.148673
vn 0.941384 0.269979 0.202254
vn 0.808605 0.533270 0.248556
vn 0.613551 0.736850 0.283914
vn 0.381041 0.872005 0.307270
vn 0.130073 0.938821 0.318898
vn -0.126311 0.939231 0.319203
vn -0.377395 0.873282 0.308142
vn -0.610223 0.739103 0.285228
vn -0.805933 0.536573 0.250123
vn -0.939815 0.274220 0.203841
vn -0.988373 -0.024523 0.150059
vn -0.941468 -0.323410 0.095101
vn -0.808898 -0.586159 0.045843
vn -0.614015 -0.789262 0.007179
vn -0.381579 -0.924146 -0.018750
vn -0.130576 -0.990934 -0.031618
vn 0.125928 -0.991534 -0.031650
vn 0.377177 -0.925949 -0.018882
vn 0.610172 -0.792239 0.006848
vn 0.806014 -0.590168 0.045196
vn 0.939951 -0.328091 0.094068
vn 0.988452 -0.029293 0.148673
vn 0.981903 -0.034259 0.186259
vn 0.935174 0.263734 0.236418
vn 0.803540 0.526403 0.277891
vn 0.609994 0.730004 0.308223
vn 0.378998 0.865494 0.327537
vn 0.129426 0.932588 0.336940
vn -0.125623 0.932996 0.337251
vn -0.375319 0.866763 0.328416
vn -0.606653 0.732234 0.309523
vn -0.800890 0.529640 0.279387
vn -0.933652 0.267809 0.237849
vn -0.981834 -0.029808 0.187388
vn -0.935427 -0.327291 0.133629
vn -0.803975 -0.588755 0.083609
vn -0.610429 -0.790898 0.043087
vn -0.379289 -0.925153 0.015259
vn -0.129493 -0.991580 0.001274
vn 0.125806 -0.992054 0.001327
vn 0.375732 -0.926601 0.015365
vn 0.607219 -0.793365 0.043099
vn 0.801462 -0.592210 0.083341
vn 0.934044 -0.331495 0.132938
vn 0.981903 -0.034259 0.186259
vn 0.973748 -0.040191 0.224052
vn 0.928110 0.255617 0.270689
vn 0.798648 0.517401 0.307340
vn 0.607360 0.721398 0.332714
vn 0.378071 0.857862 0.348044
vn 0.129624 0.925742 0.355246
vn -0.124527 0.926322 0.355556
vn -0.373094 0.859675 0.348940
vn -0.602763 0.724610 0.334091
vn -0.794918 0.522113 0.309035
vn -0.925904 0.261628 0.272493
vn -0.973613 -0.033532 0.225729
vn -0.928451 -0.328426 0.173535
vn -0.799334 -0.588178 0.122932
vn -0.608155 -0.789728 0.080481
vn -0.378774 -0.924110 0.050512
vn -0.130108 -0.990877 0.035134
vn 0.124340 -0.991620 0.035066
vn 0.373244 -0.926370 0.050266
vn 0.603223 -0.793555 0.079951
vn 0.795542 -0.593487 0.122009
vn 0.926421 -0.334808 0.172186
vn 0.973748 -0.040191 0.224052
vn 0.954992 -0.053395 0.291786
vn 0.912033 0.236432 0.335106
vn 0.787534 0.494696 0.367514
vn 0.601563 0.697907 0.388649
vn 0.376651 0.835263 0.400586
vn 0.131467 0.904428 0.405865
vn -0.119975 0.905928 0.406079
vn -0.365625 0.839833 0.401248
vn -0.591684 0.705659 0.389814
vn -0.779816 0.505520 0.369237
vn -0.907669 0.249642 0.337366
vn -0.954873 -0.039214 0.294413
vn -0.912539 -0.328042 0.244256
vn -0.788449 -0.583825 0.193642
vn -0.602554 -0.783916 0.149680
vn -0.377452 -0.918513 0.117744
vn -0.131921 -0.986108 0.100937
vn 0.119942 -0.987674 0.100565
vn 0.366026 -0.923267 0.116634
vn 0.592442 -0.791925 0.147874
vn 0.780708 -0.594904 0.191270
vn 0.908337 -0.341412 0.241580
vn 0.954992 -0.053395 0.291786
vn 0.891052 -0.078691 0.447028
vn 0.852726 0.190923 0.486218
vn 0.740074 0.433674 0.514021
vn 0.569143 0.627845 0.530930
vn 0.359167 0.761431 0.539650
vn 0.127635 0.829861 0.543175
vn -0.110916 0.832141 0.543359
vn -0.343329 0.768288 0.540239
vn -0.555289 0.639217 0.532030
vn -0.729591 0.449107 0.515752
vn -0.847036 0.209235 0.488621
vn -0.891069 -0.059447 0.449958
vn -0.854388 -0.328487 0.402638
vn -0.742609 -0.569268 0.352795
vn -0.571561 -0.760634 0.307821
vn -0.360704 -0.891483 0.274136
vn -0.127899 -0.958170 0.256032
vn 0.111999 -0.960285 0.255558
vn 0.345569 -0.897885 0.272735
vn 0.558202 -0.771380 0.305586
vn 0.732375 -0.584095 0.349942
vn 0.848744 -0.346425 0.399529
vn 0.891052 -0.078691 0.447028
vn 0.773973 -0.103971 0.624625
vn 0.741818 0.129195 0.658039
vn 0.647573 0.341615 0.681138
vn 0.502031 0.515138 0.694693
vn 0.319460 0.637290 0.701290
vn 0.114888 0.701053 0.703794
vn -0.097203 0.703490 0.704026
vn -0.302771 0.644582 0.702029
vn -0.487501 0.527123 0.696048
vn -0.636562 0.357744 0.683233
vn -0.735662 0.148284 0.660919
vn -0.773572 -0.083747 0.628150
vn -0.745183 -0.316783 0.586814
vn -0.653332 -0.528858 0.541726
vn -0.508097 -0.701669 0.499499
vn -0.323936 -0.822909 0.466784
vn -0.116564 -0.886035 0.448725
vn 0.098760 -0.888523 0.448078
vn 0.307238 -0.830344 0.464902
vn 0.493770 -0.713864 0.496577
vn 0.642792 -0.545205 0.538118
vn 0.739732 -0.336015 0.583001
vn 0.773973 -0.103971 0.624625
vn 0.699229 -0.115494 0.705506
vn 0.672169 0.094274 0.734372
vn 0.590282 0.287454 0.754279
vn 0.461176 0.448029 0.765890
vn 0.296065 0.563277 0.771404
vn 0.108402 0.624599 0.773386
vn -0.087324 0.627690 0.773550
vn -0.276374 0.572404 0.771992
vn -0.444293 0.462710 0.767140
vn -0.577618 0.306778 0.756469
vn -0.664974 0.116834 0.737671
vn -0.698374 -0.091565 0.709852
vn -0.674344 -0.300863 0.674345
vn -0.594624 -0.493300 0.634884
vn -0.466136 -0.652903 0.597022
vn -0.300062 -0.767186 0.566911
vn -0.110291 -0.827983 0.549800
vn 0.088069 -0.831331 0.548756
vn 0.279615 -0.777026 0.563956
vn 0.449194 -0.668575 0.592648
vn 0.582728 -0.513593 0.629802
vn 0.668597 -0.324026 0.669317
vn 0.699229 -0.115494 0.705506
vn 0.161653 -0.150147 0.975358
vn 0.157282 -0.101674 0.982306
vn 0.140383 -0.056356 0.988492
vn 0.112210 -0.017751 0.993526
vn 0.074894 0.010985 0.997131
vn 0.031380 0.027382 0.999132
vn -0.014760 0.029971 0.999442
vn -0.059669 0.018508 0.998047
vn -0.099616 -0.005976 0.995008
vn -0.131385 -0.041339 0.990469
vn -0.152532 -0.084623 0.984669
vn -0.161491 -0.132371 0.977956
vn -0.157592 -0.180887 0.970796
vn -0.141054 -0.226419 0.963763
vn -0.113017 -0.265342 0.957508
vn -0.075567 -0.294399 0.952690
vn -0.031692 -0.311018 0.949876
vn 0.014923 -0.313658 0.949419
vn 0.060268 -0.302062 0.951381
vn 0.100472 -0.277301 0.955515
vn 0.132240 -0.241606 0.961322
vn 0.153128 -0.198039 0.968159
vn 0.161653 -0.150147 0.975358
vn -0.000000 0.222403 -0.974955
vn 0.000000 -0.143091 0.989710
vn 0.000000 1.000000 0.000000
vn 0.000000 1.000000 0.000000
vn 0.000000 1.000000 0.000000
vn 0.000000 1.000000 0.000000
vn 0.000000 1.000000 0.000000
vn 0.000000 1.000000 0.000000
vn 0.000000 1.000000 0.000000
vn 0.000000 1.000000 0.000000
vn 0.000000 1.000000 0.000000
vn 0.000000 1.000000 0.000000
vn 0.000000 1.000000 0.000000
vn 0.000000 1.000000 0.000000
vn 0.000000 1.000000 0.000000
vn 0.000000 1.000000 0.000000
vn 0.000000 1.000000 0.000000
vn 0.000000 1.000000 0.000000
vn 0.000000 1.000000 0.000000
vn 0.542242 -0.836391 0.080149
vn 0.467692 -0.821053 0.327317
vn 0.322190 -0.797071 0.510756
vn 0.138080 -0.778915 0.611739
vn -0.059454 -0.775542 0.628490
vn -0.251449 -0.788429 0.561385
vn -0.416062 -0.811617 0.410087
vn -0.522882 -0.832218 0.184411
vn -0.542242 -0.836391 -0.080149
vn -0.467692 -0.821053 -0.327317
vn -0.322190 -0.797071 -0.510756
vn -0.138080 -0.778915 -0.611739
vn 0.059454 -0.775542 -0.628490
vn 0.251449 -0.788429 -0.561385
vn 0.416062 -0.811617 -0.410087
vn 0.522882 -0.832218 -0.184411
vn 0.542242 -0.836391 0.080149
vn 0.460932 -0.887084 0.024973
vn 0.413851 -0.877857 0.241027
vn 0.302162 -0.859659 0.411927
vn 0.150210 -0.843703 0.515365
vn -0.018884 -0.838484 0.544599
vn -0.185937 -0.846513 0.498842
vn -0.331157 -0.863872 0.379553
vn -0.430529 -0.881023 0.196068
vn -0.460932 -0.887084 -0.024973
vn -0.413851 -0.877857 -0.241027
vn -0.302162 -0.859659 -0.411927
vn -0.150210 -0.843703 -0.515365
vn 0.018884 -0.838484 -0.544599
vn 0.185937 -0.846513 -0.498842
vn 0.331157 -0.863872 -0.379553
vn 0.430529 -0.881023 -0.196068
vn 0.460932 -0.887084 0.024973
vn 0.660476 -0.750550 0.021129
vn 0.591908 -0.735850 0.328892
vn 0.428309 -0.706405 0.563510
vn 0.215246 -0.681264 0.699678
vn -0.015148 -0.672600 0.739851
vn -0.244492 -0.683770 0.687519
vn -0.453337 -0.710368 0.538390
vn -0.607189 -0.739011 0.291864
vn -0.660476 -0.750550 -0.021129
vn -0.591908 -0.735850 -0.328892
vn -0.428309 -0.706405 -0.563510
vn -0.215246 -0.681264 -0.699678
vn 0.015148 -0.672600 -0.739851
vn 0.244492 -0.683770 -0.687519
vn 0.453337 -0.710368 -0.538390
vn 0.607189 -0.739011 -0.291864
vn 0.660476 -0.750550 0.021129
vn 0.834089 -0.551411 0.015523
vn 0.743359 -0.535220 0.401195
vn 0.530066 -0.503063 0.682611
vn 0.266020 -0.476690 0.837854
vn -0.010528 -0.467491 0.883935
vn -0.286741 -0.478164 0.830144
vn -0.548756 -0.505521 0.665819
vn -0.755522 -0.537310 0.374812
vn -0.834089 -0.551411 -0.015523
vn -0.743359 -0.535220 -0.401195
vn -0.530066 -0.503063 -0.682611
vn -0.266020 -0.476690 -0.837854
vn 0.010528 -0.467491 -0.883935
vn 0.286741 -0.478164 -0.830144
vn 0.548756 -0.505521 -0.665819
vn 0.755522 -0.537310 -0.374812
vn 0.834089 -0.551411 0.015523
vn 0.955735 -0.294113 0.008280
vn 0.848093 -0.283305 0.447747
vn 0.597777 -0.261970 0.757651
vn 0.299577 -0.245005 0.922077
vn -0.005384 -0.239047 0.970993
vn -0.310315 -0.245434 0.918404
vn -0.607840 -0.262714 0.749341
vn -0.854976 -0.283969 0.434025
vn -0.955735 -0.294113 -0.008280
vn -0.848093 -0.283305 -0.447747
vn -0.597777 -0.261970 -0.757651
vn -0.299577 -0.245005 -0.922077
vn 0.005384 -0.239047 -0.970993
vn 0.310315 -0.245434 -0.918404
vn 0.607840 -0.262714 -0.749341
vn 0.854976 -0.283969 -0.434025
vn 0.955735 -0.294113 0.008280
vn 1.000000 0.000000 -0.000000
vn 0.888027 -0.000000 0.459791
vn 0.624695 -0.000000 0.780869
vn 0.314551 0.000000 0.949241
vn -0.000000 0.000000 1.000000
vn -0.314551 -0.000000 0.949241
vn -0.624695 0.000000 0.780869
vn -0.888027 0.000000 0.459791
vn -1.000000 -0.000000 0.000000
vn -0.888027 -0.000000 -0.459791
vn -0.624695 -0.000000 -0.780869
vn -0.314551 0.000000 -0.949241
vn -0.000000 0.000000 -1.000000
vn 0.314551 -0.000000 -0.949241
vn 0.624695 0.000000 -0.780869
vn 0.888027 0.000000 -0.459791
vn 1.000000 0.000000 -0.000000
vn 0.955735 0.294113 -0.008280
vn 0.854976 0.283969 0.434025
vn 0.607840 0.262714 0.749341
vn 0.310315 0.245434 0.918404
vn 0.005384 0.239047 0.970993
vn -0.299577 0.245005 0.922077
vn -0.597777 0.261970 0.757651
vn -0.848093 0.283305 0.447747
vn -0.955735 0.294113 0.008280
vn -0.854976 0.283969 -0.434025
vn -0.607840 0.262714 -0.749341
vn -0.310315 0.245434 -0.918404
vn -0.005384 0.239047 -0.970993
vn 0.299577 0.245005 -0.922077
vn 0.597777 0.261970 -0.757651
vn 0.848093 0.283305 -0.447747
vn 0.955735 0.294113 -0.008280
vn 0.834089 0.551411 -0.015523
vn 0.755522 0.537310 0.374812
vn 0.548756 0.505521 0.665819
vn 0.286741 0.478164 0.830144
vn 0.010528 0.467491 0.883935
vn -0.266020 0.476690 0.837854
vn -0.530066 0.503063 0.682611
vn -0.743359 0.535220 0.401195
vn -0.834089 0.551411 0.015523
vn -0.755522 0.537310 -0.374812
vn -0.548756 0.505521 -0.665819
vn -0.286741 0.478164 -0.830144
vn -0.010528 0.467491 -0.883935
vn 0.266020 0.476690 -0.837854
vn 0.530066 0.503063 -0.682611
vn 0.743359 0.535220 -0.401195
vn 0.834089 0.551411 -0.015523
vn 0.660476 0.750550 -0.021129
vn 0.607189 0.739011 0.291864
vn 0.453337 0.710368 0.538390
vn 0.244492 0.683770 0.687519
vn 0.015148 0.672600 0.739851
vn -0.215246 0.681264 0.699678
vn -0.428309 0.706405 0.563510
vn -0.591908 0.735850 0.328892
vn -0.660476 0.750550 0.021129
vn -0.607189 0.739011 -0.291864
vn -0.453337 0.710368 -0.538390
vn -0.244492 0.683770 -0.687519
vn -0.015148 0.672600 -0.739851
vn 0.215246 0.681264 -0.699678
vn 0.428309 0.706405 -0.563510
vn 0.591908 0.735850 -0.328892
vn 0.660476 0.750550 -0.021129
vn 0.460932 0.887084 -0.024973
vn 0.430529 0.881023 0.196068
vn 0.331157 0.863872 0.379553
vn 0.185937 0.846513 0.498842
vn 0.018884 0.838484 0.544599
vn -0.150210 0.843703 0.515365
vn -0.302162 0.859659 0.411927
vn -0.413851 0.877857 0.241027
vn -0.460932 0.887084 0.024973
vn -0.430529 0.881023 -0.196068
vn -0.331157 0.863872 -0.379553
vn -0.185937 0.846513 -0.498842
vn -0.018884 0.838484 -0.544599
vn 0.150210 0.843703 -0.515365
vn 0.302162 0.859659 -0.411927
vn 0.413851 0.877857 -0.241027
vn 0.460932 0.887084 -0.024973
vn 0.260944 0.964972 -0.027165
vn 0.248985 0.963376 0.099561
vn 0.198319 0.957424 0.209782
vn 0.118165 0.950718 0.286658
vn 0.021330 0.947127 0.320148
vn -0.078431 0.948643 0.306472
vn -0.167301 0.954432 0.247124
vn -0.231859 0.961218 0.149338
vn -0.260944 0.964972 0.027165
vn -0.248985 0.963376 -0.099561
vn -0.198319 0.957424 -0.209782
vn -0.118165 0.950718 -0.286658
vn -0.021330 0.947127 -0.320148
vn 0.078431 0.948643 -0.306472
vn 0.167301 0.954432 -0.247124
vn 0.231859 0.961218 -0.149338
vn 0.260944 0.964972 -0.027165
vn 0.000000 1.000000 -0.000000
vn 0.000000 1.000000 -0.000000
vn 0.000000 1.000000 -0.000000
vn 0.000000 1.000000 -0.000000
vn 0.000000 1.000000 -0.000000
vn 0.000000 1.000000 -0.000000
vn 0.000000 1.000000 -0.000000
vn 0.000000 1.000000 -0.000000
vn 0.000000 1.000000 -0.000000
vn 0.000000 1.000000 -0.000000
vn 0.000000 1.000000 -0.000000
vn 0.000000 1.000000 -0.000000
vn 0.000000 1.000000 -0.000000
vn 0.000000 1.000000 -0.000000
vn 0.000000 1.000000 -0.000000
vn 0.000000 1.000000 -0.000000
vn 0.000000 1.000000 -0.000000
vn -0.958088 0.173554 -0.227916
vn -0.603299 0.785036 -0.140533
vn -0.155811 0.987666 0.015478
vn 0.269716 0.942320 0.198207
vn 0.686591 0.598226 0.413182
vn 0.834680 -0.156432 0.528051
vn 0.499848 -0.768759 0.398950
vn 0.065509 -0.974555 0.214361
vn -0.363708 -0.930641 0.040285
vn -0.799650 -0.585424 -0.133563
vn -0.958088 0.173554 -0.227916
vn -0.962183 -0.016757 -0.271888
vn -0.687781 0.694389 -0.211617
vn -0.224526 0.970570 -0.087076
vn 0.222348 0.974175 0.039305
vn 0.681002 0.711046 0.175073
vn 0.962469 0.015055 0.270972
vn 0.687111 -0.695430 0.210369
vn 0.223860 -0.970771 0.086550
vn -0.222652 -0.974108 -0.039234
vn -0.680558 -0.711472 -0.175067
vn -0.962183 -0.016757 -0.271888
vn -0.924516 -0.159438 -0.346192
vn -0.754160 0.593260 -0.281576
vn -0.300612 0.936947 -0.178224
vn 0.155506 0.981913 -0.108002
vn 0.626099 0.776706 -0.068757
vn 0.983990 0.166150 -0.064481
vn 0.807677 -0.581756 -0.096007
vn 0.349706 -0.925745 -0.143879
vn -0.105273 -0.972867 -0.206025
vn -0.569724 -0.770109 -0.286963
vn -0.924516 -0.159438 -0.346192
vn -0.384111 0.051215 0.921866
vn 0.132092 0.033023 -0.990687
vn -0.840765 0.172287 0.513256
vn -0.527232 0.784372 0.326783
vn -0.099251 0.987641 0.121303
vn 0.331012 0.942312 -0.049790
vn 0.778257 0.598225 -0.190902
vn 0.964113 -0.160014 -0.211855
vn 0.630520 -0.773414 -0.065390
vn 0.189776 -0.975759 0.108990
vn -0.236587 -0.928655 0.285702
vn -0.664482 -0.583107 0.467387
vn -0.840765 0.172287 0.513256
vn -0.959460 -0.014991 0.281445
vn -0.691561 0.694429 0.198777
vn -0.233818 0.970251 0.062785
vn 0.211094 0.975092 -0.068078
vn 0.671468 0.712983 -0.201956
vn 0.959204 0.016833 -0.282215
vn 0.692331 -0.693543 -0.199187
vn 0.234242 -0.970143 -0.062869
vn -0.211431 -0.975034 0.067865
vn -0.672501 -0.712164 0.201408
vn -0.959460 -0.014991 0.281445
vn -0.984783 -0.157470 -0.073522
vn -0.804281 0.591116 -0.060943
vn -0.340537 0.936144 -0.087574
vn 0.117143 0.982433 -0.145272
vn 0.579351 0.779761 -0.237330
vn 0.926283 0.171651 -0.335463
vn 0.747409 -0.582157 -0.320115
vn 0.288840 -0.927466 -0.237442
vn -0.167344 -0.971506 -0.167844
vn -0.633259 -0.765426 -0.114480
vn -0.984783 -0.157470 -0.073522
vn 0.384111 0.051215 0.921866
vn -0.132092 0.033023 -0.990687
vn 0.000000 1.000000 0.000000
vn 0.000000 1.000000 0.000000
vn 0.000000 1.000000 0.000000
vn 0.000000 1.000000 0.000000
vn 0.000000 1.000000 0.000000
vn 0.000000 1.000000 0.000000
vn 0.000000 1.000000 0.000000
vn 0.000000 1.000000 0.000000
vn 0.000000 1.000000 0.000000
vn 0.000000 1.000000 0.000000
vn 0.000000 1.000000 0.000000
vn 0.000000 1.000000 0.000000
vn 0.000000 1.000000 0.000000
vn 0.000000 1.000000 0.000000
vn 0.000000 1.000000 0.000000
vn 0.000000 1.000000 0.000000
vn 0.000000 1.000000 0.000000
vn 0.544158 -0.815618 -0.196621
vn 0.638015 -0.754611 0.153295
vn 0.606067 -0.677104 0.417388
vn 0.508308 -0.628770 0.588448
vn 0.371509 -0.620554 0.690575
vn 0.194505 -0.653173 0.731801
vn -0.034967 -0.721899 0.691114
vn -0.309023 -0.797922 0.517518
vn -0.544158 -0.815618 0.196621
vn -0.638015 -0.754611 -0.153295
vn -0.606067 -0.677104 -0.417388
vn -0.508308 -0.628770 -0.588448
vn -0.371509 -0.620554 -0.690575
vn -0.194505 -0.653173 -0.731801
vn 0.034967 -0.721899 -0.691114
vn 0.309023 -0.797922 -0.517518
vn 0.544158 -0.815618 -0.196621
vn 0.431991 -0.873406 -0.224824
vn 0.545666 -0.834242 0.079302
vn 0.548037 -0.767571 0.332401
vn 0.477621 -0.718017 0.506291
vn 0.362266 -0.703252 0.611719
vn 0.208169 -0.726239 0.655167
vn 0.011348 -0.781928 0.623266
vn -0.220127 -0.847215 0.483498
vn -0.431991 -0.873406 0.224824
vn -0.545666 -0.834242 -0.079302
vn -0.548037 -0.767571 -0.332401
vn -0.477621 -0.718017 -0.506291
vn -0.362266 -0.703252 -0.611719
vn -0.208169 -0.726239 -0.655167
vn -0.011348 -0.781928 -0.623266
vn 0.220127 -0.847215 -0.483498
vn 0.431991 -0.873406 -0.224824
vn 0.597888 -0.727754 -0.336011
vn 0.736439 -0.670529 0.089714
vn 0.701867 -0.581096 0.411958
vn 0.591829 -0.522130 0.614099
vn 0.447211 -0.504421 0.738621
vn 0.266217 -0.527475 0.806783
vn 0.027206 -0.591637 0.805745
vn -0.286243 -0.681963 0.673046
vn -0.597888 -0.727754 0.336011
vn -0.736439 -0.670529 -0.089714
vn -0.701867 -0.581096 -0.411958
vn -0.591829 -0.522130 -0.614099
vn -0.447211 -0.504421 -0.738621
vn -0.266217 -0.527475 -0.806783
vn -0.027206 -0.591637 -0.805745
vn 0.286243 -0.681963 -0.673046
vn 0.597888 -0.727754 -0.336011
vn 0.733419 -0.525558 -0.431145
vn 0.878732 -0.467883 0.094419
vn 0.799856 -0.385515 0.460010
vn 0.657869 -0.336406 0.673825
vn 0.495140 -0.321798 0.807020
vn 0.300733 -0.338852 0.891481
vn 0.039558 -0.390771 0.919638
vn -0.332390 -0.474533 0.815068
vn -0.733419 -0.525558 0.431145
vn -0.878732 -0.467883 -0.094419
vn -0.799856 -0.385515 -0.460010
vn -0.657869 -0.336406 -0.673825
vn -0.495140 -0.321798 -0.807020
vn -0.300733 -0.338852 -0.891481
vn -0.039558 -0.390771 -0.919638
vn 0.332390 -0.474533 -0.815068
vn 0.733419 -0.525558 -0.431145
vn 0.821354 -0.276434 -0.498960
vn 0.966170 -0.240401 0.093396
vn 0.854016 -0.191704 0.483638
vn 0.692492 -0.164388 0.702446
vn 0.520212 -0.156271 0.839618
vn 0.319842 -0.164998 0.932994
vn 0.048830 -0.193079 0.979967
vn -0.356492 -0.242321 0.902327
vn -0.821354 -0.276434 0.498960
vn -0.966170 -0.240401 -0.093396
vn -0.854016 -0.191704 -0.483638
vn -0.692492 -0.164388 -0.702446
vn -0.520212 -0.156271 -0.839618
vn -0.319842 -0.164998 -0.932994
vn -0.048830 -0.193079 -0.979967
vn 0.356492 -0.242321 -0.902327
vn 0.821354 -0.276434 -0.498960
vn 0.848048 -0.000000 -0.529919
vn 0.996219 0.000000 0.086877
vn 0.873014 0.000000 0.487695
vn 0.705054 -0.000000 0.709153
vn 0.529919 0.000000 0.848048
vn 0.328307 0.000000 0.944571
vn 0.055633 0.000000 0.998451
vn -0.358629 -0.000000 0.933480
vn -0.848048 -0.000000 0.529919
vn -0.996219 0.000000 -0.086877
vn -0.873014 -0.000000 -0.487695
vn -0.705054 -0.000000 -0.709153
vn -0.529919 -0.000000 -0.848048
vn -0.328307 -0.000000 -0.944571
vn -0.055633 -0.000000 -0.998451
vn 0.358629 0.000000 -0.933480
vn 0.848048 -0.000000 -0.529919
vn 0.808521 0.276434 -0.519498
vn 0.967282 0.242321 0.075141
vn 0.859383 0.193079 0.473478
vn 0.698360 0.164998 0.696469
vn 0.526598 0.156271 0.835628
vn 0.327786 0.164388 0.930340
vn 0.060315 0.191704 0.979598
vn -0.339597 0.240401 0.909330
vn -0.808521 0.276434 0.519498
vn -0.967282 0.242321 -0.075141
vn -0.859383 0.193079 -0.473478
vn -0.698360 0.164998 -0.696469
vn -0.526598 0.156271 -0.835628
vn -0.327786 0.164388 -0.930340
vn -0.060315 0.191704 -0.979598
vn 0.339597 0.240401 -0.909330
vn 0.808521 0.276434 -0.519498
vn 0.709020 0.525558 -0.470191
vn 0.878288 0.474533 0.058552
vn 0.809224 0.390771 0.438697
vn 0.669425 0.338852 0.661097
vn 0.508290 0.321798 0.798804
vn 0.317239 0.336406 0.886674
vn 0.062820 0.385515 0.920561
vn -0.300347 0.467883 0.831190
vn -0.709020 0.525558 0.470191
vn -0.878288 0.474533 -0.058552
vn -0.809224 0.390771 -0.438697
vn -0.669425 0.338852 -0.661097
vn -0.508290 0.321798 -0.798804
vn -0.317239 0.336406 -0.886674
vn -0.062820 0.385515 -0.920561
vn 0.300347 0.467883 -0.831190
vn 0.709020 0.525558 -0.470191
vn 0.564102 0.727754 -0.390081
vn 0.730411 0.681963 0.037770
vn 0.712273 0.591637 0.377668
vn 0.608430 0.527475 0.592945
vn 0.467824 0.504421 0.725741
vn 0.292508 0.522130 0.801136
vn 0.062587 0.581096 0.811425
vn -0.242199 0.670529 0.701235
vn -0.564102 0.727754 0.390081
vn -0.730411 0.681963 -0.037770
vn -0.712273 0.591637 -0.377668
vn -0.608430 0.527475 -0.592945
vn -0.467824 0.504421 -0.725741
vn -0.292508 0.522130 -0.801136
vn -0.062587 0.581096 -0.811425
vn 0.242199 0.670529 -0.701235
vn 0.564102 0.727754 -0.390081
vn 0.391442 0.873406 -0.289714
vn 0.531062 0.847215 0.014103
vn 0.555213 0.781928 0.283421
vn 0.497604 0.726239 0.474307
vn 0.391003 0.703252 0.593762
vn 0.245676 0.718017 0.651226
vn 0.058516 0.767571 0.638288
vn -0.167928 0.834242 0.525205
vn -0.391442 0.873406 0.289714
vn -0.531062 0.847215 -0.014103
vn -0.555213 0.781928 -0.283421
vn -0.497604 0.726239 -0.474307
vn -0.391003 0.703252 -0.593762
vn -0.245676 0.718017 -0.651226
vn -0.058516 0.767571 -0.638288
vn 0.167928 0.834242 -0.525205
vn 0.391442 0.873406 -0.289714
vn 0.213176 0.959764 -0.182782
vn 0.304490 0.952467 -0.009657
vn 0.341442 0.926346 0.159063
vn 0.324817 0.898825 0.294291
vn 0.264703 0.884844 0.383385
vn 0.170461 0.890686 0.421453
vn 0.049781 0.913830 0.403035
vn -0.085535 0.942797 0.322207
vn -0.213176 0.959764 0.182782
vn -0.304490 0.952467 0.009657
vn -0.341442 0.926346 -0.159063
vn -0.324817 0.898825 -0.294291
vn -0.264703 0.884844 -0.383385
vn -0.170461 0.890686 -0.421453
vn -0.049781 0.913830 -0.403035
vn 0.085535 0.942797 -0.322207
vn 0.213176 0.959764 -0.182782
vn -0.000000 1.000000 -0.000000
vn -0.000000 1.000000 -0.000000
vn -0.000000 1.000000 -0.000000
vn -0.000000 1.000000 -0.000000
vn -0.000000 1.000000 -0.000000
vn -0.000000 1.000000 -0.000000
vn -0.000000 1.000000 -0.000000
vn -0.000000 1.000000 -0.000000
vn -0.000000 1.000000 -0.000000
vn -0.000000 1.000000 -0.000000
vn -0.000000 1.000000 -0.000000
vn -0.000000 1.000000 -0.000000
vn -0.000000 1.000000 -0.000000
vn -0.000000 1.000000 -0.000000
vn -0.000000 1.000000 -0.000000
vn -0.000000 1.000000 -0.000000
vn -0.000000 1.000000 -0.000000
vn 0.000000 1.000000 -0.000000
vn 0.000000 1.000000 -0.000000
vn 0.000000 1.000000 -0.000000
vn 0.000000 1.000000 -0.000000
vn 0.000000 1.000000 -0.000000
vn 0.000000 1.000000 -0.000000
vn 0.000000 1.000000 -0.000000
vn 0.000000 1.000000 -0.000000
vn 0.000000 1.000000 -0.000000
vn 0.000000 1.000000 -0.000000
vn 0.000000 1.000000 -0.000000
vn 0.000000 1.000000 -0.000000
vn 0.000000 1.000000 -0.000000
vn 0.787646 -0.565179 -0.245329
vn 0.820472 -0.472578 0.321708
vn 0.647701 -0.401425 0.647566
vn 0.412441 -0.389644 0.823450
vn 0.096060 -0.436871 0.894380
vn -0.361629 -0.533644 0.764492
vn -0.787646 -0.565179 0.245329
vn -0.820472 -0.472578 -0.321708
vn -0.647701 -0.401425 -0.647566
vn -0.412441 -0.389644 -0.823450
vn -0.096060 -0.436871 -0.894380
vn 0.361629 -0.533644 -0.764492
vn 0.787646 -0.565179 -0.245329
vn 0.646264 -0.687181 -0.331851
vn 0.765582 -0.609022 0.207306
vn 0.644749 -0.521284 0.559073
vn 0.437949 -0.494737 0.750624
vn 0.158266 -0.533978 0.830554
vn -0.234097 -0.629542 0.740862
vn -0.646264 -0.687181 0.331851
vn -0.765582 -0.609022 -0.207306
vn -0.644749 -0.521284 -0.559073
vn -0.437949 -0.494737 -0.750624
vn -0.158266 -0.533978 -0.830554
vn 0.234097 -0.629542 -0.740862
vn 0.646264 -0.687181 -0.331851
vn 0.804052 -0.372495 -0.463409
vn 0.924084 -0.313646 0.218391
vn 0.743767 -0.252593 0.618876
vn 0.504543 -0.234257 0.830999
vn 0.201170 -0.255952 0.945526
vn -0.253704 -0.320146 0.912765
vn -0.804052 -0.372495 0.463409
vn -0.924084 -0.313646 -0.218391
vn -0.743767 -0.252593 -0.618876
vn -0.504543 -0.234257 -0.830999
vn -0.201170 -0.255952 -0.945526
vn 0.253704 -0.320146 -0.912765
vn 0.804052 -0.372495 -0.463409
vn 0.848048 -0.000000 -0.529919
vn 0.978517 0.000000 0.206168
vn 0.778316 0.000000 0.627873
vn 0.529919 -0.000000 0.848048
vn 0.223138 0.000000 0.974787
vn -0.243651 -0.000000 0.969863
vn -0.848048 0.000000 0.529919
vn -0.978517 0.000000 -0.206168
vn -0.778316 0.000000 -0.627873
vn -0.529919 -0.000000 -0.848048
vn -0.223138 -0.000000 -0.974787
vn 0.243651 0.000000 -0.969863
vn 0.848048 -0.000000 -0.529919
vn 0.768983 0.372495 -0.519532
vn 0.931605 0.320146 0.172102
vn 0.761646 0.255952 0.595302
vn 0.525720 0.234257 0.817767
vn 0.230196 0.252593 0.939791
vn -0.208804 0.313646 0.926298
vn -0.768983 0.372495 0.519532
vn -0.931605 0.320146 -0.172102
vn -0.761646 0.255952 -0.595302
vn -0.525720 0.234257 -0.817767
vn -0.230196 0.252593 -0.939791
vn 0.208804 0.313646 -0.926298
vn 0.768983 0.372495 -0.519532
vn 0.581569 0.687181 -0.435385
vn 0.768503 0.629542 0.114367
vn 0.677118 0.533978 0.506339
vn 0.482672 0.494737 0.722677
vn 0.219852 0.521284 0.824578
vn -0.149284 0.609022 0.778978
vn -0.581569 0.687181 0.435385
vn -0.768503 0.629542 -0.114367
vn -0.677118 0.533978 -0.506339
vn -0.482672 0.494737 -0.722677
vn -0.219852 0.521284 -0.824578
vn 0.149284 0.609022 -0.778978
vn 0.581569 0.687181 -0.435385
vn 0.329720 0.895211 -0.299803
vn 0.486861 0.872710 0.036660
vn 0.484408 0.810115 0.330246
vn 0.369816 0.773988 0.513983
vn 0.181309 0.789555 0.586284
vn -0.067830 0.847161 0.526988
vn -0.329720 0.895211 0.299803
vn -0.486861 0.872710 -0.036660
vn -0.484408 0.810115 -0.330246
vn -0.369816 0.773988 -0.513983
vn -0.181309 0.789555 -0.586284
vn 0.067830 0.847161 -0.526988
vn 0.329720 0.895211 -0.299803
vn -0.000000 1.000000 0.000000
vn -0.000000 1.000000 0.000000
vn -0.000000 1.000000 0.000000
vn -0.000000 1.000000 0.000000
vn -0.000000 1.000000 0.000000
vn -0.000000 1.000000 0.000000
vn -0.000000 1.000000 0.000000
vn -0.000000 1.000000 0.000000
vn -0.000000 1.000000 0.000000
vn -0.000000 1.000000 0.000000
vn -0.000000 1.000000 0.000000
vn -0.000000 1.000000 0.000000
vn -0.000000 1.000000 0.000000
vn -0.000000 1.000000 0.000000
vn -0.000000 1.000000 0.000000
vn -0.000000 1.000000 0.000000
vn -0.000000 1.000000 0.000000
vn -0.000000 1.000000 0.000000
vn -0.000000 1.000000 0.000000
vn -0.000000 1.000000 0.000000
vn -0.000000 1.000000 0.000000
vn -0.000000 1.000000 0.000000
vn -0.000000 1.000000 0.000000
vn -0.000000 1.000000 0.000000
vn -0.000000 1.000000 0.000000
vn -0.000000 1.000000 0.000000
vn -0.000000 1.000000 0.000000
vn -0.000000 1.000000 0.000000
vn -0.000000 1.000000 0.000000
vn -0.000000 1.000000 0.000000
vn 0.415265 -0.815618 0.402893
vn 0.141907 -0.754611 0.640644
vn -0.109463 -0.677104 0.727701
vn -0.306066 -0.628770 0.714823
vn -0.457826 -0.620554 0.636638
vn -0.572473 -0.653173 0.495621
vn -0.636498 -0.721899 0.271537
vn -0.600609 -0.797922 -0.050883
vn -0.415265 -0.815618 -0.402893
vn -0.141907 -0.754611 -0.640644
vn 0.109463 -0.677104 -0.727701
vn 0.306066 -0.628770 -0.714823
vn 0.457826 -0.620554 -0.636638
vn 0.572473 -0.653173 -0.495621
vn 0.636498 -0.721899 -0.271537
vn 0.600609 -0.797922 0.050883
vn 0.415265 -0.815618 0.402893
vn 0.391442 -0.873406 0.289714
vn 0.167928 -0.834242 0.525205
vn -0.058516 -0.767571 0.638288
vn -0.245676 -0.718017 0.651226
vn -0.391003 -0.703252 0.593762
vn -0.497604 -0.726239 0.474307
vn -0.555213 -0.781928 0.283421
vn -0.531062 -0.847215 0.014103
vn -0.391442 -0.873406 -0.289714
vn -0.167928 -0.834242 -0.525205
vn 0.058516 -0.767571 -0.638288
vn 0.245676 -0.718017 -0.651226
vn 0.391003 -0.703252 -0.593762
vn 0.497604 -0.726239 -0.474307
vn 0.555213 -0.781928 -0.283421
vn 0.531062 -0.847215 -0.014103
vn 0.391442 -0.873406 0.289714
vn 0.564102 -0.727754 0.390081
vn 0.242199 -0.670529 0.701235
vn -0.062587 -0.581096 0.811425
vn -0.292508 -0.522130 0.801136
vn -0.467824 -0.504421 0.725741
vn -0.608430 -0.527475 0.592945
vn -0.712273 -0.591637 0.377668
vn -0.730411 -0.681963 0.037770
vn -0.564102 -0.727754 -0.390081
vn -0.242199 -0.670529 -0.701235
vn 0.062587 -0.581096 -0.811425
vn 0.292508 -0.522130 -0.801136
vn 0.467824 -0.504421 -0.725741
vn 0.608430 -0.527475 -0.592945
vn 0.712273 -0.591637 -0.377668
vn 0.730411 -0.681963 -0.037770
vn 0.564102 -0.727754 0.390081
vn 0.709020 -0.525558 0.470191
vn 0.300347 -0.467883 0.831190
vn -0.062820 -0.385515 0.920561
vn -0.317239 -0.336406 0.886674
vn -0.508290 -0.321798 0.798804
vn -0.669425 -0.338852 0.661097
vn -0.809224 -0.390771 0.438697
vn -0.878288 -0.474533 0.058552
vn -0.709020 -0.525558 -0.470191
vn -0.300347 -0.467883 -0.831190
vn 0.062820 -0.385515 -0.920561
vn 0.317239 -0.336406 -0.886674
vn 0.508290 -0.321798 -0.798804
vn 0.669425 -0.338852 -0.661097
vn 0.809224 -0.390771 -0.438697
vn 0.878288 -0.474533 -0.058552
vn 0.709020 -0.525558 0.470191
vn 0.808521 -0.276434 0.519498
vn 0.339597 -0.240401 0.909330
vn -0.060315 -0.191704 0.979598
vn -0.327786 -0.164388 0.930340
vn -0.526598 -0.156271 0.835628
vn -0.698360 -0.164998 0.696469
vn -0.859383 -0.193079 0.473478
vn -0.967282 -0.242321 0.075141
vn -0.808521 -0.276434 -0.519498
vn -0.339597 -0.240401 -0.909330
vn 0.060315 -0.191704 -0.979598
vn 0.327786 -0.164388 -0.930340
vn 0.526598 -0.156271 -0.835628
vn 0.698360 -0.164998 -0.696469
vn 0.859383 -0.193079 -0.473478
vn 0.967282 -0.242321 -0.075141
vn 0.808521 -0.276434 0.519498
vn 0.848048 -0.000000 0.529919
vn 0.358629 0.000000 0.933480
vn -0.055633 0.000000 0.998451
vn -0.328307 -0.000000 0.944571
vn -0.529919 0.000000 0.848048
vn -0.705054 0.000000 0.709153
vn -0.873014 0.000000 0.487695
vn -0.996219 -0.000000 0.086877
vn -0.848048 -0.000000 -0.529919
vn -0.358629 0.000000 -0.933480
vn 0.055633 -0.000000 -0.998451
vn 0.328307 -0.000000 -0.944571
vn 0.529919 -0.000000 -0.848048
vn 0.705054 -0.000000 -0.709153
vn 0.873014 -0.000000 -0.487695
vn 0.996219 0.000000 -0.086877
vn 0.848048 -0.000000 0.529919
vn 0.821354 0.276434 0.498960
vn 0.356492 0.242321 0.902327
vn -0.048830 0.193079 0.979967
vn -0.319842 0.164998 0.932994
vn -0.520212 0.156271 0.839618
vn -0.692492 0.164388 0.702446
vn -0.854016 0.191704 0.483638
vn -0.966170 0.240401 0.093396
vn -0.821354 0.276434 -0.498960
vn -0.356492 0.242321 -0.902327
vn 0.048830 0.193079 -0.979967
vn 0.319842 0.164998 -0.932994
vn 0.520212 0.156271 -0.839618
vn 0.692492 0.164388 -0.702446
vn 0.854016 0.191704 -0.483638
vn 0.966170 0.240401 -0.093396
vn 0.821354 0.276434 0.498960
vn 0.733419 0.525558 0.431145
vn 0.332390 0.474533 0.815068
vn -0.039558 0.390771 0.919638
vn -0.300733 0.338852 0.891481
vn -0.495140 0.321798 0.807020
vn -0.657869 0.336406 0.673825
vn -0.799856 0.385515 0.460010
vn -0.878732 0.467883 0.094419
vn -0.733419 0.525558 -0.431145
vn -0.332390 0.474533 -0.815068
vn 0.039558 0.390771 -0.919638
vn 0.300733 0.338852 -0.891481
vn 0.495140 0.321798 -0.807020
vn 0.657869 0.336406 -0.673825
vn 0.799856 0.385515 -0.460010
vn 0.878732 0.467883 -0.094419
vn 0.733419 0.525558 0.431145
vn 0.597888 0.727754 0.336011
vn 0.286243 0.681963 0.673046
vn -0.027206 0.591637 0.805745
vn -0.266217 0.527475 0.806783
vn -0.447211 0.504421 0.738621
vn -0.591829 0.522130 0.614099
vn -0.701867 0.581096 0.411958
vn -0.736439 0.670529 0.089714
vn -0.597888 0.727754 -0.336011
vn -0.286243 0.681963 -0.673046
vn 0.027206 0.591637 -0.805745
vn 0.266217 0.527475 -0.806783
vn 0.447211 0.504421 -0.738621
vn 0.591829 0.522130 -0.614099
vn 0.701867 0.581096 -0.411958
vn 0.736439 0.670529 -0.089714
vn 0.597888 0.727754 0.336011
vn 0.431991 0.873406 0.224824
vn 0.220127 0.847215 0.483498
vn -0.011348 0.781928 0.623266
vn -0.208169 0.726239 0.655167
vn -0.362266 0.703252 0.611719
vn -0.477621 0.718017 0.506291
vn -0.548037 0.767571 0.332401
vn -0.545666 0.834242 0.079302
vn -0.431991 0.873406 -0.224824
vn -0.220127 0.847215 -0.483498
vn 0.011348 0.781928 -0.623266
vn 0.208169 0.726239 -0.655167
vn 0.362266 0.703252 -0.611719
vn 0.477621 0.718017 -0.506291
vn 0.548037 0.767571 -0.332401
vn 0.545666 0.834242 -0.079302
vn 0.431991 0.873406 0.224824
vn 0.257733 0.959764 0.111475
vn 0.142159 0.952467 0.269441
vn 0.006713 0.926346 0.376614
vn -0.122117 0.898825 0.420952
vn -0.228546 0.884844 0.405978
vn -0.304074 0.890686 0.337962
vn -0.340423 0.913830 0.221422
vn -0.327094 0.942797 0.064368
vn -0.257733 0.959764 -0.111475
vn -0.142159 0.952467 -0.269441
vn -0.006713 0.926346 -0.376614
vn 0.122117 0.898825 -0.420952
vn 0.228546 0.884844 -0.405978
vn 0.304074 0.890686 -0.337962
vn 0.340423 0.913830 -0.221422
vn 0.327094 0.942797 -0.064368
vn 0.257733 0.959764 0.111475
vn -0.000000 1.000000 -0.000000
vn -0.000000 1.000000 -0.000000
vn -0.000000 1.000000 -0.000000
vn -0.000000 1.000000 -0.000000
vn -0.000000 1.000000 -0.000000
vn -0.000000 1.000000 -0.000000
vn -0.000000 1.000000 -0.000000
vn -0.000000 1.000000 -0.000000
vn -0.000000 1.000000 -0.000000
vn -0.000000 1.000000 -0.000000
vn -0.000000 1.000000 -0.000000
vn -0.000000 1.000000 -0.000000
vn -0.000000 1.000000 -0.000000
vn -0.000000 1.000000 -0.000000
vn -0.000000 1.000000 -0.000000
vn -0.000000 1.000000 -0.000000
vn -0.000000 1.000000 -0.000000
vn 0.000000 1.000000 0.000000
vn 0.000000 1.000000 0.000000
vn 0.000000 1.000000 0.000000
vn 0.000000 1.000000 0.000000
vn 0.000000 1.000000 0.000000
vn 0.000000 1.000000 0.000000
vn 0.000000 1.000000 0.000000
vn 0.000000 1.000000 0.000000
vn 0.000000 1.000000 0.000000
vn 0.000000 1.000000 0.000000
vn 0.000000 1.000000 0.000000
vn 0.000000 1.000000 0.000000
vn 0.000000 1.000000 0.000000
vn 0.565781 -0.565179 0.600386
vn 0.070522 -0.472578 0.878463
vn -0.298095 -0.401425 0.866024
vn -0.559310 -0.389644 0.731676
vn -0.761754 -0.436871 0.478409
vn -0.845649 -0.533644 0.010102
vn -0.565781 -0.565179 -0.600386
vn -0.070522 -0.472578 -0.878463
vn 0.298095 -0.401425 -0.866024
vn 0.559310 -0.389644 -0.731676
vn 0.761754 -0.436871 -0.478409
vn 0.845649 -0.533644 -0.010102
vn 0.565781 -0.565179 0.600386
vn 0.581569 -0.687181 0.435385
vn 0.149284 -0.609022 0.778978
vn -0.219852 -0.521284 0.824578
vn -0.482672 -0.494737 0.722677
vn -0.677118 -0.533978 0.506339
vn -0.768503 -0.629542 0.114367
vn -0.581569 -0.687181 -0.435385
vn -0.149284 -0.609022 -0.778978
vn 0.219852 -0.521284 -0.824578
vn 0.482672 -0.494737 -0.722677
vn 0.677118 -0.533978 -0.506339
vn 0.768503 -0.629542 -0.114367
vn 0.581569 -0.687181 0.435385
vn 0.768983 -0.372495 0.519532
vn 0.208804 -0.313646 0.926298
vn -0.230196 -0.252593 0.939791
vn -0.525720 -0.234257 0.817767
vn -0.761646 -0.255952 0.595302
vn -0.931605 -0.320146 0.172102
vn -0.768983 -0.372495 -0.519532
vn -0.208804 -0.313646 -0.926298
vn 0.230196 -0.252593 -0.939791
vn 0.525720 -0.234257 -0.817767
vn 0.761646 -0.255952 -0.595302
vn 0.931605 -0.320146 -0.172102
vn 0.768983 -0.372495 0.519532
vn 0.848048 -0.000000 0.529919
vn 0.243651 0.000000 0.969863
vn -0.223138 0.000000 0.974787
vn -0.529919 -0.000000 0.848048
vn -0.778316 0.000000 0.627873
vn -0.978517 -0.000000 0.206168
vn -0.848048 0.000000 -0.529919
vn -0.243651 0.000000 -0.969863
vn 0.223138 0.000000 -0.974787
vn 0.529919 -0.000000 -0.848048
vn 0.778316 -0.000000 -0.627873
vn 0.978517 0.000000 -0.206168
vn 0.848048 -0.000000 0.529919
vn 0.804052 0.372495 0.463409
vn 0.253704 0.320146 0.912765
vn -0.201170 0.255952 0.945526
vn -0.504543 0.234257 0.830999
vn -0.743767 0.252593 0.618876
vn -0.924084 0.313646 0.218391
vn -0.804052 0.372495 -0.463409
vn -0.253704 0.320146 -0.912765
vn 0.201170 0.255952 -0.945526
vn 0.504543 0.234257 -0.830999
vn 0.743767 0.252593 -0.618876
vn 0.924084 0.313646 -0.218391
vn 0.804052 0.372495 0.463409
vn 0.646264 0.687181 0.331851
vn 0.234097 0.629542 0.740862
vn -0.158266 0.533978 0.830554
vn -0.437949 0.494737 0.750624
vn -0.644749 0.521284 0.559073
vn -0.765582 0.609022 0.207306
vn -0.646264 0.687181 -0.331851
vn -0.234097 0.629542 -0.740862
vn 0.158266 0.533978 -0.830554
vn 0.437949 0.494737 -0.750624
vn 0.644749 0.521284 -0.559073
vn 0.765582 0.609022 -0.207306
vn 0.646264 0.687181 0.331851
vn 0.414001 0.895211 0.164926
vn 0.180477 0.872710 0.453659
vn -0.084473 0.810115 0.580153
vn -0.299848 0.773988 0.557704
vn -0.447468 0.789555 0.419969
vn -0.503389 0.847161 0.170051
vn -0.414001 0.895211 -0.164926
vn -0.180477 0.872710 -0.453659
vn 0.084473 0.810115 -0.580153
vn 0.299848 0.773988 -0.557704
vn 0.447468 0.789555 -0.419969
vn 0.503389 0.847161 -0.170051
vn 0.414001 0.895211 0.164926
vn -0.000000 1.000000 -0.000000
vn -0.000000 1.000000 -0.000000
vn -0.000000 1.000000 -0.000000
vn -0.000000 1.000000 -0.000000
vn -0.000000 1.000000 -0.000000
vn -0.000000 1.000000 -0.000000
vn -0.000000 1.000000 -0.000000
vn -0.000000 1.000000 -0.000000
vn -0.000000 1.000000 -0.000000
vn -0.000000 1.000000 -0.000000
vn -0.000000 1.000000 -0.000000
vn -0.000000 1.000000 -0.000000
vn -0.000000 1.000000 -0.000000
vn 0.546044 0.554645 -0.627857
vn 0.669803 0.739860 -0.063026
vn 0.597480 0.747617 0.289977
vn 0.477663 0.722434 0.499926
vn 0.314872 0.702433 0.638313
vn 0.059631 0.698094 0.713519
vn -0.378244 0.672124 0.636538
vn -0.864702 0.457519 0.207285
vn -0.948652 0.138719 -0.284281
vn -0.825611 -0.058832 -0.561165
vn -0.670649 -0.158888 -0.724559
vn -0.496136 -0.184319 -0.848455
vn -0.265584 -0.111791 -0.957584
vn 0.102419 0.141046 -0.984691
vn 0.546044 0.554645 -0.627857
vn 0.858587 -0.152411 -0.489489
vn 0.951889 0.264420 0.154883
vn 0.764375 0.395306 0.509376
vn 0.590094 0.400478 0.701004
vn 0.418822 0.355688 0.835508
vn 0.198440 0.276566 0.940283
vn -0.174933 0.133024 0.975553
vn -0.757502 -0.164251 0.631832
vn -0.908608 -0.408435 -0.087244
vn -0.737215 -0.489021 -0.466232
vn -0.550925 -0.535655 -0.639965
vn -0.357154 -0.569022 -0.740713
vn -0.111772 -0.575022 -0.810467
vn 0.284782 -0.497522 -0.819372
vn 0.858587 -0.152411 -0.489489
vn 0.890359 -0.356118 -0.283622
vn 0.932958 0.092662 0.347855
vn 0.689965 0.290621 0.662939
vn 0.479150 0.327796 0.814227
vn 0.286959 0.292536 0.912183
vn 0.061287 0.204211 0.977007
vn -0.281018 0.034172 0.959094
vn -0.762045 -0.282992 0.582411
vn -0.846475 -0.510807 -0.150185
vn -0.634812 -0.557841 -0.534629
vn -0.426705 -0.586035 -0.688830
vn -0.221930 -0.618765 -0.753576
vn 0.024643 -0.642429 -0.765949
vn 0.393943 -0.612650 -0.685178
vn 0.890359 -0.356118 -0.283622
vn 0.795507 -0.583333 -0.163983
vn 0.879825 -0.215540 0.423617
vn 0.660314 0.059922 0.748595
vn 0.431290 0.166185 0.886776
vn 0.222230 0.173803 0.959378
vn -0.004535 0.106480 0.994304
vn -0.303076 -0.058930 0.951143
vn -0.674300 -0.366224 0.641248
vn -0.781446 -0.623894 -0.009904
vn -0.587418 -0.670342 -0.453411
vn -0.368303 -0.671476 -0.643019
vn -0.156053 -0.684920 -0.711711
vn 0.084967 -0.709420 -0.699646
vn 0.407557 -0.715822 -0.567007
vn 0.795507 -0.583333 -0.163983
vn -0.303336 0.884730 -0.353892
vn 0.082533 -0.894110 0.440177
vn 0.741268 0.550192 0.384460
vn 0.222119 0.689124 0.689762
vn -0.148393 0.703311 0.695222
vn -0.367207 0.715514 0.594306
vn -0.515269 0.738385 0.435069
vn -0.626599 0.755907 0.189681
vn -0.665642 0.709242 -0.232157
vn -0.426585 0.426572 -0.797535
vn 0.030474 0.041089 -0.998691
vn 0.347269 -0.135789 -0.927882
vn 0.556187 -0.167754 -0.813950
vn 0.723620 -0.117703 -0.680088
vn 0.872983 0.005451 -0.487720
vn 0.960806 0.236210 -0.145111
vn 0.741268 0.550192 0.384460
vn 0.787550 -0.183220 0.588384
vn 0.224168 0.117133 0.967486
vn -0.168483 0.272579 0.947267
vn -0.402729 0.356252 0.843145
vn -0.582432 0.401176 0.706987
vn -0.761142 0.394450 0.514852
vn -0.949058 0.266671 0.167854
vn -0.879620 -0.128773 -0.457915
vn -0.324903 -0.479122 -0.815402
vn 0.087356 -0.564801 -0.820591
vn 0.344703 -0.561155 -0.752519
vn 0.545450 -0.529157 -0.649983
vn 0.734671 -0.484555 -0.474831
vn 0.906416 -0.408939 -0.105730
vn 0.787550 -0.183220 0.588384
vn 0.834803 -0.343084 0.430577
vn 0.391764 -0.023423 0.919767
vn 0.006787 0.165696 0.986153
vn -0.243535 0.262370 0.933731
vn -0.444995 0.307144 0.841215
vn -0.652771 0.290199 0.699767
vn -0.893010 0.144785 0.426110
vn -0.957175 -0.246917 -0.151155
vn -0.509923 -0.572076 -0.642423
vn -0.099125 -0.639043 -0.762757
vn 0.171445 -0.628702 -0.758512
vn 0.386813 -0.600467 -0.699867
vn 0.597233 -0.570030 -0.564250
vn 0.816139 -0.524836 -0.241792
vn 0.834803 -0.343084 0.430577
vn 0.795388 -0.549733 0.255250
vn 0.536243 -0.233952 0.810993
vn 0.175207 0.018959 0.984349
vn -0.094245 0.141028 0.985510
vn -0.313617 0.177187 0.932871
vn -0.530557 0.132423 0.837242
vn -0.767332 -0.035443 0.640270
vn -0.905065 -0.378614 0.193670
vn -0.647879 -0.666716 -0.368432
vn -0.265737 -0.720373 -0.640662
vn 0.021575 -0.700248 -0.713574
vn 0.249162 -0.678533 -0.691022
vn 0.462867 -0.670832 -0.579430
vn 0.682515 -0.663459 -0.306587
vn 0.795388 -0.549733 0.255250
vn 0.303336 0.884730 -0.353892
vn -0.082533 -0.894110 0.440177
vn -0.993814 0.102196 -0.043464
vn -0.834815 0.519162 0.183181
vn -0.448007 0.823508 0.348029
vn 0.077205 0.914545 0.397047
vn 0.577198 0.755238 0.310578
vn 0.904455 0.408599 0.122503
vn 0.993583 -0.021141 -0.111109
vn 0.833669 -0.436974 -0.337712
vn 0.447274 -0.739558 -0.502990
vn -0.076525 -0.830007 -0.552479
vn -0.575594 -0.671961 -0.466004
vn -0.903348 -0.327040 -0.277502
vn -0.993814 0.102196 -0.043464
vn -0.995889 0.014680 -0.089386
vn -0.883697 0.455144 0.109196
vn -0.536772 0.800783 0.265748
vn -0.025495 0.942608 0.332926
vn 0.494335 0.821630 0.283825
vn 0.861268 0.488936 0.138418
vn 0.996949 0.053037 -0.057264
vn 0.885487 -0.386024 -0.258645
vn 0.539111 -0.730241 -0.419652
vn 0.027717 -0.872123 -0.488501
vn -0.492887 -0.752732 -0.436413
vn -0.860428 -0.421376 -0.286542
vn -0.995889 0.014680 -0.089386
vn -0.996139 -0.010997 -0.087096
vn -0.887166 0.460219 0.033686
vn -0.543241 0.829590 0.129114
vn -0.036782 0.984428 0.171895
vn 0.481755 0.863961 0.146570
vn 0.854337 0.515895 0.062930
vn 0.997246 0.051287 -0.053567
vn 0.890202 -0.420111 -0.176201
vn 0.546807 -0.790319 -0.276401
vn 0.038545 -0.945896 -0.322172
vn -0.482196 -0.824986 -0.294761
vn -0.854899 -0.476017 -0.206291
vn -0.996139 -0.010997 -0.087096
vn -0.994085 -0.047106 -0.097861
vn -0.894908 0.438237 -0.084194
vn -0.560275 0.825262 -0.070958
vn -0.056954 0.996496 -0.061254
vn 0.465260 0.883249 -0.058355
vn 0.844390 0.531951 -0.063519
vn 0.995528 0.057085 -0.075264
vn 0.898234 -0.430082 -0.090586
vn 0.562965 -0.819717 -0.105521
vn 0.056942 -0.991702 -0.115255
vn -0.467209 -0.876455 -0.116368
vn -0.845521 -0.522589 -0.109523
vn -0.994085 -0.047106 -0.097861
vn -0.981227 -0.149979 -0.121242
vn -0.919246 0.342607 -0.193925
vn -0.617405 0.743773 -0.256151
vn -0.145571 0.946316 -0.288607
vn 0.368890 0.886595 -0.279051
vn 0.778915 0.583041 -0.230988
vn 0.978830 0.125942 -0.161342
vn 0.925576 -0.367681 -0.090108
vn 0.627763 -0.777653 -0.034195
vn 0.150648 -0.988565 -0.006642
vn -0.373349 -0.927574 -0.014729
vn -0.786800 -0.614622 -0.056440
vn -0.981227 -0.149979 -0.121242
vn 0.000000 -0.148340 -0.988936
vn 0.419011 -0.412996 -0.808618
vn 0.405227 -0.335203 -0.850547
vn 0.371363 -0.262090 -0.890729
vn 0.318918 -0.197164 -0.927048
vn 0.250302 -0.143611 -0.957457
vn 0.168813 -0.104145 -0.980131
vn 0.078532 -0.080832 -0.993629
vn -0.015870 -0.074923 -0.997063
vn -0.109438 -0.086739 -0.990202
vn -0.197273 -0.115638 -0.973505
vn -0.274874 -0.160083 -0.948060
vn -0.338404 -0.217770 -0.915456
vn -0.384855 -0.285809 -0.877610
vn -0.412122 -0.360890 -0.836609
vn -0.419011 -0.439431 -0.794563
vn -0.405227 -0.517693 -0.753516
vn -0.371363 -0.591889 -0.715372
vn -0.318918 -0.658305 -0.681855
vn -0.250302 -0.713462 -0.654462
vn -0.168813 -0.754328 -0.634422
vn -0.078532 -0.778555 -0.622643
vn 0.015870 -0.784706 -0.619665
vn 0.109438 -0.772411 -0.625623
vn 0.197273 -0.742408 -0.640245
vn 0.274874 -0.696460 -0.662863
vn 0.338404 -0.637171 -0.692456
vn 0.384855 -0.567749 -0.727700
vn 0.412122 -0.491773 -0.767017
vn 0.419011 -0.412996 -0.808618
vn 0.419011 0.412996 0.808618
vn 0.412122 0.491773 0.767017
vn 0.384855 0.567749 0.727700
vn 0.338404 0.637171 0.692456
vn 0.274874 0.696460 0.662863
vn 0.197273 0.742408 0.640245
vn 0.109438 0.772411 0.625623
vn 0.015870 0.784706 0.619665
vn -0.078532 0.778555 0.622643
vn -0.168813 0.754328 0.634422
vn -0.250302 0.713462 0.654462
vn -0.318918 0.658305 0.681855
vn -0.371363 0.591889 0.715372
vn -0.405227 0.517693 0.753516
vn -0.419011 0.439431 0.794563
vn -0.412122 0.360890 0.836609
vn -0.384855 0.285809 0.877610
vn -0.338404 0.217770 0.915456
vn -0.274874 0.160083 0.948060
vn -0.197273 0.115638 0.973505
vn -0.109438 0.086739 0.990202
vn -0.015870 0.074923 0.997063
vn 0.078532 0.080832 0.993629
vn 0.168813 0.104145 0.980131
vn 0.250302 0.143611 0.957457
vn 0.318918 0.197164 0.927048
vn 0.371363 0.262090 0.890729
vn 0.405227 0.335203 0.850547
vn 0.419011 0.412996 0.808618
vn -0.000000 -0.469472 -0.882948
vn -0.000000 0.469472 0.882948
vn 0.000000 1.000000 -0.000000
vn 0.000000 1.000000 -0.000000
vn 0.000000 1.000000 -0.000000
vn 0.000000 1.000000 -0.000000
vn 0.000000 1.000000 -0.000000
vn 0.000000 1.000000 -0.000000
vn 0.000000 1.000000 -0.000000
vn 0.000000 1.000000 -0.000000
vn 0.000000 1.000000 -0.000000
vn 0.000000 1.000000 -0.000000
vn 0.000000 1.000000 -0.000000
vn 0.000000 1.000000 -0.000000
vn 0.000000 1.000000 -0.000000
vn 0.000000 1.000000 -0.000000
vn 0.000000 1.000000 -0.000000
vn 0.549478 -0.764314 0.337487
vn 0.280424 -0.463073 0.840789
vn 0.123085 -0.330617 0.935704
vn 0.019008 -0.291238 0.956462
vn -0.078231 -0.307173 0.948433
vn -0.206060 -0.393105 0.896107
vn -0.434891 -0.630397 0.643016
vn -0.549478 -0.764314 -0.337487
vn -0.280424 -0.463073 -0.840789
vn -0.123085 -0.330617 -0.935704
vn -0.019008 -0.291238 -0.956462
vn 0.078231 -0.307173 -0.948433
vn 0.206060 -0.393105 -0.896107
vn 0.434891 -0.630397 -0.643016
vn 0.549478 -0.764314 0.337487
vn 0.488446 -0.866214 0.105328
vn 0.299970 -0.604246 0.738177
vn 0.141840 -0.428957 0.892119
vn 0.036563 -0.367853 0.929165
vn -0.056748 -0.374431 0.925517
vn -0.169029 -0.453779 0.874937
vn -0.344515 -0.662975 0.664660
vn -0.488446 -0.866214 -0.105328
vn -0.299970 -0.604246 -0.738177
vn -0.141840 -0.428957 -0.892119
vn -0.036563 -0.367853 -0.929165
vn 0.056748 -0.374431 -0.925517
vn 0.169029 -0.453779 -0.874937
vn 0.344515 -0.662975 -0.664660
vn 0.488446 -0.866214 0.105328
vn 0.719875 -0.689029 0.083783
vn 0.362614 -0.390036 0.846394
vn 0.158859 -0.251963 0.954609
vn 0.043293 -0.209751 0.976796
vn -0.054812 -0.211986 0.975734
vn -0.175472 -0.260996 0.949258
vn -0.398634 -0.418334 0.816142
vn -0.719875 -0.689029 -0.083783
vn -0.362614 -0.390036 -0.846394
vn -0.158859 -0.251963 -0.954609
vn -0.043293 -0.209751 -0.976796
vn 0.054812 -0.211986 -0.975734
vn 0.175472 -0.260996 -0.949258
vn 0.398634 -0.418334 -0.816142
vn 0.719875 -0.689029 0.083783
vn 0.917259 -0.395379 0.048077
vn 0.398045 -0.191497 0.897156
vn 0.167699 -0.117638 0.978794
vn 0.047276 -0.096452 0.994214
vn -0.052567 -0.096930 0.993902
vn -0.175533 -0.119624 0.977179
vn -0.417356 -0.198570 0.886783
vn -0.917259 -0.395379 -0.048077
vn -0.398045 -0.191497 -0.897156
vn -0.167699 -0.117638 -0.978794
vn -0.047276 -0.096452 -0.994214
vn 0.052567 -0.096930 -0.993902
vn 0.175533 -0.119624 -0.977179
vn 0.417356 -0.198570 -0.886783
vn 0.917259 -0.395379 0.048077
vn 1.000000 -0.000000 0.000000
vn 0.415528 -0.000000 0.909580
vn 0.172805 -0.000000 0.984956
vn 0.050150 -0.000000 0.998742
vn -0.050150 -0.000000 0.998742
vn -0.172805 -0.000000 0.984956
vn -0.415528 -0.000000 0.909580
vn -1.000000 -0.000000 0.000000
vn -0.415528 -0.000000 -0.909580
vn -0.172805 -0.000000 -0.984956
vn -0.050150 -0.000000 -0.998742
vn 0.050150 -0.000000 -0.998742
vn 0.172805 -0.000000 -0.984956
vn 0.415528 -0.000000 -0.909580
vn 1.000000 -0.000000 0.000000
vn 0.917259 0.395379 -0.048077
vn 0.417356 0.198570 0.886783
vn 0.175533 0.119624 0.977179
vn 0.052567 0.096930 0.993902
vn -0.047276 0.096452 0.994214
vn -0.167699 0.117638 0.978794
vn -0.398045 0.191497 0.897156
vn -0.917259 0.395379 0.048077
vn -0.417356 0.198570 -0.886783
vn -0.175533 0.119624 -0.977179
vn -0.052567 0.096930 -0.993902
vn 0.047276 0.096452 -0.994214
vn 0.167699 0.117638 -0.978794
vn 0.398045 0.191497 -0.897156
vn 0.917259 0.395379 -0.048077
vn 0.719875 0.689029 -0.083783
vn 0.398634 0.418334 0.816142
vn 0.175472 0.260996 0.949258
vn 0.054812 0.211986 0.975734
vn -0.043293 0.209751 0.976796
vn -0.158859 0.251963 0.954609
vn -0.362614 0.390036 0.846394
vn -0.719875 0.689029 0.083783
vn -0.398634 0.418334 -0.816142
vn -0.175472 0.260996 -0.949258
vn -0.054812 0.211986 -0.975734
vn 0.043293 0.209751 -0.976796
vn 0.158859 0.251963 -0.954609
vn 0.362614 0.390036 -0.846394
vn 0.719875 0.689029 -0.083783
vn 0.488446 0.866214 -0.105328
vn 0.344515 0.662975 0.664660
vn 0.169029 0.453779 0.874937
vn 0.056748 0.374431 0.925517
vn -0.036563 0.367853 0.929165
vn -0.141840 0.428957 0.892119
vn -0.299970 0.604246 0.738177
vn -0.488446 0.866214 0.105328
vn -0.344515 0.662975 -0.664660
vn -0.169029 0.453779 -0.874937
vn -0.056748 0.374431 -0.925517
vn 0.036563 0.367853 -0.929165
vn 0.141840 0.428957 -0.892119
vn 0.299970 0.604246 -0.738177
vn 0.488446 0.866214 -0.105328
vn 0.270376 0.955715 -0.116211
vn 0.236284 0.886633 0.397558
vn 0.143025 0.724900 0.673843
vn 0.056168 0.630874 0.773850
vn -0.022686 0.615262 0.787996
vn -0.104984 0.675251 0.730078
vn -0.198325 0.815209 0.544151
vn -0.270376 0.955715 0.116211
vn -0.236284 0.886633 -0.397558
vn -0.143025 0.724900 -0.673843
vn -0.056168 0.630874 -0.773850
vn 0.022686 0.615262 -0.787996
vn 0.104984 0.675251 -0.730078
vn 0.198325 0.815209 -0.544151
vn 0.270376 0.955715 -0.116211
vn -0.000000 1.000000 0.000000
vn -0.000000 1.000000 0.000000
vn -0.000000 1.000000 0.000000
vn -0.000000 1.000000 0.000000
vn -0.000000 1.000000 0.000000
vn -0.000000 1.000000 0.000000
vn -0.000000 1.000000 0.000000
vn -0.000000 1.000000 0.000000
vn -0.000000 1.000000 0.000000
vn -0.000000 1.000000 0.000000
vn -0.000000 1.000000 0.000000
vn -0.000000 1.000000 0.000000
vn -0.000000 1.000000 0.000000
vn -0.000000 1.000000 0.000000
vn -0.000000 1.000000 0.000000
vn 0.997049 -0.062770 0.044185
vn 0.905324 -0.104851 0.411575
vn 0.644927 -0.158982 0.747525
vn 0.199490 -0.209529 0.957236
vn -0.320457 -0.230330 0.918834
vn -0.720585 -0.216282 0.658771
vn -0.933133 -0.186255 0.307524
vn -0.986081 -0.154291 -0.061962
vn -0.894214 -0.123936 -0.430141
vn -0.633194 -0.093743 -0.768295
vn -0.186971 -0.062825 -0.980355
vn 0.333361 -0.037414 -0.942057
vn 0.732951 -0.027633 -0.679720
vn 0.944597 -0.036587 -0.326186
vn 0.997049 -0.062770 0.044185
vn 0.997556 -0.065548 -0.024192
vn 0.931631 -0.099220 0.349598
vn 0.702277 -0.143451 0.697301
vn 0.289151 -0.185848 0.939070
vn -0.227365 -0.204454 0.952105
vn -0.659623 -0.191776 0.726718
vn -0.909208 -0.163580 0.382860
vn -0.990863 -0.134566 0.009079
vn -0.924388 -0.109592 -0.365373
vn -0.694059 -0.087906 -0.714531
vn -0.280232 -0.067380 -0.957565
vn 0.235983 -0.049443 -0.970499
vn 0.667251 -0.040650 -0.743723
vn 0.916044 -0.045785 -0.398456
vn 0.997556 -0.065548 -0.024192
vn 0.967365 -0.236399 -0.091215
vn 0.922661 -0.264310 0.280779
vn 0.718108 -0.306189 0.624955
vn 0.343289 -0.346486 0.872983
vn -0.139729 -0.360344 0.922295
vn -0.575432 -0.338951 0.744305
vn -0.852660 -0.301340 0.426808
vn -0.961372 -0.268606 0.060121
vn -0.916412 -0.249751 -0.312752
vn -0.710995 -0.244388 -0.659364
vn -0.335179 -0.245083 -0.909720
vn 0.147997 -0.241245 -0.959113
vn 0.582819 -0.231481 -0.778934
vn 0.859075 -0.226546 -0.458986
vn 0.967365 -0.236399 -0.091215
vn 0.009982 -0.998155 -0.059889
vn 0.995861 -0.061391 0.067020
vn 0.842582 -0.068051 0.534252
vn 0.459349 -0.075232 0.885064
vn -0.075641 -0.077637 0.994108
vn -0.584420 -0.073136 0.808149
vn -0.908699 -0.065651 0.412256
vn -0.995861 -0.060217 -0.068084
vn -0.842579 -0.058755 -0.535358
vn -0.459347 -0.059836 -0.886239
vn 0.075639 -0.060345 -0.995308
vn 0.584415 -0.059077 -0.809301
vn 0.908697 -0.058474 -0.413341
vn 0.995861 -0.061391 0.067020
vn 0.998650 -0.046165 -0.023800
vn 0.887906 -0.051134 0.457174
vn 0.542178 -0.056809 0.838341
vn 0.027073 -0.059872 0.997839
vn -0.497635 -0.057907 0.865452
vn -0.864627 -0.052316 0.499683
vn -0.998653 -0.046531 0.022978
vn -0.887912 -0.042886 -0.458010
vn -0.542184 -0.041748 -0.839222
vn -0.027075 -0.041980 -0.998752
vn 0.497637 -0.042416 -0.866348
vn 0.864629 -0.043399 -0.500533
vn 0.998650 -0.046165 -0.023800
vn 0.987658 -0.125269 -0.094021
vn 0.911714 -0.130649 0.389497
vn 0.598468 -0.137020 0.789343
vn 0.102740 -0.140684 0.984709
vn -0.427461 -0.138819 0.893312
vn -0.820252 -0.132959 0.556335
vn -0.987657 -0.126994 0.091684
vn -0.911717 -0.123386 -0.391851
vn -0.598473 -0.122324 -0.791750
vn -0.102742 -0.122356 -0.987154
vn 0.427463 -0.122191 -0.895737
vn 0.820255 -0.122596 -0.558705
vn 0.987658 -0.125269 -0.094021
vn -0.000000 -0.999957 -0.009302
vn 0.856301 0.389598 -0.339061
vn 0.686458 0.727097 -0.010276
vn 0.346878 0.907379 0.237357
vn -0.064340 0.951126 0.302027
vn -0.468488 0.868937 0.159586
vn -0.770914 0.623540 -0.129960
vn -0.865423 0.228701 -0.445801
vn -0.706802 -0.193553 -0.680418
vn -0.358569 -0.482493 -0.799143
vn 0.067186 -0.553979 -0.829815
vn 0.482100 -0.393861 -0.782594
vn 0.782078 -0.036566 -0.622107
vn 0.856301 0.389598 -0.339061
vn 0.999349 -0.023374 0.027467
vn 0.807985 0.500290 0.311239
vn 0.421872 0.756663 0.499484
vn 0.018566 0.819674 0.572530
vn -0.388760 0.750579 0.534320
vn -0.787803 0.493517 0.368520
vn -0.996279 -0.023310 0.082977
vn -0.808402 -0.562738 -0.172662
vn -0.421544 -0.858326 -0.292535
vn -0.017998 -0.945108 -0.326261
vn 0.390280 -0.867627 -0.308065
vn 0.792228 -0.573484 -0.208543
vn 0.999349 -0.023374 0.027467
vn 0.858185 -0.252582 0.446902
vn 0.747288 0.338672 0.571718
vn 0.416734 0.675973 0.607777
vn 0.075079 0.784618 0.615417
vn -0.262223 0.742580 0.616291
vn -0.610716 0.515187 0.601339
vn -0.854835 0.007730 0.518842
vn -0.742105 -0.572844 0.348037
vn -0.411249 -0.885899 0.214610
vn -0.070130 -0.983921 0.164258
vn 0.266395 -0.946166 0.183857
vn 0.613864 -0.738096 0.279974
vn 0.858185 -0.252582 0.446902
vn -0.000000 0.634660 -0.772792
vn -0.000000 -0.193879 0.981026
vn 0.985643 -0.163249 0.043107
vn 0.890732 -0.195682 0.410251
vn 0.627088 -0.223121 0.746309
vn 0.179580 -0.228406 0.956860
vn -0.340059 -0.196613 0.919621
vn -0.737656 -0.142183 0.660036
vn -0.946838 -0.090753 0.308646
vn -0.996690 -0.053512 -0.061193
vn -0.902343 -0.032551 -0.429787
vn -0.639445 -0.028980 -0.768290
vn -0.192160 -0.043575 -0.980396
vn 0.327907 -0.071146 -0.942027
vn 0.726133 -0.101876 -0.679965
vn 0.935792 -0.132072 -0.326879
vn 0.985643 -0.163249 0.043107
vn 0.991144 -0.130543 -0.024326
vn 0.922977 -0.161043 0.349540
vn 0.690917 -0.191381 0.697142
vn 0.275715 -0.207570 0.938561
vn -0.240697 -0.192525 0.951315
vn -0.670833 -0.150960 0.726081
vn -0.917885 -0.105347 0.382607
vn -0.997529 -0.069650 0.009163
vn -0.929743 -0.047581 -0.365121
vn -0.698673 -0.039645 -0.714342
vn -0.284423 -0.045423 -0.957622
vn 0.232013 -0.061428 -0.970771
vn 0.663108 -0.081766 -0.744044
vn 0.911126 -0.104313 -0.398709
vn 0.991144 -0.130543 -0.024326
vn 0.961546 -0.259287 -0.090548
vn 0.915862 -0.286071 0.281708
vn 0.709805 -0.323157 0.625896
vn 0.333495 -0.354675 0.873491
vn -0.149920 -0.357148 0.921938
vn -0.584534 -0.325465 0.743232
vn -0.860129 -0.281282 0.425510
vn -0.967515 -0.245848 0.058944
vn -0.921825 -0.227815 -0.313592
vn -0.716354 -0.227094 -0.659746
vn -0.340983 -0.236696 -0.909783
vn 0.141936 -0.244567 -0.959188
vn 0.577062 -0.245350 -0.778975
vn 0.853575 -0.246980 -0.458706
vn 0.961546 -0.259287 -0.090548
vn -0.009982 -0.998155 -0.059889
vn 0.995861 -0.061391 0.067020
vn 0.842582 -0.068051 0.534252
vn 0.459349 -0.075232 0.885064
vn -0.075641 -0.077637 0.994108
vn -0.584420 -0.073136 0.808149
vn -0.908699 -0.065651 0.412256
vn -0.995861 -0.060217 -0.068084
vn -0.842579 -0.058755 -0.535358
vn -0.459347 -0.059836 -0.886239
vn 0.075639 -0.060345 -0.995308
vn 0.584415 -0.059077 -0.809301
vn 0.908697 -0.058474 -0.413341
vn 0.995861 -0.061391 0.067020
vn 0.998650 -0.046165 -0.023800
vn 0.887906 -0.051134 0.457174
vn 0.542178 -0.056809 0.838341
vn 0.027073 -0.059872 0.997839
vn -0.497635 -0.057907 0.865452
vn -0.864627 -0.052316 0.499683
vn -0.998653 -0.046531 0.022978
vn -0.887912 -0.042886 -0.458010
vn -0.542184 -0.041748 -0.839222
vn -0.027075 -0.041980 -0.998752
vn 0.497637 -0.042416 -0.866348
vn 0.864629 -0.043399 -0.500533
vn 0.998650 -0.046165 -0.023800
vn 0.987658 -0.125269 -0.094021
vn 0.911714 -0.130649 0.389497
vn 0.598468 -0.137020 0.789343
vn 0.102740 -0.140684 0.984709
vn -0.427461 -0.138819 0.893312
vn -0.820252 -0.132959 0.556335
vn -0.987657 -0.126994 0.091684
vn -0.911717 -0.123386 -0.391851
vn -0.598473 -0.122324 -0.791750
vn -0.102742 -0.122356 -0.987154
vn 0.427463 -0.122191 -0.895737
vn 0.820255 -0.122596 -0.558705
vn 0.987658 -0.125269 -0.094021
vn -0.000000 -0.999957 -0.009302
vn 0.856301 0.389598 -0.339061
vn 0.686458 0.727097 -0.010276
vn 0.346878 0.907379 0.237357
vn -0.064340 0.951126 0.302027
vn -0.468488 0.868937 0.159586
vn -0.770914 0.623540 -0.129960
vn -0.865423 0.228701 -0.445801
vn -0.706802 -0.193553 -0.680418
vn -0.358569 -0.482493 -0.799143
vn 0.067186 -0.553979 -0.829815
vn 0.482100 -0.393861 -0.782594
vn 0.782078 -0.036566 -0.622107
vn 0.856301 0.389598 -0.339061
vn 0.999349 -0.023374 0.027467
vn 0.807985 0.500290 0.311239
vn 0.421872 0.756663 0.499484
vn 0.018566 0.819674 0.572530
vn -0.388760 0.750579 0.534320
vn -0.787803 0.493517 0.368520
vn -0.996279 -0.023310 0.082977
vn -0.808402 -0.562738 -0.172662
vn -0.421544 -0.858326 -0.292535
vn -0.017998 -0.945108 -0.326261
vn 0.390280 -0.867627 -0.308065
vn 0.792228 -0.573484 -0.208543
vn 0.999349 -0.023374 0.027467
vn 0.858185 -0.252582 0.446902
vn 0.747288 0.338672 0.571718
vn 0.416734 0.675973 0.607777
vn 0.075079 0.784618 0.615417
vn -0.262223 0.742580 0.616291
vn -0.610716 0.515187 0.601339
vn -0.854835 0.007730 0.518842
vn -0.742105 -0.572844 0.348037
vn -0.411249 -0.885899 0.214610
vn -0.070130 -0.983921 0.164258
vn 0.266395 -0.946166 0.183857
vn 0.613864 -0.738096 0.279974
vn 0.858185 -0.252582 0.446902
vn -0.000000 0.634660 -0.772792
vn -0.000000 -0.193879 0.981026
vn 0.981908 -0.086235 -0.168583
vn 0.988077 -0.045350 0.147132
vn 0.875830 -0.004333 0.482600
vn 0.602256 0.041273 0.797236
vn 0.167570 0.076348 0.982899
vn -0.297309 0.073175 0.951973
vn -0.648187 0.023621 0.761114
vn -0.859949 -0.060414 0.506793
vn -0.959262 -0.164496 0.229690
vn -0.959225 -0.274482 -0.067437
vn -0.843529 -0.372336 -0.387071
vn -0.571882 -0.429001 -0.699221
vn -0.142760 -0.409469 -0.901085
vn 0.316585 -0.320230 -0.892875
vn 0.664434 -0.218083 -0.714820
vn 0.877486 -0.139720 -0.458799
vn 0.981908 -0.086235 -0.168583
vn 0.992010 -0.111503 -0.059016
vn 0.965251 -0.057115 0.255006
vn 0.821415 -0.011559 0.570214
vn 0.530043 0.027685 0.847519
vn 0.097545 0.052054 0.993869
vn -0.360781 0.045981 0.931517
vn -0.706214 0.005043 0.707981
vn -0.904647 -0.063086 0.421466
vn -0.981187 -0.149873 0.121697
vn -0.951780 -0.247352 -0.181471
vn -0.805120 -0.343392 -0.483594
vn -0.512554 -0.414515 -0.751974
vn -0.082049 -0.426062 -0.900966
vn 0.372613 -0.365872 -0.852817
vn 0.715722 -0.270813 -0.643741
vn 0.913965 -0.181618 -0.362882
vn 0.992010 -0.111503 -0.059016
vn 0.911712 -0.409807 0.028983
vn 0.883296 -0.344871 0.317570
vn 0.743924 -0.295284 0.599486
vn 0.475912 -0.261770 0.839633
vn 0.090819 -0.245196 0.965210
vn -0.322034 -0.246487 0.914078
vn -0.648054 -0.266197 0.713558
vn -0.843560 -0.304008 0.442703
vn -0.920443 -0.359313 0.153880
vn -0.892174 -0.431472 -0.133631
vn -0.752816 -0.516802 -0.407657
vn -0.484532 -0.600500 -0.636104
vn -0.098999 -0.650237 -0.753254
vn 0.313986 -0.637073 -0.703954
vn 0.639782 -0.571596 -0.513767
vn 0.835026 -0.488137 -0.253876
vn 0.911712 -0.409807 0.028983
vn -0.022898 -0.973162 0.228979
vn -0.997876 -0.041869 -0.049902
vn -0.880093 0.164775 -0.445293
vn -0.523016 0.329517 -0.786049
vn 0.040215 0.384368 -0.922304
vn 0.579647 0.290768 -0.761225
vn 0.900379 0.107243 -0.421682
vn 0.993775 -0.106566 -0.032491
vn 0.875896 -0.325494 0.356174
vn 0.518370 -0.510529 0.686042
vn -0.045354 -0.572610 0.818573
vn -0.584664 -0.463464 0.665860
vn -0.904822 -0.260725 0.336629
vn -0.997876 -0.041869 -0.049902
vn -0.996909 -0.075549 0.021546
vn -0.914877 0.145280 -0.376688
vn -0.599021 0.328889 -0.730073
vn -0.066743 0.411733 -0.908857
vn 0.491451 0.342319 -0.800808
vn 0.859302 0.163870 -0.484507
vn 0.993839 -0.055774 -0.095777
vn 0.911423 -0.282875 0.298813
vn 0.595105 -0.481890 0.643142
vn 0.062829 -0.574330 0.816209
vn -0.494868 -0.496908 0.712873
vn -0.862347 -0.302776 0.405812
vn -0.996909 -0.075549 0.021546
vn -0.975788 -0.218632 0.006165
vn -0.921653 0.009123 -0.387909
vn -0.638569 0.199952 -0.743135
vn -0.142403 0.299366 -0.943452
vn 0.409133 0.256474 -0.875689
vn 0.804118 0.095357 -0.586772
vn 0.970652 -0.122235 -0.207107
vn 0.916125 -0.356564 0.183243
vn 0.632376 -0.569311 0.525344
vn 0.135954 -0.685439 0.715325
vn -0.415041 -0.634208 0.652319
vn -0.809396 -0.449983 0.377351
vn -0.975788 -0.218632 0.006165
vn -0.012744 -0.860222 -0.509761
vn 0.996714 -0.014424 0.079703
vn 0.841424 0.065005 0.536452
vn 0.454957 0.123360 0.881927
vn -0.087161 0.140879 0.986183
vn -0.597661 0.109034 0.794300
vn -0.915523 0.041868 0.400081
vn -0.996708 -0.041177 -0.069843
vn -0.841383 -0.124875 -0.525814
vn -0.454922 -0.189803 -0.870069
vn 0.087123 -0.209471 -0.973926
vn 0.597591 -0.172856 -0.782947
vn 0.915490 -0.099295 -0.389897
vn 0.996714 -0.014424 0.079703
vn 0.999542 -0.027708 -0.012142
vn 0.887638 0.046213 0.458217
vn 0.541035 0.104398 0.834495
vn 0.019784 0.128812 0.991472
vn -0.508893 0.108781 0.853929
vn -0.871251 0.053653 0.487896
vn -0.999625 -0.018657 0.020059
vn -0.888007 -0.093621 -0.450199
vn -0.541517 -0.155540 -0.826176
vn -0.020019 -0.182726 -0.982960
vn 0.508996 -0.161450 -0.845492
vn 0.871392 -0.102519 -0.479757
vn 0.999542 -0.027708 -0.012142
vn 0.980482 -0.186655 -0.061772
vn 0.903718 -0.126260 0.409088
vn 0.592843 -0.079608 0.801373
vn 0.097010 -0.057814 0.993603
vn -0.432738 -0.068292 0.898929
vn -0.819417 -0.107282 0.563068
vn -0.980497 -0.164057 0.108213
vn -0.903853 -0.227713 -0.362210
vn -0.593053 -0.284344 -0.753284
vn -0.097165 -0.313198 -0.944704
vn 0.432718 -0.298903 -0.850537
vn 0.819461 -0.249626 -0.515917
vn 0.980482 -0.186655 -0.061772
vn 0.000000 -0.991600 0.129339
vn 0.846956 0.409812 -0.338704
vn 0.679402 0.733762 -0.002556
vn 0.344146 0.904675 0.251251
vn -0.063747 0.945985 0.317882
vn -0.464244 0.868904 0.171707
vn -0.762715 0.634665 -0.124361
vn -0.857317 0.252977 -0.448342
vn -0.702701 -0.161280 -0.692965
vn -0.357448 -0.448251 -0.819330
vn 0.066950 -0.519264 -0.851987
vn 0.479893 -0.358867 -0.800573
vn 0.775750 -0.005238 -0.631019
vn 0.846956 0.409812 -0.338704
vn 0.999262 -0.025977 0.028286
vn 0.808845 0.488290 0.327631
vn 0.423084 0.737519 0.526370
vn 0.019703 0.797270 0.603302
vn -0.387650 0.730233 0.562572
vn -0.786758 0.480472 0.387503
vn -0.995891 -0.025942 0.086765
vn -0.809170 -0.558295 -0.183171
vn -0.422402 -0.851544 -0.310563
vn -0.018628 -0.937815 -0.346635
vn 0.389826 -0.860826 -0.327130
vn 0.791900 -0.569165 -0.221236
vn 0.999262 -0.025977 0.028286
vn 0.844432 -0.263962 0.466110
vn 0.734719 0.315335 0.600627
vn 0.410372 0.647604 0.642031
vn 0.074149 0.754914 0.651618
vn -0.257871 0.713008 0.652014
vn -0.600015 0.488306 0.633671
vn -0.839448 -0.009526 0.543356
vn -0.731239 -0.578367 0.361638
vn -0.406525 -0.886831 0.219700
vn -0.069122 -0.983727 0.165842
vn 0.264120 -0.946258 0.186644
vn 0.606546 -0.740713 0.288872
vn 0.844432 -0.263962 0.466110
vn -0.000000 0.660015 -0.751252
vn -0.000000 -0.206844 0.978374
vn 0.946591 -0.098481 0.307031
vn 0.812985 -0.000607 0.582284
vn 0.559850 0.072074 0.825453
vn 0.168891 0.107405 0.979765
vn -0.302507 0.098836 0.948009
vn -0.698277 0.060756 0.713245
vn -0.923927 0.017571 0.382165
vn -0.998690 -0.022911 0.045758
vn -0.961297 -0.068462 -0.266874
vn -0.824280 -0.131672 -0.550659
vn -0.572038 -0.221068 -0.789874
vn -0.185660 -0.325484 -0.927141
vn 0.279714 -0.397513 -0.873924
vn 0.671163 -0.390508 -0.630114
vn 0.897684 -0.315287 -0.307826
vn 0.977865 -0.208949 0.010938
vn 0.946591 -0.098481 0.307031
vn 0.978832 -0.181428 0.094723
vn 0.913514 -0.091540 0.396374
vn 0.729034 -0.017139 0.684263
vn 0.401813 0.030750 0.915205
vn -0.043838 0.041535 0.998175
vn -0.482624 0.017362 0.875655
vn -0.791881 -0.024547 0.610182
vn -0.952535 -0.071531 0.295906
vn -0.992107 -0.123477 -0.021839
vn -0.925077 -0.186777 -0.330675
vn -0.739866 -0.266552 -0.617696
vn -0.413462 -0.355080 -0.838431
vn 0.029904 -0.419396 -0.907310
vn 0.466508 -0.421804 -0.777465
vn 0.775347 -0.364610 -0.515652
vn 0.937285 -0.276866 -0.211761
vn 0.978832 -0.181428 0.094723
vn 0.920628 -0.389823 0.021964
vn 0.892153 -0.327100 0.311559
vn 0.752914 -0.281633 0.594814
vn 0.485142 -0.253875 0.836770
vn 0.099906 -0.244316 0.964535
vn -0.313619 -0.252750 0.915293
vn -0.640150 -0.278435 0.716018
vn -0.835574 -0.320565 0.446155
vn -0.911981 -0.378436 0.158357
vn -0.883266 -0.450998 -0.128227
vn -0.743976 -0.533762 -0.401992
vn -0.476539 -0.611246 -0.631893
vn -0.091906 -0.651698 -0.752890
vn 0.321358 -0.628666 -0.708173
vn 0.648124 -0.555691 -0.520713
vn 0.843908 -0.468483 -0.261426
vn 0.920628 -0.389823 0.021964
vn 0.022898 -0.973162 0.228979
vn -0.988629 -0.044209 -0.143731
vn -0.834661 0.163462 -0.525947
vn -0.447570 0.329280 -0.831418
vn 0.125714 0.385205 -0.914228
vn 0.647893 0.292736 -0.703235
vn 0.935869 0.110286 -0.334645
vn 0.992758 -0.102736 0.062261
vn 0.839197 -0.321627 0.438525
vn 0.452495 -0.507911 0.732991
vn -0.120943 -0.572441 0.810977
vn -0.643553 -0.465542 0.607544
vn -0.931795 -0.263567 0.249579
vn -0.988629 -0.044209 -0.143731
vn -0.995549 -0.075851 -0.055941
vn -0.882793 0.145239 -0.446747
vn -0.540321 0.328591 -0.774649
vn 0.004057 0.410685 -0.911768
vn 0.551903 0.340920 -0.761037
vn 0.894159 0.162971 -0.417038
vn 0.998281 -0.055654 -0.018372
vn 0.885542 -0.281729 0.369384
vn 0.543520 -0.480264 0.688427
vn -0.000335 -0.573191 0.819422
vn -0.548240 -0.496817 0.672760
vn -0.891025 -0.303232 0.337822
vn -0.995549 -0.075851 -0.055941
vn -0.975247 -0.215305 -0.050366
vn -0.897639 0.012827 -0.440544
vn -0.593646 0.202734 -0.778770
vn -0.086314 0.299731 -0.950111
vn 0.460007 0.254091 -0.850783
vn 0.836900 0.091392 -0.539672
vn 0.980446 -0.126368 -0.150854
vn 0.902656 -0.359892 0.235985
vn 0.598942 -0.571276 0.561170
vn 0.092197 -0.685838 0.721890
vn -0.453889 -0.633173 0.626957
vn -0.831191 -0.447689 0.329691
vn -0.975247 -0.215305 -0.050366
vn 0.012744 -0.860222 -0.509761
vn 0.996714 -0.014424 0.079703
vn 0.841424 0.065005 0.536452
vn 0.454957 0.123360 0.881927
vn -0.087161 0.140879 0.986183
vn -0.597661 0.109034 0.794300
vn -0.915523 0.041868 0.400081
vn -0.996708 -0.041177 -0.069843
vn -0.841383 -0.124875 -0.525814
vn -0.454922 -0.189803 -0.870069
vn 0.087123 -0.209471 -0.973926
vn 0.597591 -0.172856 -0.782947
vn 0.915490 -0.099295 -0.389897
vn 0.996714 -0.014424 0.079703
vn 0.999542 -0.027708 -0.012142
vn 0.887638 0.046213 0.458217
vn 0.541035 0.104398 0.834495
vn 0.019784 0.128812 0.991472
vn -0.508893 0.108781 0.853929
vn -0.871251 0.053653 0.487896
vn -0.999625 -0.018657 0.020059
vn -0.888007 -0.093621 -0.450199
vn -0.541517 -0.155540 -0.826176
vn -0.020019 -0.182726 -0.982960
vn 0.508996 -0.161450 -0.845492
vn 0.871392 -0.102519 -0.479757
vn 0.999542 -0.027708 -0.012142
vn 0.980482 -0.186655 -0.061772
vn 0.903718 -0.126260 0.409088
vn 0.592843 -0.079608 0.801373
vn 0.097010 -0.057814 0.993603
vn -0.432738 -0.068292 0.898929
vn -0.819417 -0.107282 0.563068
vn -0.980497 -0.164057 0.108213
vn -0.903853 -0.227713 -0.362210
vn -0.593053 -0.284344 -0.753284
vn -0.097165 -0.313198 -0.944704
vn 0.432718 -0.298903 -0.850537
vn 0.819461 -0.249626 -0.515917
vn 0.980482 -0.186655 -0.061772
vn 0.000000 -0.991600 0.129339
vn 0.846956 0.409812 -0.338704
vn 0.679402 0.733762 -0.002556
vn 0.344146 0.904675 0.251251
vn -0.063747 0.945985 0.317882
vn -0.464244 0.868904 0.171707
vn -0.762715 0.634665 -0.124361
vn -0.857317 0.252977 -0.448342
vn -0.702701 -0.161280 -0.692965
vn -0.357448 -0.448251 -0.819330
vn 0.066950 -0.519264 -0.851987
vn 0.479893 -0.358867 -0.800573
vn 0.775750 -0.005238 -0.631019
vn 0.846956 0.409812 -0.338704
vn 0.999262 -0.025977 0.028286
vn 0.808845 0.488290 0.327631
vn 0.423084 0.737519 0.526370
vn 0.019703 0.797270 0.603302
vn -0.387650 0.730233 0.562572
vn -0.786758 0.480472 0.387503
vn -0.995891 -0.025942 0.086765
vn -0.809170 -0.558295 -0.183171
vn -0.422402 -0.851544 -0.310563
vn -0.018628 -0.937815 -0.346635
vn 0.389826 -0.860826 -0.327130
vn 0.791900 -0.569165 -0.221236
vn 0.999262 -0.025977 0.028286
vn 0.844432 -0.263962 0.466110
vn 0.734719 0.315335 0.600627
vn 0.410372 0.647604 0.642031
vn 0.074149 0.754914 0.651618
vn -0.257871 0.713008 0.652014
vn -0.600015 0.488306 0.633671
vn -0.839448 -0.009526 0.543356
vn -0.731239 -0.578367 0.361638
vn -0.406525 -0.886831 0.219700
vn -0.069122 -0.983727 0.165842
vn 0.264120 -0.946258 0.186644
vn 0.606546 -0.740713 0.288872
vn 0.844432 -0.263962 0.466110
vn -0.000000 0.660015 -0.751252
vn -0.000000 -0.206844 0.978374
vt 0.000000 0.000000
vt 0.240804 0.000000
vt 0.479538 0.000000
vt 0.714561 0.000000
vt 0.945028 0.000000
vt 1.171120 0.000000
vt 1.394057 0.000000
vt 1.615844 0.000000
vt 1.838782 0.000000
vt 2.064874 0.000000
vt 2.295340 0.000000
vt 2.530363 0.000000
vt 2.769097 0.000000
vt 3.009901 0.000000
vt 3.250706 0.000000
vt 3.489440 0.000000
vt 3.724462 0.000000
vt 3.954929 0.000000
vt 4.181021 0.000000
vt 4.403958 0.000000
vt 4.625746 0.000000
vt 4.848683 0.000000
vt 5.074775 0.000000
vt 5.305242 0.000000
vt 5.540265 0.000000
vt 5.778999 0.000000
vt 6.019803 0.000000
vt 0.000000 0.173341
vt 0.240804 0.173341
vt 0.479538 0.173341
vt 0.714561 0.173341
vt 0.945028 0.173341
vt 1.171120 0.173341
vt 1.394057 0.173341
vt 1.615844 0.173341
vt 1.838782 0.173341
vt 2.064874 0.173341
vt 2.295340 0.173341
vt 2.530363 0.173341
vt 2.769097 0.173341
vt 3.009901 0.173341
vt 3.250706 0.173341
vt 3.489440 0.173341
vt 3.724462 0.173341
vt 3.954929 0.173341
vt 4.181021 0.173341
vt 4.403958 0.173341
vt 4.625746 0.173341
vt 4.848683 0.173341
vt 5.074775 0.173341
vt 5.305242 0.173341
vt 5.540265 0.173341
vt 5.778999 0.173341
vt 6.019803 0.173341
vt 0.000000 0.420596
vt 0.240804 0.420596
vt 0.479538 0.420596
vt 0.714561 0.420596
vt 0.945028 0.420596
vt 1.171120 0.420596
vt 1.394057 0.420596
vt 1.615844 0.420596
vt 1.838782 0.420596
vt 2.064874 0.420596
vt 2.295340 0.420596
vt 2.530363 0.420596
vt 2.769097 0.420596
vt 3.009901 0.420596
vt 3.250706 0.420596
vt 3.489440 0.420596
vt 3.724462 0.420596
vt 3.954929 0.420596
vt 4.181021 0.420596
vt 4.403958 0.420596
vt 4.625746 0.420596
vt 4.848683 0.420596
vt 5.074775 0.420596
vt 5.305242 0.420596
vt 5.540265 0.420596
vt 5.778999 0.420596
vt 6.019803 0.420596
vt 0.000000 0.707525
vt 0.240804 0.707525
vt 0.479538 0.707525
vt 0.714561 0.707525
vt 0.945028 0.707525
vt 1.171120 0.707525
vt 1.394057 0.707525
vt 1.615844 0.707525
vt 1.838782 0.707525
vt 2.064874 0.707525
vt 2.295340 0.707525
vt 2.530363 0.707525
vt 2.769097 0.707525
vt 3.009901 0.707525
vt 3.250706 0.707525
vt 3.489440 0.707525
vt 3.724462 0.707525
vt 3.954929 0.707525
vt 4.181021 0.707525
vt 4.403958 0.707525
vt 4.625746 0.707525
vt 4.848683 0.707525
vt 5.074775 0.707525
vt 5.305242 0.707525
vt 5.540265 0.707525
vt 5.778999 0.707525
vt 6.019803 0.707525
vt 0.000000 1.000554
vt 0.240804 1.000554
vt 0.479538 1.000554
vt 0.714561 1.000554
vt 0.945028 1.000554
vt 1.171120 1.000554
vt 1.394057 1.000554
vt 1.615844 1.000554
vt 1.838782 1.000554
vt 2.064874 1.000554
vt 2.295340 1.000554
vt 2.530363 1.000554
vt 2.769097 1.000554
vt 3.009901 1.000554
vt 3.250706 1.000554
vt 3.489440 1.000554
vt 3.724462 1.000554
vt 3.954929 1.000554
vt 4.181021 1.000554
vt 4.403958 1.000554
vt 4.625746 1.000554
vt 4.848683 1.000554
vt 5.074775 1.000554
vt 5.305242 1.000554
vt 5.540265 1.000554
vt 5.778999 1.000554
vt 6.019803 1.000554
vt 0.000000 1.299238
vt 0.240804 1.299238
vt 0.479538 1.299238
vt 0.714561 1.299238
vt 0.945028 1.299238
vt 1.171120 1.299238
vt 1.394057 1.299238
vt 1.615844 1.299238
vt 1.838782 1.299238
vt 2.064874 1.299238
vt 2.295340 1.299238
vt 2.530363 1.299238
vt 2.769097 1.299238
vt 3.009901 1.299238
vt 3.250706 1.299238
vt 3.489440 1.299238
vt 3.724462 1.299238
vt 3.954929 1.299238
vt 4.181021 1.299238
vt 4.403958 1.299238
vt 4.625746 1.299238
vt 4.848683 1.299238
vt 5.074775 1.299238
vt 5.305242 1.299238
vt 5.540265 1.299238
vt 5.778999 1.299238
vt 6.019803 1.299238
vt 0.000000 1.619176
vt 0.240804 1.619176
vt 0.479538 1.619176
vt 0.714561 1.619176
vt 0.945028 1.619176
vt 1.171120 1.619176
vt 1.394057 1.619176
vt 1.615844 1.619176
vt 1.838782 1.619176
vt 2.064874 1.619176
vt 2.295340 1.619176
vt 2.530363 1.619176
vt 2.769097 1.619176
vt 3.009901 1.619176
vt 3.250706 1.619176
vt 3.489440 1.619176
vt 3.724462 1.619176
vt 3.954929 1.619176
vt 4.181021 1.619176
vt 4.403958 1.619176
vt 4.625746 1.619176
vt 4.848683 1.619176
vt 5.074775 1.619176
vt 5.305242 1.619176
vt 5.540265 1.619176
vt 5.778999 1.619176
vt 6.019803 1.619176
vt 0.000000 1.952507
vt 0.240804 1.952507
vt 0.479538 1.952507
vt 0.714561 1.952507
vt 0.945028 1.952507
vt 1.171120 1.952507
vt 1.394057 1.952507
vt 1.615844 1.952507
vt 1.838782 1.952507
vt 2.064874 1.952507
vt 2.295340 1.952507
vt 2.530363 1.952507
vt 2.769097 1.952507
vt 3.009901 1.952507
vt 3.250706 1.952507
vt 3.489440 1.952507
vt 3.724462 1.952507
vt 3.954929 1.952507
vt 4.181021 1.952507
vt 4.403958 1.952507
vt 4.625746 1.952507
vt 4.848683 1.952507
vt 5.074775 1.952507
vt 5.305242 1.952507
vt 5.540265 1.952507
vt 5.778999 1.952507
vt 6.019803 1.952507
vt 0.000000 2.291865
vt 0.240804 2.291865
vt 0.479538 2.291865
vt 0.714561 2.291865
vt 0.945028 2.291865
vt 1.171120 2.291865
vt 1.394057 2.291865
vt 1.615844 2.291865
vt 1.838782 2.291865
vt 2.064874 2.291865
vt 2.295340 2.291865
vt 2.530363 2.291865
vt 2.769097 2.291865
vt 3.009901 2.291865
vt 3.250706 2.291865
vt 3.489440 2.291865
vt 3.724462 2.291865
vt 3.954929 2.291865
vt 4.181021 2.291865
vt 4.403958 2.291865
vt 4.625746 2.291865
vt 4.848683 2.291865
vt 5.074775 2.291865
vt 5.305242 2.291865
vt 5.540265 2.291865
vt 5.778999 2.291865
vt 6.019803 2.291865
vt 0.000000 2.644366
vt 0.240804 2.644366
vt 0.479538 2.644366
vt 0.714561 2.644366
vt 0.945028 2.644366
vt 1.171120 2.644366
vt 1.394057 2.644366
vt 1.615844 2.644366
vt 1.838782 2.644366
vt 2.064874 2.644366
vt 2.295340 2.644366
vt 2.530363 2.644366
vt 2.769097 2.644366
vt 3.009901 2.644366
vt 3.250706 2.644366
vt 3.489440 2.644366
vt 3.724462 2.644366
vt 3.954929 2.644366
vt 4.181021 2.644366
vt 4.403958 2.644366
vt 4.625746 2.644366
vt 4.848683 2.644366
vt 5.074775 2.644366
vt 5.305242 2.644366
vt 5.540265 2.644366
vt 5.778999 2.644366
vt 6.019803 2.644366
vt 0.000000 3.012198
vt 0.240804 3.012198
vt 0.479538 3.012198
vt 0.714561 3.012198
vt 0.945028 3.012198
vt 1.171120 3.012198
vt 1.394057 3.012198
vt 1.615844 3.012198
vt 1.838782 3.012198
vt 2.064874 3.012198
vt 2.295340 3.012198
vt 2.530363 3.012198
vt 2.769097 3.012198
vt 3.009901 3.012198
vt 3.250706 3.012198
vt 3.489440 3.012198
vt 3.724462 3.012198
vt 3.954929 3.012198
vt 4.181021 3.012198
vt 4.403958 3.012198
vt 4.625746 3.012198
vt 4.848683 3.012198
vt 5.074775 3.012198
vt 5.305242 3.012198
vt 5.540265 3.012198
vt 5.778999 3.012198
vt 6.019803 3.012198
vt 0.000000 3.380772
vt 0.240804 3.380772
vt 0.479538 3.380772
vt 0.714561 3.380772
vt 0.945028 3.380772
vt 1.171120 3.380772
vt 1.394057 3.380772
vt 1.615844 3.380772
vt 1.838782 3.380772
vt 2.064874 3.380772
vt 2.295340 3.380772
vt 2.530363 3.380772
vt 2.769097 3.380772
vt 3.009901 3.380772
vt 3.250706 3.380772
vt 3.489440 3.380772
vt 3.724462 3.380772
vt 3.954929 3.380772
vt 4.181021 3.380772
vt 4.403958 3.380772
vt 4.625746 3.380772
vt 4.848683 3.380772
vt 5.074775 3.380772
vt 5.305242 3.380772
vt 5.540265 3.380772
vt 5.778999 3.380772
vt 6.019803 3.380772
vt 0.000000 3.735196
vt 0.240804 3.735196
vt 0.479538 3.735196
vt 0.714561 3.735196
vt 0.945028 3.735196
vt 1.171120 3.735196
vt 1.394057 3.735196
vt 1.615844 3.735196
vt 1.838782 3.735196
vt 2.064874 3.735196
vt 2.295340 3.735196
vt 2.530363 3.735196
vt 2.769097 3.735196
vt 3.009901 3.735196
vt 3.250706 3.735196
vt 3.489440 3.735196
vt 3.724462 3.735196
vt 3.954929 3.735196
vt 4.181021 3.735196
vt 4.403958 3.735196
vt 4.625746 3.735196
vt 4.848683 3.735196
vt 5.074775 3.735196
vt 5.305242 3.735196
vt 5.540265 3.735196
vt 5.778999 3.735196
vt 6.019803 3.735196
vt 0.000000 4.070152
vt 0.240804 4.070152
vt 0.479538 4.070152
vt 0.714561 4.070152
vt 0.945028 4.070152
vt 1.171120 4.070152
vt 1.394057 4.070152
vt 1.615844 4.070152
vt 1.838782 4.070152
vt 2.064874 4.070152
vt 2.295340 4.070152
vt 2.530363 4.070152
vt 2.769097 4.070152
vt 3.009901 4.070152
vt 3.250706 4.070152
vt 3.489440 4.070152
vt 3.724462 4.070152
vt 3.954929 4.070152
vt 4.181021 4.070152
vt 4.403958 4.070152
vt 4.625746 4.070152
vt 4.848683 4.070152
vt 5.074775 4.070152
vt 5.305242 4.070152
vt 5.540265 4.070152
vt 5.778999 4.070152
vt 6.019803 4.070152
vt 0.000000 4.395032
vt 0.240804 4.395032
vt 0.479538 4.395032
vt 0.714561 4.395032
vt 0.945028 4.395032
vt 1.171120 4.395032
vt 1.394057 4.395032
vt 1.615844 4.395032
vt 1.838782 4.395032
vt 2.064874 4.395032
vt 2.295340 4.395032
vt 2.530363 4.395032
vt 2.769097 4.395032
vt 3.009901 4.395032
vt 3.250706 4.395032
vt 3.489440 4.395032
vt 3.724462 4.395032
vt 3.954929 4.395032
vt 4.181021 4.395032
vt 4.403958 4.395032
vt 4.625746 4.395032
vt 4.848683 4.395032
vt 5.074775 4.395032
vt 5.305242 4.395032
vt 5.540265 4.395032
vt 5.778999 4.395032
vt 6.019803 4.395032
vt 0.000000 4.715765
vt 0.240804 4.715765
vt 0.479538 4.715765
vt 0.714561 4.715765
vt 0.945028 4.715765
vt 1.171120 4.715765
vt 1.394057 4.715765
vt 1.615844 4.715765
vt 1.838782 4.715765
vt 2.064874 4.715765
vt 2.295340 4.715765
vt 2.530363 4.715765
vt 2.769097 4.715765
vt 3.009901 4.715765
vt 3.250706 4.715765
vt 3.489440 4.715765
vt 3.724462 4.715765
vt 3.954929 4.715765
vt 4.181021 4.715765
vt 4.403958 4.715765
vt 4.625746 4.715765
vt 4.848683 4.715765
vt 5.074775 4.715765
vt 5.305242 4.715765
vt 5.540265 4.715765
vt 5.778999 4.715765
vt 6.019803 4.715765
vt 0.000000 5.037832
vt 0.240804 5.037832
vt 0.479538 5.037832
vt 0.714561 5.037832
vt 0.945028 5.037832
vt 1.171120 5.037832
vt 1.394057 5.037832
vt 1.615844 5.037832
vt 1.838782 5.037832
vt 2.064874 5.037832
vt 2.295340 5.037832
vt 2.530363 5.037832
vt 2.769097 5.037832
vt 3.009901 5.037832
vt 3.250706 5.037832
vt 3.489440 5.037832
vt 3.724462 5.037832
vt 3.954929 5.037832
vt 4.181021 5.037832
vt 4.403958 5.037832
vt 4.625746 5.037832
vt 4.848683 5.037832
vt 5.074775 5.037832
vt 5.305242 5.037832
vt 5.540265 5.037832
vt 5.778999 5.037832
vt 6.019803 5.037832
vt 0.000000 5.366649
vt 0.240804 5.366649
vt 0.479538 5.366649
vt 0.714561 5.366649
vt 0.945028 5.366649
vt 1.171120 5.366649
vt 1.394057 5.366649
vt 1.615844 5.366649
vt 1.838782 5.366649
vt 2.064874 5.366649
vt 2.295340 5.366649
vt 2.530363 5.366649
vt 2.769097 5.366649
vt 3.009901 5.366649
vt 3.250706 5.366649
vt 3.489440 5.366649
vt 3.724462 5.366649
vt 3.954929 5.366649
vt 4.181021 5.366649
vt 4.403958 5.366649
vt 4.625746 5.366649
vt 4.848683 5.366649
vt 5.074775 5.366649
vt 5.305242 5.366649
vt 5.540265 5.366649
vt 5.778999 5.366649
vt 6.019803 5.366649
vt 0.000000 5.697927
vt 0.240804 5.697927
vt 0.479538 5.697927
vt 0.714561 5.697927
vt 0.945028 5.697927
vt 1.171120 5.697927
vt 1.394057 5.697927
vt 1.615844 5.697927
vt 1.838782 5.697927
vt 2.064874 5.697927
vt 2.295340 5.697927
vt 2.530363 5.697927
vt 2.769097 5.697927
vt 3.009901 5.697927
vt 3.250706 5.697927
vt 3.489440 5.697927
vt 3.724462 5.697927
vt 3.954929 5.697927
vt 4.181021 5.697927
vt 4.403958 5.697927
vt 4.625746 5.697927
vt 4.848683 5.697927
vt 5.074775 5.697927
vt 5.305242 5.697927
vt 5.540265 5.697927
vt 5.778999 5.697927
vt 6.019803 5.697927
vt 0.000000 6.023045
vt 0.240804 6.023045
vt 0.479538 6.023045
vt 0.714561 6.023045
vt 0.945028 6.023045
vt 1.171120 6.023045
vt 1.394057 6.023045
vt 1.615844 6.023045
vt 1.838782 6.023045
vt 2.064874 6.023045
vt 2.295340 6.023045
vt 2.530363 6.023045
vt 2.769097 6.023045
vt 3.009901 6.023045
vt 3.250706 6.023045
vt 3.489440 6.023045
vt 3.724462 6.023045
vt 3.954929 6.023045
vt 4.181021 6.023045
vt 4.403958 6.023045
vt 4.625746 6.023045
vt 4.848683 6.023045
vt 5.074775 6.023045
vt 5.305242 6.023045
vt 5.540265 6.023045
vt 5.778999 6.023045
vt 6.019803 6.023045
vt 0.000000 6.333772
vt 0.240804 6.333772
vt 0.479538 6.333772
vt 0.714561 6.333772
vt 0.945028 6.333772
vt 1.171120 6.333772
vt 1.394057 6.333772
vt 1.615844 6.333772
vt 1.838782 6.333772
vt 2.064874 6.333772
vt 2.295340 6.333772
vt 2.530363 6.333772
vt 2.769097 6.333772
vt 3.009901 6.333772
vt 3.250706 6.333772
vt 3.489440 6.333772
vt 3.724462 6.333772
vt 3.954929 6.333772
vt 4.181021 6.333772
vt 4.403958 6.333772
vt 4.625746 6.333772
vt 4.848683 6.333772
vt 5.074775 6.333772
vt 5.305242 6.333772
vt 5.540265 6.333772
vt 5.778999 6.333772
vt 6.019803 6.333772
vt 0.000000 6.629064
vt 0.240804 6.629064
vt 0.479538 6.629064
vt 0.714561 6.629064
vt 0.945028 6.629064
vt 1.171120 6.629064
vt 1.394057 6.629064
vt 1.615844 6.629064
vt 1.838782 6.629064
vt 2.064874 6.629064
vt 2.295340 6.629064
vt 2.530363 6.629064
vt 2.769097 6.629064
vt 3.009901 6.629064
vt 3.250706 6.629064
vt 3.489440 6.629064
vt 3.724462 6.629064
vt 3.954929 6.629064
vt 4.181021 6.629064
vt 4.403958 6.629064
vt 4.625746 6.629064
vt 4.848683 6.629064
vt 5.074775 6.629064
vt 5.305242 6.629064
vt 5.540265 6.629064
vt 5.778999 6.629064
vt 6.019803 6.629064
vt 0.000000 6.914081
vt 0.240804 6.914081
vt 0.479538 6.914081
vt 0.714561 6.914081
vt 0.945028 6.914081
vt 1.171120 6.914081
vt 1.394057 6.914081
vt 1.615844 6.914081
vt 1.838782 6.914081
vt 2.064874 6.914081
vt 2.295340 6.914081
vt 2.530363 6.914081
vt 2.769097 6.914081
vt 3.009901 6.914081
vt 3.250706 6.914081
vt 3.489440 6.914081
vt 3.724462 6.914081
vt 3.954929 6.914081
vt 4.181021 6.914081
vt 4.403958 6.914081
vt 4.625746 6.914081
vt 4.848683 6.914081
vt 5.074775 6.914081
vt 5.305242 6.914081
vt 5.540265 6.914081
vt 5.778999 6.914081
vt 6.019803 6.914081
vt 0.000000 7.189201
vt 0.240804 7.189201
vt 0.479538 7.189201
vt 0.714561 7.189201
vt 0.945028 7.189201
vt 1.171120 7.189201
vt 1.394057 7.189201
vt 1.615844 7.189201
vt 1.838782 7.189201
vt 2.064874 7.189201
vt 2.295340 7.189201
vt 2.530363 7.189201
vt 2.769097 7.189201
vt 3.009901 7.189201
vt 3.250706 7.189201
vt 3.489440 7.189201
vt 3.724462 7.189201
vt 3.954929 7.189201
vt 4.181021 7.189201
vt 4.403958 7.189201
vt 4.625746 7.189201
vt 4.848683 7.189201
vt 5.074775 7.189201
vt 5.305242 7.189201
vt 5.540265 7.189201
vt 5.778999 7.189201
vt 6.019803 7.189201
vt 0.000000 7.454208
vt 0.240804 7.454208
vt 0.479538 7.454208
vt 0.714561 7.454208
vt 0.945028 7.454208
vt 1.171120 7.454208
vt 1.394057 7.454208
vt 1.615844 7.454208
vt 1.838782 7.454208
vt 2.064874 7.454208
vt 2.295340 7.454208
vt 2.530363 7.454208
vt 2.769097 7.454208
vt 3.009901 7.454208
vt 3.250706 7.454208
vt 3.489440 7.454208
vt 3.724462 7.454208
vt 3.954929 7.454208
vt 4.181021 7.454208
vt 4.403958 7.454208
vt 4.625746 7.454208
vt 4.848683 7.454208
vt 5.074775 7.454208
vt 5.305242 7.454208
vt 5.540265 7.454208
vt 5.778999 7.454208
vt 6.019803 7.454208
vt 0.000000 7.720555
vt 0.240804 7.720555
vt 0.479538 7.720555
vt 0.714561 7.720555
vt 0.945028 7.720555
vt 1.171120 7.720555
vt 1.394057 7.720555
vt 1.615844 7.720555
vt 1.838782 7.720555
vt 2.064874 7.720555
vt 2.295340 7.720555
vt 2.530363 7.720555
vt 2.769097 7.720555
vt 3.009901 7.720555
vt 3.250706 7.720555
vt 3.489440 7.720555
vt 3.724462 7.720555
vt 3.954929 7.720555
vt 4.181021 7.720555
vt 4.403958 7.720555
vt 4.625746 7.720555
vt 4.848683 7.720555
vt 5.074775 7.720555
vt 5.305242 7.720555
vt 5.540265 7.720555
vt 5.778999 7.720555
vt 6.019803 7.720555
vt 0.000000 7.984506
vt 0.240804 7.984506
vt 0.479538 7.984506
vt 0.714561 7.984506
vt 0.945028 7.984506
vt 1.171120 7.984506
vt 1.394057 7.984506
vt 1.615844 7.984506
vt 1.838782 7.984506
vt 2.064874 7.984506
vt 2.295340 7.984506
vt 2.530363 7.984506
vt 2.769097 7.984506
vt 3.009901 7.984506
vt 3.250706 7.984506
vt 3.489440 7.984506
vt 3.724462 7.984506
vt 3.954929 7.984506
vt 4.181021 7.984506
vt 4.403958 7.984506
vt 4.625746 7.984506
vt 4.848683 7.984506
vt 5.074775 7.984506
vt 5.305242 7.984506
vt 5.540265 7.984506
vt 5.778999 7.984506
vt 6.019803 7.984506
vt 0.000000 8.223536
vt 0.240804 8.223536
vt 0.479538 8.223536
vt 0.714561 8.223536
vt 0.945028 8.223536
vt 1.171120 8.223536
vt 1.394057 8.223536
vt 1.615844 8.223536
vt 1.838782 8.223536
vt 2.064874 8.223536
vt 2.295340 8.223536
vt 2.530363 8.223536
vt 2.769097 8.223536
vt 3.009901 8.223536
vt 3.250706 8.223536
vt 3.489440 8.223536
vt 3.724462 8.223536
vt 3.954929 8.223536
vt 4.181021 8.223536
vt 4.403958 8.223536
vt 4.625746 8.223536
vt 4.848683 8.223536
vt 5.074775 8.223536
vt 5.305242 8.223536
vt 5.540265 8.223536
vt 5.778999 8.223536
vt 6.019803 8.223536
vt 0.000000 8.415099
vt 0.240804 8.415099
vt 0.479538 8.415099
vt 0.714561 8.415099
vt 0.945028 8.415099
vt 1.171120 8.415099
vt 1.394057 8.415099
vt 1.615844 8.415099
vt 1.838782 8.415099
vt 2.064874 8.415099
vt 2.295340 8.415099
vt 2.530363 8.415099
vt 2.769097 8.415099
vt 3.009901 8.415099
vt 3.250706 8.415099
vt 3.489440 8.415099
vt 3.724462 8.415099
vt 3.954929 8.415099
vt 4.181021 8.415099
vt 4.403958 8.415099
vt 4.625746 8.415099
vt 4.848683 8.415099
vt 5.074775 8.415099
vt 5.305242 8.415099
vt 5.540265 8.415099
vt 5.778999 8.415099
vt 6.019803 8.415099
vt 0.000000 8.548049
vt 0.240804 8.548049
vt 0.479538 8.548049
vt 0.714561 8.548049
vt 0.945028 8.548049
vt 1.171120 8.548049
vt 1.394057 8.548049
vt 1.615844 8.548049
vt 1.838782 8.548049
vt 2.064874 8.548049
vt 2.295340 8.548049
vt 2.530363 8.548049
vt 2.769097 8.548049
vt 3.009901 8.548049
vt 3.250706 8.548049
vt 3.489440 8.548049
vt 3.724462 8.548049
vt 3.954929 8.548049
vt 4.181021 8.548049
vt 4.403958 8.548049
vt 4.625746 8.548049
vt 4.848683 8.548049
vt 5.074775 8.548049
vt 5.305242 8.548049
vt 5.540265 8.548049
vt 5.778999 8.548049
vt 6.019803 8.548049
vt 0.000000 8.636310
vt 0.240804 8.636310
vt 0.479538 8.636310
vt 0.714561 8.636310
vt 0.945028 8.636310
vt 1.171120 8.636310
vt 1.394057 8.636310
vt 1.615844 8.636310
vt 1.838782 8.636310
vt 2.064874 8.636310
vt 2.295340 8.636310
vt 2.530363 8.636310
vt 2.769097 8.636310
vt 3.009901 8.636310
vt 3.250706 8.636310
vt 3.489440 8.636310
vt 3.724462 8.636310
vt 3.954929 8.636310
vt 4.181021 8.636310
vt 4.403958 8.636310
vt 4.625746 8.636310
vt 4.848683 8.636310
vt 5.074775 8.636310
vt 5.305242 8.636310
vt 5.540265 8.636310
vt 5.778999 8.636310
vt 6.019803 8.636310
vt 0.000000 8.694727
vt 0.240804 8.694727
vt 0.479538 8.694727
vt 0.714561 8.694727
vt 0.945028 8.694727
vt 1.171120 8.694727
vt 1.394057 8.694727
vt 1.615844 8.694727
vt 1.838782 8.694727
vt 2.064874 8.694727
vt 2.295340 8.694727
vt 2.530363 8.694727
vt 2.769097 8.694727
vt 3.009901 8.694727
vt 3.250706 8.694727
vt 3.489440 8.694727
vt 3.724462 8.694727
vt 3.954929 8.694727
vt 4.181021 8.694727
vt 4.403958 8.694727
vt 4.625746 8.694727
vt 4.848683 8.694727
vt 5.074775 8.694727
vt 5.305242 8.694727
vt 5.540265 8.694727
vt 5.778999 8.694727
vt 6.019803 8.694727
vt 0.000000 8.737831
vt 0.240804 8.737831
vt 0.479538 8.737831
vt 0.714561 8.737831
vt 0.945028 8.737831
vt 1.171120 8.737831
vt 1.394057 8.737831
vt 1.615844 8.737831
vt 1.838782 8.737831
vt 2.064874 8.737831
vt 2.295340 8.737831
vt 2.530363 8.737831
vt 2.769097 8.737831
vt 3.009901 8.737831
vt 3.250706 8.737831
vt 3.489440 8.737831
vt 3.724462 8.737831
vt 3.954929 8.737831
vt 4.181021 8.737831
vt 4.403958 8.737831
vt 4.625746 8.737831
vt 4.848683 8.737831
vt 5.074775 8.737831
vt 5.305242 8.737831
vt 5.540265 8.737831
vt 5.778999 8.737831
vt 6.019803 8.737831
vt 0.000000 3.680000
vt 0.000000 -4.960000
vt 0.000000 0.000000
vt 0.445591 0.000000
vt 0.885818 0.000000
vt 1.316871 0.000000
vt 1.737713 0.000000
vt 2.150589 0.000000
vt 2.560456 0.000000
vt 2.973332 0.000000
vt 3.394174 0.000000
vt 3.825227 0.000000
vt 4.265454 0.000000
vt 4.711045 0.000000
vt 5.156636 0.000000
vt 5.596864 0.000000
vt 6.027917 0.000000
vt 6.448759 0.000000
vt 6.861635 0.000000
vt 7.271501 0.000000
vt 7.684377 0.000000
vt 8.105219 0.000000
vt 8.536272 0.000000
vt 8.976500 0.000000
vt 9.422091 0.000000
vt 0.000000 0.954149
vt 0.445591 0.954149
vt 0.885818 0.954149
vt 1.316871 0.954149
vt 1.737713 0.954149
vt 2.150589 0.954149
vt 2.560456 0.954149
vt 2.973332 0.954149
vt 3.394174 0.954149
vt 3.825227 0.954149
vt 4.265454 0.954149
vt 4.711045 0.954149
vt 5.156636 0.954149
vt 5.596864 0.954149
vt 6.027917 0.954149
vt 6.448759 0.954149
vt 6.861635 0.954149
vt 7.271501 0.954149
vt 7.684377 0.954149
vt 8.105219 0.954149
vt 8.536272 0.954149
vt 8.976500 0.954149
vt 9.422091 0.954149
vt 0.000000 1.831417
vt 0.445591 1.831417
vt 0.885818 1.831417
vt 1.316871 1.831417
vt 1.737713 1.831417
vt 2.150589 1.831417
vt 2.560456 1.831417
vt 2.973332 1.831417
vt 3.394174 1.831417
vt 3.825227 1.831417
vt 4.265454 1.831417
vt 4.711045 1.831417
vt 5.156636 1.831417
vt 5.596864 1.831417
vt 6.027917 1.831417
vt 6.448759 1.831417
vt 6.861635 1.831417
vt 7.271501 1.831417
vt 7.684377 1.831417
vt 8.105219 1.831417
vt 8.536272 1.831417
vt 8.976500 1.831417
vt 9.422091 1.831417
vt 0.000000 2.631417
vt 0.445591 2.631417
vt 0.885818 2.631417
vt 1.316871 2.631417
vt 1.737713 2.631417
vt 2.150589 2.631417
vt 2.560456 2.631417
vt 2.973332 2.631417
vt 3.394174 2.631417
vt 3.825227 2.631417
vt 4.265454 2.631417
vt 4.711045 2.631417
vt 5.156636 2.631417
vt 5.596864 2.631417
vt 6.027917 2.631417
vt 6.448759 2.631417
vt 6.861635 2.631417
vt 7.271501 2.631417
vt 7.684377 2.631417
vt 8.105219 2.631417
vt 8.536272 2.631417
vt 8.976500 2.631417
vt 9.422091 2.631417
vt 0.000000 3.241991
vt 0.445591 3.241991
vt 0.885818 3.241991
vt 1.316871 3.241991
vt 1.737713 3.241991
vt 2.150589 3.241991
vt 2.560456 3.241991
vt 2.973332 3.241991
vt 3.394174 3.241991
vt 3.825227 3.241991
vt 4.265454 3.241991
vt 4.711045 3.241991
vt 5.156636 3.241991
vt 5.596864 3.241991
vt 6.027917 3.241991
vt 6.448759 3.241991
vt 6.861635 3.241991
vt 7.271501 3.241991
vt 7.684377 3.241991
vt 8.105219 3.241991
vt 8.536272 3.241991
vt 8.976500 3.241991
vt 9.422091 3.241991
vt 0.000000 0.000000
vt 0.271713 0.000000
vt 0.545078 0.000000
vt 0.821283 0.000000
vt 1.100730 0.000000
vt 1.382954 0.000000
vt 1.666770 0.000000
vt 1.950587 0.000000
vt 2.232811 0.000000
vt 2.512258 0.000000
vt 2.788463 0.000000
vt 3.061828 0.000000
vt 3.333541 0.000000
vt 3.605254 0.000000
vt 3.878619 0.000000
vt 4.154824 0.000000
vt 4.434270 0.000000
vt 4.716495 0.000000
vt 5.000311 0.000000
vt 5.284127 0.000000
vt 5.566352 0.000000
vt 5.845799 0.000000
vt 6.122003 0.000000
vt 6.395369 0.000000
vt 6.667082 0.000000
vt 0.000000 0.206980
vt 0.271713 0.206980
vt 0.545078 0.206980
vt 0.821283 0.206980
vt 1.100730 0.206980
vt 1.382954 0.206980
vt 1.666770 0.206980
vt 1.950587 0.206980
vt 2.232811 0.206980
vt 2.512258 0.206980
vt 2.788463 0.206980
vt 3.061828 0.206980
vt 3.333541 0.206980
vt 3.605254 0.206980
vt 3.878619 0.206980
vt 4.154824 0.206980
vt 4.434270 0.206980
vt 4.716495 0.206980
vt 5.000311 0.206980
vt 5.284127 0.206980
vt 5.566352 0.206980
vt 5.845799 0.206980
vt 6.122003 0.206980
vt 6.395369 0.206980
vt 6.667082 0.206980
vt 0.000000 0.500687
vt 0.271713 0.500687
vt 0.545078 0.500687
vt 0.821283 0.500687
vt 1.100730 0.500687
vt 1.382954 0.500687
vt 1.666770 0.500687
vt 1.950587 0.500687
vt 2.232811 0.500687
vt 2.512258 0.500687
vt 2.788463 0.500687
vt 3.061828 0.500687
vt 3.333541 0.500687
vt 3.605254 0.500687
vt 3.878619 0.500687
vt 4.154824 0.500687
vt 4.434270 0.500687
vt 4.716495 0.500687
vt 5.000311 0.500687
vt 5.284127 0.500687
vt 5.566352 0.500687
vt 5.845799 0.500687
vt 6.122003 0.500687
vt 6.395369 0.500687
vt 6.667082 0.500687
vt 0.000000 0.781606
vt 0.271713 0.781606
vt 0.545078 0.781606
vt 0.821283 0.781606
vt 1.100730 0.781606
vt 1.382954 0.781606
vt 1.666770 0.781606
vt 1.950587 0.781606
vt 2.232811 0.781606
vt 2.512258 0.781606
vt 2.788463 0.781606
vt 3.061828 0.781606
vt 3.333541 0.781606
vt 3.605254 0.781606
vt 3.878619 0.781606
vt 4.154824 0.781606
vt 4.434270 0.781606
vt 4.716495 0.781606
vt 5.000311 0.781606
vt 5.284127 0.781606
vt 5.566352 0.781606
vt 5.845799 0.781606
vt 6.122003 0.781606
vt 6.395369 0.781606
vt 6.667082 0.781606
vt 0.000000 1.020441
vt 0.271713 1.020441
vt 0.545078 1.020441
vt 0.821283 1.020441
vt 1.100730 1.020441
vt 1.382954 1.020441
vt 1.666770 1.020441
vt 1.950587 1.020441
vt 2.232811 1.020441
vt 2.512258 1.020441
vt 2.788463 1.020441
vt 3.061828 1.020441
vt 3.333541 1.020441
vt 3.605254 1.020441
vt 3.878619 1.020441
vt 4.154824 1.020441
vt 4.434270 1.020441
vt 4.716495 1.020441
vt 5.000311 1.020441
vt 5.284127 1.020441
vt 5.566352 1.020441
vt 5.845799 1.020441
vt 6.122003 1.020441
vt 6.395369 1.020441
vt 6.667082 1.020441
vt 0.000000 1.252257
vt 0.271713 1.252257
vt 0.545078 1.252257
vt 0.821283 1.252257
vt 1.100730 1.252257
vt 1.382954 1.252257
vt 1.666770 1.252257
vt 1.950587 1.252257
vt 2.232811 1.252257
vt 2.512258 1.252257
vt 2.788463 1.252257
vt 3.061828 1.252257
vt 3.333541 1.252257
vt 3.605254 1.252257
vt 3.878619 1.252257
vt 4.154824 1.252257
vt 4.434270 1.252257
vt 4.716495 1.252257
vt 5.000311 1.252257
vt 5.284127 1.252257
vt 5.566352 1.252257
vt 5.845799 1.252257
vt 6.122003 1.252257
vt 6.395369 1.252257
vt 6.667082 1.252257
vt 0.000000 1.479818
vt 0.271713 1.479818
vt 0.545078 1.479818
vt 0.821283 1.479818
vt 1.100730 1.479818
vt 1.382954 1.479818
vt 1.666770 1.479818
vt 1.950587 1.479818
vt 2.232811 1.479818
vt 2.512258 1.479818
vt 2.788463 1.479818
vt 3.061828 1.479818
vt 3.333541 1.479818
vt 3.605254 1.479818
vt 3.878619 1.479818
vt 4.154824 1.479818
vt 4.434270 1.479818
vt 4.716495 1.479818
vt 5.000311 1.479818
vt 5.284127 1.479818
vt 5.566352 1.479818
vt 5.845799 1.479818
vt 6.122003 1.479818
vt 6.395369 1.479818
vt 6.667082 1.479818
vt 0.000000 1.715029
vt 0.271713 1.715029
vt 0.545078 1.715029
vt 0.821283 1.715029
vt 1.100730 1.715029
vt 1.382954 1.715029
vt 1.666770 1.715029
vt 1.950587 1.715029
vt 2.232811 1.715029
vt 2.512258 1.715029
vt 2.788463 1.715029
vt 3.061828 1.715029
vt 3.333541 1.715029
vt 3.605254 1.715029
vt 3.878619 1.715029
vt 4.154824 1.715029
vt 4.434270 1.715029
vt 4.716495 1.715029
vt 5.000311 1.715029
vt 5.284127 1.715029
vt 5.566352 1.715029
vt 5.845799 1.715029
vt 6.122003 1.715029
vt 6.395369 1.715029
vt 6.667082 1.715029
vt 0.000000 1.953867
vt 0.271713 1.953867
vt 0.545078 1.953867
vt 0.821283 1.953867
vt 1.100730 1.953867
vt 1.382954 1.953867
vt 1.666770 1.953867
vt 1.950587 1.953867
vt 2.232811 1.953867
vt 2.512258 1.953867
vt 2.788463 1.953867
vt 3.061828 1.953867
vt 3.333541 1.953867
vt 3.605254 1.953867
vt 3.878619 1.953867
vt 4.154824 1.953867
vt 4.434270 1.953867
vt 4.716495 1.953867
vt 5.000311 1.953867
vt 5.284127 1.953867
vt 5.566352 1.953867
vt 5.845799 1.953867
vt 6.122003 1.953867
vt 6.395369 1.953867
vt 6.667082 1.953867
vt 0.000000 2.170751
vt 0.271713 2.170751
vt 0.545078 2.170751
vt 0.821283 2.170751
vt 1.100730 2.170751
vt 1.382954 2.170751
vt 1.666770 2.170751
vt 1.950587 2.170751
vt 2.232811 2.170751
vt 2.512258 2.170751
vt 2.788463 2.170751
vt 3.061828 2.170751
vt 3.333541 2.170751
vt 3.605254 2.170751
vt 3.878619 2.170751
vt 4.154824 2.170751
vt 4.434270 2.170751
vt 4.716495 2.170751
vt 5.000311 2.170751
vt 5.284127 2.170751
vt 5.566352 2.170751
vt 5.845799 2.170751
vt 6.122003 2.170751
vt 6.395369 2.170751
vt 6.667082 2.170751
vt 0.000000 2.368088
vt 0.271713 2.368088
vt 0.545078 2.368088
vt 0.821283 2.368088
vt 1.100730 2.368088
vt 1.382954 2.368088
vt 1.666770 2.368088
vt 1.950587 2.368088
vt 2.232811 2.368088
vt 2.512258 2.368088
vt 2.788463 2.368088
vt 3.061828 2.368088
vt 3.333541 2.368088
vt 3.605254 2.368088
vt 3.878619 2.368088
vt 4.154824 2.368088
vt 4.434270 2.368088
vt 4.716495 2.368088
vt 5.000311 2.368088
vt 5.284127 2.368088
vt 5.566352 2.368088
vt 5.845799 2.368088
vt 6.122003 2.368088
vt 6.395369 2.368088
vt 6.667082 2.368088
vt 0.000000 2.545320
vt 0.271713 2.545320
vt 0.545078 2.545320
vt 0.821283 2.545320
vt 1.100730 2.545320
vt 1.382954 2.545320
vt 1.666770 2.545320
vt 1.950587 2.545320
vt 2.232811 2.545320
vt 2.512258 2.545320
vt 2.788463 2.545320
vt 3.061828 2.545320
vt 3.333541 2.545320
vt 3.605254 2.545320
vt 3.878619 2.545320
vt 4.154824 2.545320
vt 4.434270 2.545320
vt 4.716495 2.545320
vt 5.000311 2.545320
vt 5.284127 2.545320
vt 5.566352 2.545320
vt 5.845799 2.545320
vt 6.122003 2.545320
vt 6.395369 2.545320
vt 6.667082 2.545320
vt 0.000000 2.667445
vt 0.271713 2.667445
vt 0.545078 2.667445
vt 0.821283 2.667445
vt 1.100730 2.667445
vt 1.382954 2.667445
vt 1.666770 2.667445
vt 1.950587 2.667445
vt 2.232811 2.667445
vt 2.512258 2.667445
vt 2.788463 2.667445
vt 3.061828 2.667445
vt 3.333541 2.667445
vt 3.605254 2.667445
vt 3.878619 2.667445
vt 4.154824 2.667445
vt 4.434270 2.667445
vt 4.716495 2.667445
vt 5.000311 2.667445
vt 5.284127 2.667445
vt 5.566352 2.667445
vt 5.845799 2.667445
vt 6.122003 2.667445
vt 6.395369 2.667445
vt 6.667082 2.667445
vt -0.000000 4.360000
vt -0.000000 6.864000
vt 0.000000 0.000000
vt 0.216604 0.000000
vt 0.435341 0.000000
vt 0.657621 0.000000
vt 0.883694 0.000000
vt 1.112620 0.000000
vt 1.342601 0.000000
vt 1.571527 0.000000
vt 1.797600 0.000000
vt 2.019880 0.000000
vt 2.238618 0.000000
vt 2.455221 0.000000
vt 2.671825 0.000000
vt 2.890562 0.000000
vt 3.112843 0.000000
vt 3.338916 0.000000
vt 3.567842 0.000000
vt 3.797823 0.000000
vt 4.026749 0.000000
vt 4.252822 0.000000
vt 4.475102 0.000000
vt 4.693839 0.000000
vt 4.910443 0.000000
vt 0.000000 0.114573
vt 0.216604 0.114573
vt 0.435341 0.114573
vt 0.657621 0.114573
vt 0.883694 0.114573
vt 1.112620 0.114573
vt 1.342601 0.114573
vt 1.571527 0.114573
vt 1.797600 0.114573
vt 2.019880 0.114573
vt 2.238618 0.114573
vt 2.455221 0.114573
vt 2.671825 0.114573
vt 2.890562 0.114573
vt 3.112843 0.114573
vt 3.338916 0.114573
vt 3.567842 0.114573
vt 3.797823 0.114573
vt 4.026749 0.114573
vt 4.252822 0.114573
vt 4.475102 0.114573
vt 4.693839 0.114573
vt 4.910443 0.114573
vt 0.000000 0.278317
vt 0.216604 0.278317
vt 0.435341 0.278317
vt 0.657621 0.278317
vt 0.883694 0.278317
vt 1.112620 0.278317
vt 1.342601 0.278317
vt 1.571527 0.278317
vt 1.797600 0.278317
vt 2.019880 0.278317
vt 2.238618 0.278317
vt 2.455221 0.278317
vt 2.671825 0.278317
vt 2.890562 0.278317
vt 3.112843 0.278317
vt 3.338916 0.278317
vt 3.567842 0.278317
vt 3.797823 0.278317
vt 4.026749 0.278317
vt 4.252822 0.278317
vt 4.475102 0.278317
vt 4.693839 0.278317
vt 4.910443 0.278317
vt 0.000000 0.442546
vt 0.216604 0.442546
vt 0.435341 0.442546
vt 0.657621 0.442546
vt 0.883694 0.442546
vt 1.112620 0.442546
vt 1.342601 0.442546
vt 1.571527 0.442546
vt 1.797600 0.442546
vt 2.019880 0.442546
vt 2.238618 0.442546
vt 2.455221 0.442546
vt 2.671825 0.442546
vt 2.890562 0.442546
vt 3.112843 0.442546
vt 3.338916 0.442546
vt 3.567842 0.442546
vt 3.797823 0.442546
vt 4.026749 0.442546
vt 4.252822 0.442546
vt 4.475102 0.442546
vt 4.693839 0.442546
vt 4.910443 0.442546
vt 0.000000 0.592818
vt 0.216604 0.592818
vt 0.435341 0.592818
vt 0.657621 0.592818
vt 0.883694 0.592818
vt 1.112620 0.592818
vt 1.342601 0.592818
vt 1.571527 0.592818
vt 1.797600 0.592818
vt 2.019880 0.592818
vt 2.238618 0.592818
vt 2.455221 0.592818
vt 2.671825 0.592818
vt 2.890562 0.592818
vt 3.112843 0.592818
vt 3.338916 0.592818
vt 3.567842 0.592818
vt 3.797823 0.592818
vt 4.026749 0.592818
vt 4.252822 0.592818
vt 4.475102 0.592818
vt 4.693839 0.592818
vt 4.910443 0.592818
vt 0.000000 0.743639
vt 0.216604 0.743639
vt 0.435341 0.743639
vt 0.657621 0.743639
vt 0.883694 0.743639
vt 1.112620 0.743639
vt 1.342601 0.743639
vt 1.571527 0.743639
vt 1.797600 0.743639
vt 2.019880 0.743639
vt 2.238618 0.743639
vt 2.455221 0.743639
vt 2.671825 0.743639
vt 2.890562 0.743639
vt 3.112843 0.743639
vt 3.338916 0.743639
vt 3.567842 0.743639
vt 3.797823 0.743639
vt 4.026749 0.743639
vt 4.252822 0.743639
vt 4.475102 0.743639
vt 4.693839 0.743639
vt 4.910443 0.743639
vt 0.000000 0.889774
vt 0.216604 0.889774
vt 0.435341 0.889774
vt 0.657621 0.889774
vt 0.883694 0.889774
vt 1.112620 0.889774
vt 1.342601 0.889774
vt 1.571527 0.889774
vt 1.797600 0.889774
vt 2.019880 0.889774
vt 2.238618 0.889774
vt 2.455221 0.889774
vt 2.671825 0.889774
vt 2.890562 0.889774
vt 3.112843 0.889774
vt 3.338916 0.889774
vt 3.567842 0.889774
vt 3.797823 0.889774
vt 4.026749 0.889774
vt 4.252822 0.889774
vt 4.475102 0.889774
vt 4.693839 0.889774
vt 4.910443 0.889774
vt 0.000000 1.034835
vt 0.216604 1.034835
vt 0.435341 1.034835
vt 0.657621 1.034835
vt 0.883694 1.034835
vt 1.112620 1.034835
vt 1.342601 1.034835
vt 1.571527 1.034835
vt 1.797600 1.034835
vt 2.019880 1.034835
vt 2.238618 1.034835
vt 2.455221 1.034835
vt 2.671825 1.034835
vt 2.890562 1.034835
vt 3.112843 1.034835
vt 3.338916 1.034835
vt 3.567842 1.034835
vt 3.797823 1.034835
vt 4.026749 1.034835
vt 4.252822 1.034835
vt 4.475102 1.034835
vt 4.693839 1.034835
vt 4.910443 1.034835
vt 0.000000 1.175224
vt 0.216604 1.175224
vt 0.435341 1.175224
vt 0.657621 1.175224
vt 0.883694 1.175224
vt 1.112620 1.175224
vt 1.342601 1.175224
vt 1.571527 1.175224
vt 1.797600 1.175224
vt 2.019880 1.175224
vt 2.238618 1.175224
vt 2.455221 1.175224
vt 2.671825 1.175224
vt 2.890562 1.175224
vt 3.112843 1.175224
vt 3.338916 1.175224
vt 3.567842 1.175224
vt 3.797823 1.175224
vt 4.026749 1.175224
vt 4.252822 1.175224
vt 4.475102 1.175224
vt 4.693839 1.175224
vt 4.910443 1.175224
vt 0.000000 1.294865
vt 0.216604 1.294865
vt 0.435341 1.294865
vt 0.657621 1.294865
vt 0.883694 1.294865
vt 1.112620 1.294865
vt 1.342601 1.294865
vt 1.571527 1.294865
vt 1.797600 1.294865
vt 2.019880 1.294865
vt 2.238618 1.294865
vt 2.455221 1.294865
vt 2.671825 1.294865
vt 2.890562 1.294865
vt 3.112843 1.294865
vt 3.338916 1.294865
vt 3.567842 1.294865
vt 3.797823 1.294865
vt 4.026749 1.294865
vt 4.252822 1.294865
vt 4.475102 1.294865
vt 4.693839 1.294865
vt 4.910443 1.294865
vt 0.000000 1.389569
vt 0.216604 1.389569
vt 0.435341 1.389569
vt 0.657621 1.389569
vt 0.883694 1.389569
vt 1.112620 1.389569
vt 1.342601 1.389569
vt 1.571527 1.389569
vt 1.797600 1.389569
vt 2.019880 1.389569
vt 2.238618 1.389569
vt 2.455221 1.389569
vt 2.671825 1.389569
vt 2.890562 1.389569
vt 3.112843 1.389569
vt 3.338916 1.389569
vt 3.567842 1.389569
vt 3.797823 1.389569
vt 4.026749 1.389569
vt 4.252822 1.389569
vt 4.475102 1.389569
vt 4.693839 1.389569
vt 4.910443 1.389569
vt 0.000000 1.463527
vt 0.216604 1.463527
vt 0.435341 1.463527
vt 0.657621 1.463527
vt 0.883694 1.463527
vt 1.112620 1.463527
vt 1.342601 1.463527
vt 1.571527 1.463527
vt 1.797600 1.463527
vt 2.019880 1.463527
vt 2.238618 1.463527
vt 2.455221 1.463527
vt 2.671825 1.463527
vt 2.890562 1.463527
vt 3.112843 1.463527
vt 3.338916 1.463527
vt 3.567842 1.463527
vt 3.797823 1.463527
vt 4.026749 1.463527
vt 4.252822 1.463527
vt 4.475102 1.463527
vt 4.693839 1.463527
vt 4.910443 1.463527
vt 0.000000 1.513224
vt 0.216604 1.513224
vt 0.435341 1.513224
vt 0.657621 1.513224
vt 0.883694 1.513224
vt 1.112620 1.513224
vt 1.342601 1.513224
vt 1.571527 1.513224
vt 1.797600 1.513224
vt 2.019880 1.513224
vt 2.238618 1.513224
vt 2.455221 1.513224
vt 2.671825 1.513224
vt 2.890562 1.513224
vt 3.112843 1.513224
vt 3.338916 1.513224
vt 3.567842 1.513224
vt 3.797823 1.513224
vt 4.026749 1.513224
vt 4.252822 1.513224
vt 4.475102 1.513224
vt 4.693839 1.513224
vt 4.910443 1.513224
vt -0.000000 6.688000
vt -0.000000 8.176000
vt 0.000000 0.000000
vt 0.138230 0.000000
vt 0.276460 0.000000
vt 0.414690 0.000000
vt 0.552920 0.000000
vt 0.691150 0.000000
vt 0.829380 0.000000
vt 0.967611 0.000000
vt 1.105841 0.000000
vt 1.244071 0.000000
vt 1.382301 0.000000
vt 1.520531 0.000000
vt 1.658761 0.000000
vt 1.796991 0.000000
vt 1.935221 0.000000
vt 2.073451 0.000000
vt 2.211681 0.000000
vt 0.000000 0.091890
vt 0.138230 0.091890
vt 0.276460 0.091890
vt 0.414690 0.091890
vt 0.552920 0.091890
vt 0.691150 0.091890
vt 0.829380 0.091890
vt 0.967611 0.091890
vt 1.105841 0.091890
vt 1.244071 0.091890
vt 1.382301 0.091890
vt 1.520531 0.091890
vt 1.658761 0.091890
vt 1.796991 0.091890
vt 1.935221 0.091890
vt 2.073451 0.091890
vt 2.211681 0.091890
vt 0.000000 0.183781
vt 0.138230 0.183781
vt 0.276460 0.183781
vt 0.414690 0.183781
vt 0.552920 0.183781
vt 0.691150 0.183781
vt 0.829380 0.183781
vt 0.967611 0.183781
vt 1.105841 0.183781
vt 1.244071 0.183781
vt 1.382301 0.183781
vt 1.520531 0.183781
vt 1.658761 0.183781
vt 1.796991 0.183781
vt 1.935221 0.183781
vt 2.073451 0.183781
vt 2.211681 0.183781
vt 0.000000 0.275671
vt 0.138230 0.275671
vt 0.276460 0.275671
vt 0.414690 0.275671
vt 0.552920 0.275671
vt 0.691150 0.275671
vt 0.829380 0.275671
vt 0.967611 0.275671
vt 1.105841 0.275671
vt 1.244071 0.275671
vt 1.382301 0.275671
vt 1.520531 0.275671
vt 1.658761 0.275671
vt 1.796991 0.275671
vt 1.935221 0.275671
vt 2.073451 0.275671
vt 2.211681 0.275671
vt 0.000000 0.367562
vt 0.138230 0.367562
vt 0.276460 0.367562
vt 0.414690 0.367562
vt 0.552920 0.367562
vt 0.691150 0.367562
vt 0.829380 0.367562
vt 0.967611 0.367562
vt 1.105841 0.367562
vt 1.244071 0.367562
vt 1.382301 0.367562
vt 1.520531 0.367562
vt 1.658761 0.367562
vt 1.796991 0.367562
vt 1.935221 0.367562
vt 2.073451 0.367562
vt 2.211681 0.367562
vt 0.000000 0.459452
vt 0.138230 0.459452
vt 0.276460 0.459452
vt 0.414690 0.459452
vt 0.552920 0.459452
vt 0.691150 0.459452
vt 0.829380 0.459452
vt 0.967611 0.459452
vt 1.105841 0.459452
vt 1.244071 0.459452
vt 1.382301 0.459452
vt 1.520531 0.459452
vt 1.658761 0.459452
vt 1.796991 0.459452
vt 1.935221 0.459452
vt 2.073451 0.459452
vt 2.211681 0.459452
vt 0.000000 0.551343
vt 0.138230 0.551343
vt 0.276460 0.551343
vt 0.414690 0.551343
vt 0.552920 0.551343
vt 0.691150 0.551343
vt 0.829380 0.551343
vt 0.967611 0.551343
vt 1.105841 0.551343
vt 1.244071 0.551343
vt 1.382301 0.551343
vt 1.520531 0.551343
vt 1.658761 0.551343
vt 1.796991 0.551343
vt 1.935221 0.551343
vt 2.073451 0.551343
vt 2.211681 0.551343
vt 0.000000 0.643233
vt 0.138230 0.643233
vt 0.276460 0.643233
vt 0.414690 0.643233
vt 0.552920 0.643233
vt 0.691150 0.643233
vt 0.829380 0.643233
vt 0.967611 0.643233
vt 1.105841 0.643233
vt 1.244071 0.643233
vt 1.382301 0.643233
vt 1.520531 0.643233
vt 1.658761 0.643233
vt 1.796991 0.643233
vt 1.935221 0.643233
vt 2.073451 0.643233
vt 2.211681 0.643233
vt 0.000000 0.735124
vt 0.138230 0.735124
vt 0.276460 0.735124
vt 0.414690 0.735124
vt 0.552920 0.735124
vt 0.691150 0.735124
vt 0.829380 0.735124
vt 0.967611 0.735124
vt 1.105841 0.735124
vt 1.244071 0.735124
vt 1.382301 0.735124
vt 1.520531 0.735124
vt 1.658761 0.735124
vt 1.796991 0.735124
vt 1.935221 0.735124
vt 2.073451 0.735124
vt 2.211681 0.735124
vt 0.000000 0.827014
vt 0.138230 0.827014
vt 0.276460 0.827014
vt 0.414690 0.827014
vt 0.552920 0.827014
vt 0.691150 0.827014
vt 0.829380 0.827014
vt 0.967611 0.827014
vt 1.105841 0.827014
vt 1.244071 0.827014
vt 1.382301 0.827014
vt 1.520531 0.827014
vt 1.658761 0.827014
vt 1.796991 0.827014
vt 1.935221 0.827014
vt 2.073451 0.827014
vt 2.211681 0.827014
vt 0.000000 0.918904
vt 0.138230 0.918904
vt 0.276460 0.918904
vt 0.414690 0.918904
vt 0.552920 0.918904
vt 0.691150 0.918904
vt 0.829380 0.918904
vt 0.967611 0.918904
vt 1.105841 0.918904
vt 1.244071 0.918904
vt 1.382301 0.918904
vt 1.520531 0.918904
vt 1.658761 0.918904
vt 1.796991 0.918904
vt 1.935221 0.918904
vt 2.073451 0.918904
vt 2.211681 0.918904
vt 0.000000 1.010795
vt 0.138230 1.010795
vt 0.276460 1.010795
vt 0.414690 1.010795
vt 0.552920 1.010795
vt 0.691150 1.010795
vt 0.829380 1.010795
vt 0.967611 1.010795
vt 1.105841 1.010795
vt 1.244071 1.010795
vt 1.382301 1.010795
vt 1.520531 1.010795
vt 1.658761 1.010795
vt 1.796991 1.010795
vt 1.935221 1.010795
vt 2.073451 1.010795
vt 2.211681 1.010795
vt 0.000000 1.102685
vt 0.138230 1.102685
vt 0.276460 1.102685
vt 0.414690 1.102685
vt 0.552920 1.102685
vt 0.691150 1.102685
vt 0.829380 1.102685
vt 0.967611 1.102685
vt 1.105841 1.102685
vt 1.244071 1.102685
vt 1.382301 1.102685
vt 1.520531 1.102685
vt 1.658761 1.102685
vt 1.796991 1.102685
vt 1.935221 1.102685
vt 2.073451 1.102685
vt 2.211681 1.102685
vt 0.000000 0.000000
vt 0.056575 0.000000
vt 0.124560 0.000000
vt 0.198724 0.000000
vt 0.266709 0.000000
vt 0.323284 0.000000
vt 0.379859 0.000000
vt 0.447843 0.000000
vt 0.522008 0.000000
vt 0.589992 0.000000
vt 0.646567 0.000000
vt 0.000000 0.624820
vt 0.056575 0.624820
vt 0.124560 0.624820
vt 0.198724 0.624820
vt 0.266709 0.624820
vt 0.323284 0.624820
vt 0.379859 0.624820
vt 0.447843 0.624820
vt 0.522008 0.624820
vt 0.589992 0.624820
vt 0.646567 0.624820
vt 0.000000 1.109332
vt 0.056575 1.109332
vt 0.124560 1.109332
vt 0.198724 1.109332
vt 0.266709 1.109332
vt 0.323284 1.109332
vt 0.379859 1.109332
vt 0.447843 1.109332
vt 0.522008 1.109332
vt 0.589992 1.109332
vt 0.646567 1.109332
vt 0.384000 7.920000
vt 0.688000 6.864000
vt 0.000000 0.000000
vt 0.056575 0.000000
vt 0.124560 0.000000
vt 0.198724 0.000000
vt 0.266709 0.000000
vt 0.323284 0.000000
vt 0.379859 0.000000
vt 0.447843 0.000000
vt 0.522008 0.000000
vt 0.589992 0.000000
vt 0.646567 0.000000
vt 0.000000 0.624820
vt 0.056575 0.624820
vt 0.124560 0.624820
vt 0.198724 0.624820
vt 0.266709 0.624820
vt 0.323284 0.624820
vt 0.379859 0.624820
vt 0.447843 0.624820
vt 0.522008 0.624820
vt 0.589992 0.624820
vt 0.646567 0.624820
vt 0.000000 1.109332
vt 0.056575 1.109332
vt 0.124560 1.109332
vt 0.198724 1.109332
vt 0.266709 1.109332
vt 0.323284 1.109332
vt 0.379859 1.109332
vt 0.447843 1.109332
vt 0.522008 1.109332
vt 0.589992 1.109332
vt 0.646567 1.109332
vt -0.384000 7.920000
vt -0.688000 6.864000
vt 0.000000 0.000000
vt 0.091106 0.000000
vt 0.182212 0.000000
vt 0.273319 0.000000
vt 0.364425 0.000000
vt 0.455531 0.000000
vt 0.546637 0.000000
vt 0.637743 0.000000
vt 0.728849 0.000000
vt 0.819956 0.000000
vt 0.911062 0.000000
vt 1.002168 0.000000
vt 1.093274 0.000000
vt 1.184380 0.000000
vt 1.275487 0.000000
vt 1.366593 0.000000
vt 1.457699 0.000000
vt 0.000000 0.060564
vt 0.091106 0.060564
vt 0.182212 0.060564
vt 0.273319 0.060564
vt 0.364425 0.060564
vt 0.455531 0.060564
vt 0.546637 0.060564
vt 0.637743 0.060564
vt 0.728849 0.060564
vt 0.819956 0.060564
vt 0.911062 0.060564
vt 1.002168 0.060564
vt 1.093274 0.060564
vt 1.184380 0.060564
vt 1.275487 0.060564
vt 1.366593 0.060564
vt 1.457699 0.060564
vt 0.000000 0.121128
vt 0.091106 0.121128
vt 0.182212 0.121128
vt 0.273319 0.121128
vt 0.364425 0.121128
vt 0.455531 0.121128
vt 0.546637 0.121128
vt 0.637743 0.121128
vt 0.728849 0.121128
vt 0.819956 0.121128
vt 0.911062 0.121128
vt 1.002168 0.121128
vt 1.093274 0.121128
vt 1.184380 0.121128
vt 1.275487 0.121128
vt 1.366593 0.121128
vt 1.457699 0.121128
vt 0.000000 0.181692
vt 0.091106 0.181692
vt 0.182212 0.181692
vt 0.273319 0.181692
vt 0.364425 0.181692
vt 0.455531 0.181692
vt 0.546637 0.181692
vt 0.637743 0.181692
vt 0.728849 0.181692
vt 0.819956 0.181692
vt 0.911062 0.181692
vt 1.002168 0.181692
vt 1.093274 0.181692
vt 1.184380 0.181692
vt 1.275487 0.181692
vt 1.366593 0.181692
vt 1.457699 0.181692
vt 0.000000 0.242257
vt 0.091106 0.242257
vt 0.182212 0.242257
vt 0.273319 0.242257
vt 0.364425 0.242257
vt 0.455531 0.242257
vt 0.546637 0.242257
vt 0.637743 0.242257
vt 0.728849 0.242257
vt 0.819956 0.242257
vt 0.911062 0.242257
vt 1.002168 0.242257
vt 1.093274 0.242257
vt 1.184380 0.242257
vt 1.275487 0.242257
vt 1.366593 0.242257
vt 1.457699 0.242257
vt 0.000000 0.302821
vt 0.091106 0.302821
vt 0.182212 0.302821
vt 0.273319 0.302821
vt 0.364425 0.302821
vt 0.455531 0.302821
vt 0.546637 0.302821
vt 0.637743 0.302821
vt 0.728849 0.302821
vt 0.819956 0.302821
vt 0.911062 0.302821
vt 1.002168 0.302821
vt 1.093274 0.302821
vt 1.184380 0.302821
vt 1.275487 0.302821
vt 1.366593 0.302821
vt 1.457699 0.302821
vt 0.000000 0.363385
vt 0.091106 0.363385
vt 0.182212 0.363385
vt 0.273319 0.363385
vt 0.364425 0.363385
vt 0.455531 0.363385
vt 0.546637 0.363385
vt 0.637743 0.363385
vt 0.728849 0.363385
vt 0.819956 0.363385
vt 0.911062 0.363385
vt 1.002168 0.363385
vt 1.093274 0.363385
vt 1.184380 0.363385
vt 1.275487 0.363385
vt 1.366593 0.363385
vt 1.457699 0.363385
vt 0.000000 0.423949
vt 0.091106 0.423949
vt 0.182212 0.423949
vt 0.273319 0.423949
vt 0.364425 0.423949
vt 0.455531 0.423949
vt 0.546637 0.423949
vt 0.637743 0.423949
vt 0.728849 0.423949
vt 0.819956 0.423949
vt 0.911062 0.423949
vt 1.002168 0.423949
vt 1.093274 0.423949
vt 1.184380 0.423949
vt 1.275487 0.423949
vt 1.366593 0.423949
vt 1.457699 0.423949
vt 0.000000 0.484513
vt 0.091106 0.484513
vt 0.182212 0.484513
vt 0.273319 0.484513
vt 0.364425 0.484513
vt 0.455531 0.484513
vt 0.546637 0.484513
vt 0.637743 0.484513
vt 0.728849 0.484513
vt 0.819956 0.484513
vt 0.911062 0.484513
vt 1.002168 0.484513
vt 1.093274 0.484513
vt 1.184380 0.484513
vt 1.275487 0.484513
vt 1.366593 0.484513
vt 1.457699 0.484513
vt 0.000000 0.545077
vt 0.091106 0.545077
vt 0.182212 0.545077
vt 0.273319 0.545077
vt 0.364425 0.545077
vt 0.455531 0.545077
vt 0.546637 0.545077
vt 0.637743 0.545077
vt 0.728849 0.545077
vt 0.819956 0.545077
vt 0.911062 0.545077
vt 1.002168 0.545077
vt 1.093274 0.545077
vt 1.184380 0.545077
vt 1.275487 0.545077
vt 1.366593 0.545077
vt 1.457699 0.545077
vt 0.000000 0.605642
vt 0.091106 0.605642
vt 0.182212 0.605642
vt 0.273319 0.605642
vt 0.364425 0.605642
vt 0.455531 0.605642
vt 0.546637 0.605642
vt 0.637743 0.605642
vt 0.728849 0.605642
vt 0.819956 0.605642
vt 0.911062 0.605642
vt 1.002168 0.605642
vt 1.093274 0.605642
vt 1.184380 0.605642
vt 1.275487 0.605642
vt 1.366593 0.605642
vt 1.457699 0.605642
vt 0.000000 0.666206
vt 0.091106 0.666206
vt 0.182212 0.666206
vt 0.273319 0.666206
vt 0.364425 0.666206
vt 0.455531 0.666206
vt 0.546637 0.666206
vt 0.637743 0.666206
vt 0.728849 0.666206
vt 0.819956 0.666206
vt 0.911062 0.666206
vt 1.002168 0.666206
vt 1.093274 0.666206
vt 1.184380 0.666206
vt 1.275487 0.666206
vt 1.366593 0.666206
vt 1.457699 0.666206
vt 0.000000 0.726770
vt 0.091106 0.726770
vt 0.182212 0.726770
vt 0.273319 0.726770
vt 0.364425 0.726770
vt 0.455531 0.726770
vt 0.546637 0.726770
vt 0.637743 0.726770
vt 0.728849 0.726770
vt 0.819956 0.726770
vt 0.911062 0.726770
vt 1.002168 0.726770
vt 1.093274 0.726770
vt 1.184380 0.726770
vt 1.275487 0.726770
vt 1.366593 0.726770
vt 1.457699 0.726770
vt 0.000000 0.000000
vt 0.062832 0.000000
vt 0.125664 0.000000
vt 0.188496 0.000000
vt 0.251327 0.000000
vt 0.314159 0.000000
vt 0.376991 0.000000
vt 0.439823 0.000000
vt 0.502655 0.000000
vt 0.565487 0.000000
vt 0.628319 0.000000
vt 0.691150 0.000000
vt 0.753982 0.000000
vt 0.000000 0.046822
vt 0.062832 0.046822
vt 0.125664 0.046822
vt 0.188496 0.046822
vt 0.251327 0.046822
vt 0.314159 0.046822
vt 0.376991 0.046822
vt 0.439823 0.046822
vt 0.502655 0.046822
vt 0.565487 0.046822
vt 0.628319 0.046822
vt 0.691150 0.046822
vt 0.753982 0.046822
vt 0.000000 0.093643
vt 0.062832 0.093643
vt 0.125664 0.093643
vt 0.188496 0.093643
vt 0.251327 0.093643
vt 0.314159 0.093643
vt 0.376991 0.093643
vt 0.439823 0.093643
vt 0.502655 0.093643
vt 0.565487 0.093643
vt 0.628319 0.093643
vt 0.691150 0.093643
vt 0.753982 0.093643
vt 0.000000 0.140465
vt 0.062832 0.140465
vt 0.125664 0.140465
vt 0.188496 0.140465
vt 0.251327 0.140465
vt 0.314159 0.140465
vt 0.376991 0.140465
vt 0.439823 0.140465
vt 0.502655 0.140465
vt 0.565487 0.140465
vt 0.628319 0.140465
vt 0.691150 0.140465
vt 0.753982 0.140465
vt 0.000000 0.187287
vt 0.062832 0.187287
vt 0.125664 0.187287
vt 0.188496 0.187287
vt 0.251327 0.187287
vt 0.314159 0.187287
vt 0.376991 0.187287
vt 0.439823 0.187287
vt 0.502655 0.187287
vt 0.565487 0.187287
vt 0.628319 0.187287
vt 0.691150 0.187287
vt 0.753982 0.187287
vt 0.000000 0.234108
vt 0.062832 0.234108
vt 0.125664 0.234108
vt 0.188496 0.234108
vt 0.251327 0.234108
vt 0.314159 0.234108
vt 0.376991 0.234108
vt 0.439823 0.234108
vt 0.502655 0.234108
vt 0.565487 0.234108
vt 0.628319 0.234108
vt 0.691150 0.234108
vt 0.753982 0.234108
vt 0.000000 0.280930
vt 0.062832 0.280930
vt 0.125664 0.280930
vt 0.188496 0.280930
vt 0.251327 0.280930
vt 0.314159 0.280930
vt 0.376991 0.280930
vt 0.439823 0.280930
vt 0.502655 0.280930
vt 0.565487 0.280930
vt 0.628319 0.280930
vt 0.691150 0.280930
vt 0.753982 0.280930
vt 0.000000 0.327752
vt 0.062832 0.327752
vt 0.125664 0.327752
vt 0.188496 0.327752
vt 0.251327 0.327752
vt 0.314159 0.327752
vt 0.376991 0.327752
vt 0.439823 0.327752
vt 0.502655 0.327752
vt 0.565487 0.327752
vt 0.628319 0.327752
vt 0.691150 0.327752
vt 0.753982 0.327752
vt 0.000000 0.374573
vt 0.062832 0.374573
vt 0.125664 0.374573
vt 0.188496 0.374573
vt 0.251327 0.374573
vt 0.314159 0.374573
vt 0.376991 0.374573
vt 0.439823 0.374573
vt 0.502655 0.374573
vt 0.565487 0.374573
vt 0.628319 0.374573
vt 0.691150 0.374573
vt 0.753982 0.374573
vt 0.000000 0.000000
vt 0.091106 0.000000
vt 0.182212 0.000000
vt 0.273319 0.000000
vt 0.364425 0.000000
vt 0.455531 0.000000
vt 0.546637 0.000000
vt 0.637743 0.000000
vt 0.728849 0.000000
vt 0.819956 0.000000
vt 0.911062 0.000000
vt 1.002168 0.000000
vt 1.093274 0.000000
vt 1.184380 0.000000
vt 1.275487 0.000000
vt 1.366593 0.000000
vt 1.457699 0.000000
vt 0.000000 0.060564
vt 0.091106 0.060564
vt 0.182212 0.060564
vt 0.273319 0.060564
vt 0.364425 0.060564
vt 0.455531 0.060564
vt 0.546637 0.060564
vt 0.637743 0.060564
vt 0.728849 0.060564
vt 0.819956 0.060564
vt 0.911062 0.060564
vt 1.002168 0.060564
vt 1.093274 0.060564
vt 1.184380 0.060564
vt 1.275487 0.060564
vt 1.366593 0.060564
vt 1.457699 0.060564
vt 0.000000 0.121128
vt 0.091106 0.121128
vt 0.182212 0.121128
vt 0.273319 0.121128
vt 0.364425 0.121128
vt 0.455531 0.121128
vt 0.546637 0.121128
vt 0.637743 0.121128
vt 0.728849 0.121128
vt 0.819956 0.121128
vt 0.911062 0.121128
vt 1.002168 0.121128
vt 1.093274 0.121128
vt 1.184380 0.121128
vt 1.275487 0.121128
vt 1.366593 0.121128
vt 1.457699 0.121128
vt 0.000000 0.181692
vt 0.091106 0.181692
vt 0.182212 0.181692
vt 0.273319 0.181692
vt 0.364425 0.181692
vt 0.455531 0.181692
vt 0.546637 0.181692
vt 0.637743 0.181692
vt 0.728849 0.181692
vt 0.819956 0.181692
vt 0.911062 0.181692
vt 1.002168 0.181692
vt 1.093274 0.181692
vt 1.184380 0.181692
vt 1.275487 0.181692
vt 1.366593 0.181692
vt 1.457699 0.181692
vt 0.000000 0.242257
vt 0.091106 0.242257
vt 0.182212 0.242257
vt 0.273319 0.242257
vt 0.364425 0.242257
vt 0.455531 0.242257
vt 0.546637 0.242257
vt 0.637743 0.242257
vt 0.728849 0.242257
vt 0.819956 0.242257
vt 0.911062 0.242257
vt 1.002168 0.242257
vt 1.093274 0.242257
vt 1.184380 0.242257
vt 1.275487 0.242257
vt 1.366593 0.242257
vt 1.457699 0.242257
vt 0.000000 0.302821
vt 0.091106 0.302821
vt 0.182212 0.302821
vt 0.273319 0.302821
vt 0.364425 0.302821
vt 0.455531 0.302821
vt 0.546637 0.302821
vt 0.637743 0.302821
vt 0.728849 0.302821
vt 0.819956 0.302821
vt 0.911062 0.302821
vt 1.002168 0.302821
vt 1.093274 0.302821
vt 1.184380 0.302821
vt 1.275487 0.302821
vt 1.366593 0.302821
vt 1.457699 0.302821
vt 0.000000 0.363385
vt 0.091106 0.363385
vt 0.182212 0.363385
vt 0.273319 0.363385
vt 0.364425 0.363385
vt 0.455531 0.363385
vt 0.546637 0.363385
vt 0.637743 0.363385
vt 0.728849 0.363385
vt 0.819956 0.363385
vt 0.911062 0.363385
vt 1.002168 0.363385
vt 1.093274 0.363385
vt 1.184380 0.363385
vt 1.275487 0.363385
vt 1.366593 0.363385
vt 1.457699 0.363385
vt 0.000000 0.423949
vt 0.091106 0.423949
vt 0.182212 0.423949
vt 0.273319 0.423949
vt 0.364425 0.423949
vt 0.455531 0.423949
vt 0.546637 0.423949
vt 0.637743 0.423949
vt 0.728849 0.423949
vt 0.819956 0.423949
vt 0.911062 0.423949
vt 1.002168 0.423949
vt 1.093274 0.423949
vt 1.184380 0.423949
vt 1.275487 0.423949
vt 1.366593 0.423949
vt 1.457699 0.423949
vt 0.000000 0.484513
vt 0.091106 0.484513
vt 0.182212 0.484513
vt 0.273319 0.484513
vt 0.364425 0.484513
vt 0.455531 0.484513
vt 0.546637 0.484513
vt 0.637743 0.484513
vt 0.728849 0.484513
vt 0.819956 0.484513
vt 0.911062 0.484513
vt 1.002168 0.484513
vt 1.093274 0.484513
vt 1.184380 0.484513
vt 1.275487 0.484513
vt 1.366593 0.484513
vt 1.457699 0.484513
vt 0.000000 0.545077
vt 0.091106 0.545077
vt 0.182212 0.545077
vt 0.273319 0.545077
vt 0.364425 0.545077
vt 0.455531 0.545077
vt 0.546637 0.545077
vt 0.637743 0.545077
vt 0.728849 0.545077
vt 0.819956 0.545077
vt 0.911062 0.545077
vt 1.002168 0.545077
vt 1.093274 0.545077
vt 1.184380 0.545077
vt 1.275487 0.545077
vt 1.366593 0.545077
vt 1.457699 0.545077
vt 0.000000 0.605642
vt 0.091106 0.605642
vt 0.182212 0.605642
vt 0.273319 0.605642
vt 0.364425 0.605642
vt 0.455531 0.605642
vt 0.546637 0.605642
vt 0.637743 0.605642
vt 0.728849 0.605642
vt 0.819956 0.605642
vt 0.911062 0.605642
vt 1.002168 0.605642
vt 1.093274 0.605642
vt 1.184380 0.605642
vt 1.275487 0.605642
vt 1.366593 0.605642
vt 1.457699 0.605642
vt 0.000000 0.666206
vt 0.091106 0.666206
vt 0.182212 0.666206
vt 0.273319 0.666206
vt 0.364425 0.666206
vt 0.455531 0.666206
vt 0.546637 0.666206
vt 0.637743 0.666206
vt 0.728849 0.666206
vt 0.819956 0.666206
vt 0.911062 0.666206
vt 1.002168 0.666206
vt 1.093274 0.666206
vt 1.184380 0.666206
vt 1.275487 0.666206
vt 1.366593 0.666206
vt 1.457699 0.666206
vt 0.000000 0.726770
vt 0.091106 0.726770
vt 0.182212 0.726770
vt 0.273319 0.726770
vt 0.364425 0.726770
vt 0.455531 0.726770
vt 0.546637 0.726770
vt 0.637743 0.726770
vt 0.728849 0.726770
vt 0.819956 0.726770
vt 0.911062 0.726770
vt 1.002168 0.726770
vt 1.093274 0.726770
vt 1.184380 0.726770
vt 1.275487 0.726770
vt 1.366593 0.726770
vt 1.457699 0.726770
vt 0.000000 0.000000
vt 0.062832 0.000000
vt 0.125664 0.000000
vt 0.188496 0.000000
vt 0.251327 0.000000
vt 0.314159 0.000000
vt 0.376991 0.000000
vt 0.439823 0.000000
vt 0.502655 0.000000
vt 0.565487 0.000000
vt 0.628319 0.000000
vt 0.691150 0.000000
vt 0.753982 0.000000
vt 0.000000 0.046822
vt 0.062832 0.046822
vt 0.125664 0.046822
vt 0.188496 0.046822
vt 0.251327 0.046822
vt 0.314159 0.046822
vt 0.376991 0.046822
vt 0.439823 0.046822
vt 0.502655 0.046822
vt 0.565487 0.046822
vt 0.628319 0.046822
vt 0.691150 0.046822
vt 0.753982 0.046822
vt 0.000000 0.093643
vt 0.062832 0.093643
vt 0.125664 0.093643
vt 0.188496 0.093643
vt 0.251327 0.093643
vt 0.314159 0.093643
vt 0.376991 0.093643
vt 0.439823 0.093643
vt 0.502655 0.093643
vt 0.565487 0.093643
vt 0.628319 0.093643
vt 0.691150 0.093643
vt 0.753982 0.093643
vt 0.000000 0.140465
vt 0.062832 0.140465
vt 0.125664 0.140465
vt 0.188496 0.140465
vt 0.251327 0.140465
vt 0.314159 0.140465
vt 0.376991 0.140465
vt 0.439823 0.140465
vt 0.502655 0.140465
vt 0.565487 0.140465
vt 0.628319 0.140465
vt 0.691150 0.140465
vt 0.753982 0.140465
vt 0.000000 0.187287
vt 0.062832 0.187287
vt 0.125664 0.187287
vt 0.188496 0.187287
vt 0.251327 0.187287
vt 0.314159 0.187287
vt 0.376991 0.187287
vt 0.439823 0.187287
vt 0.502655 0.187287
vt 0.565487 0.187287
vt 0.628319 0.187287
vt 0.691150 0.187287
vt 0.753982 0.187287
vt 0.000000 0.234108
vt 0.062832 0.234108
vt 0.125664 0.234108
vt 0.188496 0.234108
vt 0.251327 0.234108
vt 0.314159 0.234108
vt 0.376991 0.234108
vt 0.439823 0.234108
vt 0.502655 0.234108
vt 0.565487 0.234108
vt 0.628319 0.234108
vt 0.691150 0.234108
vt 0.753982 0.234108
vt 0.000000 0.280930
vt 0.062832 0.280930
vt 0.125664 0.280930
vt 0.188496 0.280930
vt 0.251327 0.280930
vt 0.314159 0.280930
vt 0.376991 0.280930
vt 0.439823 0.280930
vt 0.502655 0.280930
vt 0.565487 0.280930
vt 0.628319 0.280930
vt 0.691150 0.280930
vt 0.753982 0.280930
vt 0.000000 0.327752
vt 0.062832 0.327752
vt 0.125664 0.327752
vt 0.188496 0.327752
vt 0.251327 0.327752
vt 0.314159 0.327752
vt 0.376991 0.327752
vt 0.439823 0.327752
vt 0.502655 0.327752
vt 0.565487 0.327752
vt 0.628319 0.327752
vt 0.691150 0.327752
vt 0.753982 0.327752
vt 0.000000 0.374573
vt 0.062832 0.374573
vt 0.125664 0.374573
vt 0.188496 0.374573
vt 0.251327 0.374573
vt 0.314159 0.374573
vt 0.376991 0.374573
vt 0.439823 0.374573
vt 0.502655 0.374573
vt 0.565487 0.374573
vt 0.628319 0.374573
vt 0.691150 0.374573
vt 0.753982 0.374573
vt 0.000000 0.000000
vt 0.167887 0.000000
vt 0.398453 0.000000
vt 0.688803 0.000000
vt 1.002112 0.000000
vt 1.292462 0.000000
vt 1.523028 0.000000
vt 1.690915 0.000000
vt 1.858803 0.000000
vt 2.089368 0.000000
vt 2.379718 0.000000
vt 2.693028 0.000000
vt 2.983378 0.000000
vt 3.213943 0.000000
vt 3.381831 0.000000
vt 0.000000 0.632961
vt 0.167887 0.632961
vt 0.398453 0.632961
vt 0.688803 0.632961
vt 1.002112 0.632961
vt 1.292462 0.632961
vt 1.523028 0.632961
vt 1.690915 0.632961
vt 1.858803 0.632961
vt 2.089368 0.632961
vt 2.379718 0.632961
vt 2.693028 0.632961
vt 2.983378 0.632961
vt 3.213943 0.632961
vt 3.381831 0.632961
vt 0.000000 1.313902
vt 0.167887 1.313902
vt 0.398453 1.313902
vt 0.688803 1.313902
vt 1.002112 1.313902
vt 1.292462 1.313902
vt 1.523028 1.313902
vt 1.690915 1.313902
vt 1.858803 1.313902
vt 2.089368 1.313902
vt 2.379718 1.313902
vt 2.693028 1.313902
vt 2.983378 1.313902
vt 3.213943 1.313902
vt 3.381831 1.313902
vt 0.000000 1.895486
vt 0.167887 1.895486
vt 0.398453 1.895486
vt 0.688803 1.895486
vt 1.002112 1.895486
vt 1.292462 1.895486
vt 1.523028 1.895486
vt 1.690915 1.895486
vt 1.858803 1.895486
vt 2.089368 1.895486
vt 2.379718 1.895486
vt 2.693028 1.895486
vt 2.983378 1.895486
vt 3.213943 1.895486
vt 3.381831 1.895486
vt -0.000000 -0.160000
vt 0.384000 0.608000
vt 0.000000 0.000000
vt 0.167887 0.000000
vt 0.398453 0.000000
vt 0.688803 0.000000
vt 1.002112 0.000000
vt 1.292462 0.000000
vt 1.523028 0.000000
vt 1.690915 0.000000
vt 1.858803 0.000000
vt 2.089368 0.000000
vt 2.379718 0.000000
vt 2.693028 0.000000
vt 2.983378 0.000000
vt 3.213943 0.000000
vt 3.381831 0.000000
vt 0.000000 0.632961
vt 0.167887 0.632961
vt 0.398453 0.632961
vt 0.688803 0.632961
vt 1.002112 0.632961
vt 1.292462 0.632961
vt 1.523028 0.632961
vt 1.690915 0.632961
vt 1.858803 0.632961
vt 2.089368 0.632961
vt 2.379718 0.632961
vt 2.693028 0.632961
vt 2.983378 0.632961
vt 3.213943 0.632961
vt 3.381831 0.632961
vt 0.000000 1.313902
vt 0.167887 1.313902
vt 0.398453 1.313902
vt 0.688803 1.313902
vt 1.002112 1.313902
vt 1.292462 1.313902
vt 1.523028 1.313902
vt 1.690915 1.313902
vt 1.858803 1.313902
vt 2.089368 1.313902
vt 2.379718 1.313902
vt 2.693028 1.313902
vt 2.983378 1.313902
vt 3.213943 1.313902
vt 3.381831 1.313902
vt 0.000000 1.895486
vt 0.167887 1.895486
vt 0.398453 1.895486
vt 0.688803 1.895486
vt 1.002112 1.895486
vt 1.292462 1.895486
vt 1.523028 1.895486
vt 1.690915 1.895486
vt 1.858803 1.895486
vt 2.089368 1.895486
vt 2.379718 1.895486
vt 2.693028 1.895486
vt 2.983378 1.895486
vt 3.213943 1.895486
vt 3.381831 1.895486
vt -0.000000 -0.160000
vt -0.384000 0.608000
vt 0.000000 0.000000
vt 0.214793 0.000000
vt 0.426030 0.000000
vt 0.633650 0.000000
vt 0.841270 0.000000
vt 1.052507 0.000000
vt 1.267300 0.000000
vt 1.482092 0.000000
vt 1.693329 0.000000
vt 1.900950 0.000000
vt 2.108570 0.000000
vt 2.319807 0.000000
vt 2.534600 0.000000
vt 0.000000 1.091788
vt 0.214793 1.091788
vt 0.426030 1.091788
vt 0.633650 1.091788
vt 0.841270 1.091788
vt 1.052507 1.091788
vt 1.267300 1.091788
vt 1.482092 1.091788
vt 1.693329 1.091788
vt 1.900950 1.091788
vt 2.108570 1.091788
vt 2.319807 1.091788
vt 2.534600 1.091788
vt 0.000000 2.192333
vt 0.214793 2.192333
vt 0.426030 2.192333
vt 0.633650 2.192333
vt 0.841270 2.192333
vt 1.052507 2.192333
vt 1.267300 2.192333
vt 1.482092 2.192333
vt 1.693329 2.192333
vt 1.900950 2.192333
vt 2.108570 2.192333
vt 2.319807 2.192333
vt 2.534600 2.192333
vt 0.000000 3.159804
vt 0.214793 3.159804
vt 0.426030 3.159804
vt 0.633650 3.159804
vt 0.841270 3.159804
vt 1.052507 3.159804
vt 1.267300 3.159804
vt 1.482092 3.159804
vt 1.693329 3.159804
vt 1.900950 3.159804
vt 2.108570 3.159804
vt 2.319807 3.159804
vt 2.534600 3.159804
vt 0.000000 3.968754
vt 0.214793 3.968754
vt 0.426030 3.968754
vt 0.633650 3.968754
vt 0.841270 3.968754
vt 1.052507 3.968754
vt 1.267300 3.968754
vt 1.482092 3.968754
vt 1.693329 3.968754
vt 1.900950 3.968754
vt 2.108570 3.968754
vt 2.319807 3.968754
vt 2.534600 3.968754
vt 0.000000 -8.880000
vt 0.000000 0.000000
vt 0.293619 0.000000
vt 0.585885 0.000000
vt 0.875695 0.000000
vt 1.162414 0.000000
vt 1.446007 0.000000
vt 1.727069 0.000000
vt 2.006717 0.000000
vt 2.286364 0.000000
vt 2.567427 0.000000
vt 2.851020 0.000000
vt 3.137739 0.000000
vt 3.427549 0.000000
vt 3.719814 0.000000
vt 4.013434 0.000000
vt 4.307053 0.000000
vt 4.599319 0.000000
vt 4.889129 0.000000
vt 5.175848 0.000000
vt 5.459441 0.000000
vt 5.740503 0.000000
vt 6.020151 0.000000
vt 6.299798 0.000000
vt 6.580860 0.000000
vt 6.864454 0.000000
vt 7.151173 0.000000
vt 7.440983 0.000000
vt 7.733248 0.000000
vt 8.026868 0.000000
vt 0.000000 0.384000
vt 0.293619 0.384000
vt 0.585885 0.384000
vt 0.875695 0.384000
vt 1.162414 0.384000
vt 1.446007 0.384000
vt 1.727069 0.384000
vt 2.006717 0.384000
vt 2.286364 0.384000
vt 2.567427 0.384000
vt 2.851020 0.384000
vt 3.137739 0.384000
vt 3.427549 0.384000
vt 3.719814 0.384000
vt 4.013434 0.384000
vt 4.307053 0.384000
vt 4.599319 0.384000
vt 4.889129 0.384000
vt 5.175848 0.384000
vt 5.459441 0.384000
vt 5.740503 0.384000
vt 6.020151 0.384000
vt 6.299798 0.384000
vt 6.580860 0.384000
vt 6.864454 0.384000
vt 7.151173 0.384000
vt 7.440983 0.384000
vt 7.733248 0.384000
vt 8.026868 0.384000
vt -0.000000 -0.192000
vt -0.000000 0.192000
vt 0.000000 0.000000
vt 0.172339 0.000000
vt 0.344678 0.000000
vt 0.517016 0.000000
vt 0.689355 0.000000
vt 0.861694 0.000000
vt 1.034033 0.000000
vt 1.206372 0.000000
vt 1.378710 0.000000
vt 1.551049 0.000000
vt 1.723388 0.000000
vt 1.895727 0.000000
vt 2.068066 0.000000
vt 2.240404 0.000000
vt 2.412743 0.000000
vt 0.000000 0.120142
vt 0.172339 0.120142
vt 0.344678 0.120142
vt 0.517016 0.120142
vt 0.689355 0.120142
vt 0.861694 0.120142
vt 1.034033 0.120142
vt 1.206372 0.120142
vt 1.378710 0.120142
vt 1.551049 0.120142
vt 1.723388 0.120142
vt 1.895727 0.120142
vt 2.068066 0.120142
vt 2.240404 0.120142
vt 2.412743 0.120142
vt 0.000000 0.240283
vt 0.172339 0.240283
vt 0.344678 0.240283
vt 0.517016 0.240283
vt 0.689355 0.240283
vt 0.861694 0.240283
vt 1.034033 0.240283
vt 1.206372 0.240283
vt 1.378710 0.240283
vt 1.551049 0.240283
vt 1.723388 0.240283
vt 1.895727 0.240283
vt 2.068066 0.240283
vt 2.240404 0.240283
vt 2.412743 0.240283
vt 0.000000 0.360425
vt 0.172339 0.360425
vt 0.344678 0.360425
vt 0.517016 0.360425
vt 0.689355 0.360425
vt 0.861694 0.360425
vt 1.034033 0.360425
vt 1.206372 0.360425
vt 1.378710 0.360425
vt 1.551049 0.360425
vt 1.723388 0.360425
vt 1.895727 0.360425
vt 2.068066 0.360425
vt 2.240404 0.360425
vt 2.412743 0.360425
vt 0.000000 0.480567
vt 0.172339 0.480567
vt 0.344678 0.480567
vt 0.517016 0.480567
vt 0.689355 0.480567
vt 0.861694 0.480567
vt 1.034033 0.480567
vt 1.206372 0.480567
vt 1.378710 0.480567
vt 1.551049 0.480567
vt 1.723388 0.480567
vt 1.895727 0.480567
vt 2.068066 0.480567
vt 2.240404 0.480567
vt 2.412743 0.480567
vt 0.000000 0.600708
vt 0.172339 0.600708
vt 0.344678 0.600708
vt 0.517016 0.600708
vt 0.689355 0.600708
vt 0.861694 0.600708
vt 1.034033 0.600708
vt 1.206372 0.600708
vt 1.378710 0.600708
vt 1.551049 0.600708
vt 1.723388 0.600708
vt 1.895727 0.600708
vt 2.068066 0.600708
vt 2.240404 0.600708
vt 2.412743 0.600708
vt 0.000000 0.720850
vt 0.172339 0.720850
vt 0.344678 0.720850
vt 0.517016 0.720850
vt 0.689355 0.720850
vt 0.861694 0.720850
vt 1.034033 0.720850
vt 1.206372 0.720850
vt 1.378710 0.720850
vt 1.551049 0.720850
vt 1.723388 0.720850
vt 1.895727 0.720850
vt 2.068066 0.720850
vt 2.240404 0.720850
vt 2.412743 0.720850
vt 0.000000 0.840992
vt 0.172339 0.840992
vt 0.344678 0.840992
vt 0.517016 0.840992
vt 0.689355 0.840992
vt 0.861694 0.840992
vt 1.034033 0.840992
vt 1.206372 0.840992
vt 1.378710 0.840992
vt 1.551049 0.840992
vt 1.723388 0.840992
vt 1.895727 0.840992
vt 2.068066 0.840992
vt 2.240404 0.840992
vt 2.412743 0.840992
vt 0.000000 0.961133
vt 0.172339 0.961133
vt 0.344678 0.961133
vt 0.517016 0.961133
vt 0.689355 0.961133
vt 0.861694 0.961133
vt 1.034033 0.961133
vt 1.206372 0.961133
vt 1.378710 0.961133
vt 1.551049 0.961133
vt 1.723388 0.961133
vt 1.895727 0.961133
vt 2.068066 0.961133
vt 2.240404 0.961133
vt 2.412743 0.961133
vt 0.000000 1.081275
vt 0.172339 1.081275
vt 0.344678 1.081275
vt 0.517016 1.081275
vt 0.689355 1.081275
vt 0.861694 1.081275
vt 1.034033 1.081275
vt 1.206372 1.081275
vt 1.378710 1.081275
vt 1.551049 1.081275
vt 1.723388 1.081275
vt 1.895727 1.081275
vt 2.068066 1.081275
vt 2.240404 1.081275
vt 2.412743 1.081275
vt 0.000000 1.201417
vt 0.172339 1.201417
vt 0.344678 1.201417
vt 0.517016 1.201417
vt 0.689355 1.201417
vt 0.861694 1.201417
vt 1.034033 1.201417
vt 1.206372 1.201417
vt 1.378710 1.201417
vt 1.551049 1.201417
vt 1.723388 1.201417
vt 1.895727 1.201417
vt 2.068066 1.201417
vt 2.240404 1.201417
vt 2.412743 1.201417
vt 0.000000 0.000000
vt 0.416880 0.000000
vt 0.810851 0.000000
vt 1.174236 0.000000
vt 1.523149 0.000000
vt 1.886535 0.000000
vt 2.280505 0.000000
vt 2.697385 0.000000
vt 3.114265 0.000000
vt 3.508236 0.000000
vt 3.871622 0.000000
vt 4.220534 0.000000
vt 4.583920 0.000000
vt 4.977891 0.000000
vt 5.394771 0.000000
vt 0.000000 1.607761
vt 0.416880 1.607761
vt 0.810851 1.607761
vt 1.174236 1.607761
vt 1.523149 1.607761
vt 1.886535 1.607761
vt 2.280505 1.607761
vt 2.697385 1.607761
vt 3.114265 1.607761
vt 3.508236 1.607761
vt 3.871622 1.607761
vt 4.220534 1.607761
vt 4.583920 1.607761
vt 4.977891 1.607761
vt 5.394771 1.607761
vt 0.000000 3.210718
vt 0.416880 3.210718
vt 0.810851 3.210718
vt 1.174236 3.210718
vt 1.523149 3.210718
vt 1.886535 3.210718
vt 2.280505 3.210718
vt 2.697385 3.210718
vt 3.114265 3.210718
vt 3.508236 3.210718
vt 3.871622 3.210718
vt 4.220534 3.210718
vt 4.583920 3.210718
vt 4.977891 3.210718
vt 5.394771 3.210718
vt 0.960000 2.528000
vt 0.000000 0.000000
vt 0.239110 0.000000
vt 0.471160 0.000000
vt 0.695927 0.000000
vt 0.920695 0.000000
vt 1.152745 0.000000
vt 1.391855 0.000000
vt 1.630965 0.000000
vt 1.863015 0.000000
vt 2.087782 0.000000
vt 2.312550 0.000000
vt 2.544599 0.000000
vt 2.783710 0.000000
vt 0.000000 1.840070
vt 0.239110 1.840070
vt 0.471160 1.840070
vt 0.695927 1.840070
vt 0.920695 1.840070
vt 1.152745 1.840070
vt 1.391855 1.840070
vt 1.630965 1.840070
vt 1.863015 1.840070
vt 2.087782 1.840070
vt 2.312550 1.840070
vt 2.544599 1.840070
vt 2.783710 1.840070
vt 0.000000 3.560144
vt 0.239110 3.560144
vt 0.471160 3.560144
vt 0.695927 3.560144
vt 0.920695 3.560144
vt 1.152745 3.560144
vt 1.391855 3.560144
vt 1.630965 3.560144
vt 1.863015 3.560144
vt 2.087782 3.560144
vt 2.312550 3.560144
vt 2.544599 3.560144
vt 2.783710 3.560144
vt 0.960000 2.496000
vt 0.000000 0.000000
vt 0.149649 0.000000
vt 0.302926 0.000000
vt 0.459747 0.000000
vt 0.616567 0.000000
vt 0.769844 0.000000
vt 0.919493 0.000000
vt 1.069142 0.000000
vt 1.222419 0.000000
vt 1.379240 0.000000
vt 1.536061 0.000000
vt 1.689337 0.000000
vt 1.838986 0.000000
vt 0.000000 0.428576
vt 0.149649 0.428576
vt 0.302926 0.428576
vt 0.459747 0.428576
vt 0.616567 0.428576
vt 0.769844 0.428576
vt 0.919493 0.428576
vt 1.069142 0.428576
vt 1.222419 0.428576
vt 1.379240 0.428576
vt 1.536061 0.428576
vt 1.689337 0.428576
vt 1.838986 0.428576
vt 0.000000 0.841205
vt 0.149649 0.841205
vt 0.302926 0.841205
vt 0.459747 0.841205
vt 0.616567 0.841205
vt 0.769844 0.841205
vt 0.919493 0.841205
vt 1.069142 0.841205
vt 1.222419 0.841205
vt 1.379240 0.841205
vt 1.536061 0.841205
vt 1.689337 0.841205
vt 1.838986 0.841205
vt 0.960000 2.496000
vt 0.960000 3.232000
vt 0.000000 0.000000
vt 0.416880 0.000000
vt 0.810851 0.000000
vt 1.174236 0.000000
vt 1.523149 0.000000
vt 1.886535 0.000000
vt 2.280505 0.000000
vt 2.697385 0.000000
vt 3.114265 0.000000
vt 3.508236 0.000000
vt 3.871622 0.000000
vt 4.220534 0.000000
vt 4.583920 0.000000
vt 4.977891 0.000000
vt 5.394771 0.000000
vt 0.000000 1.607761
vt 0.416880 1.607761
vt 0.810851 1.607761
vt 1.174236 1.607761
vt 1.523149 1.607761
vt 1.886535 1.607761
vt 2.280505 1.607761
vt 2.697385 1.607761
vt 3.114265 1.607761
vt 3.508236 1.607761
vt 3.871622 1.607761
vt 4.220534 1.607761
vt 4.583920 1.607761
vt 4.977891 1.607761
vt 5.394771 1.607761
vt 0.000000 3.210718
vt 0.416880 3.210718
vt 0.810851 3.210718
vt 1.174236 3.210718
vt 1.523149 3.210718
vt 1.886535 3.210718
vt 2.280505 3.210718
vt 2.697385 3.210718
vt 3.114265 3.210718
vt 3.508236 3.210718
vt 3.871622 3.210718
vt 4.220534 3.210718
vt 4.583920 3.210718
vt 4.977891 3.210718
vt 5.394771 3.210718
vt -0.960000 2.528000
vt 0.000000 0.000000
vt 0.239110 0.000000
vt 0.471160 0.000000
vt 0.695927 0.000000
vt 0.920695 0.000000
vt 1.152745 0.000000
vt 1.391855 0.000000
vt 1.630965 0.000000
vt 1.863015 0.000000
vt 2.087782 0.000000
vt 2.312550 0.000000
vt 2.544599 0.000000
vt 2.783710 0.000000
vt 0.000000 1.840070
vt 0.239110 1.840070
vt 0.471160 1.840070
vt 0.695927 1.840070
vt 0.920695 1.840070
vt 1.152745 1.840070
vt 1.391855 1.840070
vt 1.630965 1.840070
vt 1.863015 1.840070
vt 2.087782 1.840070
vt 2.312550 1.840070
vt 2.544599 1.840070
vt 2.783710 1.840070
vt 0.000000 3.560144
vt 0.239110 3.560144
vt 0.471160 3.560144
vt 0.695927 3.560144
vt 0.920695 3.560144
vt 1.152745 3.560144
vt 1.391855 3.560144
vt 1.630965 3.560144
vt 1.863015 3.560144
vt 2.087782 3.560144
vt 2.312550 3.560144
vt 2.544599 3.560144
vt 2.783710 3.560144
vt -0.960000 2.496000
vt 0.000000 0.000000
vt 0.149649 0.000000
vt 0.302926 0.000000
vt 0.459747 0.000000
vt 0.616567 0.000000
vt 0.769844 0.000000
vt 0.919493 0.000000
vt 1.069142 0.000000
vt 1.222419 0.000000
vt 1.379240 0.000000
vt 1.536061 0.000000
vt 1.689337 0.000000
vt 1.838986 0.000000
vt 0.000000 0.428576
vt 0.149649 0.428576
vt 0.302926 0.428576
vt 0.459747 0.428576
vt 0.616567 0.428576
vt 0.769844 0.428576
vt 0.919493 0.428576
vt 1.069142 0.428576
vt 1.222419 0.428576
vt 1.379240 0.428576
vt 1.536061 0.428576
vt 1.689337 0.428576
vt 1.838986 0.428576
vt 0.000000 0.841205
vt 0.149649 0.841205
vt 0.302926 0.841205
vt 0.459747 0.841205
vt 0.616567 0.841205
vt 0.769844 0.841205
vt 0.919493 0.841205
vt 1.069142 0.841205
vt 1.222419 0.841205
vt 1.379240 0.841205
vt 1.536061 0.841205
vt 1.689337 0.841205
vt 1.838986 0.841205
vt -0.960000 2.496000
vt -0.960000 3.232000
vt 0.000000 0.000000
vt 0.480308 0.000000
vt 0.934835 0.000000
vt 1.350181 0.000000
vt 1.735422 0.000000
vt 2.120663 0.000000
vt 2.536008 0.000000
vt 2.990536 0.000000
vt 3.470844 0.000000
vt 3.951152 0.000000
vt 4.405679 0.000000
vt 4.821024 0.000000
vt 5.206266 0.000000
vt 5.591507 0.000000
vt 6.006852 0.000000
vt 6.461380 0.000000
vt 6.941688 0.000000
vt 0.000000 1.528523
vt 0.480308 1.528523
vt 0.934835 1.528523
vt 1.350181 1.528523
vt 1.735422 1.528523
vt 2.120663 1.528523
vt 2.536008 1.528523
vt 2.990536 1.528523
vt 3.470844 1.528523
vt 3.951152 1.528523
vt 4.405679 1.528523
vt 4.821024 1.528523
vt 5.206266 1.528523
vt 5.591507 1.528523
vt 6.006852 1.528523
vt 6.461380 1.528523
vt 6.941688 1.528523
vt 0.000000 2.926030
vt 0.480308 2.926030
vt 0.934835 2.926030
vt 1.350181 2.926030
vt 1.735422 2.926030
vt 2.120663 2.926030
vt 2.536008 2.926030
vt 2.990536 2.926030
vt 3.470844 2.926030
vt 3.951152 2.926030
vt 4.405679 2.926030
vt 4.821024 2.926030
vt 5.206266 2.926030
vt 5.591507 2.926030
vt 6.006852 2.926030
vt 6.461380 2.926030
vt 6.941688 2.926030
vt 0.992000 -2.680000
vt 0.000000 0.000000
vt 0.287290 0.000000
vt 0.557257 0.000000
vt 0.808710 0.000000
vt 1.060164 0.000000
vt 1.330131 0.000000
vt 1.617421 0.000000
vt 1.904711 0.000000
vt 2.174678 0.000000
vt 2.426131 0.000000
vt 2.677585 0.000000
vt 2.947552 0.000000
vt 3.234842 0.000000
vt 0.000000 1.325226
vt 0.287290 1.325226
vt 0.557257 1.325226
vt 0.808710 1.325226
vt 1.060164 1.325226
vt 1.330131 1.325226
vt 1.617421 1.325226
vt 1.904711 1.325226
vt 2.174678 1.325226
vt 2.426131 1.325226
vt 2.677585 1.325226
vt 2.947552 1.325226
vt 3.234842 1.325226
vt 0.000000 2.580716
vt 0.287290 2.580716
vt 0.557257 2.580716
vt 0.808710 2.580716
vt 1.060164 2.580716
vt 1.330131 2.580716
vt 1.617421 2.580716
vt 1.904711 2.580716
vt 2.174678 2.580716
vt 2.426131 2.580716
vt 2.677585 2.580716
vt 2.947552 2.580716
vt 3.234842 2.580716
vt 0.944000 -3.960000
vt 0.000000 0.000000
vt 0.156561 0.000000
vt 0.307838 0.000000
vt 0.453642 0.000000
vt 0.599446 0.000000
vt 0.750724 0.000000
vt 0.907285 0.000000
vt 1.063845 0.000000
vt 1.215123 0.000000
vt 1.360927 0.000000
vt 1.506731 0.000000
vt 1.658009 0.000000
vt 1.814570 0.000000
vt 0.000000 1.137717
vt 0.156561 1.137717
vt 0.307838 1.137717
vt 0.453642 1.137717
vt 0.599446 1.137717
vt 0.750724 1.137717
vt 0.907285 1.137717
vt 1.063845 1.137717
vt 1.215123 1.137717
vt 1.360927 1.137717
vt 1.506731 1.137717
vt 1.658009 1.137717
vt 1.814570 1.137717
vt 0.000000 2.065510
vt 0.156561 2.065510
vt 0.307838 2.065510
vt 0.453642 2.065510
vt 0.599446 2.065510
vt 0.750724 2.065510
vt 0.907285 2.065510
vt 1.063845 2.065510
vt 1.215123 2.065510
vt 1.360927 2.065510
vt 1.506731 2.065510
vt 1.658009 2.065510
vt 1.814570 2.065510
vt 0.944000 -3.640000
vt 0.000000 0.000000
vt 0.149649 0.000000
vt 0.302926 0.000000
vt 0.459747 0.000000
vt 0.616567 0.000000
vt 0.769844 0.000000
vt 0.919493 0.000000
vt 1.069142 0.000000
vt 1.222419 0.000000
vt 1.379240 0.000000
vt 1.536061 0.000000
vt 1.689337 0.000000
vt 1.838986 0.000000
vt 0.000000 0.412112
vt 0.149649 0.412112
vt 0.302926 0.412112
vt 0.459747 0.412112
vt 0.616567 0.412112
vt 0.769844 0.412112
vt 0.919493 0.412112
vt 1.069142 0.412112
vt 1.222419 0.412112
vt 1.379240 0.412112
vt 1.536061 0.412112
vt 1.689337 0.412112
vt 1.838986 0.412112
vt 0.000000 0.798876
vt 0.149649 0.798876
vt 0.302926 0.798876
vt 0.459747 0.798876
vt 0.616567 0.798876
vt 0.769844 0.798876
vt 0.919493 0.798876
vt 1.069142 0.798876
vt 1.222419 0.798876
vt 1.379240 0.798876
vt 1.536061 0.798876
vt 1.689337 0.798876
vt 1.838986 0.798876
vt 0.960000 -3.640000
vt 0.960000 -2.952000
vt 0.000000 0.000000
vt 0.480308 0.000000
vt 0.934835 0.000000
vt 1.350181 0.000000
vt 1.735422 0.000000
vt 2.120663 0.000000
vt 2.536008 0.000000
vt 2.990536 0.000000
vt 3.470844 0.000000
vt 3.951152 0.000000
vt 4.405679 0.000000
vt 4.821024 0.000000
vt 5.206266 0.000000
vt 5.591507 0.000000
vt 6.006852 0.000000
vt 6.461380 0.000000
vt 6.941688 0.000000
vt 0.000000 1.528523
vt 0.480308 1.528523
vt 0.934835 1.528523
vt 1.350181 1.528523
vt 1.735422 1.528523
vt 2.120663 1.528523
vt 2.536008 1.528523
vt 2.990536 1.528523
vt 3.470844 1.528523
vt 3.951152 1.528523
vt 4.405679 1.528523
vt 4.821024 1.528523
vt 5.206266 1.528523
vt 5.591507 1.528523
vt 6.006852 1.528523
vt 6.461380 1.528523
vt 6.941688 1.528523
vt 0.000000 2.926030
vt 0.480308 2.926030
vt 0.934835 2.926030
vt 1.350181 2.926030
vt 1.735422 2.926030
vt 2.120663 2.926030
vt 2.536008 2.926030
vt 2.990536 2.926030
vt 3.470844 2.926030
vt 3.951152 2.926030
vt 4.405679 2.926030
vt 4.821024 2.926030
vt 5.206266 2.926030
vt 5.591507 2.926030
vt 6.006852 2.926030
vt 6.461380 2.926030
vt 6.941688 2.926030
vt -0.992000 -2.680000
vt 0.000000 0.000000
vt 0.287290 0.000000
vt 0.557257 0.000000
vt 0.808710 0.000000
vt 1.060164 0.000000
vt 1.330131 0.000000
vt 1.617421 0.000000
vt 1.904711 0.000000
vt 2.174678 0.000000
vt 2.426131 0.000000
vt 2.677585 0.000000
vt 2.947552 0.000000
vt 3.234842 0.000000
vt 0.000000 1.325226
vt 0.287290 1.325226
vt 0.557257 1.325226
vt 0.808710 1.325226
vt 1.060164 1.325226
vt 1.330131 1.325226
vt 1.617421 1.325226
vt 1.904711 1.325226
vt 2.174678 1.325226
vt 2.426131 1.325226
vt 2.677585 1.325226
vt 2.947552 1.325226
vt 3.234842 1.325226
vt 0.000000 2.580716
vt 0.287290 2.580716
vt 0.557257 2.580716
vt 0.808710 2.580716
vt 1.060164 2.580716
vt 1.330131 2.580716
vt 1.617421 2.580716
vt 1.904711 2.580716
vt 2.174678 2.580716
vt 2.426131 2.580716
vt 2.677585 2.580716
vt 2.947552 2.580716
vt 3.234842 2.580716
vt -0.944000 -3.960000
vt 0.000000 0.000000
vt 0.156561 0.000000
vt 0.307838 0.000000
vt 0.453642 0.000000
vt 0.599446 0.000000
vt 0.750724 0.000000
vt 0.907285 0.000000
vt 1.063845 0.000000
vt 1.215123 0.000000
vt 1.360927 0.000000
vt 1.506731 0.000000
vt 1.658009 0.000000
vt 1.814570 0.000000
vt 0.000000 1.137717
vt 0.156561 1.137717
vt 0.307838 1.137717
vt 0.453642 1.137717
vt 0.599446 1.137717
vt 0.750724 1.137717
vt 0.907285 1.137717
vt 1.063845 1.137717
vt 1.215123 1.137717
vt 1.360927 1.137717
vt 1.506731 1.137717
vt 1.658009 1.137717
vt 1.814570 1.137717
vt 0.000000 2.065510
vt 0.156561 2.065510
vt 0.307838 2.065510
vt 0.453642 2.065510
vt 0.599446 2.065510
vt 0.750724 2.065510
vt 0.907285 2.065510
vt 1.063845 2.065510
vt 1.215123 2.065510
vt 1.360927 2.065510
vt 1.506731 2.065510
vt 1.658009 2.065510
vt 1.814570 2.065510
vt -0.944000 -3.640000
vt 0.000000 0.000000
vt 0.149649 0.000000
vt 0.302926 0.000000
vt 0.459747 0.000000
vt 0.616567 0.000000
vt 0.769844 0.000000
vt 0.919493 0.000000
vt 1.069142 0.000000
vt 1.222419 0.000000
vt 1.379240 0.000000
vt 1.536061 0.000000
vt 1.689337 0.000000
vt 1.838986 0.000000
vt 0.000000 0.412112
vt 0.149649 0.412112
vt 0.302926 0.412112
vt 0.459747 0.412112
vt 0.616567 0.412112
vt 0.769844 0.412112
vt 0.919493 0.412112
vt 1.069142 0.412112
vt 1.222419 0.412112
vt 1.379240 0.412112
vt 1.536061 0.412112
vt 1.689337 0.412112
vt 1.838986 0.412112
vt 0.000000 0.798876
vt 0.149649 0.798876
vt 0.302926 0.798876
vt 0.459747 0.798876
vt 0.616567 0.798876
vt 0.769844 0.798876
vt 0.919493 0.798876
vt 1.069142 0.798876
vt 1.222419 0.798876
vt 1.379240 0.798876
vt 1.536061 0.798876
vt 1.689337 0.798876
vt 1.838986 0.798876
vt -0.960000 -3.640000
vt -0.960000 -2.952000
g coat
usemtl coat
f 1/1/1 2/2/2 29/29/29
f 1/1/1 29/29/29 28/28/28
f 2/2/2 3/3/3 30/30/30
f 2/2/2 30/30/30 29/29/29
f 3/3/3 4/4/4 31/31/31
f 3/3/3 31/31/31 30/30/30
f 4/4/4 5/5/5 32/32/32
f 4/4/4 32/32/32 31/31/31
f 5/5/5 6/6/6 33/33/33
f 5/5/5 33/33/33 32/32/32
f 6/6/6 7/7/7 34/34/34
f 6/6/6 34/34/34 33/33/33
f 7/7/7 8/8/8 35/35/35
f 7/7/7 35/35/35 34/34/34
f 8/8/8 9/9/9 36/36/36
f 8/8/8 36/36/36 35/35/35
f 9/9/9 10/10/10 37/37/37
f 9/9/9 37/37/37 36/36/36
f 10/10/10 11/11/11 38/38/38
f 10/10/10 38/38/38 37/37/37
f 11/11/11 12/12/12 39/39/39
f 11/11/11 39/39/39 38/38/38
f 12/12/12 13/13/13 40/40/40
f 12/12/12 40/40/40 39/39/39
f 13/13/13 14/14/14 41/41/41
f 13/13/13 41/41/41 40/40/40
f 14/14/14 15/15/15 42/42/42
f 14/14/14 42/42/42 41/41/41
f 15/15/15 43/43/43 42/42/42
f 24/24/24 25/25/25 52/52/52
f 25/25/25 26/26/26 53/53/53
f 25/25/25 53/53/53 52/52/52
f 26/26/26 27/27/27 54/54/54
f 26/26/26 54/54/54 53/53/53
f 28/28/28 29/29/29 56/56/56
f 28/28/28 56/56/56 55/55/55
f 29/29/29 30/30/30 57/57/57
f 29/29/29 57/57/57 56/56/56
f 30/30/30 31/31/31 58/58/58
f 30/30/30 58/58/58 57/57/57
f 31/31/31 32/32/32 59/59/59
f 31/31/31 59/59/59 58/58/58
f 32/32/32 33/33/33 60/60/60
f 32/32/32 60/60/60 59/59/59
f 33/33/33 34/34/34 61/61/61
f 33/33/33 61/61/61 60/60/60
f 34/34/34 35/35/35 62/62/62
f 34/34/34 62/62/62 61/61/61
f 35/35/35 36/36/36 63/63/63
f 35/35/35 63/63/63 62/62/62
f 36/36/36 37/37/37 64/64/64
f 36/36/36 64/64/64 63/63/63
f 37/37/37 38/38/38 65/65/65
f 37/37/37 65/65/65 64/64/64
f 38/38/38 39/39/39 66/66/66
f 38/38/38 66/66/66 65/65/65
f 39/39/39 40/40/40 67/67/67
f 39/39/39 67/67/67 66/66/66
f 40/40/40 41/41/41 68/68/68
f 40/40/40 68/68/68 67/67/67
f 41/41/41 42/42/42 69/69/69
f 41/41/41 69/69/69 68/68/68
f 52/52/52 53/53/53 80/80/80
f 52/52/52 80/80/80 79/79/79
f 53/53/53 54/54/54 81/81/81
f 53/53/53 81/81/81 80/80/80
f 55/55/55 56/56/56 83/83/83
f 55/55/55 83/83/83 82/82/82
f 56/56/56 57/57/57 84/84/84
f 56/56/56 84/84/84 83/83/83
f 57/57/57 58/58/58 85/85/85
f 57/57/57 85/85/85 84/84/84
f 58/58/58 59/59/59 86/86/86
f 58/58/58 86/86/86 85/85/85
f 59/59/59 60/60/60 87/87/87
f 59/59/59 87/87/87 86/86/86
f 60/60/60 61/61/61 88/88/88
f 60/60/60 88/88/88 87/87/87
f 61/61/61 62/62/62 89/89/89
f 61/61/61 89/89/89 88/88/88
f 62/62/62 63/63/63 90/90/90
f 62/62/62 90/90/90 89/89/89
f 63/63/63 64/64/64 91/91/91
f 63/63/63 91/91/91 90/90/90
f 64/64/64 65/65/65 92/92/92
f 64/64/64 92/92/92 91/91/91
f 65/65/65 66/66/66 93/93/93
f 65/65/65 93/93/93 92/92/92
f 66/66/66 67/67/67 94/94/94
f 66/66/66 94/94/94 93/93/93
f 67/67/67 68/68/68 95/95/95
f 67/67/67 95/95/95 94/94/94
f 68/68/68 69/69/69 96/96/96
f 68/68/68 96/96/96 95/95/95
f 79/79/79 80/80/80 107/107/107
f 80/80/80 81/81/81 108/108/108
f 80/80/80 108/108/108 107/107/107
f 82/82/82 83/83/83 110/110/110
f 82/82/82 110/110/110 109/109/109
f 83/83/83 84/84/84 111/111/111
f 83/83/83 111/111/111 110/110/110
f 84/84/84 85/85/85 112/112/112
f 84/84/84 112/112/112 111/111/111
f 85/85/85 86/86/86 113/113/113
f 85/85/85 113/113/113 112/112/112
f 86/86/86 87/87/87 114/114/114
f 86/86/86 114/114/114 113/113/113
f 87/87/87 88/88/88 115/115/115
f 87/87/87 115/115/115 114/114/114
f 88/88/88 89/89/89 116/116/116
f 88/88/88 116/116/116 115/115/115
f 89/89/89 90/90/90 117/117/117
f 89/89/89 117/117/117 116/116/116
f 90/90/90 91/91/91 118/118/118
f 90/90/90 118/118/118 117/117/117
f 91/91/91 92/92/92 119/119/119
f 91/91/91 119/119/119 118/118/118
f 92/92/92 93/93/93 120/120/120
f 92/92/92 120/120/120 119/119/119
f 93/93/93 94/94/94 121/121/121
f 93/93/93 121/121/121 120/120/120
f 94/94/94 95/95/95 122/122/122
f 94/94/94 122/122/122 121/121/121
f 95/95/95 123/123/123 122/122/122
f 106/106/106 107/107/107 134/134/134
f 106/106/106 134/134/134 133/133/133
f 107/107/107 108/108/108 135/135/135
f 107/107/107 135/135/135 134/134/134
f 109/109/109 110/110/110 137/137/137
f 109/109/109 137/137/137 136/136/136
f 110/110/110 111/111/111 138/138/138
f 110/110/110 138/138/138 137/137/137
f 111/111/111 112/112/112 139/139/139
f 111/111/111 139/139/139 138/138/138
f 112/112/112 113/113/113 140/140/140
f 112/112/112 140/140/140 139/139/139
f 113/113/113 114/114/114 141/141/141
f 113/113/113 141/141/141 140/140/140
f 114/114/114 115/115/115 142/142/142
f 114/114/114 142/142/142 141/141/141
f 115/115/115 116/116/116 143/143/143
f 115/115/115 143/143/143 142/142/142
f 116/116/116 117/117/117 144/144/144
f 116/116/116 144/144/144 143/143/143
f 117/117/117 118/118/118 145/145/145
f 117/117/117 145/145/145 144/144/144
f 118/118/118 119/119/119 146/146/146
f 118/118/118 146/146/146 145/145/145
f 119/119/119 120/120/120 147/147/147
f 119/119/119 147/147/147 146/146/146
f 120/120/120 121/121/121 148/148/148
f 120/120/120 148/148/148 147/147/147
f 121/121/121 122/122/122 149/149/149
f 121/121/121 149/149/149 148/148/148
f 122/122/122 123/123/123 150/150/150
f 122/122/122 150/150/150 149/149/149
f 123/123/123 124/124/124 151/151/151
f 123/123/123 151/151/151 150/150/150
f 124/124/124 125/125/125 152/152/152
f 124/124/124 152/152/152 151/151/151
f 125/125/125 126/126/126 153/153/153
f 125/125/125 153/153/153 152/152/152
f 126/126/126 154/154/154 153/153/153
f 131/131/131 132/132/132 159/159/159
f 131/131/131 159/159/159 158/158/158
f 132/132/132 133/133/133 160/160/160
f 132/132/132 160/160/160 159/159/159
f 133/133/133 134/134/134 161/161/161
f 133/133/133 161/161/161 160/160/160
f 134/134/134 135/135/135 162/162/162
f 134/134/134 162/162/162 161/161/161
f 136/136/136 137/137/137 164/164/164
f 136/136/136 164/164/164 163/163/163
f 137/137/137 138/138/138 165/165/165
f 137/137/137 165/165/165 164/164/164
f 138/138/138 139/139/139 166/166/166
f 138/138/138 166/166/166 165/165/165
f 139/139/139 140/140/140 167/167/167
f 139/139/139 167/167/167 166/166/166
f 140/140/140 141/141/141 168/168/168
f 140/140/140 168/168/168 167/167/167
f 141/141/141 142/142/142 169/169/169
f 141/141/141 169/169/169 168/168/168
f 142/142/142 143/143/143 170/170/170
f 142/142/142 170/170/170 169/169/169
f 143/143/143 144/144/144 171/171/171
f 143/143/143 171/171/171 170/170/170
f 144/144/144 145/145/145 172/172/172
f 144/144/144 172/172/172 171/171/171
f 145/145/145 146/146/146 173/173/173
f 145/145/145 173/173/173 172/172/172
f 146/146/146 147/147/147 174/174/174
f 146/146/146 174/174/174 173/173/173
f 147/147/147 148/148/148 175/175/175
f 147/147/147 175/175/175 174/174/174
f 148/148/148 149/149/149 176/176/176
f 148/148/148 176/176/176 175/175/175
f 149/149/149 150/150/150 177/177/177
f 149/149/149 177/177/177 176/176/176
f 150/150/150 151/151/151 178/178/178
f 150/150/150 178/178/178 177/177/177
f 151/151/151 152/152/152 179/179/179
f 151/151/151 179/179/179 178/178/178
f 152/152/152 153/153/153 180/180/180
f 152/152/152 180/180/180 179/179/179
f 153/153/153 154/154/154 181/181/181
f 153/153/153 181/181/181 180/180/180
f 154/154/154 155/155/155 182/182/182
f 154/154/154 182/182/182 181/181/181
f 155/155/155 156/156/156 183/183/183
f 155/155/155 183/183/183 182/182/182
f 156/156/156 157/157/157 184/184/184
f 156/156/156 184/184/184 183/183/183
f 157/157/157 158/158/158 185/185/185
f 157/157/157 185/185/185 184/184/184
f 158/158/158 159/159/159 186/186/186
f 158/158/158 186/186/186 185/185/185
f 159/159/159 160/160/160 187/187/187
f 159/159/159 187/187/187 186/186/186
f 160/160/160 161/161/161 188/188/188
f 160/160/160 188/188/188 187/187/187
f 161/161/161 162/162/162 189/189/189
f 161/161/161 189/189/189 188/188/188
f 163/163/163 164/164/164 191/191/191
f 163/163/163 191/191/191 190/190/190
f 164/164/164 165/165/165 192/192/192
f 164/164/164 192/192/192 191/191/191
f 165/165/165 166/166/166 193/193/193
f 165/165/165 193/193/193 192/192/192
f 166/166/166 167/167/167 194/194/194
f 166/166/166 194/194/194 193/193/193
f 167/167/167 168/168/168 195/195/195
f 167/167/167 195/195/195 194/194/194
f 168/168/168 169/169/169 196/196/196
f 168/168/168 196/196/196 195/195/195
f 169/169/169 170/170/170 197/197/197
f 169/169/169 197/197/197 196/196/196
f 170/170/170 171/171/171 198/198/198
f 170/170/170 198/198/198 197/197/197
f 171/171/171 172/172/172 199/199/199
f 171/171/171 199/199/199 198/198/198
f 172/172/172 173/173/173 200/200/200
f 172/172/172 200/200/200 199/199/199
f 173/173/173 174/174/174 201/201/201
f 173/173/173 201/201/201 200/200/200
f 174/174/174 175/175/175 202/202/202
f 174/174/174 202/202/202 201/201/201
f 175/175/175 176/176/176 203/203/203
f 175/175/175 203/203/203 202/202/202
f 176/176/176 177/177/177 204/204/204
f 176/176/176 204/204/204 203/203/203
f 177/177/177 178/178/178 205/205/205
f 177/177/177 205/205/205 204/204/204
f 178/178/178 179/179/179 206/206/206
f 178/178/178 206/206/206 205/205/205
f 179/179/179 207/207/207 206/206/206
f 185/185/185 186/186/186 213/213/213
f 185/185/185 213/213/213 212/212/212
f 186/186/186 187/187/187 214/214/214
f 186/186/186 214/214/214 213/213/213
f 187/187/187 188/188/188 215/215/215
f 187/187/187 215/215/215 214/214/214
f 188/188/188 189/189/189 216/216/216
f 188/188/188 216/216/216 215/215/215
f 190/190/190 191/191/191 218/218/218
f 190/190/190 218/218/218 217/217/217
f 191/191/191 192/192/192 219/219/219
f 191/191/191 219/219/219 218/218/218
f 192/192/192 193/193/193 220/220/220
f 192/192/192 220/220/220 219/219/219
f 193/193/193 194/194/194 221/221/221
f 193/193/193 221/221/221 220/220/220
f 194/194/194 195/195/195 222/222/222
f 194/194/194 222/222/222 221/221/221
f 195/195/195 196/196/196 223/223/223
f 195/195/195 223/223/223 222/222/222
f 196/196/196 197/197/197 224/224/224
f 196/196/196 224/224/224 223/223/223
f 197/197/197 198/198/198 225/225/225
f 197/197/197 225/225/225 224/224/224
f 198/198/198 199/199/199 226/226/226
f 198/198/198 226/226/226 225/225/225
f 199/199/199 200/200/200 227/227/227
f 199/199/199 227/227/227 226/226/226
f 200/200/200 201/201/201 228/228/228
f 200/200/200 228/228/228 227/227/227
f 201/201/201 202/202/202 229/229/229
f 201/201/201 229/229/229 228/228/228
f 202/202/202 203/203/203 230/230/230
f 202/202/202 230/230/230 229/229/229
f 203/203/203 204/204/204 231/231/231
f 203/203/203 231/231/231 230/230/230
f 204/204/204 205/205/205 232/232/232
f 204/204/204 232/232/232 231/231/231
f 205/205/205 206/206/206 233/233/233
f 205/205/205 233/233/233 232/232/232
f 206/206/206 207/207/207 234/234/234
f 206/206/206 234/234/234 233/233/233
f 212/212/212 213/213/213 240/240/240
f 212/212/212 240/240/240 239/239/239
f 213/213/213 214/214/214 241/241/241
f 213/213/213 241/241/241 240/240/240
f 214/214/214 215/215/215 242/242/242
f 214/214/214 242/242/242 241/241/241
f 215/215/215 216/216/216 243/243/243
f 215/215/215 243/243/243 242/242/242
f 217/217/217 218/218/218 245/245/245
f 217/217/217 245/245/245 244/244/244
f 218/218/218 219/219/219 246/246/246
f 218/218/218 246/246/246 245/245/245
f 219/219/219 220/220/220 247/247/247
f 219/219/219 247/247/247 246/246/246
f 220/220/220 221/221/221 248/248/248
f 220/220/220 248/248/248 247/247/247
f 221/221/221 222/222/222 249/249/249
f 221/221/221 249/249/249 248/248/248
f 222/222/222 223/223/223 250/250/250
f 222/222/222 250/250/250 249/249/249
f 223/223/223 224/224/224 251/251/251
f 223/223/223 251/251/251 250/250/250
f 224/224/224 225/225/225 252/252/252
f 224/224/224 252/252/252 251/251/251
f 225/225/225 226/226/226 253/253/253
f 225/225/225 253/253/253 252/252/252
f 226/226/226 227/227/227 254/254/254
f 226/226/226 254/254/254 253/253/253
f 227/227/227 228/228/228 255/255/255
f 227/227/227 255/255/255 254/254/254
f 228/228/228 229/229/229 256/256/256
f 228/228/228 256/256/256 255/255/255
f 229/229/229 230/230/230 257/257/257
f 229/229/229 257/257/257 256/256/256
f 230/230/230 231/231/231 258/258/258
f 230/230/230 258/258/258 257/257/257
f 231/231/231 232/232/232 259/259/259
f 231/231/231 259/259/259 258/258/258
f 232/232/232 233/233/233 260/260/260
f 232/232/232 260/260/260 259/259/259
f 233/233/233 234/234/234 261/261/261
f 233/233/233 261/261/261 260/260/260
f 238/238/238 239/239/239 266/266/266
f 239/239/239 240/240/240 267/267/267
f 239/239/239 267/267/267 266/266/266
f 240/240/240 241/241/241 268/268/268
f 240/240/240 268/268/268 267/267/267
f 241/241/241 242/242/242 269/269/269
f 241/241/241 269/269/269 268/268/268
f 242/242/242 243/243/243 270/270/270
f 242/242/242 270/270/270 269/269/269
f 244/244/244 245/245/245 272/272/272
f 244/244/244 272/272/272 271/271/271
f 245/245/245 246/246/246 273/273/273
f 245/245/245 273/273/273 272/272/272
f 246/246/246 247/247/247 274/274/274
f 246/246/246 274/274/274 273/273/273
f 247/247/247 248/248/248 275/275/275
f 247/247/247 275/275/275 274/274/274
f 248/248/248 249/249/249 276/276/276
f 248/248/248 276/276/276 275/275/275
f 249/249/249 250/250/250 277/277/277
f 249/249/249 277/277/277 276/276/276
f 250/250/250 251/251/251 278/278/278
f 250/250/250 278/278/278 277/277/277
f 251/251/251 252/252/252 279/279/279
f 251/251/251 279/279/279 278/278/278
f 252/252/252 253/253/253 280/280/280
f 252/252/252 280/280/280 279/279/279
f 253/253/253 254/254/254 281/281/281
f 253/253/253 281/281/281 280/280/280
f 254/254/254 255/255/255 282/282/282
f 254/254/254 282/282/282 281/281/281
f 255/255/255 256/256/256 283/283/283
f 255/255/255 283/283/283 282/282/282
f 256/256/256 257/257/257 284/284/284
f 256/256/256 284/284/284 283/283/283
f 257/257/257 258/258/258 285/285/285
f 257/257/257 285/285/285 284/284/284
f 258/258/258 259/259/259 286/286/286
f 258/258/258 286/286/286 285/285/285
f 259/259/259 260/260/260 287/287/287
f 259/259/259 287/287/287 286/286/286
f 260/260/260 261/261/261 288/288/288
f 260/260/260 288/288/288 287/287/287
f 266/266/266 267/267/267 294/294/294
f 266/266/266 294/294/294 293/293/293
f 267/267/267 268/268/268 295/295/295
f 267/267/267 295/295/295 294/294/294
f 268/268/268 269/269/269 296/296/296
f 268/268/268 296/296/296 295/295/295
f 269/269/269 270/270/270 297/297/297
f 269/269/269 297/297/297 296/296/296
f 271/271/271 272/272/272 299/299/299
f 271/271/271 299/299/299 298/298/298
f 272/272/272 273/273/273 300/300/300
f 272/272/272 300/300/300 299/299/299
f 273/273/273 274/274/274 301/301/301
f 273/273/273 301/301/301 300/300/300
f 274/274/274 275/275/275 302/302/302
f 274/274/274 302/302/302 301/301/301
f 275/275/275 276/276/276 303/303/303
f 275/275/275 303/303/303 302/302/302
f 276/276/276 277/277/277 304/304/304
f 276/276/276 304/304/304 303/303/303
f 277/277/277 278/278/278 305/305/305
f 277/277/277 305/305/305 304/304/304
f 278/278/278 279/279/279 306/306/306
f 278/278/278 306/306/306 305/305/305
f 279/279/279 280/280/280 307/307/307
f 279/279/279 307/307/307 306/306/306
f 280/280/280 281/281/281 308/308/308
f 280/280/280 308/308/308 307/307/307
f 281/281/281 282/282/282 309/309/309
f 281/281/281 309/309/309 308/308/308
f 282/282/282 283/283/283 310/310/310
f 282/282/282 310/310/310 309/309/309
f 283/283/283 284/284/284 311/311/311
f 283/283/283 311/311/311 310/310/310
f 284/284/284 285/285/285 312/312/312
f 284/284/284 312/312/312 311/311/311
f 285/285/285 286/286/286 313/313/313
f 285/285/285 313/313/313 312/312/312
f 286/286/286 287/287/287 314/314/314
f 286/286/286 314/314/314 313/313/313
f 287/287/287 288/288/288 315/315/315
f 287/287/287 315/315/315 314/314/314
f 288/288/288 316/316/316 315/315/315
f 293/293/293 294/294/294 321/321/321
f 293/293/293 321/321/321 320/320/320
f 294/294/294 295/295/295 322/322/322
f 294/294/294 322/322/322 321/321/321
f 295/295/295 296/296/296 323/323/323
f 295/295/295 323/323/323 322/322/322
f 296/296/296 297/297/297 324/324/324
f 296/296/296 324/324/324 323/323/323
f 298/298/298 299/299/299 326/326/326
f 298/298/298 326/326/326 325/325/325
f 299/299/299 300/300/300 327/327/327
f 299/299/299 327/327/327 326/326/326
f 300/300/300 301/301/301 328/328/328
f 300/300/300 328/328/328 327/327/327
f 301/301/301 302/302/302 329/329/329
f 301/301/301 329/329/329 328/328/328
f 302/302/302 303/303/303 330/330/330
f 302/302/302 330/330/330 329/329/329
f 303/303/303 304/304/304 331/331/331
f 303/303/303 331/331/331 330/330/330
f 304/304/304 305/305/305 332/332/332
f 304/304/304 332/332/332 331/331/331
f 305/305/305 306/306/306 333/333/333
f 305/305/305 333/333/333 332/332/332
f 306/306/306 307/307/307 334/334/334
f 306/306/306 334/334/334 333/333/333
f 307/307/307 308/308/308 335/335/335
f 307/307/307 335/335/335 334/334/334
f 308/308/308 309/309/309 336/336/336
f 308/308/308 336/336/336 335/335/335
f 309/309/309 310/310/310 337/337/337
f 309/309/309 337/337/337 336/336/336
f 310/310/310 311/311/311 338/338/338
f 310/310/310 338/338/338 337/337/337
f 311/311/311 312/312/312 339/339/339
f 311/311/311 339/339/339 338/338/338
f 312/312/312 313/313/313 340/340/340
f 312/312/312 340/340/340 339/339/339
f 313/313/313 314/314/314 341/341/341
f 313/313/313 341/341/341 340/340/340
f 314/314/314 315/315/315 342/342/342
f 314/314/314 342/342/342 341/341/341
f 315/315/315 343/343/343 342/342/342
f 320/320/320 321/321/321 348/348/348
f 320/320/320 348/348/348 347/347/347
f 321/321/321 322/322/322 349/349/349
f 321/321/321 349/349/349 348/348/348
f 322/322/322 323/323/323 350/350/350
f 322/322/322 350/350/350 349/349/349
f 323/323/323 324/324/324 351/351/351
f 323/323/323 351/351/351 350/350/350
f 325/325/325 326/326/326 353/353/353
f 325/325/325 353/353/353 352/352/352
f 326/326/326 327/327/327 354/354/354
f 326/326/326 354/354/354 353/353/353
f 327/327/327 328/328/328 355/355/355
f 327/327/327 355/355/355 354/354/354
f 328/328/328 329/329/329 356/356/356
f 328/328/328 356/356/356 355/355/355
f 329/329/329 330/330/330 357/357/357
f 329/329/329 357/357/357 356/356/356
f 330/330/330 331/331/331 358/358/358
f 330/330/330 358/358/358 357/357/357
f 331/331/331 332/332/332 359/359/359
f 331/331/331 359/359/359 358/358/358
f 332/332/332 333/333/333 360/360/360
f 332/332/332 360/360/360 359/359/359
f 333/333/333 334/334/334 361/361/361
f 333/333/333 361/361/361 360/360/360
f 334/334/334 335/335/335 362/362/362
f 334/334/334 362/362/362 361/361/361
f 335/335/335 336/336/336 363/363/363
f 335/335/335 363/363/363 362/362/362
f 336/336/336 337/337/337 364/364/364
f 336/336/336 364/364/364 363/363/363
f 337/337/337 338/338/338 365/365/365
f 337/337/337 365/365/365 364/364/364
f 338/338/338 339/339/339 366/366/366
f 338/338/338 366/366/366 365/365/365
f 339/339/339 340/340/340 367/367/367
f 339/339/339 367/367/367 366/366/366
f 340/340/340 341/341/341 368/368/368
f 340/340/340 368/368/368 367/367/367
f 341/341/341 342/342/342 369/369/369
f 341/341/341 369/369/369 368/368/368
f 347/347/347 348/348/348 375/375/375
f 347/347/347 375/375/375 374/374/374
f 348/348/348 349/349/349 376/376/376
f 348/348/348 376/376/376 375/375/375
f 349/349/349 350/350/350 377/377/377
f 349/349/349 377/377/377 376/376/376
f 350/350/350 351/351/351 378/378/378
f 350/350/350 378/378/378 377/377/377
f 352/352/352 353/353/353 380/380/380
f 352/352/352 380/380/380 379/379/379
f 353/353/353 354/354/354 381/381/381
f 353/353/353 381/381/381 380/380/380
f 354/354/354 355/355/355 382/382/382
f 354/354/354 382/382/382 381/381/381
f 355/355/355 356/356/356 383/383/383
f 355/355/355 383/383/383 382/382/382
f 356/356/356 357/357/357 384/384/384
f 356/356/356 384/384/384 383/383/383
f 357/357/357 358/358/358 385/385/385
f 357/357/357 385/385/385 384/384/384
f 358/358/358 359/359/359 386/386/386
f 358/358/358 386/386/386 385/385/385
f 359/359/359 360/360/360 387/387/387
f 359/359/359 387/387/387 386/386/386
f 360/360/360 361/361/361 388/388/388
f 360/360/360 388/388/388 387/387/387
f 361/361/361 362/362/362 389/389/389
f 361/361/361 389/389/389 388/388/388
f 362/362/362 363/363/363 390/390/390
f 362/362/362 390/390/390 389/389/389
f 363/363/363 364/364/364 391/391/391
f 363/363/363 391/391/391 390/390/390
f 364/364/364 365/365/365 392/392/392
f 364/364/364 392/392/392 391/391/391
f 365/365/365 366/366/366 393/393/393
f 365/365/365 393/393/393 392/392/392
f 366/366/366 367/367/367 394/394/394
f 366/366/366 394/394/394 393/393/393
f 367/367/367 368/368/368 395/395/395
f 367/367/367 395/395/395 394/394/394
f 368/368/368 369/369/369 396/396/396
f 368/368/368 396/396/396 395/395/395
f 373/373/373 374/374/374 401/401/401
f 374/374/374 375/375/375 402/402/402
f 374/374/374 402/402/402 401/401/401
f 375/375/375 376/376/376 403/403/403
f 375/375/375 403/403/403 402/402/402
f 376/376/376 377/377/377 404/404/404
f 376/376/376 404/404/404 403/403/403
f 377/377/377 378/378/378 405/405/405
f 377/377/377 405/405/405 404/404/404
f 379/379/379 380/380/380 407/407/407
f 379/379/379 407/407/407 406/406/406
f 380/380/380 381/381/381 408/408/408
f 380/380/380 408/408/408 407/407/407
f 381/381/381 382/382/382 409/409/409
f 381/381/381 409/409/409 408/408/408
f 382/382/382 383/383/383 410/410/410
f 382/382/382 410/410/410 409/409/409
f 383/383/383 384/384/384 411/411/411
f 383/383/383 411/411/411 410/410/410
f 384/384/384 385/385/385 412/412/412
f 384/384/384 412/412/412 411/411/411
f 385/385/385 386/386/386 413/413/413
f 385/385/385 413/413/413 412/412/412
f 386/386/386 387/387/387 414/414/414
f 386/386/386 414/414/414 413/413/413
f 387/387/387 388/388/388 415/415/415
f 387/387/387 415/415/415 414/414/414
f 388/388/388 389/389/389 416/416/416
f 388/388/388 416/416/416 415/415/415
f 389/389/389 390/390/390 417/417/417
f 389/389/389 417/417/417 416/416/416
f 390/390/390 391/391/391 418/418/418
f 390/390/390 418/418/418 417/417/417
f 391/391/391 392/392/392 419/419/419
f 391/391/391 419/419/419 418/418/418
f 392/392/392 393/393/393 420/420/420
f 392/392/392 420/420/420 419/419/419
f 393/393/393 394/394/394 421/421/421
f 393/393/393 421/421/421 420/420/420
f 394/394/394 395/395/395 422/422/422
f 394/394/394 422/422/422 421/421/421
f 395/395/395 396/396/396 423/423/423
f 395/395/395 423/423/423 422/422/422
f 396/396/396 424/424/424 423/423/423
f 400/400/400 401/401/401 428/428/428
f 400/400/400 428/428/428 427/427/427
f 401/401/401 402/402/402 429/429/429
f 401/401/401 429/429/429 428/428/428
f 402/402/402 403/403/403 430/430/430
f 402/402/402 430/430/430 429/429/429
f 403/403/403 404/404/404 431/431/431
f 403/403/403 431/431/431 430/430/430
f 404/404/404 405/405/405 432/432/432
f 404/404/404 432/432/432 431/431/431
f 406/406/406 407/407/407 434/434/434
f 406/406/406 434/434/434 433/433/433
f 407/407/407 408/408/408 435/435/435
f 407/407/407 435/435/435 434/434/434
f 408/408/408 409/409/409 436/436/436
f 408/408/408 436/436/436 435/435/435
f 409/409/409 410/410/410 437/437/437
f 409/409/409 437/437/437 436/436/436
f 410/410/410 411/411/411 438/438/438
f 410/410/410 438/438/438 437/437/437
f 411/411/411 412/412/412 439/439/439
f 411/411/411 439/439/439 438/438/438
f 412/412/412 413/413/413 440/440/440
f 412/412/412 440/440/440 439/439/439
f 413/413/413 414/414/414 441/441/441
f 413/413/413 441/441/441 440/440/440
f 414/414/414 415/415/415 442/442/442
f 414/414/414 442/442/442 441/441/441
f 415/415/415 416/416/416 443/443/443
f 415/415/415 443/443/443 442/442/442
f 416/416/416 417/417/417 444/444/444
f 416/416/416 444/444/444 443/443/443
f 417/417/417 418/418/418 445/445/445
f 417/417/417 445/445/445 444/444/444
f 418/418/418 419/419/419 446/446/446
f 418/418/418 446/446/446 445/445/445
f 419/419/419 420/420/420 447/447/447
f 419/419/419 447/447/447 446/446/446
f 420/420/420 421/421/421 448/448/448
f 420/420/420 448/448/448 447/447/447
f 421/421/421 422/422/422 449/449/449
f 421/421/421 449/449/449 448/448/448
f 422/422/422 423/423/423 450/450/450
f 422/422/422 450/450/450 449/449/449
f 423/423/423 424/424/424 451/451/451
f 423/423/423 451/451/451 450/450/450
f 424/424/424 425/425/425 452/452/452
f 424/424/424 452/452/452 451/451/451
f 425/425/425 426/426/426 453/453/453
f 425/425/425 453/453/453 452/452/452
f 426/426/426 427/427/427 454/454/454
f 426/426/426 454/454/454 453/453/453
f 427/427/427 428/428/428 455/455/455
f 427/427/427 455/455/455 454/454/454
f 428/428/428 429/429/429 456/456/456
f 428/428/428 456/456/456 455/455/455
f 429/429/429 430/430/430 457/457/457
f 429/429/429 457/457/457 456/456/456
f 430/430/430 431/431/431 458/458/458
f 430/430/430 458/458/458 457/457/457
f 431/431/431 432/432/432 459/459/459
f 431/431/431 459/459/459 458/458/458
f 433/433/433 434/434/434 461/461/461
f 433/433/433 461/461/461 460/460/460
f 434/434/434 435/435/435 462/462/462
f 434/434/434 462/462/462 461/461/461
f 435/435/435 436/436/436 463/463/463
f 435/435/435 463/463/463 462/462/462
f 436/436/436 437/437/437 464/464/464
f 436/436/436 464/464/464 463/463/463
f 437/437/437 438/438/438 465/465/465
f 437/437/437 465/465/465 464/464/464
f 438/438/438 439/439/439 466/466/466
f 438/438/438 466/466/466 465/465/465
f 439/439/439 440/440/440 467/467/467
f 439/439/439 467/467/467 466/466/466
f 440/440/440 441/441/441 468/468/468
f 440/440/440 468/468/468 467/467/467
f 441/441/441 442/442/442 469/469/469
f 441/441/441 469/469/469 468/468/468
f 442/442/442 443/443/443 470/470/470
f 442/442/442 470/470/470 469/469/469
f 443/443/443 444/444/444 471/471/471
f 443/443/443 471/471/471 470/470/470
f 444/444/444 445/445/445 472/472/472
f 444/444/444 472/472/472 471/471/471
f 445/445/445 446/446/446 473/473/473
f 445/445/445 473/473/473 472/472/472
f 446/446/446 447/447/447 474/474/474
f 446/446/446 474/474/474 473/473/473
f 447/447/447 448/448/448 475/475/475
f 447/447/447 475/475/475 474/474/474
f 448/448/448 449/449/449 476/476/476
f 448/448/448 476/476/476 475/475/475
f 449/449/449 450/450/450 477/477/477
f 449/449/449 477/477/477 476/476/476
f 450/450/450 451/451/451 478/478/478
f 450/450/450 478/478/478 477/477/477
f 451/451/451 452/452/452 479/479/479
f 451/451/451 479/479/479 478/478/478
f 452/452/452 453/453/453 480/480/480
f 452/452/452 480/480/480 479/479/479
f 453/453/453 454/454/454 481/481/481
f 453/453/453 481/481/481 480/480/480
f 454/454/454 455/455/455 482/482/482
f 454/454/454 482/482/482 481/481/481
f 455/455/455 456/456/456 483/483/483
f 455/455/455 483/483/483 482/482/482
f 456/456/456 457/457/457 484/484/484
f 456/456/456 484/484/484 483/483/483
f 457/457/457 458/458/458 485/485/485
f 457/457/457 485/485/485 484/484/484
f 458/458/458 459/459/459 486/486/486
f 458/458/458 486/486/486 485/485/485
f 460/460/460 461/461/461 488/488/488
f 460/460/460 488/488/488 487/487/487
f 461/461/461 462/462/462 489/489/489
f 461/461/461 489/489/489 488/488/488
f 462/462/462 463/463/463 490/490/490
f 462/462/462 490/490/490 489/489/489
f 463/463/463 464/464/464 491/491/491
f 463/463/463 491/491/491 490/490/490
f 464/464/464 465/465/465 492/492/492
f 464/464/464 492/492/492 491/491/491
f 465/465/465 466/466/466 493/493/493
f 465/465/465 493/493/493 492/492/492
f 466/466/466 467/467/467 494/494/494
f 466/466/466 494/494/494 493/493/493
f 467/467/467 468/468/468 495/495/495
f 467/467/467 495/495/495 494/494/494
f 468/468/468 469/469/469 496/496/496
f 468/468/468 496/496/496 495/495/495
f 469/469/469 470/470/470 497/497/497
f 469/469/469 497/497/497 496/496/496
f 470/470/470 471/471/471 498/498/498
f 470/470/470 498/498/498 497/497/497
f 471/471/471 472/472/472 499/499/499
f 471/471/471 499/499/499 498/498/498
f 472/472/472 473/473/473 500/500/500
f 472/472/472 500/500/500 499/499/499
f 473/473/473 474/474/474 501/501/501
f 473/473/473 501/501/501 500/500/500
f 474/474/474 475/475/475 502/502/502
f 474/474/474 502/502/502 501/501/501
f 475/475/475 476/476/476 503/503/503
f 475/475/475 503/503/503 502/502/502
f 476/476/476 477/477/477 504/504/504
f 476/476/476 504/504/504 503/503/503
f 477/477/477 478/478/478 505/505/505
f 477/477/477 505/505/505 504/504/504
f 478/478/478 479/479/479 506/506/506
f 478/478/478 506/506/506 505/505/505
f 479/479/479 480/480/480 507/507/507
f 479/479/479 507/507/507 506/506/506
f 480/480/480 481/481/481 508/508/508
f 480/480/480 508/508/508 507/507/507
f 481/481/481 482/482/482 509/509/509
f 481/481/481 509/509/509 508/508/508
f 482/482/482 483/483/483 510/510/510
f 482/482/482 510/510/510 509/509/509
f 483/483/483 484/484/484 511/511/511
f 483/483/483 511/511/511 510/510/510
f 484/484/484 485/485/485 512/512/512
f 484/484/484 512/512/512 511/511/511
f 485/485/485 486/486/486 513/513/513
f 485/485/485 513/513/513 512/512/512
f 487/487/487 488/488/488 515/515/515
f 487/487/487 515/515/515 514/514/514
f 488/488/488 489/489/489 516/516/516
f 488/488/488 516/516/516 515/515/515
f 489/489/489 490/490/490 517/517/517
f 489/489/489 517/517/517 516/516/516
f 490/490/490 491/491/491 518/518/518
f 490/490/490 518/518/518 517/517/517
f 491/491/491 492/492/492 519/519/519
f 491/491/491 519/519/519 518/518/518
f 492/492/492 493/493/493 520/520/520
f 492/492/492 520/520/520 519/519/519
f 493/493/493 494/494/494 521/521/521
f 493/493/493 521/521/521 520/520/520
f 494/494/494 495/495/495 522/522/522
f 494/494/494 522/522/522 521/521/521
f 495/495/495 496/496/496 523/523/523
f 495/495/495 523/523/523 522/522/522
f 496/496/496 497/497/497 524/524/524
f 496/496/496 524/524/524 523/523/523
f 497/497/497 498/498/498 525/525/525
f 497/497/497 525/525/525 524/524/524
f 498/498/498 499/499/499 526/526/526
f 498/498/498 526/526/526 525/525/525
f 499/499/499 500/500/500 527/527/527
f 499/499/499 527/527/527 526/526/526
f 500/500/500 501/501/501 528/528/528
f 500/500/500 528/528/528 527/527/527
f 501/501/501 502/502/502 529/529/529
f 501/501/501 529/529/529 528/528/528
f 502/502/502 503/503/503 530/530/530
f 502/502/502 530/530/530 529/529/529
f 503/503/503 504/504/504 531/531/531
f 503/503/503 531/531/531 530/530/530
f 504/504/504 505/505/505 532/532/532
f 504/504/504 532/532/532 531/531/531
f 505/505/505 506/506/506 533/533/533
f 505/505/505 533/533/533 532/532/532
f 506/506/506 507/507/507 534/534/534
f 506/506/506 534/534/534 533/533/533
f 507/507/507 508/508/508 535/535/535
f 507/507/507 535/535/535 534/534/534
f 508/508/508 509/509/509 536/536/536
f 508/508/508 536/536/536 535/535/535
f 509/509/509 510/510/510 537/537/537
f 509/509/509 537/537/537 536/536/536
f 510/510/510 511/511/511 538/538/538
f 510/510/510 538/538/538 537/537/537
f 511/511/511 512/512/512 539/539/539
f 511/511/511 539/539/539 538/538/538
f 512/512/512 513/513/513 540/540/540
f 512/512/512 540/540/540 539/539/539
f 514/514/514 515/515/515 542/542/542
f 514/514/514 542/542/542 541/541/541
f 515/515/515 516/516/516 543/543/543
f 515/515/515 543/543/543 542/542/542
f 516/516/516 517/517/517 544/544/544
f 516/516/516 544/544/544 543/543/543
f 517/517/517 518/518/518 545/545/545
f 517/517/517 545/545/545 544/544/544
f 518/518/518 519/519/519 546/546/546
f 518/518/518 546/546/546 545/545/545
f 519/519/519 520/520/520 547/547/547
f 519/519/519 547/547/547 546/546/546
f 520/520/520 521/521/521 548/548/548
f 520/520/520 548/548/548 547/547/547
f 521/521/521 522/522/522 549/549/549
f 521/521/521 549/549/549 548/548/548
f 522/522/522 523/523/523 550/550/550
f 522/522/522 550/550/550 549/549/549
f 523/523/523 524/524/524 551/551/551
f 523/523/523 551/551/551 550/550/550
f 524/524/524 525/525/525 552/552/552
f 524/524/524 552/552/552 551/551/551
f 525/525/525 526/526/526 553/553/553
f 525/525/525 553/553/553 552/552/552
f 526/526/526 527/527/527 554/554/554
f 526/526/526 554/554/554 553/553/553
f 527/527/527 528/528/528 555/555/555
f 527/527/527 555/555/555 554/554/554
f 528/528/528 529/529/529 556/556/556
f 528/528/528 556/556/556 555/555/555
f 529/529/529 530/530/530 557/557/557
f 529/529/529 557/557/557 556/556/556
f 530/530/530 531/531/531 558/558/558
f 530/530/530 558/558/558 557/557/557
f 531/531/531 532/532/532 559/559/559
f 531/531/531 559/559/559 558/558/558
f 532/532/532 533/533/533 560/560/560
f 532/532/532 560/560/560 559/559/559
f 533/533/533 534/534/534 561/561/561
f 533/533/533 561/561/561 560/560/560
f 534/534/534 535/535/535 562/562/562
f 534/534/534 562/562/562 561/561/561
f 535/535/535 536/536/536 563/563/563
f 535/535/535 563/563/563 562/562/562
f 536/536/536 537/537/537 564/564/564
f 536/536/536 564/564/564 563/563/563
f 537/537/537 538/538/538 565/565/565
f 537/537/537 565/565/565 564/564/564
f 538/538/538 539/539/539 566/566/566
f 538/538/538 566/566/566 565/565/565
f 539/539/539 540/540/540 567/567/567
f 539/539/539 567/567/567 566/566/566
f 541/541/541 542/542/542 569/569/569
f 541/541/541 569/569/569 568/568/568
f 542/542/542 543/543/543 570/570/570
f 542/542/542 570/570/570 569/569/569
f 543/543/543 544/544/544 571/571/571
f 543/543/543 571/571/571 570/570/570
f 544/544/544 545/545/545 572/572/572
f 544/544/544 572/572/572 571/571/571
f 545/545/545 546/546/546 573/573/573
f 545/545/545 573/573/573 572/572/572
f 546/546/546 547/547/547 574/574/574
f 546/546/546 574/574/574 573/573/573
f 547/547/547 548/548/548 575/575/575
f 547/547/547 575/575/575 574/574/574
f 548/548/548 549/549/549 576/576/576
f 548/548/548 576/576/576 575/575/575
f 549/549/549 550/550/550 577/577/577
f 549/549/549 577/577/577 576/576/576
f 550/550/550 551/551/551 578/578/578
f 550/550/550 578/578/578 577/577/577
f 551/551/551 552/552/552 579/579/579
f 551/551/551 579/579/579 578/578/578
f 552/552/552 553/553/553 580/580/580
f 552/552/552 580/580/580 579/579/579
f 553/553/553 554/554/554 581/581/581
f 553/553/553 581/581/581 580/580/580
f 554/554/554 555/555/555 582/582/582
f 554/554/554 582/582/582 581/581/581
f 555/555/555 556/556/556 583/583/583
f 555/555/555 583/583/583 582/582/582
f 556/556/556 557/557/557 584/584/584
f 556/556/556 584/584/584 583/583/583
f 557/557/557 558/558/558 585/585/585
f 557/557/557 585/585/585 584/584/584
f 558/558/558 559/559/559 586/586/586
f 558/558/558 586/586/586 585/585/585
f 559/559/559 560/560/560 587/587/587
f 559/559/559 587/587/587 586/586/586
f 560/560/560 561/561/561 588/588/588
f 560/560/560 588/588/588 587/587/587
f 561/561/561 562/562/562 589/589/589
f 561/561/561 589/589/589 588/588/588
f 562/562/562 563/563/563 590/590/590
f 562/562/562 590/590/590 589/589/589
f 563/563/563 564/564/564 591/591/591
f 563/563/563 591/591/591 590/590/590
f 564/564/564 565/565/565 592/592/592
f 564/564/564 592/592/592 591/591/591
f 565/565/565 566/566/566 593/593/593
f 565/565/565 593/593/593 592/592/592
f 566/566/566 567/567/567 594/594/594
f 566/566/566 594/594/594 593/593/593
f 568/568/568 569/569/569 596/596/596
f 568/568/568 596/596/596 595/595/595
f 569/569/569 570/570/570 597/597/597
f 569/569/569 597/597/597 596/596/596
f 570/570/570 571/571/571 598/598/598
f 570/570/570 598/598/598 597/597/597
f 571/571/571 572/572/572 599/599/599
f 571/571/571 599/599/599 598/598/598
f 572/572/572 573/573/573 600/600/600
f 572/572/572 600/600/600 599/599/599
f 573/573/573 574/574/574 601/601/601
f 573/573/573 601/601/601 600/600/600
f 574/574/574 575/575/575 602/602/602
f 574/574/574 602/602/602 601/601/601
f 575/575/575 576/576/576 603/603/603
f 575/575/575 603/603/603 602/602/602
f 576/576/576 577/577/577 604/604/604
f 576/576/576 604/604/604 603/603/603
f 577/577/577 578/578/578 605/605/605
f 577/577/577 605/605/605 604/604/604
f 578/578/578 579/579/579 606/606/606
f 578/578/578 606/606/606 605/605/605
f 579/579/579 580/580/580 607/607/607
f 579/579/579 607/607/607 606/606/606
f 580/580/580 581/581/581 608/608/608
f 580/580/580 608/608/608 607/607/607
f 581/581/581 582/582/582 609/609/609
f 581/581/581 609/609/609 608/608/608
f 582/582/582 583/583/583 610/610/610
f 582/582/582 610/610/610 609/609/609
f 583/583/583 584/584/584 611/611/611
f 583/583/583 611/611/611 610/610/610
f 584/584/584 585/585/585 612/612/612
f 584/584/584 612/612/612 611/611/611
f 585/585/585 586/586/586 613/613/613
f 585/585/585 613/613/613 612/612/612
f 586/586/586 587/587/587 614/614/614
f 586/586/586 614/614/614 613/613/613
f 587/587/587 588/588/588 615/615/615
f 587/587/587 615/615/615 614/614/614
f 588/588/588 589/589/589 616/616/616
f 588/588/588 616/616/616 615/615/615
f 589/589/589 590/590/590 617/617/617
f 589/589/589 617/617/617 616/616/616
f 590/590/590 591/591/591 618/618/618
f 590/590/590 618/618/618 617/617/617
f 591/591/591 592/592/592 619/619/619
f 591/591/591 619/619/619 618/618/618
f 592/592/592 593/593/593 620/620/620
f 592/592/592 620/620/620 619/619/619
f 593/593/593 594/594/594 621/621/621
f 593/593/593 621/621/621 620/620/620
f 595/595/595 596/596/596 623/623/623
f 595/595/595 623/623/623 622/622/622
f 596/596/596 597/597/597 624/624/624
f 596/596/596 624/624/624 623/623/623
f 597/597/597 598/598/598 625/625/625
f 597/597/597 625/625/625 624/624/624
f 598/598/598 599/599/599 626/626/626
f 598/598/598 626/626/626 625/625/625
f 599/599/599 600/600/600 627/627/627
f 599/599/599 627/627/627 626/626/626
f 600/600/600 601/601/601 628/628/628
f 600/600/600 628/628/628 627/627/627
f 601/601/601 602/602/602 629/629/629
f 601/601/601 629/629/629 628/628/628
f 602/602/602 603/603/603 630/630/630
f 602/602/602 630/630/630 629/629/629
f 603/603/603 604/604/604 631/631/631
f 603/603/603 631/631/631 630/630/630
f 604/604/604 605/605/605 632/632/632
f 604/604/604 632/632/632 631/631/631
f 605/605/605 606/606/606 633/633/633
f 605/605/605 633/633/633 632/632/632
f 606/606/606 607/607/607 634/634/634
f 606/606/606 634/634/634 633/633/633
f 607/607/607 608/608/608 635/635/635
f 607/607/607 635/635/635 634/634/634
f 608/608/608 609/609/609 636/636/636
f 608/608/608 636/636/636 635/635/635
f 609/609/609 610/610/610 637/637/637
f 609/609/609 637/637/637 636/636/636
f 610/610/610 611/611/611 638/638/638
f 610/610/610 638/638/638 637/637/637
f 611/611/611 612/612/612 639/639/639
f 611/611/611 639/639/639 638/638/638
f 612/612/612 613/613/613 640/640/640
f 612/612/612 640/640/640 639/639/639
f 613/613/613 614/614/614 641/641/641
f 613/613/613 641/641/641 640/640/640
f 614/614/614 615/615/615 642/642/642
f 614/614/614 642/642/642 641/641/641
f 615/615/615 616/616/616 643/643/643
f 615/615/615 643/643/643 642/642/642
f 616/616/616 617/617/617 644/644/644
f 616/616/616 644/644/644 643/643/643
f 617/617/617 618/618/618 645/645/645
f 617/617/617 645/645/645 644/644/644
f 618/618/618 619/619/619 646/646/646
f 618/618/618 646/646/646 645/645/645
f 619/619/619 620/620/620 647/647/647
f 619/619/619 647/647/647 646/646/646
f 620/620/620 621/621/621 648/648/648
f 620/620/620 648/648/648 647/647/647
f 622/622/622 623/623/623 650/650/650
f 622/622/622 650/650/650 649/649/649
f 623/623/623 624/624/624 651/651/651
f 623/623/623 651/651/651 650/650/650
f 624/624/624 625/625/625 652/652/652
f 624/624/624 652/652/652 651/651/651
f 625/625/625 626/626/626 653/653/653
f 625/625/625 653/653/653 652/652/652
f 626/626/626 627/627/627 654/654/654
f 626/626/626 654/654/654 653/653/653
f 627/627/627 628/628/628 655/655/655
f 627/627/627 655/655/655 654/654/654
f 628/628/628 629/629/629 656/656/656
f 628/628/628 656/656/656 655/655/655
f 629/629/629 630/630/630 657/657/657
f 629/629/629 657/657/657 656/656/656
f 630/630/630 631/631/631 658/658/658
f 630/630/630 658/658/658 657/657/657
f 631/631/631 632/632/632 659/659/659
f 631/631/631 659/659/659 658/658/658
f 632/632/632 633/633/633 660/660/660
f 632/632/632 660/660/660 659/659/659
f 633/633/633 634/634/634 661/661/661
f 633/633/633 661/661/661 660/660/660
f 634/634/634 635/635/635 662/662/662
f 634/634/634 662/662/662 661/661/661
f 635/635/635 636/636/636 663/663/663
f 635/635/635 663/663/663 662/662/662
f 636/636/636 637/637/637 664/664/664
f 636/636/636 664/664/664 663/663/663
f 637/637/637 638/638/638 665/665/665
f 637/637/637 665/665/665 664/664/664
f 638/638/638 639/639/639 666/666/666
f 638/638/638 666/666/666 665/665/665
f 639/639/639 640/640/640 667/667/667
f 639/639/639 667/667/667 666/666/666
f 640/640/640 641/641/641 668/668/668
f 640/640/640 668/668/668 667/667/667
f 641/641/641 642/642/642 669/669/669
f 641/641/641 669/669/669 668/668/668
f 642/642/642 643/643/643 670/670/670
f 642/642/642 670/670/670 669/669/669
f 643/643/643 644/644/644 671/671/671
f 643/643/643 671/671/671 670/670/670
f 644/644/644 645/645/645 672/672/672
f 644/644/644 672/672/672 671/671/671
f 645/645/645 646/646/646 673/673/673
f 645/645/645 673/673/673 672/672/672
f 646/646/646 647/647/647 674/674/674
f 646/646/646 674/674/674 673/673/673
f 647/647/647 648/648/648 675/675/675
f 647/647/647 675/675/675 674/674/674
f 649/649/649 650/650/650 677/677/677
f 649/649/649 677/677/677 676/676/676
f 650/650/650 651/651/651 678/678/678
f 650/650/650 678/678/678 677/677/677
f 651/651/651 652/652/652 679/679/679
f 651/651/651 679/679/679 678/678/678
f 652/652/652 653/653/653 680/680/680
f 652/652/652 680/680/680 679/679/679
f 653/653/653 654/654/654 681/681/681
f 653/653/653 681/681/681 680/680/680
f 654/654/654 655/655/655 682/682/682
f 654/654/654 682/682/682 681/681/681
f 655/655/655 656/656/656 683/683/683
f 655/655/655 683/683/683 682/682/682
f 656/656/656 657/657/657 684/684/684
f 656/656/656 684/684/684 683/683/683
f 657/657/657 658/658/658 685/685/685
f 657/657/657 685/685/685 684/684/684
f 658/658/658 659/659/659 686/686/686
f 658/658/658 686/686/686 685/685/685
f 659/659/659 660/660/660 687/687/687
f 659/659/659 687/687/687 686/686/686
f 660/660/660 661/661/661 688/688/688
f 660/660/660 688/688/688 687/687/687
f 661/661/661 662/662/662 689/689/689
f 661/661/661 689/689/689 688/688/688
f 662/662/662 663/663/663 690/690/690
f 662/662/662 690/690/690 689/689/689
f 663/663/663 664/664/664 691/691/691
f 663/663/663 691/691/691 690/690/690
f 664/664/664 665/665/665 692/692/692
f 664/664/664 692/692/692 691/691/691
f 665/665/665 666/666/666 693/693/693
f 665/665/665 693/693/693 692/692/692
f 666/666/666 667/667/667 694/694/694
f 666/666/666 694/694/694 693/693/693
f 667/667/667 668/668/668 695/695/695
f 667/667/667 695/695/695 694/694/694
f 668/668/668 669/669/669 696/696/696
f 668/668/668 696/696/696 695/695/695
f 669/669/669 670/670/670 697/697/697
f 669/669/669 697/697/697 696/696/696
f 670/670/670 671/671/671 698/698/698
f 670/670/670 698/698/698 697/697/697
f 671/671/671 672/672/672 699/699/699
f 671/671/671 699/699/699 698/698/698
f 672/672/672 673/673/673 700/700/700
f 672/672/672 700/700/700 699/699/699
f 673/673/673 674/674/674 701/701/701
f 673/673/673 701/701/701 700/700/700
f 674/674/674 675/675/675 702/702/702
f 674/674/674 702/702/702 701/701/701
f 676/676/676 677/677/677 704/704/704
f 676/676/676 704/704/704 703/703/703
f 677/677/677 678/678/678 705/705/705
f 677/677/677 705/705/705 704/704/704
f 678/678/678 679/679/679 706/706/706
f 678/678/678 706/706/706 705/705/705
f 679/679/679 680/680/680 707/707/707
f 679/679/679 707/707/707 706/706/706
f 680/680/680 681/681/681 708/708/708
f 680/680/680 708/708/708 707/707/707
f 681/681/681 682/682/682 709/709/709
f 681/681/681 709/709/709 708/708/708
f 682/682/682 683/683/683 710/710/710
f 682/682/682 710/710/710 709/709/709
f 683/683/683 684/684/684 711/711/711
f 683/683/683 711/711/711 710/710/710
f 684/684/684 685/685/685 712/712/712
f 684/684/684 712/712/712 711/711/711
f 685/685/685 686/686/686 713/713/713
f 685/685/685 713/713/713 712/712/712
f 686/686/686 687/687/687 714/714/714
f 686/686/686 714/714/714 713/713/713
f 687/687/687 688/688/688 715/715/715
f 687/687/687 715/715/715 714/714/714
f 688/688/688 689/689/689 716/716/716
f 688/688/688 716/716/716 715/715/715
f 689/689/689 690/690/690 717/717/717
f 689/689/689 717/717/717 716/716/716
f 690/690/690 691/691/691 718/718/718
f 690/690/690 718/718/718 717/717/717
f 691/691/691 692/692/692 719/719/719
f 691/691/691 719/719/719 718/718/718
f 692/692/692 693/693/693 720/720/720
f 692/692/692 720/720/720 719/719/719
f 693/693/693 694/694/694 721/721/721
f 693/693/693 721/721/721 720/720/720
f 694/694/694 695/695/695 722/722/722
f 694/694/694 722/722/722 721/721/721
f 695/695/695 696/696/696 723/723/723
f 695/695/695 723/723/723 722/722/722
f 696/696/696 697/697/697 724/724/724
f 696/696/696 724/724/724 723/723/723
f 697/697/697 698/698/698 725/725/725
f 697/697/697 725/725/725 724/724/724
f 698/698/698 699/699/699 726/726/726
f 698/698/698 726/726/726 725/725/725
f 699/699/699 700/700/700 727/727/727
f 699/699/699 727/727/727 726/726/726
f 700/700/700 701/701/701 728/728/728
f 700/700/700 728/728/728 727/727/727
f 701/701/701 702/702/702 729/729/729
f 701/701/701 729/729/729 728/728/728
f 703/703/703 704/704/704 731/731/731
f 703/703/703 731/731/731 730/730/730
f 704/704/704 705/705/705 732/732/732
f 704/704/704 732/732/732 731/731/731
f 705/705/705 706/706/706 733/733/733
f 705/705/705 733/733/733 732/732/732
f 706/706/706 707/707/707 734/734/734
f 706/706/706 734/734/734 733/733/733
f 707/707/707 708/708/708 735/735/735
f 707/707/707 735/735/735 734/734/734
f 708/708/708 709/709/709 736/736/736
f 708/708/708 736/736/736 735/735/735
f 709/709/709 710/710/710 737/737/737
f 709/709/709 737/737/737 736/736/736
f 710/710/710 711/711/711 738/738/738
f 710/710/710 738/738/738 737/737/737
f 711/711/711 712/712/712 739/739/739
f 711/711/711 739/739/739 738/738/738
f 712/712/712 713/713/713 740/740/740
f 712/712/712 740/740/740 739/739/739
f 713/713/713 714/714/714 741/741/741
f 713/713/713 741/741/741 740/740/740
f 714/714/714 715/715/715 742/742/742
f 714/714/714 742/742/742 741/741/741
f 715/715/715 716/716/716 743/743/743
f 715/715/715 743/743/743 742/742/742
f 716/716/716 717/717/717 744/744/744
f 716/716/716 744/744/744 743/743/743
f 717/717/717 718/718/718 745/745/745
f 717/717/717 745/745/745 744/744/744
f 718/718/718 719/719/719 746/746/746
f 718/718/718 746/746/746 745/745/745
f 719/719/719 720/720/720 747/747/747
f 719/719/719 747/747/747 746/746/746
f 720/720/720 721/721/721 748/748/748
f 720/720/720 748/748/748 747/747/747
f 721/721/721 722/722/722 749/749/749
f 721/721/721 749/749/749 748/748/748
f 722/722/722 723/723/723 750/750/750
f 722/722/722 750/750/750 749/749/749
f 723/723/723 724/724/724 751/751/751
f 723/723/723 751/751/751 750/750/750
f 724/724/724 725/725/725 752/752/752
f 724/724/724 752/752/752 751/751/751
f 725/725/725 726/726/726 753/753/753
f 725/725/725 753/753/753 752/752/752
f 726/726/726 727/727/727 754/754/754
f 726/726/726 754/754/754 753/753/753
f 727/727/727 728/728/728 755/755/755
f 727/727/727 755/755/755 754/754/754
f 728/728/728 729/729/729 756/756/756
f 728/728/728 756/756/756 755/755/755
f 730/730/730 731/731/731 758/758/758
f 730/730/730 758/758/758 757/757/757
f 731/731/731 732/732/732 759/759/759
f 731/731/731 759/759/759 758/758/758
f 732/732/732 733/733/733 760/760/760
f 732/732/732 760/760/760 759/759/759
f 733/733/733 734/734/734 761/761/761
f 733/733/733 761/761/761 760/760/760
f 734/734/734 735/735/735 762/762/762
f 734/734/734 762/762/762 761/761/761
f 735/735/735 736/736/736 763/763/763
f 735/735/735 763/763/763 762/762/762
f 736/736/736 737/737/737 764/764/764
f 736/736/736 764/764/764 763/763/763
f 737/737/737 738/738/738 765/765/765
f 737/737/737 765/765/765 764/764/764
f 738/738/738 739/739/739 766/766/766
f 738/738/738 766/766/766 765/765/765
f 739/739/739 740/740/740 767/767/767
f 739/739/739 767/767/767 766/766/766
f 740/740/740 741/741/741 768/768/768
f 740/740/740 768/768/768 767/767/767
f 741/741/741 742/742/742 769/769/769
f 741/741/741 769/769/769 768/768/768
f 742/742/742 743/743/743 770/770/770
f 742/742/742 770/770/770 769/769/769
f 743/743/743 744/744/744 771/771/771
f 743/743/743 771/771/771 770/770/770
f 744/744/744 745/745/745 772/772/772
f 744/744/744 772/772/772 771/771/771
f 745/745/745 746/746/746 773/773/773
f 745/745/745 773/773/773 772/772/772
f 746/746/746 747/747/747 774/774/774
f 746/746/746 774/774/774 773/773/773
f 747/747/747 748/748/748 775/775/775
f 747/747/747 775/775/775 774/774/774
f 748/748/748 749/749/749 776/776/776
f 748/748/748 776/776/776 775/775/775
f 749/749/749 750/750/750 777/777/777
f 749/749/749 777/777/777 776/776/776
f 750/750/750 751/751/751 778/778/778
f 750/750/750 778/778/778 777/777/777
f 751/751/751 752/752/752 779/779/779
f 751/751/751 779/779/779 778/778/778
f 752/752/752 753/753/753 780/780/780
f 752/752/752 780/780/780 779/779/779
f 753/753/753 754/754/754 781/781/781
f 753/753/753 781/781/781 780/780/780
f 754/754/754 755/755/755 782/782/782
f 754/754/754 782/782/782 781/781/781
f 755/755/755 756/756/756 783/783/783
f 755/755/755 783/783/783 782/782/782
f 757/757/757 758/758/758 785/785/785
f 757/757/757 785/785/785 784/784/784
f 758/758/758 759/759/759 786/786/786
f 758/758/758 786/786/786 785/785/785
f 759/759/759 760/760/760 787/787/787
f 759/759/759 787/787/787 786/786/786
f 760/760/760 761/761/761 788/788/788
f 760/760/760 788/788/788 787/787/787
f 761/761/761 762/762/762 789/789/789
f 761/761/761 789/789/789 788/788/788
f 762/762/762 763/763/763 790/790/790
f 762/762/762 790/790/790 789/789/789
f 763/763/763 764/764/764 791/791/791
f 763/763/763 791/791/791 790/790/790
f 764/764/764 765/765/765 792/792/792
f 764/764/764 792/792/792 791/791/791
f 765/765/765 766/766/766 793/793/793
f 765/765/765 793/793/793 792/792/792
f 766/766/766 767/767/767 794/794/794
f 766/766/766 794/794/794 793/793/793
f 767/767/767 768/768/768 795/795/795
f 767/767/767 795/795/795 794/794/794
f 768/768/768 769/769/769 796/796/796
f 768/768/768 796/796/796 795/795/795
f 769/769/769 770/770/770 797/797/797
f 769/769/769 797/797/797 796/796/796
f 770/770/770 771/771/771 798/798/798
f 770/770/770 798/798/798 797/797/797
f 771/771/771 772/772/772 799/799/799
f 771/771/771 799/799/799 798/798/798
f 772/772/772 773/773/773 800/800/800
f 772/772/772 800/800/800 799/799/799
f 773/773/773 774/774/774 801/801/801
f 773/773/773 801/801/801 800/800/800
f 774/774/774 775/775/775 802/802/802
f 774/774/774 802/802/802 801/801/801
f 775/775/775 776/776/776 803/803/803
f 775/775/775 803/803/803 802/802/802
f 776/776/776 777/777/777 804/804/804
f 776/776/776 804/804/804 803/803/803
f 777/777/777 778/778/778 805/805/805
f 777/777/777 805/805/805 804/804/804
f 778/778/778 779/779/779 806/806/806
f 778/778/778 806/806/806 805/805/805
f 779/779/779 780/780/780 807/807/807
f 779/779/779 807/807/807 806/806/806
f 780/780/780 781/781/781 808/808/808
f 780/780/780 808/808/808 807/807/807
f 781/781/781 782/782/782 809/809/809
f 781/781/781 809/809/809 808/808/808
f 782/782/782 783/783/783 810/810/810
f 782/782/782 810/810/810 809/809/809
f 784/784/784 785/785/785 812/812/812
f 784/784/784 812/812/812 811/811/811
f 785/785/785 786/786/786 813/813/813
f 785/785/785 813/813/813 812/812/812
f 786/786/786 787/787/787 814/814/814
f 786/786/786 814/814/814 813/813/813
f 787/787/787 788/788/788 815/815/815
f 787/787/787 815/815/815 814/814/814
f 788/788/788 789/789/789 816/816/816
f 788/788/788 816/816/816 815/815/815
f 789/789/789 790/790/790 817/817/817
f 789/789/789 817/817/817 816/816/816
f 790/790/790 791/791/791 818/818/818
f 790/790/790 818/818/818 817/817/817
f 791/791/791 792/792/792 819/819/819
f 791/791/791 819/819/819 818/818/818
f 792/792/792 793/793/793 820/820/820
f 792/792/792 820/820/820 819/819/819
f 793/793/793 794/794/794 821/821/821
f 793/793/793 821/821/821 820/820/820
f 794/794/794 795/795/795 822/822/822
f 794/794/794 822/822/822 821/821/821
f 795/795/795 796/796/796 823/823/823
f 795/795/795 823/823/823 822/822/822
f 796/796/796 797/797/797 824/824/824
f 796/796/796 824/824/824 823/823/823
f 797/797/797 798/798/798 825/825/825
f 797/797/797 825/825/825 824/824/824
f 798/798/798 799/799/799 826/826/826
f 798/798/798 826/826/826 825/825/825
f 799/799/799 800/800/800 827/827/827
f 799/799/799 827/827/827 826/826/826
f 800/800/800 801/801/801 828/828/828
f 800/800/800 828/828/828 827/827/827
f 801/801/801 802/802/802 829/829/829
f 801/801/801 829/829/829 828/828/828
f 802/802/802 803/803/803 830/830/830
f 802/802/802 830/830/830 829/829/829
f 803/803/803 804/804/804 831/831/831
f 803/803/803 831/831/831 830/830/830
f 804/804/804 805/805/805 832/832/832
f 804/804/804 832/832/832 831/831/831
f 805/805/805 806/806/806 833/833/833
f 805/805/805 833/833/833 832/832/832
f 806/806/806 807/807/807 834/834/834
f 806/806/806 834/834/834 833/833/833
f 807/807/807 808/808/808 835/835/835
f 807/807/807 835/835/835 834/834/834
f 808/808/808 809/809/809 836/836/836
f 808/808/808 836/836/836 835/835/835
f 809/809/809 810/810/810 837/837/837
f 809/809/809 837/837/837 836/836/836
f 811/811/811 812/812/812 839/839/839
f 811/811/811 839/839/839 838/838/838
f 812/812/812 813/813/813 840/840/840
f 812/812/812 840/840/840 839/839/839
f 813/813/813 814/814/814 841/841/841
f 813/813/813 841/841/841 840/840/840
f 814/814/814 815/815/815 842/842/842
f 814/814/814 842/842/842 841/841/841
f 815/815/815 816/816/816 843/843/843
f 815/815/815 843/843/843 842/842/842
f 816/816/816 817/817/817 844/844/844
f 816/816/816 844/844/844 843/843/843
f 817/817/817 818/818/818 845/845/845
f 817/817/817 845/845/845 844/844/844
f 818/818/818 819/819/819 846/846/846
f 818/818/818 846/846/846 845/845/845
f 819/819/819 820/820/820 847/847/847
f 819/819/819 847/847/847 846/846/846
f 820/820/820 821/821/821 848/848/848
f 820/820/820 848/848/848 847/847/847
f 821/821/821 822/822/822 849/849/849
f 821/821/821 849/849/849 848/848/848
f 822/822/822 823/823/823 850/850/850
f 822/822/822 850/850/850 849/849/849
f 823/823/823 824/824/824 851/851/851
f 823/823/823 851/851/851 850/850/850
f 824/824/824 825/825/825 852/852/852
f 824/824/824 852/852/852 851/851/851
f 825/825/825 826/826/826 853/853/853
f 825/825/825 853/853/853 852/852/852
f 826/826/826 827/827/827 854/854/854
f 826/826/826 854/854/854 853/853/853
f 827/827/827 828/828/828 855/855/855
f 827/827/827 855/855/855 854/854/854
f 828/828/828 829/829/829 856/856/856
f 828/828/828 856/856/856 855/855/855
f 829/829/829 830/830/830 857/857/857
f 829/829/829 857/857/857 856/856/856
f 830/830/830 831/831/831 858/858/858
f 830/830/830 858/858/858 857/857/857
f 831/831/831 832/832/832 859/859/859
f 831/831/831 859/859/859 858/858/858
f 832/832/832 833/833/833 860/860/860
f 832/832/832 860/860/860 859/859/859
f 833/833/833 834/834/834 861/861/861
f 833/833/833 861/861/861 860/860/860
f 834/834/834 835/835/835 862/862/862
f 834/834/834 862/862/862 861/861/861
f 835/835/835 836/836/836 863/863/863
f 835/835/835 863/863/863 862/862/862
f 836/836/836 837/837/837 864/864/864
f 836/836/836 864/864/864 863/863/863
f 838/838/838 839/839/839 866/866/866
f 838/838/838 866/866/866 865/865/865
f 839/839/839 840/840/840 867/867/867
f 839/839/839 867/867/867 866/866/866
f 840/840/840 841/841/841 868/868/868
f 840/840/840 868/868/868 867/867/867
f 841/841/841 842/842/842 869/869/869
f 841/841/841 869/869/869 868/868/868
f 842/842/842 843/843/843 870/870/870
f 842/842/842 870/870/870 869/869/869
f 843/843/843 844/844/844 871/871/871
f 843/843/843 871/871/871 870/870/870
f 844/844/844 845/845/845 872/872/872
f 844/844/844 872/872/872 871/871/871
f 845/845/845 846/846/846 873/873/873
f 845/845/845 873/873/873 872/872/872
f 846/846/846 847/847/847 874/874/874
f 846/846/846 874/874/874 873/873/873
f 847/847/847 848/848/848 875/875/875
f 847/847/847 875/875/875 874/874/874
f 848/848/848 849/849/849 876/876/876
f 848/848/848 876/876/876 875/875/875
f 849/849/849 850/850/850 877/877/877
f 849/849/849 877/877/877 876/876/876
f 850/850/850 851/851/851 878/878/878
f 850/850/850 878/878/878 877/877/877
f 851/851/851 852/852/852 879/879/879
f 851/851/851 879/879/879 878/878/878
f 852/852/852 853/853/853 880/880/880
f 852/852/852 880/880/880 879/879/879
f 853/853/853 854/854/854 881/881/881
f 853/853/853 881/881/881 880/880/880
f 854/854/854 855/855/855 882/882/882
f 854/854/854 882/882/882 881/881/881
f 855/855/855 856/856/856 883/883/883
f 855/855/855 883/883/883 882/882/882
f 856/856/856 857/857/857 884/884/884
f 856/856/856 884/884/884 883/883/883
f 857/857/857 858/858/858 885/885/885
f 857/857/857 885/885/885 884/884/884
f 858/858/858 859/859/859 886/886/886
f 858/858/858 886/886/886 885/885/885
f 859/859/859 860/860/860 887/887/887
f 859/859/859 887/887/887 886/886/886
f 860/860/860 861/861/861 888/888/888
f 860/860/860 888/888/888 887/887/887
f 861/861/861 862/862/862 889/889/889
f 861/861/861 889/889/889 888/888/888
f 862/862/862 863/863/863 890/890/890
f 862/862/862 890/890/890 889/889/889
f 863/863/863 864/864/864 891/891/891
f 863/863/863 891/891/891 890/890/890
f 892/892/892 2/2/2 1/1/1
f 892/892/892 3/3/3 2/2/2
f 892/892/892 4/4/4 3/3/3
f 892/892/892 5/5/5 4/4/4
f 892/892/892 6/6/6 5/5/5
f 892/892/892 7/7/7 6/6/6
f 892/892/892 8/8/8 7/7/7
f 892/892/892 9/9/9 8/8/8
f 892/892/892 10/10/10 9/9/9
f 892/892/892 11/11/11 10/10/10
f 892/892/892 12/12/12 11/11/11
f 892/892/892 13/13/13 12/12/12
f 892/892/892 14/14/14 13/13/13
f 892/892/892 15/15/15 14/14/14
f 892/892/892 16/16/16 15/15/15
f 892/892/892 17/17/17 16/16/16
f 892/892/892 24/24/24 23/23/23
f 892/892/892 25/25/25 24/24/24
f 892/892/892 26/26/26 25/25/25
f 892/892/892 27/27/27 26/26/26
f 893/893/893 865/865/865 866/866/866
f 893/893/893 866/866/866 867/867/867
f 893/893/893 867/867/867 868/868/868
f 893/893/893 868/868/868 869/869/869
f 893/893/893 869/869/869 870/870/870
f 893/893/893 870/870/870 871/871/871
f 893/893/893 871/871/871 872/872/872
f 893/893/893 872/872/872 873/873/873
f 893/893/893 873/873/873 874/874/874
f 893/893/893 874/874/874 875/875/875
f 893/893/893 875/875/875 876/876/876
f 893/893/893 876/876/876 877/877/877
f 893/893/893 877/877/877 878/878/878
f 893/893/893 878/878/878 879/879/879
f 893/893/893 879/879/879 880/880/880
f 893/893/893 880/880/880 881/881/881
f 893/893/893 881/881/881 882/882/882
f 893/893/893 882/882/882 883/883/883
f 893/893/893 883/883/883 884/884/884
f 893/893/893 884/884/884 885/885/885
f 893/893/893 885/885/885 886/886/886
f 893/893/893 886/886/886 887/887/887
f 893/893/893 887/887/887 888/888/888
f 893/893/893 888/888/888 889/889/889
f 893/893/893 889/889/889 890/890/890
f 893/893/893 890/890/890 891/891/891
f 894/894/894 895/895/895 918/918/918
f 895/895/895 896/896/896 919/919/919
f 895/895/895 919/919/919 918/918/918
f 896/896/896 897/897/897 920/920/920
f 896/896/896 920/920/920 919/919/919
f 897/897/897 898/898/898 921/921/921
f 897/897/897 921/921/921 920/920/920
f 898/898/898 899/899/899 922/922/922
f 898/898/898 922/922/922 921/921/921
f 899/899/899 900/900/900 923/923/923
f 899/899/899 923/923/923 922/922/922
f 900/900/900 901/901/901 924/924/924
f 900/900/900 924/924/924 923/923/923
f 901/901/901 902/902/902 925/925/925
f 901/901/901 925/925/925 924/924/924
f 902/902/902 903/903/903 926/926/926
f 902/902/902 926/926/926 925/925/925
f 903/903/903 904/904/904 927/927/927
f 903/903/903 927/927/927 926/926/926
f 904/904/904 905/905/905 928/928/928
f 904/904/904 928/928/928 927/927/927
f 917/917/917 918/918/918 941/941/941
f 917/917/917 941/941/941 940/940/940
f 918/918/918 919/919/919 942/942/942
f 918/918/918 942/942/942 941/941/941
f 919/919/919 920/920/920 943/943/943
f 919/919/919 943/943/943 942/942/942
f 920/920/920 921/921/921 944/944/944
f 920/920/920 944/944/944 943/943/943
f 921/921/921 922/922/922 945/945/945
f 921/921/921 945/945/945 944/944/944
f 922/922/922 923/923/923 946/946/946
f 922/922/922 946/946/946 945/945/945
f 923/923/923 924/924/924 947/947/947
f 923/923/923 947/947/947 946/946/946
f 924/924/924 925/925/925 948/948/948
f 924/924/924 948/948/948 947/947/947
f 925/925/925 926/926/926 949/949/949
f 925/925/925 949/949/949 948/948/948
f 926/926/926 927/927/927 950/950/950
f 926/926/926 950/950/950 949/949/949
f 927/927/927 928/928/928 951/951/951
f 927/927/927 951/951/951 950/950/950
f 928/928/928 929/929/929 952/952/952
f 928/928/928 952/952/952 951/951/951
f 929/929/929 953/953/953 952/952/952
f 937/937/937 961/961/961 960/960/960
f 938/938/938 939/939/939 962/962/962
f 938/938/938 962/962/962 961/961/961
f 940/940/940 941/941/941 964/964/964
f 940/940/940 964/964/964 963/963/963
f 941/941/941 942/942/942 965/965/965
f 941/941/941 965/965/965 964/964/964
f 942/942/942 943/943/943 966/966/966
f 942/942/942 966/966/966 965/965/965
f 943/943/943 944/944/944 967/967/967
f 943/943/943 967/967/967 966/966/966
f 944/944/944 945/945/945 968/968/968
f 944/944/944 968/968/968 967/967/967
f 945/945/945 946/946/946 969/969/969
f 945/945/945 969/969/969 968/968/968
f 946/946/946 947/947/947 970/970/970
f 946/946/946 970/970/970 969/969/969
f 947/947/947 948/948/948 971/971/971
f 947/947/947 971/971/971 970/970/970
f 948/948/948 949/949/949 972/972/972
f 948/948/948 972/972/972 971/971/971
f 949/949/949 950/950/950 973/973/973
f 949/949/949 973/973/973 972/972/972
f 950/950/950 951/951/951 974/974/974
f 950/950/950 974/974/974 973/973/973
f 951/951/951 952/952/952 975/975/975
f 951/951/951 975/975/975 974/974/974
f 952/952/952 953/953/953 976/976/976
f 952/952/952 976/976/976 975/975/975
f 953/953/953 954/954/954 977/977/977
f 953/953/953 977/977/977 976/976/976
f 954/954/954 955/955/955 978/978/978
f 954/954/954 978/978/978 977/977/977
f 955/955/955 956/956/956 979/979/979
f 955/955/955 979/979/979 978/978/978
f 956/956/956 957/957/957 980/980/980
f 956/956/956 980/980/980 979/979/979
f 957/957/957 958/958/958 981/981/981
f 957/957/957 981/981/981 980/980/980
f 958/958/958 959/959/959 982/982/982
f 958/958/958 982/982/982 981/981/981
f 959/959/959 960/960/960 983/983/983
f 959/959/959 983/983/983 982/982/982
f 960/960/960 961/961/961 984/984/984
f 960/960/960 984/984/984 983/983/983
f 961/961/961 962/962/962 985/985/985
f 961/961/961 985/985/985 984/984/984
f 963/963/963 964/964/964 987/987/987
f 963/963/963 987/987/987 986/986/986
f 964/964/964 965/965/965 988/988/988
f 964/964/964 988/988/988 987/987/987
f 965/965/965 966/966/966 989/989/989
f 965/965/965 989/989/989 988/988/988
f 966/966/966 967/967/967 990/990/990
f 966/966/966 990/990/990 989/989/989
f 967/967/967 968/968/968 991/991/991
f 967/967/967 991/991/991 990/990/990
f 968/968/968 969/969/969 992/992/992
f 968/968/968 992/992/992 991/991/991
f 969/969/969 970/970/970 993/993/993
f 969/969/969 993/993/993 992/992/992
f 970/970/970 971/971/971 994/994/994
f 970/970/970 994/994/994 993/993/993
f 971/971/971 972/972/972 995/995/995
f 971/971/971 995/995/995 994/994/994
f 972/972/972 973/973/973 996/996/996
f 972/972/972 996/996/996 995/995/995
f 973/973/973 974/974/974 997/997/997
f 973/973/973 997/997/997 996/996/996
f 974/974/974 975/975/975 998/998/998
f 974/974/974 998/998/998 997/997/997
f 975/975/975 976/976/976 999/999/999
f 975/975/975 999/999/999 998/998/998
f 976/976/976 977/977/977 1000/1000/1000
f 976/976/976 1000/1000/1000 999/999/999
f 977/977/977 978/978/978 1001/1001/1001
f 977/977/977 1001/1001/1001 1000/1000/1000
f 978/978/978 979/979/979 1002/1002/1002
f 978/978/978 1002/1002/1002 1001/1001/1001
f 979/979/979 980/980/980 1003/1003/1003
f 979/979/979 1003/1003/1003 1002/1002/1002
f 980/980/980 981/981/981 1004/1004/1004
f 980/980/980 1004/1004/1004 1003/1003/1003
f 981/981/981 982/982/982 1005/1005/1005
f 981/981/981 1005/1005/1005 1004/1004/1004
f 982/982/982 983/983/983 1006/1006/1006
f 982/982/982 1006/1006/1006 1005/1005/1005
f 983/983/983 984/984/984 1007/1007/1007
f 983/983/983 1007/1007/1007 1006/1006/1006
f 984/984/984 985/985/985 1008/1008/1008
f 984/984/984 1008/1008/1008 1007/1007/1007
f 1009/1009/1009 1010/1010/1010 1035/1035/1035
f 1009/1009/1009 1035/1035/1035 1034/1034/1034
f 1010/1010/1010 1011/1011/1011 1036/1036/1036
f 1010/1010/1010 1036/1036/1036 1035/1035/1035
f 1011/1011/1011 1012/1012/1012 1037/1037/1037
f 1011/1011/1011 1037/1037/1037 1036/1036/1036
f 1012/1012/1012 1013/1013/1013 1038/1038/1038
f 1012/1012/1012 1038/1038/1038 1037/1037/1037
f 1013/1013/1013 1014/1014/1014 1039/1039/1039
f 1013/1013/1013 1039/1039/1039 1038/1038/1038
f 1014/1014/1014 1015/1015/1015 1040/1040/1040
f 1014/1014/1014 1040/1040/1040 1039/1039/1039
f 1015/1015/1015 1016/1016/1016 1041/1041/1041
f 1015/1015/1015 1041/1041/1041 1040/1040/1040
f 1016/1016/1016 1017/1017/1017 1042/1042/1042
f 1016/1016/1016 1042/1042/1042 1041/1041/1041
f 1017/1017/1017 1018/1018/1018 1043/1043/1043
f 1017/1017/1017 1043/1043/1043 1042/1042/1042
f 1018/1018/1018 1019/1019/1019 1044/1044/1044
f 1018/1018/1018 1044/1044/1044 1043/1043/1043
f 1019/1019/1019 1020/1020/1020 1045/1045/1045
f 1019/1019/1019 1045/1045/1045 1044/1044/1044
f 1020/1020/1020 1021/1021/1021 1046/1046/1046
f 1020/1020/1020 1046/1046/1046 1045/1045/1045
f 1021/1021/1021 1022/1022/1022 1047/1047/1047
f 1021/1021/1021 1047/1047/1047 1046/1046/1046
f 1022/1022/1022 1023/1023/1023 1048/1048/1048
f 1022/1022/1022 1048/1048/1048 1047/1047/1047
f 1023/1023/1023 1024/1024/1024 1049/1049/1049
f 1023/1023/1023 1049/1049/1049 1048/1048/1048
f 1024/1024/1024 1025/1025/1025 1050/1050/1050
f 1024/1024/1024 1050/1050/1050 1049/1049/1049
f 1025/1025/1025 1026/1026/1026 1051/1051/1051
f 1025/1025/1025 1051/1051/1051 1050/1050/1050
f 1026/1026/1026 1027/1027/1027 1052/1052/1052
f 1026/1026/1026 1052/1052/1052 1051/1051/1051
f 1027/1027/1027 1028/1028/1028 1053/1053/1053
f 1027/1027/1027 1053/1053/1053 1052/1052/1052
f 1028/1028/1028 1029/1029/1029 1054/1054/1054
f 1028/1028/1028 1054/1054/1054 1053/1053/1053
f 1029/1029/1029 1030/1030/1030 1055/1055/1055
f 1029/1029/1029 1055/1055/1055 1054/1054/1054
f 1030/1030/1030 1031/1031/1031 1056/1056/1056
f 1030/1030/1030 1056/1056/1056 1055/1055/1055
f 1031/1031/1031 1032/1032/1032 1057/1057/1057
f 1031/1031/1031 1057/1057/1057 1056/1056/1056
f 1032/1032/1032 1033/1033/1033 1058/1058/1058
f 1032/1032/1032 1058/1058/1058 1057/1057/1057
f 1034/1034/1034 1035/1035/1035 1060/1060/1060
f 1034/1034/1034 1060/1060/1060 1059/1059/1059
f 1035/1035/1035 1036/1036/1036 1061/1061/1061
f 1035/1035/1035 1061/1061/1061 1060/1060/1060
f 1036/1036/1036 1037/1037/1037 1062/1062/1062
f 1036/1036/1036 1062/1062/1062 1061/1061/1061
f 1037/1037/1037 1038/1038/1038 1063/1063/1063
f 1037/1037/1037 1063/1063/1063 1062/1062/1062
f 1038/1038/1038 1039/1039/1039 1064/1064/1064
f 1038/1038/1038 1064/1064/1064 1063/1063/1063
f 1039/1039/1039 1040/1040/1040 1065/1065/1065
f 1039/1039/1039 1065/1065/1065 1064/1064/1064
f 1040/1040/1040 1041/1041/1041 1066/1066/1066
f 1040/1040/1040 1066/1066/1066 1065/1065/1065
f 1041/1041/1041 1042/1042/1042 1067/1067/1067
f 1041/1041/1041 1067/1067/1067 1066/1066/1066
f 1042/1042/1042 1043/1043/1043 1068/1068/1068
f 1042/1042/1042 1068/1068/1068 1067/1067/1067
f 1043/1043/1043 1044/1044/1044 1069/1069/1069
f 1043/1043/1043 1069/1069/1069 1068/1068/1068
f 1044/1044/1044 1045/1045/1045 1070/1070/1070
f 1044/1044/1044 1070/1070/1070 1069/1069/1069
f 1045/1045/1045 1046/1046/1046 1071/1071/1071
f 1045/1045/1045 1071/1071/1071 1070/1070/1070
f 1046/1046/1046 1047/1047/1047 1072/1072/1072
f 1046/1046/1046 1072/1072/1072 1071/1071/1071
f 1047/1047/1047 1048/1048/1048 1073/1073/1073
f 1047/1047/1047 1073/1073/1073 1072/1072/1072
f 1048/1048/1048 1049/1049/1049 1074/1074/1074
f 1048/1048/1048 1074/1074/1074 1073/1073/1073
f 1049/1049/1049 1050/1050/1050 1075/1075/1075
f 1049/1049/1049 1075/1075/1075 1074/1074/1074
f 1050/1050/1050 1051/1051/1051 1076/1076/1076
f 1050/1050/1050 1076/1076/1076 1075/1075/1075
f 1051/1051/1051 1052/1052/1052 1077/1077/1077
f 1051/1051/1051 1077/1077/1077 1076/1076/1076
f 1052/1052/1052 1053/1053/1053 1078/1078/1078
f 1052/1052/1052 1078/1078/1078 1077/1077/1077
f 1053/1053/1053 1054/1054/1054 1079/1079/1079
f 1053/1053/1053 1079/1079/1079 1078/1078/1078
f 1054/1054/1054 1055/1055/1055 1080/1080/1080
f 1054/1054/1054 1080/1080/1080 1079/1079/1079
f 1055/1055/1055 1056/1056/1056 1081/1081/1081
f 1055/1055/1055 1081/1081/1081 1080/1080/1080
f 1056/1056/1056 1057/1057/1057 1082/1082/1082
f 1056/1056/1056 1082/1082/1082 1081/1081/1081
f 1057/1057/1057 1058/1058/1058 1083/1083/1083
f 1057/1057/1057 1083/1083/1083 1082/1082/1082
f 1059/1059/1059 1060/1060/1060 1085/1085/1085
f 1059/1059/1059 1085/1085/1085 1084/1084/1084
f 1060/1060/1060 1061/1061/1061 1086/1086/1086
f 1060/1060/1060 1086/1086/1086 1085/1085/1085
f 1061/1061/1061 1062/1062/1062 1087/1087/1087
f 1061/1061/1061 1087/1087/1087 1086/1086/1086
f 1062/1062/1062 1063/1063/1063 1088/1088/1088
f 1062/1062/1062 1088/1088/1088 1087/1087/1087
f 1063/1063/1063 1064/1064/1064 1089/1089/1089
f 1063/1063/1063 1089/1089/1089 1088/1088/1088
f 1064/1064/1064 1065/1065/1065 1090/1090/1090
f 1064/1064/1064 1090/1090/1090 1089/1089/1089
f 1065/1065/1065 1066/1066/1066 1091/1091/1091
f 1065/1065/1065 1091/1091/1091 1090/1090/1090
f 1066/1066/1066 1067/1067/1067 1092/1092/1092
f 1066/1066/1066 1092/1092/1092 1091/1091/1091
f 1067/1067/1067 1068/1068/1068 1093/1093/1093
f 1067/1067/1067 1093/1093/1093 1092/1092/1092
f 1068/1068/1068 1069/1069/1069 1094/1094/1094
f 1068/1068/1068 1094/1094/1094 1093/1093/1093
f 1069/1069/1069 1070/1070/1070 1095/1095/1095
f 1069/1069/1069 1095/1095/1095 1094/1094/1094
f 1070/1070/1070 1071/1071/1071 1096/1096/1096
f 1070/1070/1070 1096/1096/1096 1095/1095/1095
f 1071/1071/1071 1072/1072/1072 1097/1097/1097
f 1071/1071/1071 1097/1097/1097 1096/1096/1096
f 1072/1072/1072 1073/1073/1073 1098/1098/1098
f 1072/1072/1072 1098/1098/1098 1097/1097/1097
f 1073/1073/1073 1074/1074/1074 1099/1099/1099
f 1073/1073/1073 1099/1099/1099 1098/1098/1098
f 1074/1074/1074 1075/1075/1075 1100/1100/1100
f 1074/1074/1074 1100/1100/1100 1099/1099/1099
f 1075/1075/1075 1076/1076/1076 1101/1101/1101
f 1075/1075/1075 1101/1101/1101 1100/1100/1100
f 1076/1076/1076 1077/1077/1077 1102/1102/1102
f 1076/1076/1076 1102/1102/1102 1101/1101/1101
f 1077/1077/1077 1078/1078/1078 1103/1103/1103
f 1077/1077/1077 1103/1103/1103 1102/1102/1102
f 1078/1078/1078 1079/1079/1079 1104/1104/1104
f 1078/1078/1078 1104/1104/1104 1103/1103/1103
f 1079/1079/1079 1080/1080/1080 1105/1105/1105
f 1079/1079/1079 1105/1105/1105 1104/1104/1104
f 1080/1080/1080 1081/1081/1081 1106/1106/1106
f 1080/1080/1080 1106/1106/1106 1105/1105/1105
f 1081/1081/1081 1082/1082/1082 1107/1107/1107
f 1081/1081/1081 1107/1107/1107 1106/1106/1106
f 1082/1082/1082 1083/1083/1083 1108/1108/1108
f 1082/1082/1082 1108/1108/1108 1107/1107/1107
f 1084/1084/1084 1085/1085/1085 1110/1110/1110
f 1084/1084/1084 1110/1110/1110 1109/1109/1109
f 1085/1085/1085 1086/1086/1086 1111/1111/1111
f 1085/1085/1085 1111/1111/1111 1110/1110/1110
f 1086/1086/1086 1087/1087/1087 1112/1112/1112
f 1086/1086/1086 1112/1112/1112 1111/1111/1111
f 1087/1087/1087 1088/1088/1088 1113/1113/1113
f 1087/1087/1087 1113/1113/1113 1112/1112/1112
f 1088/1088/1088 1089/1089/1089 1114/1114/1114
f 1088/1088/1088 1114/1114/1114 1113/1113/1113
f 1089/1089/1089 1090/1090/1090 1115/1115/1115
f 1089/1089/1089 1115/1115/1115 1114/1114/1114
f 1090/1090/1090 1091/1091/1091 1116/1116/1116
f 1090/1090/1090 1116/1116/1116 1115/1115/1115
f 1091/1091/1091 1092/1092/1092 1117/1117/1117
f 1091/1091/1091 1117/1117/1117 1116/1116/1116
f 1092/1092/1092 1093/1093/1093 1118/1118/1118
f 1092/1092/1092 1118/1118/1118 1117/1117/1117
f 1093/1093/1093 1094/1094/1094 1119/1119/1119
f 1093/1093/1093 1119/1119/1119 1118/1118/1118
f 1094/1094/1094 1095/1095/1095 1120/1120/1120
f 1094/1094/1094 1120/1120/1120 1119/1119/1119
f 1095/1095/1095 1096/1096/1096 1121/1121/1121
f 1095/1095/1095 1121/1121/1121 1120/1120/1120
f 1096/1096/1096 1097/1097/1097 1122/1122/1122
f 1096/1096/1096 1122/1122/1122 1121/1121/1121
f 1097/1097/1097 1098/1098/1098 1123/1123/1123
f 1097/1097/1097 1123/1123/1123 1122/1122/1122
f 1098/1098/1098 1099/1099/1099 1124/1124/1124
f 1098/1098/1098 1124/1124/1124 1123/1123/1123
f 1099/1099/1099 1100/1100/1100 1125/1125/1125
f 1099/1099/1099 1125/1125/1125 1124/1124/1124
f 1100/1100/1100 1101/1101/1101 1126/1126/1126
f 1100/1100/1100 1126/1126/1126 1125/1125/1125
f 1101/1101/1101 1102/1102/1102 1127/1127/1127
f 1101/1101/1101 1127/1127/1127 1126/1126/1126
f 1102/1102/1102 1103/1103/1103 1128/1128/1128
f 1102/1102/1102 1128/1128/1128 1127/1127/1127
f 1103/1103/1103 1104/1104/1104 1129/1129/1129
f 1103/1103/1103 1129/1129/1129 1128/1128/1128
f 1104/1104/1104 1105/1105/1105 1130/1130/1130
f 1104/1104/1104 1130/1130/1130 1129/1129/1129
f 1105/1105/1105 1106/1106/1106 1131/1131/1131
f 1105/1105/1105 1131/1131/1131 1130/1130/1130
f 1106/1106/1106 1107/1107/1107 1132/1132/1132
f 1106/1106/1106 1132/1132/1132 1131/1131/1131
f 1107/1107/1107 1108/1108/1108 1133/1133/1133
f 1107/1107/1107 1133/1133/1133 1132/1132/1132
f 1109/1109/1109 1110/1110/1110 1135/1135/1135
f 1109/1109/1109 1135/1135/1135 1134/1134/1134
f 1110/1110/1110 1111/1111/1111 1136/1136/1136
f 1110/1110/1110 1136/1136/1136 1135/1135/1135
f 1111/1111/1111 1112/1112/1112 1137/1137/1137
f 1111/1111/1111 1137/1137/1137 1136/1136/1136
f 1112/1112/1112 1113/1113/1113 1138/1138/1138
f 1112/1112/1112 1138/1138/1138 1137/1137/1137
f 1113/1113/1113 1114/1114/1114 1139/1139/1139
f 1113/1113/1113 1139/1139/1139 1138/1138/1138
f 1114/1114/1114 1115/1115/1115 1140/1140/1140
f 1114/1114/1114 1140/1140/1140 1139/1139/1139
f 1115/1115/1115 1116/1116/1116 1141/1141/1141
f 1115/1115/1115 1141/1141/1141 1140/1140/1140
f 1116/1116/1116 1117/1117/1117 1142/1142/1142
f 1116/1116/1116 1142/1142/1142 1141/1141/1141
f 1117/1117/1117 1118/1118/1118 1143/1143/1143
f 1117/1117/1117 1143/1143/1143 1142/1142/1142
f 1118/1118/1118 1119/1119/1119 1144/1144/1144
f 1118/1118/1118 1144/1144/1144 1143/1143/1143
f 1119/1119/1119 1120/1120/1120 1145/1145/1145
f 1119/1119/1119 1145/1145/1145 1144/1144/1144
f 1120/1120/1120 1121/1121/1121 1146/1146/1146
f 1120/1120/1120 1146/1146/1146 1145/1145/1145
f 1121/1121/1121 1122/1122/1122 1147/1147/1147
f 1121/1121/1121 1147/1147/1147 1146/1146/1146
f 1122/1122/1122 1123/1123/1123 1148/1148/1148
f 1122/1122/1122 1148/1148/1148 1147/1147/1147
f 1123/1123/1123 1124/1124/1124 1149/1149/1149
f 1123/1123/1123 1149/1149/1149 1148/1148/1148
f 1124/1124/1124 1125/1125/1125 1150/1150/1150
f 1124/1124/1124 1150/1150/1150 1149/1149/1149
f 1125/1125/1125 1126/1126/1126 1151/1151/1151
f 1125/1125/1125 1151/1151/1151 1150/1150/1150
f 1126/1126/1126 1127/1127/1127 1152/1152/1152
f 1126/1126/1126 1152/1152/1152 1151/1151/1151
f 1127/1127/1127 1128/1128/1128 1153/1153/1153
f 1127/1127/1127 1153/1153/1153 1152/1152/1152
f 1128/1128/1128 1129/1129/1129 1154/1154/1154
f 1128/1128/1128 1154/1154/1154 1153/1153/1153
f 1129/1129/1129 1130/1130/1130 1155/1155/1155
f 1129/1129/1129 1155/1155/1155 1154/1154/1154
f 1130/1130/1130 1131/1131/1131 1156/1156/1156
f 1130/1130/1130 1156/1156/1156 1155/1155/1155
f 1131/1131/1131 1132/1132/1132 1157/1157/1157
f 1131/1131/1131 1157/1157/1157 1156/1156/1156
f 1132/1132/1132 1133/1133/1133 1158/1158/1158
f 1132/1132/1132 1158/1158/1158 1157/1157/1157
f 1134/1134/1134 1135/1135/1135 1160/1160/1160
f 1134/1134/1134 1160/1160/1160 1159/1159/1159
f 1135/1135/1135 1136/1136/1136 1161/1161/1161
f 1135/1135/1135 1161/1161/1161 1160/1160/1160
f 1136/1136/1136 1137/1137/1137 1162/1162/1162
f 1136/1136/1136 1162/1162/1162 1161/1161/1161
f 1137/1137/1137 1138/1138/1138 1163/1163/1163
f 1137/1137/1137 1163/1163/1163 1162/1162/1162
f 1138/1138/1138 1139/1139/1139 1164/1164/1164
f 1138/1138/1138 1164/1164/1164 1163/1163/1163
f 1141/1141/1141 1142/1142/1142 1167/1167/1167
f 1141/1141/1141 1167/1167/1167 1166/1166/1166
f 1142/1142/1142 1143/1143/1143 1168/1168/1168
f 1142/1142/1142 1168/1168/1168 1167/1167/1167
f 1143/1143/1143 1144/1144/1144 1169/1169/1169
f 1143/1143/1143 1169/1169/1169 1168/1168/1168
f 1144/1144/1144 1145/1145/1145 1170/1170/1170
f 1144/1144/1144 1170/1170/1170 1169/1169/1169
f 1145/1145/1145 1146/1146/1146 1171/1171/1171
f 1145/1145/1145 1171/1171/1171 1170/1170/1170
f 1146/1146/1146 1147/1147/1147 1172/1172/1172
f 1146/1146/1146 1172/1172/1172 1171/1171/1171
f 1147/1147/1147 1148/1148/1148 1173/1173/1173
f 1147/1147/1147 1173/1173/1173 1172/1172/1172
f 1148/1148/1148 1149/1149/1149 1174/1174/1174
f 1148/1148/1148 1174/1174/1174 1173/1173/1173
f 1149/1149/1149 1150/1150/1150 1175/1175/1175
f 1149/1149/1149 1175/1175/1175 1174/1174/1174
f 1150/1150/1150 1151/1151/1151 1176/1176/1176
f 1150/1150/1150 1176/1176/1176 1175/1175/1175
f 1151/1151/1151 1152/1152/1152 1177/1177/1177
f 1151/1151/1151 1177/1177/1177 1176/1176/1176
f 1152/1152/1152 1153/1153/1153 1178/1178/1178
f 1152/1152/1152 1178/1178/1178 1177/1177/1177
f 1153/1153/1153 1154/1154/1154 1179/1179/1179
f 1153/1153/1153 1179/1179/1179 1178/1178/1178
f 1154/1154/1154 1155/1155/1155 1180/1180/1180
f 1154/1154/1154 1180/1180/1180 1179/1179/1179
f 1155/1155/1155 1156/1156/1156 1181/1181/1181
f 1155/1155/1155 1181/1181/1181 1180/1180/1180
f 1156/1156/1156 1157/1157/1157 1182/1182/1182
f 1156/1156/1156 1182/1182/1182 1181/1181/1181
f 1157/1157/1157 1158/1158/1158 1183/1183/1183
f 1157/1157/1157 1183/1183/1183 1182/1182/1182
f 1159/1159/1159 1160/1160/1160 1185/1185/1185
f 1159/1159/1159 1185/1185/1185 1184/1184/1184
f 1160/1160/1160 1161/1161/1161 1186/1186/1186
f 1160/1160/1160 1186/1186/1186 1185/1185/1185
f 1161/1161/1161 1162/1162/1162 1187/1187/1187
f 1161/1161/1161 1187/1187/1187 1186/1186/1186
f 1162/1162/1162 1163/1163/1163 1188/1188/1188
f 1162/1162/1162 1188/1188/1188 1187/1187/1187
f 1163/1163/1163 1164/1164/1164 1189/1189/1189
f 1163/1163/1163 1189/1189/1189 1188/1188/1188
f 1166/1166/1166 1167/1167/1167 1192/1192/1192
f 1166/1166/1166 1192/1192/1192 1191/1191/1191
f 1167/1167/1167 1168/1168/1168 1193/1193/1193
f 1167/1167/1167 1193/1193/1193 1192/1192/1192
f 1168/1168/1168 1169/1169/1169 1194/1194/1194
f 1168/1168/1168 1194/1194/1194 1193/1193/1193
f 1169/1169/1169 1170/1170/1170 1195/1195/1195
f 1169/1169/1169 1195/1195/1195 1194/1194/1194
f 1170/1170/1170 1171/1171/1171 1196/1196/1196
f 1170/1170/1170 1196/1196/1196 1195/1195/1195
f 1171/1171/1171 1172/1172/1172 1197/1197/1197
f 1171/1171/1171 1197/1197/1197 1196/1196/1196
f 1172/1172/1172 1173/1173/1173 1198/1198/1198
f 1172/1172/1172 1198/1198/1198 1197/1197/1197
f 1173/1173/1173 1174/1174/1174 1199/1199/1199
f 1173/1173/1173 1199/1199/1199 1198/1198/1198
f 1174/1174/1174 1175/1175/1175 1200/1200/1200
f 1174/1174/1174 1200/1200/1200 1199/1199/1199
f 1175/1175/1175 1176/1176/1176 1201/1201/1201
f 1175/1175/1175 1201/1201/1201 1200/1200/1200
f 1176/1176/1176 1177/1177/1177 1202/1202/1202
f 1176/1176/1176 1202/1202/1202 1201/1201/1201
f 1177/1177/1177 1178/1178/1178 1203/1203/1203
f 1177/1177/1177 1203/1203/1203 1202/1202/1202
f 1178/1178/1178 1179/1179/1179 1204/1204/1204
f 1178/1178/1178 1204/1204/1204 1203/1203/1203
f 1179/1179/1179 1180/1180/1180 1205/1205/1205
f 1179/1179/1179 1205/1205/1205 1204/1204/1204
f 1180/1180/1180 1181/1181/1181 1206/1206/1206
f 1180/1180/1180 1206/1206/1206 1205/1205/1205
f 1181/1181/1181 1182/1182/1182 1207/1207/1207
f 1181/1181/1181 1207/1207/1207 1206/1206/1206
f 1182/1182/1182 1183/1183/1183 1208/1208/1208
f 1182/1182/1182 1208/1208/1208 1207/1207/1207
f 1184/1184/1184 1185/1185/1185 1210/1210/1210
f 1185/1185/1185 1186/1186/1186 1211/1211/1211
f 1185/1185/1185 1211/1211/1211 1210/1210/1210
f 1186/1186/1186 1187/1187/1187 1212/1212/1212
f 1186/1186/1186 1212/1212/1212 1211/1211/1211
f 1187/1187/1187 1188/1188/1188 1213/1213/1213
f 1187/1187/1187 1213/1213/1213 1212/1212/1212
f 1188/1188/1188 1189/1189/1189 1214/1214/1214
f 1188/1188/1188 1214/1214/1214 1213/1213/1213
f 1189/1189/1189 1215/1215/1215 1214/1214/1214
f 1190/1190/1190 1191/1191/1191 1216/1216/1216
f 1191/1191/1191 1192/1192/1192 1217/1217/1217
f 1191/1191/1191 1217/1217/1217 1216/1216/1216
f 1192/1192/1192 1193/1193/1193 1218/1218/1218
f 1192/1192/1192 1218/1218/1218 1217/1217/1217
f 1193/1193/1193 1194/1194/1194 1219/1219/1219
f 1193/1193/1193 1219/1219/1219 1218/1218/1218
f 1194/1194/1194 1195/1195/1195 1220/1220/1220
f 1194/1194/1194 1220/1220/1220 1219/1219/1219
f 1195/1195/1195 1196/1196/1196 1221/1221/1221
f 1196/1196/1196 1197/1197/1197 1222/1222/1222
f 1197/1197/1197 1198/1198/1198 1223/1223/1223
f 1197/1197/1197 1223/1223/1223 1222/1222/1222
f 1198/1198/1198 1199/1199/1199 1224/1224/1224
f 1198/1198/1198 1224/1224/1224 1223/1223/1223
f 1199/1199/1199 1200/1200/1200 1225/1225/1225
f 1199/1199/1199 1225/1225/1225 1224/1224/1224
f 1200/1200/1200 1201/1201/1201 1226/1226/1226
f 1200/1200/1200 1226/1226/1226 1225/1225/1225
f 1201/1201/1201 1202/1202/1202 1227/1227/1227
f 1201/1201/1201 1227/1227/1227 1226/1226/1226
f 1202/1202/1202 1203/1203/1203 1228/1228/1228
f 1202/1202/1202 1228/1228/1228 1227/1227/1227
f 1203/1203/1203 1204/1204/1204 1229/1229/1229
f 1203/1203/1203 1229/1229/1229 1228/1228/1228
f 1204/1204/1204 1205/1205/1205 1230/1230/1230
f 1204/1204/1204 1230/1230/1230 1229/1229/1229
f 1205/1205/1205 1206/1206/1206 1231/1231/1231
f 1205/1205/1205 1231/1231/1231 1230/1230/1230
f 1206/1206/1206 1207/1207/1207 1232/1232/1232
f 1206/1206/1206 1232/1232/1232 1231/1231/1231
f 1207/1207/1207 1208/1208/1208 1233/1233/1233
f 1210/1210/1210 1211/1211/1211 1236/1236/1236
f 1211/1211/1211 1212/1212/1212 1237/1237/1237
f 1211/1211/1211 1237/1237/1237 1236/1236/1236
f 1212/1212/1212 1213/1213/1213 1238/1238/1238
f 1212/1212/1212 1238/1238/1238 1237/1237/1237
f 1213/1213/1213 1214/1214/1214 1239/1239/1239
f 1213/1213/1213 1239/1239/1239 1238/1238/1238
f 1215/1215/1215 1216/1216/1216 1241/1241/1241
f 1216/1216/1216 1217/1217/1217 1242/1242/1242
f 1216/1216/1216 1242/1242/1242 1241/1241/1241
f 1217/1217/1217 1218/1218/1218 1243/1243/1243
f 1217/1217/1217 1243/1243/1243 1242/1242/1242
f 1218/1218/1218 1219/1219/1219 1244/1244/1244
f 1218/1218/1218 1244/1244/1244 1243/1243/1243
f 1222/1222/1222 1223/1223/1223 1248/1248/1248
f 1223/1223/1223 1224/1224/1224 1249/1249/1249
f 1223/1223/1223 1249/1249/1249 1248/1248/1248
f 1224/1224/1224 1225/1225/1225 1250/1250/1250
f 1224/1224/1224 1250/1250/1250 1249/1249/1249
f 1225/1225/1225 1226/1226/1226 1251/1251/1251
f 1225/1225/1225 1251/1251/1251 1250/1250/1250
f 1226/1226/1226 1227/1227/1227 1252/1252/1252
f 1226/1226/1226 1252/1252/1252 1251/1251/1251
f 1227/1227/1227 1228/1228/1228 1253/1253/1253
f 1227/1227/1227 1253/1253/1253 1252/1252/1252
f 1228/1228/1228 1229/1229/1229 1254/1254/1254
f 1228/1228/1228 1254/1254/1254 1253/1253/1253
f 1229/1229/1229 1230/1230/1230 1255/1255/1255
f 1229/1229/1229 1255/1255/1255 1254/1254/1254
f 1230/1230/1230 1231/1231/1231 1256/1256/1256
f 1230/1230/1230 1256/1256/1256 1255/1255/1255
f 1236/1236/1236 1237/1237/1237 1262/1262/1262
f 1236/1236/1236 1262/1262/1262 1261/1261/1261
f 1237/1237/1237 1238/1238/1238 1263/1263/1263
f 1237/1237/1237 1263/1263/1263 1262/1262/1262
f 1238/1238/1238 1239/1239/1239 1264/1264/1264
f 1238/1238/1238 1264/1264/1264 1263/1263/1263
f 1241/1241/1241 1242/1242/1242 1267/1267/1267
f 1241/1241/1241 1267/1267/1267 1266/1266/1266
f 1242/1242/1242 1243/1243/1243 1268/1268/1268
f 1242/1242/1242 1268/1268/1268 1267/1267/1267
f 1243/1243/1243 1244/1244/1244 1269/1269/1269
f 1243/1243/1243 1269/1269/1269 1268/1268/1268
f 1248/1248/1248 1249/1249/1249 1274/1274/1274
f 1248/1248/1248 1274/1274/1274 1273/1273/1273
f 1249/1249/1249 1250/1250/1250 1275/1275/1275
f 1249/1249/1249 1275/1275/1275 1274/1274/1274
f 1250/1250/1250 1251/1251/1251 1276/1276/1276
f 1250/1250/1250 1276/1276/1276 1275/1275/1275
f 1251/1251/1251 1252/1252/1252 1277/1277/1277
f 1251/1251/1251 1277/1277/1277 1276/1276/1276
f 1252/1252/1252 1253/1253/1253 1278/1278/1278
f 1252/1252/1252 1278/1278/1278 1277/1277/1277
f 1253/1253/1253 1254/1254/1254 1279/1279/1279
f 1253/1253/1253 1279/1279/1279 1278/1278/1278
f 1254/1254/1254 1255/1255/1255 1280/1280/1280
f 1254/1254/1254 1280/1280/1280 1279/1279/1279
f 1255/1255/1255 1256/1256/1256 1281/1281/1281
f 1255/1255/1255 1281/1281/1281 1280/1280/1280
f 1261/1261/1261 1262/1262/1262 1287/1287/1287
f 1261/1261/1261 1287/1287/1287 1286/1286/1286
f 1262/1262/1262 1263/1263/1263 1288/1288/1288
f 1262/1262/1262 1288/1288/1288 1287/1287/1287
f 1263/1263/1263 1264/1264/1264 1289/1289/1289
f 1263/1263/1263 1289/1289/1289 1288/1288/1288
f 1266/1266/1266 1267/1267/1267 1292/1292/1292
f 1266/1266/1266 1292/1292/1292 1291/1291/1291
f 1267/1267/1267 1268/1268/1268 1293/1293/1293
f 1267/1267/1267 1293/1293/1293 1292/1292/1292
f 1268/1268/1268 1269/1269/1269 1294/1294/1294
f 1268/1268/1268 1294/1294/1294 1293/1293/1293
f 1273/1273/1273 1274/1274/1274 1299/1299/1299
f 1273/1273/1273 1299/1299/1299 1298/1298/1298
f 1274/1274/1274 1275/1275/1275 1300/1300/1300
f 1274/1274/1274 1300/1300/1300 1299/1299/1299
f 1275/1275/1275 1276/1276/1276 1301/1301/1301
f 1275/1275/1275 1301/1301/1301 1300/1300/1300
f 1276/1276/1276 1277/1277/1277 1302/1302/1302
f 1276/1276/1276 1302/1302/1302 1301/1301/1301
f 1277/1277/1277 1278/1278/1278 1303/1303/1303
f 1277/1277/1277 1303/1303/1303 1302/1302/1302
f 1278/1278/1278 1279/1279/1279 1304/1304/1304
f 1278/1278/1278 1304/1304/1304 1303/1303/1303
f 1279/1279/1279 1280/1280/1280 1305/1305/1305
f 1279/1279/1279 1305/1305/1305 1304/1304/1304
f 1280/1280/1280 1281/1281/1281 1306/1306/1306
f 1280/1280/1280 1306/1306/1306 1305/1305/1305
f 1286/1286/1286 1287/1287/1287 1312/1312/1312
f 1286/1286/1286 1312/1312/1312 1311/1311/1311
f 1287/1287/1287 1288/1288/1288 1313/1313/1313
f 1287/1287/1287 1313/1313/1313 1312/1312/1312
f 1288/1288/1288 1289/1289/1289 1314/1314/1314
f 1288/1288/1288 1314/1314/1314 1313/1313/1313
f 1291/1291/1291 1292/1292/1292 1317/1317/1317
f 1291/1291/1291 1317/1317/1317 1316/1316/1316
f 1292/1292/1292 1293/1293/1293 1318/1318/1318
f 1292/1292/1292 1318/1318/1318 1317/1317/1317
f 1293/1293/1293 1294/1294/1294 1319/1319/1319
f 1293/1293/1293 1319/1319/1319 1318/1318/1318
f 1294/1294/1294 1320/1320/1320 1319/1319/1319
f 1297/1297/1297 1298/1298/1298 1323/1323/1323
f 1298/1298/1298 1299/1299/1299 1324/1324/1324
f 1298/1298/1298 1324/1324/1324 1323/1323/1323
f 1299/1299/1299 1300/1300/1300 1325/1325/1325
f 1299/1299/1299 1325/1325/1325 1324/1324/1324
f 1300/1300/1300 1301/1301/1301 1326/1326/1326
f 1300/1300/1300 1326/1326/1326 1325/1325/1325
f 1301/1301/1301 1302/1302/1302 1327/1327/1327
f 1301/1301/1301 1327/1327/1327 1326/1326/1326
f 1302/1302/1302 1303/1303/1303 1328/1328/1328
f 1302/1302/1302 1328/1328/1328 1327/1327/1327
f 1303/1303/1303 1304/1304/1304 1329/1329/1329
f 1303/1303/1303 1329/1329/1329 1328/1328/1328
f 1304/1304/1304 1305/1305/1305 1330/1330/1330
f 1304/1304/1304 1330/1330/1330 1329/1329/1329
f 1305/1305/1305 1306/1306/1306 1331/1331/1331
f 1305/1305/1305 1331/1331/1331 1330/1330/1330
f 1306/1306/1306 1332/1332/1332 1331/1331/1331
f 1334/1334/1334 1010/1010/1010 1009/1009/1009
f 1334/1334/1334 1011/1011/1011 1010/1010/1010
f 1334/1334/1334 1012/1012/1012 1011/1011/1011
f 1334/1334/1334 1013/1013/1013 1012/1012/1012
f 1334/1334/1334 1014/1014/1014 1013/1013/1013
f 1334/1334/1334 1015/1015/1015 1014/1014/1014
f 1334/1334/1334 1016/1016/1016 1015/1015/1015
f 1334/1334/1334 1017/1017/1017 1016/1016/1016
f 1334/1334/1334 1018/1018/1018 1017/1017/1017
f 1334/1334/1334 1019/1019/1019 1018/1018/1018
f 1334/1334/1334 1020/1020/1020 1019/1019/1019
f 1334/1334/1334 1021/1021/1021 1020/1020/1020
f 1334/1334/1334 1022/1022/1022 1021/1021/1021
f 1334/1334/1334 1023/1023/1023 1022/1022/1022
f 1334/1334/1334 1024/1024/1024 1023/1023/1023
f 1334/1334/1334 1025/1025/1025 1024/1024/1024
f 1334/1334/1334 1026/1026/1026 1025/1025/1025
f 1334/1334/1334 1027/1027/1027 1026/1026/1026
f 1334/1334/1334 1028/1028/1028 1027/1027/1027
f 1334/1334/1334 1029/1029/1029 1028/1028/1028
f 1334/1334/1334 1030/1030/1030 1029/1029/1029
f 1334/1334/1334 1031/1031/1031 1030/1030/1030
f 1334/1334/1334 1032/1032/1032 1031/1031/1031
f 1334/1334/1334 1033/1033/1033 1032/1032/1032
f 1335/1335/1335 1310/1310/1310 1311/1311/1311
f 1335/1335/1335 1311/1311/1311 1312/1312/1312
f 1335/1335/1335 1312/1312/1312 1313/1313/1313
f 1335/1335/1335 1313/1313/1313 1314/1314/1314
f 1335/1335/1335 1316/1316/1316 1317/1317/1317
f 1335/1335/1335 1317/1317/1317 1318/1318/1318
f 1335/1335/1335 1318/1318/1318 1319/1319/1319
f 1335/1335/1335 1319/1319/1319 1320/1320/1320
f 1335/1335/1335 1322/1322/1322 1323/1323/1323
f 1335/1335/1335 1323/1323/1323 1324/1324/1324
f 1335/1335/1335 1324/1324/1324 1325/1325/1325
f 1335/1335/1335 1325/1325/1325 1326/1326/1326
f 1335/1335/1335 1326/1326/1326 1327/1327/1327
f 1335/1335/1335 1327/1327/1327 1328/1328/1328
f 1335/1335/1335 1328/1328/1328 1329/1329/1329
f 1335/1335/1335 1329/1329/1329 1330/1330/1330
f 1335/1335/1335 1330/1330/1330 1331/1331/1331
f 1335/1335/1335 1331/1331/1331 1332/1332/1332
f 1339/1339/1339 1340/1340/1340 1363/1363/1363
f 1339/1339/1339 1363/1363/1363 1362/1362/1362
f 1340/1340/1340 1364/1364/1364 1363/1363/1363
f 1342/1342/1342 1343/1343/1343 1366/1366/1366
f 1342/1342/1342 1366/1366/1366 1365/1365/1365
f 1343/1343/1343 1344/1344/1344 1367/1367/1367
f 1343/1343/1343 1367/1367/1367 1366/1366/1366
f 1347/1347/1347 1348/1348/1348 1371/1371/1371
f 1348/1348/1348 1349/1349/1349 1372/1372/1372
f 1348/1348/1348 1372/1372/1372 1371/1371/1371
f 1349/1349/1349 1350/1350/1350 1373/1373/1373
f 1349/1349/1349 1373/1373/1373 1372/1372/1372
f 1350/1350/1350 1351/1351/1351 1374/1374/1374
f 1350/1350/1350 1374/1374/1374 1373/1373/1373
f 1351/1351/1351 1352/1352/1352 1375/1375/1375
f 1351/1351/1351 1375/1375/1375 1374/1374/1374
f 1352/1352/1352 1353/1353/1353 1376/1376/1376
f 1352/1352/1352 1376/1376/1376 1375/1375/1375
f 1353/1353/1353 1354/1354/1354 1377/1377/1377
f 1353/1353/1353 1377/1377/1377 1376/1376/1376
f 1354/1354/1354 1355/1355/1355 1378/1378/1378
f 1354/1354/1354 1378/1378/1378 1377/1377/1377
f 1355/1355/1355 1356/1356/1356 1379/1379/1379
f 1355/1355/1355 1379/1379/1379 1378/1378/1378
f 1356/1356/1356 1357/1357/1357 1380/1380/1380
f 1356/1356/1356 1380/1380/1380 1379/1379/1379
f 1357/1357/1357 1381/1381/1381 1380/1380/1380
f 1359/1359/1359 1383/1383/1383 1382/1382/1382
f 1361/1361/1361 1362/1362/1362 1385/1385/1385
f 1361/1361/1361 1385/1385/1385 1384/1384/1384
f 1362/1362/1362 1363/1363/1363 1386/1386/1386
f 1362/1362/1362 1386/1386/1386 1385/1385/1385
f 1363/1363/1363 1387/1387/1387 1386/1386/1386
f 1365/1365/1365 1366/1366/1366 1389/1389/1389
f 1365/1365/1365 1389/1389/1389 1388/1388/1388
f 1366/1366/1366 1367/1367/1367 1390/1390/1390
f 1366/1366/1366 1390/1390/1390 1389/1389/1389
f 1367/1367/1367 1391/1391/1391 1390/1390/1390
f 1369/1369/1369 1393/1393/1393 1392/1392/1392
f 1370/1370/1370 1371/1371/1371 1394/1394/1394
f 1370/1370/1370 1394/1394/1394 1393/1393/1393
f 1372/1372/1372 1373/1373/1373 1396/1396/1396
f 1373/1373/1373 1374/1374/1374 1397/1397/1397
f 1374/1374/1374 1375/1375/1375 1398/1398/1398
f 1374/1374/1374 1398/1398/1398 1397/1397/1397
f 1375/1375/1375 1376/1376/1376 1399/1399/1399
f 1375/1375/1375 1399/1399/1399 1398/1398/1398
f 1376/1376/1376 1377/1377/1377 1400/1400/1400
f 1376/1376/1376 1400/1400/1400 1399/1399/1399
f 1377/1377/1377 1378/1378/1378 1401/1401/1401
f 1378/1378/1378 1379/1379/1379 1402/1402/1402
f 1382/1382/1382 1383/1383/1383 1406/1406/1406
f 1382/1382/1382 1406/1406/1406 1405/1405/1405
f 1383/1383/1383 1384/1384/1384 1407/1407/1407
f 1383/1383/1383 1407/1407/1407 1406/1406/1406
f 1384/1384/1384 1385/1385/1385 1408/1408/1408
f 1384/1384/1384 1408/1408/1408 1407/1407/1407
f 1385/1385/1385 1386/1386/1386 1409/1409/1409
f 1385/1385/1385 1409/1409/1409 1408/1408/1408
f 1386/1386/1386 1410/1410/1410 1409/1409/1409
f 1388/1388/1388 1389/1389/1389 1412/1412/1412
f 1389/1389/1389 1390/1390/1390 1413/1413/1413
f 1389/1389/1389 1413/1413/1413 1412/1412/1412
f 1390/1390/1390 1391/1391/1391 1414/1414/1414
f 1390/1390/1390 1414/1414/1414 1413/1413/1413
f 1391/1391/1391 1392/1392/1392 1415/1415/1415
f 1391/1391/1391 1415/1415/1415 1414/1414/1414
f 1392/1392/1392 1393/1393/1393 1416/1416/1416
f 1392/1392/1392 1416/1416/1416 1415/1415/1415
f 1393/1393/1393 1417/1417/1417 1416/1416/1416
f 1403/1403/1403 1404/1404/1404 1427/1427/1427
f 1405/1405/1405 1406/1406/1406 1429/1429/1429
f 1405/1405/1405 1429/1429/1429 1428/1428/1428
f 1406/1406/1406 1407/1407/1407 1430/1430/1430
f 1406/1406/1406 1430/1430/1430 1429/1429/1429
f 1407/1407/1407 1408/1408/1408 1431/1431/1431
f 1407/1407/1407 1431/1431/1431 1430/1430/1430
f 1408/1408/1408 1409/1409/1409 1432/1432/1432
f 1408/1408/1408 1432/1432/1432 1431/1431/1431
f 1409/1409/1409 1433/1433/1433 1432/1432/1432
f 1411/1411/1411 1412/1412/1412 1435/1435/1435
f 1412/1412/1412 1413/1413/1413 1436/1436/1436
f 1412/1412/1412 1436/1436/1436 1435/1435/1435
f 1413/1413/1413 1414/1414/1414 1437/1437/1437
f 1413/1413/1413 1437/1437/1437 1436/1436/1436
f 1414/1414/1414 1415/1415/1415 1438/1438/1438
f 1414/1414/1414 1438/1438/1438 1437/1437/1437
f 1415/1415/1415 1416/1416/1416 1439/1439/1439
f 1415/1415/1415 1439/1439/1439 1438/1438/1438
f 1426/1426/1426 1427/1427/1427 1450/1450/1450
f 1428/1428/1428 1429/1429/1429 1452/1452/1452
f 1428/1428/1428 1452/1452/1452 1451/1451/1451
f 1429/1429/1429 1430/1430/1430 1453/1453/1453
f 1429/1429/1429 1453/1453/1453 1452/1452/1452
f 1430/1430/1430 1431/1431/1431 1454/1454/1454
f 1430/1430/1430 1454/1454/1454 1453/1453/1453
f 1431/1431/1431 1432/1432/1432 1455/1455/1455
f 1431/1431/1431 1455/1455/1455 1454/1454/1454
f 1432/1432/1432 1456/1456/1456 1455/1455/1455
f 1434/1434/1434 1435/1435/1435 1458/1458/1458
f 1435/1435/1435 1436/1436/1436 1459/1459/1459
f 1435/1435/1435 1459/1459/1459 1458/1458/1458
f 1436/1436/1436 1437/1437/1437 1460/1460/1460
f 1436/1436/1436 1460/1460/1460 1459/1459/1459
f 1437/1437/1437 1438/1438/1438 1461/1461/1461
f 1437/1437/1437 1461/1461/1461 1460/1460/1460
f 1438/1438/1438 1439/1439/1439 1462/1462/1462
f 1438/1438/1438 1462/1462/1462 1461/1461/1461
f 1449/1449/1449 1450/1450/1450 1473/1473/1473
f 1451/1451/1451 1452/1452/1452 1475/1475/1475
f 1451/1451/1451 1475/1475/1475 1474/1474/1474
f 1452/1452/1452 1453/1453/1453 1476/1476/1476
f 1452/1452/1452 1476/1476/1476 1475/1475/1475
f 1453/1453/1453 1454/1454/1454 1477/1477/1477
f 1453/1453/1453 1477/1477/1477 1476/1476/1476
f 1454/1454/1454 1455/1455/1455 1478/1478/1478
f 1454/1454/1454 1478/1478/1478 1477/1477/1477
f 1455/1455/1455 1479/1479/1479 1478/1478/1478
f 1457/1457/1457 1458/1458/1458 1481/1481/1481
f 1458/1458/1458 1459/1459/1459 1482/1482/1482
f 1458/1458/1458 1482/1482/1482 1481/1481/1481
f 1459/1459/1459 1460/1460/1460 1483/1483/1483
f 1459/1459/1459 1483/1483/1483 1482/1482/1482
f 1460/1460/1460 1461/1461/1461 1484/1484/1484
f 1460/1460/1460 1484/1484/1484 1483/1483/1483
f 1461/1461/1461 1462/1462/1462 1485/1485/1485
f 1461/1461/1461 1485/1485/1485 1484/1484/1484
f 1472/1472/1472 1473/1473/1473 1496/1496/1496
f 1474/1474/1474 1475/1475/1475 1498/1498/1498
f 1474/1474/1474 1498/1498/1498 1497/1497/1497
f 1475/1475/1475 1476/1476/1476 1499/1499/1499
f 1475/1475/1475 1499/1499/1499 1498/1498/1498
f 1476/1476/1476 1477/1477/1477 1500/1500/1500
f 1476/1476/1476 1500/1500/1500 1499/1499/1499
f 1477/1477/1477 1478/1478/1478 1501/1501/1501
f 1477/1477/1477 1501/1501/1501 1500/1500/1500
f 1478/1478/1478 1502/1502/1502 1501/1501/1501
f 1480/1480/1480 1481/1481/1481 1504/1504/1504
f 1481/1481/1481 1482/1482/1482 1505/1505/1505
f 1481/1481/1481 1505/1505/1505 1504/1504/1504
f 1482/1482/1482 1483/1483/1483 1506/1506/1506
f 1482/1482/1482 1506/1506/1506 1505/1505/1505
f 1483/1483/1483 1484/1484/1484 1507/1507/1507
f 1483/1483/1483 1507/1507/1507 1506/1506/1506
f 1484/1484/1484 1485/1485/1485 1508/1508/1508
f 1484/1484/1484 1508/1508/1508 1507/1507/1507
f 1497/1497/1497 1498/1498/1498 1521/1521/1521
f 1497/1497/1497 1521/1521/1521 1520/1520/1520
f 1498/1498/1498 1499/1499/1499 1522/1522/1522
f 1498/1498/1498 1522/1522/1522 1521/1521/1521
f 1499/1499/1499 1500/1500/1500 1523/1523/1523
f 1499/1499/1499 1523/1523/1523 1522/1522/1522
f 1500/1500/1500 1501/1501/1501 1524/1524/1524
f 1500/1500/1500 1524/1524/1524 1523/1523/1523
f 1503/1503/1503 1504/1504/1504 1527/1527/1527
f 1504/1504/1504 1505/1505/1505 1528/1528/1528
f 1504/1504/1504 1528/1528/1528 1527/1527/1527
f 1505/1505/1505 1506/1506/1506 1529/1529/1529
f 1505/1505/1505 1529/1529/1529 1528/1528/1528
f 1506/1506/1506 1507/1507/1507 1530/1530/1530
f 1506/1506/1506 1530/1530/1530 1529/1529/1529
f 1507/1507/1507 1508/1508/1508 1531/1531/1531
f 1507/1507/1507 1531/1531/1531 1530/1530/1530
f 1520/1520/1520 1521/1521/1521 1544/1544/1544
f 1521/1521/1521 1522/1522/1522 1545/1545/1545
f 1521/1521/1521 1545/1545/1545 1544/1544/1544
f 1522/1522/1522 1523/1523/1523 1546/1546/1546
f 1522/1522/1522 1546/1546/1546 1545/1545/1545
f 1523/1523/1523 1524/1524/1524 1547/1547/1547
f 1523/1523/1523 1547/1547/1547 1546/1546/1546
f 1527/1527/1527 1528/1528/1528 1551/1551/1551
f 1527/1527/1527 1551/1551/1551 1550/1550/1550
f 1528/1528/1528 1529/1529/1529 1552/1552/1552
f 1528/1528/1528 1552/1552/1552 1551/1551/1551
f 1529/1529/1529 1530/1530/1530 1553/1553/1553
f 1529/1529/1529 1553/1553/1553 1552/1552/1552
f 1530/1530/1530 1531/1531/1531 1554/1554/1554
f 1530/1530/1530 1554/1554/1554 1553/1553/1553
f 1543/1543/1543 1544/1544/1544 1567/1567/1567
f 1544/1544/1544 1545/1545/1545 1568/1568/1568
f 1544/1544/1544 1568/1568/1568 1567/1567/1567
f 1545/1545/1545 1546/1546/1546 1569/1569/1569
f 1545/1545/1545 1569/1569/1569 1568/1568/1568
f 1546/1546/1546 1547/1547/1547 1570/1570/1570
f 1546/1546/1546 1570/1570/1570 1569/1569/1569
f 1550/1550/1550 1551/1551/1551 1574/1574/1574
f 1550/1550/1550 1574/1574/1574 1573/1573/1573
f 1551/1551/1551 1552/1552/1552 1575/1575/1575
f 1551/1551/1551 1575/1575/1575 1574/1574/1574
f 1552/1552/1552 1553/1553/1553 1576/1576/1576
f 1552/1552/1552 1576/1576/1576 1575/1575/1575
f 1553/1553/1553 1554/1554/1554 1577/1577/1577
f 1553/1553/1553 1577/1577/1577 1576/1576/1576
f 1567/1567/1567 1568/1568/1568 1591/1591/1591
f 1567/1567/1567 1591/1591/1591 1590/1590/1590
f 1568/1568/1568 1569/1569/1569 1592/1592/1592
f 1568/1568/1568 1592/1592/1592 1591/1591/1591
f 1569/1569/1569 1570/1570/1570 1593/1593/1593
f 1569/1569/1569 1593/1593/1593 1592/1592/1592
f 1573/1573/1573 1574/1574/1574 1597/1597/1597
f 1573/1573/1573 1597/1597/1597 1596/1596/1596
f 1574/1574/1574 1575/1575/1575 1598/1598/1598
f 1574/1574/1574 1598/1598/1598 1597/1597/1597
f 1575/1575/1575 1576/1576/1576 1599/1599/1599
f 1575/1575/1575 1599/1599/1599 1598/1598/1598
f 1576/1576/1576 1600/1600/1600 1599/1599/1599
f 1590/1590/1590 1591/1591/1591 1614/1614/1614
f 1590/1590/1590 1614/1614/1614 1613/1613/1613
f 1591/1591/1591 1592/1592/1592 1615/1615/1615
f 1591/1591/1591 1615/1615/1615 1614/1614/1614
f 1592/1592/1592 1616/1616/1616 1615/1615/1615
f 1596/1596/1596 1597/1597/1597 1620/1620/1620
f 1597/1597/1597 1598/1598/1598 1621/1621/1621
f 1597/1597/1597 1621/1621/1621 1620/1620/1620
f 1598/1598/1598 1599/1599/1599 1622/1622/1622
f 1598/1598/1598 1622/1622/1622 1621/1621/1621
f 1635/1635/1635 1339/1339/1339 1338/1338/1338
f 1635/1635/1635 1340/1340/1340 1339/1339/1339
f 1635/1635/1635 1344/1344/1344 1343/1343/1343
f 1635/1635/1635 1345/1345/1345 1344/1344/1344
f 1635/1635/1635 1348/1348/1348 1347/1347/1347
f 1635/1635/1635 1349/1349/1349 1348/1348/1348
f 1635/1635/1635 1350/1350/1350 1349/1349/1349
f 1635/1635/1635 1351/1351/1351 1350/1350/1350
f 1635/1635/1635 1352/1352/1352 1351/1351/1351
f 1635/1635/1635 1353/1353/1353 1352/1352/1352
f 1635/1635/1635 1354/1354/1354 1353/1353/1353
f 1635/1635/1635 1355/1355/1355 1354/1354/1354
f 1635/1635/1635 1356/1356/1356 1355/1355/1355
f 1635/1635/1635 1357/1357/1357 1356/1356/1356
f 1635/1635/1635 1358/1358/1358 1357/1357/1357
f 2604/2604/2604 2605/2605/2605 2620/2620/2620
f 2604/2604/2604 2620/2620/2620 2619/2619/2619
f 2605/2605/2605 2606/2606/2606 2621/2621/2621
f 2605/2605/2605 2621/2621/2621 2620/2620/2620
f 2606/2606/2606 2607/2607/2607 2622/2622/2622
f 2606/2606/2606 2622/2622/2622 2621/2621/2621
f 2607/2607/2607 2608/2608/2608 2623/2623/2623
f 2607/2607/2607 2623/2623/2623 2622/2622/2622
f 2608/2608/2608 2609/2609/2609 2624/2624/2624
f 2608/2608/2608 2624/2624/2624 2623/2623/2623
f 2609/2609/2609 2610/2610/2610 2625/2625/2625
f 2609/2609/2609 2625/2625/2625 2624/2624/2624
f 2610/2610/2610 2611/2611/2611 2626/2626/2626
f 2610/2610/2610 2626/2626/2626 2625/2625/2625
f 2611/2611/2611 2612/2612/2612 2627/2627/2627
f 2611/2611/2611 2627/2627/2627 2626/2626/2626
f 2612/2612/2612 2613/2613/2613 2628/2628/2628
f 2612/2612/2612 2628/2628/2628 2627/2627/2627
f 2613/2613/2613 2614/2614/2614 2629/2629/2629
f 2613/2613/2613 2629/2629/2629 2628/2628/2628
f 2614/2614/2614 2615/2615/2615 2630/2630/2630
f 2614/2614/2614 2630/2630/2630 2629/2629/2629
f 2615/2615/2615 2616/2616/2616 2631/2631/2631
f 2615/2615/2615 2631/2631/2631 2630/2630/2630
f 2616/2616/2616 2617/2617/2617 2632/2632/2632
f 2616/2616/2616 2632/2632/2632 2631/2631/2631
f 2617/2617/2617 2618/2618/2618 2633/2633/2633
f 2617/2617/2617 2633/2633/2633 2632/2632/2632
f 2619/2619/2619 2620/2620/2620 2635/2635/2635
f 2619/2619/2619 2635/2635/2635 2634/2634/2634
f 2620/2620/2620 2621/2621/2621 2636/2636/2636
f 2620/2620/2620 2636/2636/2636 2635/2635/2635
f 2621/2621/2621 2622/2622/2622 2637/2637/2637
f 2621/2621/2621 2637/2637/2637 2636/2636/2636
f 2622/2622/2622 2623/2623/2623 2638/2638/2638
f 2622/2622/2622 2638/2638/2638 2637/2637/2637
f 2623/2623/2623 2624/2624/2624 2639/2639/2639
f 2623/2623/2623 2639/2639/2639 2638/2638/2638
f 2624/2624/2624 2625/2625/2625 2640/2640/2640
f 2624/2624/2624 2640/2640/2640 2639/2639/2639
f 2625/2625/2625 2626/2626/2626 2641/2641/2641
f 2625/2625/2625 2641/2641/2641 2640/2640/2640
f 2626/2626/2626 2627/2627/2627 2642/2642/2642
f 2626/2626/2626 2642/2642/2642 2641/2641/2641
f 2627/2627/2627 2628/2628/2628 2643/2643/2643
f 2627/2627/2627 2643/2643/2643 2642/2642/2642
f 2628/2628/2628 2629/2629/2629 2644/2644/2644
f 2628/2628/2628 2644/2644/2644 2643/2643/2643
f 2629/2629/2629 2630/2630/2630 2645/2645/2645
f 2629/2629/2629 2645/2645/2645 2644/2644/2644
f 2630/2630/2630 2631/2631/2631 2646/2646/2646
f 2630/2630/2630 2646/2646/2646 2645/2645/2645
f 2631/2631/2631 2632/2632/2632 2647/2647/2647
f 2631/2631/2631 2647/2647/2647 2646/2646/2646
f 2632/2632/2632 2633/2633/2633 2648/2648/2648
f 2632/2632/2632 2648/2648/2648 2647/2647/2647
f 2664/2664/2664 2605/2605/2605 2604/2604/2604
f 2664/2664/2664 2606/2606/2606 2605/2605/2605
f 2664/2664/2664 2607/2607/2607 2606/2606/2606
f 2664/2664/2664 2608/2608/2608 2607/2607/2607
f 2664/2664/2664 2609/2609/2609 2608/2608/2608
f 2664/2664/2664 2610/2610/2610 2609/2609/2609
f 2664/2664/2664 2611/2611/2611 2610/2610/2610
f 2664/2664/2664 2612/2612/2612 2611/2611/2611
f 2664/2664/2664 2613/2613/2613 2612/2612/2612
f 2664/2664/2664 2614/2614/2614 2613/2613/2613
f 2664/2664/2664 2615/2615/2615 2614/2614/2614
f 2664/2664/2664 2616/2616/2616 2615/2615/2615
f 2664/2664/2664 2617/2617/2617 2616/2616/2616
f 2664/2664/2664 2618/2618/2618 2617/2617/2617
f 2666/2666/2666 2667/2667/2667 2682/2682/2682
f 2666/2666/2666 2682/2682/2682 2681/2681/2681
f 2667/2667/2667 2668/2668/2668 2683/2683/2683
f 2667/2667/2667 2683/2683/2683 2682/2682/2682
f 2668/2668/2668 2669/2669/2669 2684/2684/2684
f 2668/2668/2668 2684/2684/2684 2683/2683/2683
f 2669/2669/2669 2670/2670/2670 2685/2685/2685
f 2669/2669/2669 2685/2685/2685 2684/2684/2684
f 2670/2670/2670 2671/2671/2671 2686/2686/2686
f 2670/2670/2670 2686/2686/2686 2685/2685/2685
f 2671/2671/2671 2672/2672/2672 2687/2687/2687
f 2671/2671/2671 2687/2687/2687 2686/2686/2686
f 2672/2672/2672 2673/2673/2673 2688/2688/2688
f 2672/2672/2672 2688/2688/2688 2687/2687/2687
f 2673/2673/2673 2674/2674/2674 2689/2689/2689
f 2673/2673/2673 2689/2689/2689 2688/2688/2688
f 2674/2674/2674 2675/2675/2675 2690/2690/2690
f 2674/2674/2674 2690/2690/2690 2689/2689/2689
f 2675/2675/2675 2676/2676/2676 2691/2691/2691
f 2675/2675/2675 2691/2691/2691 2690/2690/2690
f 2676/2676/2676 2677/2677/2677 2692/2692/2692
f 2676/2676/2676 2692/2692/2692 2691/2691/2691
f 2677/2677/2677 2678/2678/2678 2693/2693/2693
f 2677/2677/2677 2693/2693/2693 2692/2692/2692
f 2678/2678/2678 2679/2679/2679 2694/2694/2694
f 2678/2678/2678 2694/2694/2694 2693/2693/2693
f 2679/2679/2679 2680/2680/2680 2695/2695/2695
f 2679/2679/2679 2695/2695/2695 2694/2694/2694
f 2681/2681/2681 2682/2682/2682 2697/2697/2697
f 2681/2681/2681 2697/2697/2697 2696/2696/2696
f 2682/2682/2682 2683/2683/2683 2698/2698/2698
f 2682/2682/2682 2698/2698/2698 2697/2697/2697
f 2683/2683/2683 2684/2684/2684 2699/2699/2699
f 2683/2683/2683 2699/2699/2699 2698/2698/2698
f 2684/2684/2684 2685/2685/2685 2700/2700/2700
f 2684/2684/2684 2700/2700/2700 2699/2699/2699
f 2685/2685/2685 2686/2686/2686 2701/2701/2701
f 2685/2685/2685 2701/2701/2701 2700/2700/2700
f 2686/2686/2686 2687/2687/2687 2702/2702/2702
f 2686/2686/2686 2702/2702/2702 2701/2701/2701
f 2687/2687/2687 2688/2688/2688 2703/2703/2703
f 2687/2687/2687 2703/2703/2703 2702/2702/2702
f 2688/2688/2688 2689/2689/2689 2704/2704/2704
f 2688/2688/2688 2704/2704/2704 2703/2703/2703
f 2689/2689/2689 2690/2690/2690 2705/2705/2705
f 2689/2689/2689 2705/2705/2705 2704/2704/2704
f 2690/2690/2690 2691/2691/2691 2706/2706/2706
f 2690/2690/2690 2706/2706/2706 2705/2705/2705
f 2691/2691/2691 2692/2692/2692 2707/2707/2707
f 2691/2691/2691 2707/2707/2707 2706/2706/2706
f 2692/2692/2692 2693/2693/2693 2708/2708/2708
f 2692/2692/2692 2708/2708/2708 2707/2707/2707
f 2693/2693/2693 2694/2694/2694 2709/2709/2709
f 2693/2693/2693 2709/2709/2709 2708/2708/2708
f 2694/2694/2694 2695/2695/2695 2710/2710/2710
f 2694/2694/2694 2710/2710/2710 2709/2709/2709
f 2726/2726/2726 2667/2667/2667 2666/2666/2666
f 2726/2726/2726 2668/2668/2668 2667/2667/2667
f 2726/2726/2726 2669/2669/2669 2668/2668/2668
f 2726/2726/2726 2670/2670/2670 2669/2669/2669
f 2726/2726/2726 2671/2671/2671 2670/2670/2670
f 2726/2726/2726 2672/2672/2672 2671/2671/2671
f 2726/2726/2726 2673/2673/2673 2672/2672/2672
f 2726/2726/2726 2674/2674/2674 2673/2673/2673
f 2726/2726/2726 2675/2675/2675 2674/2674/2674
f 2726/2726/2726 2676/2676/2676 2675/2675/2675
f 2726/2726/2726 2677/2677/2677 2676/2676/2676
f 2726/2726/2726 2678/2678/2678 2677/2677/2677
f 2726/2726/2726 2679/2679/2679 2678/2678/2678
f 2726/2726/2726 2680/2680/2680 2679/2679/2679
f 2728/2728/2728 2729/2729/2729 2742/2742/2742
f 2728/2728/2728 2742/2742/2742 2741/2741/2741
f 2729/2729/2729 2730/2730/2730 2743/2743/2743
f 2729/2729/2729 2743/2743/2743 2742/2742/2742
f 2730/2730/2730 2731/2731/2731 2744/2744/2744
f 2730/2730/2730 2744/2744/2744 2743/2743/2743
f 2731/2731/2731 2732/2732/2732 2745/2745/2745
f 2731/2731/2731 2745/2745/2745 2744/2744/2744
f 2732/2732/2732 2733/2733/2733 2746/2746/2746
f 2732/2732/2732 2746/2746/2746 2745/2745/2745
f 2733/2733/2733 2734/2734/2734 2747/2747/2747
f 2733/2733/2733 2747/2747/2747 2746/2746/2746
f 2734/2734/2734 2735/2735/2735 2748/2748/2748
f 2734/2734/2734 2748/2748/2748 2747/2747/2747
f 2735/2735/2735 2736/2736/2736 2749/2749/2749
f 2735/2735/2735 2749/2749/2749 2748/2748/2748
f 2736/2736/2736 2737/2737/2737 2750/2750/2750
f 2736/2736/2736 2750/2750/2750 2749/2749/2749
f 2737/2737/2737 2738/2738/2738 2751/2751/2751
f 2737/2737/2737 2751/2751/2751 2750/2750/2750
f 2738/2738/2738 2739/2739/2739 2752/2752/2752
f 2738/2738/2738 2752/2752/2752 2751/2751/2751
f 2739/2739/2739 2740/2740/2740 2753/2753/2753
f 2739/2739/2739 2753/2753/2753 2752/2752/2752
f 2741/2741/2741 2742/2742/2742 2755/2755/2755
f 2741/2741/2741 2755/2755/2755 2754/2754/2754
f 2742/2742/2742 2743/2743/2743 2756/2756/2756
f 2742/2742/2742 2756/2756/2756 2755/2755/2755
f 2743/2743/2743 2744/2744/2744 2757/2757/2757
f 2743/2743/2743 2757/2757/2757 2756/2756/2756
f 2744/2744/2744 2745/2745/2745 2758/2758/2758
f 2744/2744/2744 2758/2758/2758 2757/2757/2757
f 2745/2745/2745 2746/2746/2746 2759/2759/2759
f 2745/2745/2745 2759/2759/2759 2758/2758/2758
f 2746/2746/2746 2747/2747/2747 2760/2760/2760
f 2746/2746/2746 2760/2760/2760 2759/2759/2759
f 2747/2747/2747 2748/2748/2748 2761/2761/2761
f 2747/2747/2747 2761/2761/2761 2760/2760/2760
f 2748/2748/2748 2749/2749/2749 2762/2762/2762
f 2748/2748/2748 2762/2762/2762 2761/2761/2761
f 2749/2749/2749 2750/2750/2750 2763/2763/2763
f 2749/2749/2749 2763/2763/2763 2762/2762/2762
f 2750/2750/2750 2751/2751/2751 2764/2764/2764
f 2750/2750/2750 2764/2764/2764 2763/2763/2763
f 2751/2751/2751 2752/2752/2752 2765/2765/2765
f 2751/2751/2751 2765/2765/2765 2764/2764/2764
f 2752/2752/2752 2753/2753/2753 2766/2766/2766
f 2752/2752/2752 2766/2766/2766 2765/2765/2765
f 2754/2754/2754 2755/2755/2755 2768/2768/2768
f 2754/2754/2754 2768/2768/2768 2767/2767/2767
f 2755/2755/2755 2756/2756/2756 2769/2769/2769
f 2755/2755/2755 2769/2769/2769 2768/2768/2768
f 2756/2756/2756 2757/2757/2757 2770/2770/2770
f 2756/2756/2756 2770/2770/2770 2769/2769/2769
f 2757/2757/2757 2758/2758/2758 2771/2771/2771
f 2757/2757/2757 2771/2771/2771 2770/2770/2770
f 2758/2758/2758 2759/2759/2759 2772/2772/2772
f 2758/2758/2758 2772/2772/2772 2771/2771/2771
f 2759/2759/2759 2760/2760/2760 2773/2773/2773
f 2759/2759/2759 2773/2773/2773 2772/2772/2772
f 2760/2760/2760 2761/2761/2761 2774/2774/2774
f 2760/2760/2760 2774/2774/2774 2773/2773/2773
f 2761/2761/2761 2762/2762/2762 2775/2775/2775
f 2761/2761/2761 2775/2775/2775 2774/2774/2774
f 2762/2762/2762 2763/2763/2763 2776/2776/2776
f 2762/2762/2762 2776/2776/2776 2775/2775/2775
f 2763/2763/2763 2764/2764/2764 2777/2777/2777
f 2763/2763/2763 2777/2777/2777 2776/2776/2776
f 2764/2764/2764 2765/2765/2765 2778/2778/2778
f 2764/2764/2764 2778/2778/2778 2777/2777/2777
f 2765/2765/2765 2766/2766/2766 2779/2779/2779
f 2765/2765/2765 2779/2779/2779 2778/2778/2778
f 3019/3019/3019 3020/3020/3020 3035/3035/3035
f 3019/3019/3019 3035/3035/3035 3034/3034/3034
f 3020/3020/3020 3021/3021/3021 3036/3036/3036
f 3020/3020/3020 3036/3036/3036 3035/3035/3035
f 3021/3021/3021 3022/3022/3022 3037/3037/3037
f 3021/3021/3021 3037/3037/3037 3036/3036/3036
f 3022/3022/3022 3023/3023/3023 3038/3038/3038
f 3022/3022/3022 3038/3038/3038 3037/3037/3037
f 3023/3023/3023 3024/3024/3024 3039/3039/3039
f 3023/3023/3023 3039/3039/3039 3038/3038/3038
f 3024/3024/3024 3025/3025/3025 3040/3040/3040
f 3024/3024/3024 3040/3040/3040 3039/3039/3039
f 3025/3025/3025 3026/3026/3026 3041/3041/3041
f 3025/3025/3025 3041/3041/3041 3040/3040/3040
f 3026/3026/3026 3027/3027/3027 3042/3042/3042
f 3026/3026/3026 3042/3042/3042 3041/3041/3041
f 3027/3027/3027 3028/3028/3028 3043/3043/3043
f 3027/3027/3027 3043/3043/3043 3042/3042/3042
f 3028/3028/3028 3029/3029/3029 3044/3044/3044
f 3028/3028/3028 3044/3044/3044 3043/3043/3043
f 3029/3029/3029 3030/3030/3030 3045/3045/3045
f 3029/3029/3029 3045/3045/3045 3044/3044/3044
f 3030/3030/3030 3031/3031/3031 3046/3046/3046
f 3030/3030/3030 3046/3046/3046 3045/3045/3045
f 3031/3031/3031 3032/3032/3032 3047/3047/3047
f 3031/3031/3031 3047/3047/3047 3046/3046/3046
f 3032/3032/3032 3033/3033/3033 3048/3048/3048
f 3032/3032/3032 3048/3048/3048 3047/3047/3047
f 3034/3034/3034 3035/3035/3035 3050/3050/3050
f 3034/3034/3034 3050/3050/3050 3049/3049/3049
f 3035/3035/3035 3036/3036/3036 3051/3051/3051
f 3035/3035/3035 3051/3051/3051 3050/3050/3050
f 3036/3036/3036 3037/3037/3037 3052/3052/3052
f 3036/3036/3036 3052/3052/3052 3051/3051/3051
f 3037/3037/3037 3038/3038/3038 3053/3053/3053
f 3037/3037/3037 3053/3053/3053 3052/3052/3052
f 3038/3038/3038 3039/3039/3039 3054/3054/3054
f 3038/3038/3038 3054/3054/3054 3053/3053/3053
f 3039/3039/3039 3040/3040/3040 3055/3055/3055
f 3039/3039/3039 3055/3055/3055 3054/3054/3054
f 3040/3040/3040 3041/3041/3041 3056/3056/3056
f 3040/3040/3040 3056/3056/3056 3055/3055/3055
f 3041/3041/3041 3042/3042/3042 3057/3057/3057
f 3041/3041/3041 3057/3057/3057 3056/3056/3056
f 3042/3042/3042 3043/3043/3043 3058/3058/3058
f 3042/3042/3042 3058/3058/3058 3057/3057/3057
f 3043/3043/3043 3044/3044/3044 3059/3059/3059
f 3043/3043/3043 3059/3059/3059 3058/3058/3058
f 3044/3044/3044 3045/3045/3045 3060/3060/3060
f 3044/3044/3044 3060/3060/3060 3059/3059/3059
f 3045/3045/3045 3046/3046/3046 3061/3061/3061
f 3045/3045/3045 3061/3061/3061 3060/3060/3060
f 3046/3046/3046 3047/3047/3047 3062/3062/3062
f 3046/3046/3046 3062/3062/3062 3061/3061/3061
f 3047/3047/3047 3048/3048/3048 3063/3063/3063
f 3047/3047/3047 3063/3063/3063 3062/3062/3062
f 3064/3064/3064 3049/3049/3049 3050/3050/3050
f 3064/3064/3064 3050/3050/3050 3051/3051/3051
f 3064/3064/3064 3051/3051/3051 3052/3052/3052
f 3064/3064/3064 3052/3052/3052 3053/3053/3053
f 3064/3064/3064 3053/3053/3053 3054/3054/3054
f 3064/3064/3064 3054/3054/3054 3055/3055/3055
f 3064/3064/3064 3055/3055/3055 3056/3056/3056
f 3064/3064/3064 3056/3056/3056 3057/3057/3057
f 3064/3064/3064 3057/3057/3057 3058/3058/3058
f 3064/3064/3064 3058/3058/3058 3059/3059/3059
f 3064/3064/3064 3059/3059/3059 3060/3060/3060
f 3064/3064/3064 3060/3060/3060 3061/3061/3061
f 3064/3064/3064 3061/3061/3061 3062/3062/3062
f 3064/3064/3064 3062/3062/3062 3063/3063/3063
f 3065/3065/3065 3066/3066/3066 3079/3079/3079
f 3065/3065/3065 3079/3079/3079 3078/3078/3078
f 3066/3066/3066 3067/3067/3067 3080/3080/3080
f 3066/3066/3066 3080/3080/3080 3079/3079/3079
f 3067/3067/3067 3068/3068/3068 3081/3081/3081
f 3067/3067/3067 3081/3081/3081 3080/3080/3080
f 3068/3068/3068 3069/3069/3069 3082/3082/3082
f 3068/3068/3068 3082/3082/3082 3081/3081/3081
f 3069/3069/3069 3070/3070/3070 3083/3083/3083
f 3069/3069/3069 3083/3083/3083 3082/3082/3082
f 3070/3070/3070 3071/3071/3071 3084/3084/3084
f 3070/3070/3070 3084/3084/3084 3083/3083/3083
f 3071/3071/3071 3072/3072/3072 3085/3085/3085
f 3071/3071/3071 3085/3085/3085 3084/3084/3084
f 3072/3072/3072 3073/3073/3073 3086/3086/3086
f 3072/3072/3072 3086/3086/3086 3085/3085/3085
f 3073/3073/3073 3074/3074/3074 3087/3087/3087
f 3073/3073/3073 3087/3087/3087 3086/3086/3086
f 3074/3074/3074 3075/3075/3075 3088/3088/3088
f 3074/3074/3074 3088/3088/3088 3087/3087/3087
f 3075/3075/3075 3076/3076/3076 3089/3089/3089
f 3075/3075/3075 3089/3089/3089 3088/3088/3088
f 3076/3076/3076 3077/3077/3077 3090/3090/3090
f 3076/3076/3076 3090/3090/3090 3089/3089/3089
f 3078/3078/3078 3079/3079/3079 3092/3092/3092
f 3078/3078/3078 3092/3092/3092 3091/3091/3091
f 3079/3079/3079 3080/3080/3080 3093/3093/3093
f 3079/3079/3079 3093/3093/3093 3092/3092/3092
f 3080/3080/3080 3081/3081/3081 3094/3094/3094
f 3080/3080/3080 3094/3094/3094 3093/3093/3093
f 3081/3081/3081 3082/3082/3082 3095/3095/3095
f 3081/3081/3081 3095/3095/3095 3094/3094/3094
f 3082/3082/3082 3083/3083/3083 3096/3096/3096
f 3082/3082/3082 3096/3096/3096 3095/3095/3095
f 3083/3083/3083 3084/3084/3084 3097/3097/3097
f 3083/3083/3083 3097/3097/3097 3096/3096/3096
f 3084/3084/3084 3085/3085/3085 3098/3098/3098
f 3084/3084/3084 3098/3098/3098 3097/3097/3097
f 3085/3085/3085 3086/3086/3086 3099/3099/3099
f 3085/3085/3085 3099/3099/3099 3098/3098/3098
f 3086/3086/3086 3087/3087/3087 3100/3100/3100
f 3086/3086/3086 3100/3100/3100 3099/3099/3099
f 3087/3087/3087 3088/3088/3088 3101/3101/3101
f 3087/3087/3087 3101/3101/3101 3100/3100/3100
f 3088/3088/3088 3089/3089/3089 3102/3102/3102
f 3088/3088/3088 3102/3102/3102 3101/3101/3101
f 3089/3089/3089 3090/3090/3090 3103/3103/3103
f 3089/3089/3089 3103/3103/3103 3102/3102/3102
f 3104/3104/3104 3091/3091/3091 3092/3092/3092
f 3104/3104/3104 3092/3092/3092 3093/3093/3093
f 3104/3104/3104 3093/3093/3093 3094/3094/3094
f 3104/3104/3104 3094/3094/3094 3095/3095/3095
f 3104/3104/3104 3095/3095/3095 3096/3096/3096
f 3104/3104/3104 3096/3096/3096 3097/3097/3097
f 3104/3104/3104 3097/3097/3097 3098/3098/3098
f 3104/3104/3104 3098/3098/3098 3099/3099/3099
f 3104/3104/3104 3099/3099/3099 3100/3100/3100
f 3104/3104/3104 3100/3100/3100 3101/3101/3101
f 3104/3104/3104 3101/3101/3101 3102/3102/3102
f 3104/3104/3104 3102/3102/3102 3103/3103/3103
f 3146/3146/3146 3147/3147/3147 3162/3162/3162
f 3146/3146/3146 3162/3162/3162 3161/3161/3161
f 3147/3147/3147 3148/3148/3148 3163/3163/3163
f 3147/3147/3147 3163/3163/3163 3162/3162/3162
f 3148/3148/3148 3149/3149/3149 3164/3164/3164
f 3148/3148/3148 3164/3164/3164 3163/3163/3163
f 3149/3149/3149 3150/3150/3150 3165/3165/3165
f 3149/3149/3149 3165/3165/3165 3164/3164/3164
f 3150/3150/3150 3151/3151/3151 3166/3166/3166
f 3150/3150/3150 3166/3166/3166 3165/3165/3165
f 3151/3151/3151 3152/3152/3152 3167/3167/3167
f 3151/3151/3151 3167/3167/3167 3166/3166/3166
f 3152/3152/3152 3153/3153/3153 3168/3168/3168
f 3152/3152/3152 3168/3168/3168 3167/3167/3167
f 3153/3153/3153 3154/3154/3154 3169/3169/3169
f 3153/3153/3153 3169/3169/3169 3168/3168/3168
f 3154/3154/3154 3155/3155/3155 3170/3170/3170
f 3154/3154/3154 3170/3170/3170 3169/3169/3169
f 3155/3155/3155 3156/3156/3156 3171/3171/3171
f 3155/3155/3155 3171/3171/3171 3170/3170/3170
f 3156/3156/3156 3157/3157/3157 3172/3172/3172
f 3156/3156/3156 3172/3172/3172 3171/3171/3171
f 3157/3157/3157 3158/3158/3158 3173/3173/3173
f 3157/3157/3157 3173/3173/3173 3172/3172/3172
f 3158/3158/3158 3159/3159/3159 3174/3174/3174
f 3158/3158/3158 3174/3174/3174 3173/3173/3173
f 3159/3159/3159 3160/3160/3160 3175/3175/3175
f 3159/3159/3159 3175/3175/3175 3174/3174/3174
f 3161/3161/3161 3162/3162/3162 3177/3177/3177
f 3161/3161/3161 3177/3177/3177 3176/3176/3176
f 3162/3162/3162 3163/3163/3163 3178/3178/3178
f 3162/3162/3162 3178/3178/3178 3177/3177/3177
f 3163/3163/3163 3164/3164/3164 3179/3179/3179
f 3163/3163/3163 3179/3179/3179 3178/3178/3178
f 3164/3164/3164 3165/3165/3165 3180/3180/3180
f 3164/3164/3164 3180/3180/3180 3179/3179/3179
f 3165/3165/3165 3166/3166/3166 3181/3181/3181
f 3165/3165/3165 3181/3181/3181 3180/3180/3180
f 3166/3166/3166 3167/3167/3167 3182/3182/3182
f 3166/3166/3166 3182/3182/3182 3181/3181/3181
f 3167/3167/3167 3168/3168/3168 3183/3183/3183
f 3167/3167/3167 3183/3183/3183 3182/3182/3182
f 3168/3168/3168 3169/3169/3169 3184/3184/3184
f 3168/3168/3168 3184/3184/3184 3183/3183/3183
f 3169/3169/3169 3170/3170/3170 3185/3185/3185
f 3169/3169/3169 3185/3185/3185 3184/3184/3184
f 3170/3170/3170 3171/3171/3171 3186/3186/3186
f 3170/3170/3170 3186/3186/3186 3185/3185/3185
f 3171/3171/3171 3172/3172/3172 3187/3187/3187
f 3171/3171/3171 3187/3187/3187 3186/3186/3186
f 3172/3172/3172 3173/3173/3173 3188/3188/3188
f 3172/3172/3172 3188/3188/3188 3187/3187/3187
f 3173/3173/3173 3174/3174/3174 3189/3189/3189
f 3173/3173/3173 3189/3189/3189 3188/3188/3188
f 3174/3174/3174 3175/3175/3175 3190/3190/3190
f 3174/3174/3174 3190/3190/3190 3189/3189/3189
f 3191/3191/3191 3176/3176/3176 3177/3177/3177
f 3191/3191/3191 3177/3177/3177 3178/3178/3178
f 3191/3191/3191 3178/3178/3178 3179/3179/3179
f 3191/3191/3191 3179/3179/3179 3180/3180/3180
f 3191/3191/3191 3180/3180/3180 3181/3181/3181
f 3191/3191/3191 3181/3181/3181 3182/3182/3182
f 3191/3191/3191 3182/3182/3182 3183/3183/3183
f 3191/3191/3191 3183/3183/3183 3184/3184/3184
f 3191/3191/3191 3184/3184/3184 3185/3185/3185
f 3191/3191/3191 3185/3185/3185 3186/3186/3186
f 3191/3191/3191 3186/3186/3186 3187/3187/3187
f 3191/3191/3191 3187/3187/3187 3188/3188/3188
f 3191/3191/3191 3188/3188/3188 3189/3189/3189
f 3191/3191/3191 3189/3189/3189 3190/3190/3190
f 3192/3192/3192 3193/3193/3193 3206/3206/3206
f 3192/3192/3192 3206/3206/3206 3205/3205/3205
f 3193/3193/3193 3194/3194/3194 3207/3207/3207
f 3193/3193/3193 3207/3207/3207 3206/3206/3206
f 3194/3194/3194 3195/3195/3195 3208/3208/3208
f 3194/3194/3194 3208/3208/3208 3207/3207/3207
f 3195/3195/3195 3196/3196/3196 3209/3209/3209
f 3195/3195/3195 3209/3209/3209 3208/3208/3208
f 3196/3196/3196 3197/3197/3197 3210/3210/3210
f 3196/3196/3196 3210/3210/3210 3209/3209/3209
f 3197/3197/3197 3198/3198/3198 3211/3211/3211
f 3197/3197/3197 3211/3211/3211 3210/3210/3210
f 3198/3198/3198 3199/3199/3199 3212/3212/3212
f 3198/3198/3198 3212/3212/3212 3211/3211/3211
f 3199/3199/3199 3200/3200/3200 3213/3213/3213
f 3199/3199/3199 3213/3213/3213 3212/3212/3212
f 3200/3200/3200 3201/3201/3201 3214/3214/3214
f 3200/3200/3200 3214/3214/3214 3213/3213/3213
f 3201/3201/3201 3202/3202/3202 3215/3215/3215
f 3201/3201/3201 3215/3215/3215 3214/3214/3214
f 3202/3202/3202 3203/3203/3203 3216/3216/3216
f 3202/3202/3202 3216/3216/3216 3215/3215/3215
f 3203/3203/3203 3204/3204/3204 3217/3217/3217
f 3203/3203/3203 3217/3217/3217 3216/3216/3216
f 3205/3205/3205 3206/3206/3206 3219/3219/3219
f 3205/3205/3205 3219/3219/3219 3218/3218/3218
f 3206/3206/3206 3207/3207/3207 3220/3220/3220
f 3206/3206/3206 3220/3220/3220 3219/3219/3219
f 3207/3207/3207 3208/3208/3208 3221/3221/3221
f 3207/3207/3207 3221/3221/3221 3220/3220/3220
f 3208/3208/3208 3209/3209/3209 3222/3222/3222
f 3208/3208/3208 3222/3222/3222 3221/3221/3221
f 3209/3209/3209 3210/3210/3210 3223/3223/3223
f 3209/3209/3209 3223/3223/3223 3222/3222/3222
f 3210/3210/3210 3211/3211/3211 3224/3224/3224
f 3210/3210/3210 3224/3224/3224 3223/3223/3223
f 3211/3211/3211 3212/3212/3212 3225/3225/3225
f 3211/3211/3211 3225/3225/3225 3224/3224/3224
f 3212/3212/3212 3213/3213/3213 3226/3226/3226
f 3212/3212/3212 3226/3226/3226 3225/3225/3225
f 3213/3213/3213 3214/3214/3214 3227/3227/3227
f 3213/3213/3213 3227/3227/3227 3226/3226/3226
f 3214/3214/3214 3215/3215/3215 3228/3228/3228
f 3214/3214/3214 3228/3228/3228 3227/3227/3227
f 3215/3215/3215 3216/3216/3216 3229/3229/3229
f 3215/3215/3215 3229/3229/3229 3228/3228/3228
f 3216/3216/3216 3217/3217/3217 3230/3230/3230
f 3216/3216/3216 3230/3230/3230 3229/3229/3229
f 3231/3231/3231 3218/3218/3218 3219/3219/3219
f 3231/3231/3231 3219/3219/3219 3220/3220/3220
f 3231/3231/3231 3220/3220/3220 3221/3221/3221
f 3231/3231/3231 3221/3221/3221 3222/3222/3222
f 3231/3231/3231 3222/3222/3222 3223/3223/3223
f 3231/3231/3231 3223/3223/3223 3224/3224/3224
f 3231/3231/3231 3224/3224/3224 3225/3225/3225
f 3231/3231/3231 3225/3225/3225 3226/3226/3226
f 3231/3231/3231 3226/3226/3226 3227/3227/3227
f 3231/3231/3231 3227/3227/3227 3228/3228/3228
f 3231/3231/3231 3228/3228/3228 3229/3229/3229
f 3231/3231/3231 3229/3229/3229 3230/3230/3230
f 3273/3273/3273 3274/3274/3274 3291/3291/3291
f 3273/3273/3273 3291/3291/3291 3290/3290/3290
f 3274/3274/3274 3275/3275/3275 3292/3292/3292
f 3274/3274/3274 3292/3292/3292 3291/3291/3291
f 3275/3275/3275 3276/3276/3276 3293/3293/3293
f 3275/3275/3275 3293/3293/3293 3292/3292/3292
f 3276/3276/3276 3277/3277/3277 3294/3294/3294
f 3276/3276/3276 3294/3294/3294 3293/3293/3293
f 3277/3277/3277 3278/3278/3278 3295/3295/3295
f 3277/3277/3277 3295/3295/3295 3294/3294/3294
f 3278/3278/3278 3279/3279/3279 3296/3296/3296
f 3278/3278/3278 3296/3296/3296 3295/3295/3295
f 3279/3279/3279 3280/3280/3280 3297/3297/3297
f 3279/3279/3279 3297/3297/3297 3296/3296/3296
f 3280/3280/3280 3281/3281/3281 3298/3298/3298
f 3280/3280/3280 3298/3298/3298 3297/3297/3297
f 3281/3281/3281 3282/3282/3282 3299/3299/3299
f 3281/3281/3281 3299/3299/3299 3298/3298/3298
f 3282/3282/3282 3283/3283/3283 3300/3300/3300
f 3282/3282/3282 3300/3300/3300 3299/3299/3299
f 3283/3283/3283 3284/3284/3284 3301/3301/3301
f 3283/3283/3283 3301/3301/3301 3300/3300/3300
f 3284/3284/3284 3285/3285/3285 3302/3302/3302
f 3284/3284/3284 3302/3302/3302 3301/3301/3301
f 3285/3285/3285 3286/3286/3286 3303/3303/3303
f 3285/3285/3285 3303/3303/3303 3302/3302/3302
f 3286/3286/3286 3287/3287/3287 3304/3304/3304
f 3286/3286/3286 3304/3304/3304 3303/3303/3303
f 3287/3287/3287 3288/3288/3288 3305/3305/3305
f 3287/3287/3287 3305/3305/3305 3304/3304/3304
f 3288/3288/3288 3289/3289/3289 3306/3306/3306
f 3288/3288/3288 3306/3306/3306 3305/3305/3305
f 3290/3290/3290 3291/3291/3291 3308/3308/3308
f 3290/3290/3290 3308/3308/3308 3307/3307/3307
f 3291/3291/3291 3292/3292/3292 3309/3309/3309
f 3291/3291/3291 3309/3309/3309 3308/3308/3308
f 3292/3292/3292 3293/3293/3293 3310/3310/3310
f 3292/3292/3292 3310/3310/3310 3309/3309/3309
f 3293/3293/3293 3294/3294/3294 3311/3311/3311
f 3293/3293/3293 3311/3311/3311 3310/3310/3310
f 3294/3294/3294 3295/3295/3295 3312/3312/3312
f 3294/3294/3294 3312/3312/3312 3311/3311/3311
f 3295/3295/3295 3296/3296/3296 3313/3313/3313
f 3295/3295/3295 3313/3313/3313 3312/3312/3312
f 3296/3296/3296 3297/3297/3297 3314/3314/3314
f 3296/3296/3296 3314/3314/3314 3313/3313/3313
f 3297/3297/3297 3298/3298/3298 3315/3315/3315
f 3297/3297/3297 3315/3315/3315 3314/3314/3314
f 3298/3298/3298 3299/3299/3299 3316/3316/3316
f 3298/3298/3298 3316/3316/3316 3315/3315/3315
f 3299/3299/3299 3300/3300/3300 3317/3317/3317
f 3299/3299/3299 3317/3317/3317 3316/3316/3316
f 3300/3300/3300 3301/3301/3301 3318/3318/3318
f 3300/3300/3300 3318/3318/3318 3317/3317/3317
f 3301/3301/3301 3302/3302/3302 3319/3319/3319
f 3301/3301/3301 3319/3319/3319 3318/3318/3318
f 3302/3302/3302 3303/3303/3303 3320/3320/3320
f 3302/3302/3302 3320/3320/3320 3319/3319/3319
f 3303/3303/3303 3304/3304/3304 3321/3321/3321
f 3303/3303/3303 3321/3321/3321 3320/3320/3320
f 3304/3304/3304 3305/3305/3305 3322/3322/3322
f 3304/3304/3304 3322/3322/3322 3321/3321/3321
f 3305/3305/3305 3306/3306/3306 3323/3323/3323
f 3305/3305/3305 3323/3323/3323 3322/3322/3322
f 3324/3324/3324 3307/3307/3307 3308/3308/3308
f 3324/3324/3324 3308/3308/3308 3309/3309/3309
f 3324/3324/3324 3309/3309/3309 3310/3310/3310
f 3324/3324/3324 3310/3310/3310 3311/3311/3311
f 3324/3324/3324 3311/3311/3311 3312/3312/3312
f 3324/3324/3324 3312/3312/3312 3313/3313/3313
f 3324/3324/3324 3313/3313/3313 3314/3314/3314
f 3324/3324/3324 3314/3314/3314 3315/3315/3315
f 3324/3324/3324 3315/3315/3315 3316/3316/3316
f 3324/3324/3324 3316/3316/3316 3317/3317/3317
f 3324/3324/3324 3317/3317/3317 3318/3318/3318
f 3324/3324/3324 3318/3318/3318 3319/3319/3319
f 3324/3324/3324 3319/3319/3319 3320/3320/3320
f 3324/3324/3324 3320/3320/3320 3321/3321/3321
f 3324/3324/3324 3321/3321/3321 3322/3322/3322
f 3324/3324/3324 3322/3322/3322 3323/3323/3323
f 3325/3325/3325 3326/3326/3326 3339/3339/3339
f 3325/3325/3325 3339/3339/3339 3338/3338/3338
f 3326/3326/3326 3327/3327/3327 3340/3340/3340
f 3326/3326/3326 3340/3340/3340 3339/3339/3339
f 3327/3327/3327 3328/3328/3328 3341/3341/3341
f 3327/3327/3327 3341/3341/3341 3340/3340/3340
f 3328/3328/3328 3329/3329/3329 3342/3342/3342
f 3328/3328/3328 3342/3342/3342 3341/3341/3341
f 3329/3329/3329 3330/3330/3330 3343/3343/3343
f 3329/3329/3329 3343/3343/3343 3342/3342/3342
f 3330/3330/3330 3331/3331/3331 3344/3344/3344
f 3330/3330/3330 3344/3344/3344 3343/3343/3343
f 3331/3331/3331 3332/3332/3332 3345/3345/3345
f 3331/3331/3331 3345/3345/3345 3344/3344/3344
f 3332/3332/3332 3333/3333/3333 3346/3346/3346
f 3332/3332/3332 3346/3346/3346 3345/3345/3345
f 3333/3333/3333 3334/3334/3334 3347/3347/3347
f 3333/3333/3333 3347/3347/3347 3346/3346/3346
f 3334/3334/3334 3335/3335/3335 3348/3348/3348
f 3334/3334/3334 3348/3348/3348 3347/3347/3347
f 3335/3335/3335 3336/3336/3336 3349/3349/3349
f 3335/3335/3335 3349/3349/3349 3348/3348/3348
f 3336/3336/3336 3337/3337/3337 3350/3350/3350
f 3336/3336/3336 3350/3350/3350 3349/3349/3349
f 3338/3338/3338 3339/3339/3339 3352/3352/3352
f 3338/3338/3338 3352/3352/3352 3351/3351/3351
f 3339/3339/3339 3340/3340/3340 3353/3353/3353
f 3339/3339/3339 3353/3353/3353 3352/3352/3352
f 3340/3340/3340 3341/3341/3341 3354/3354/3354
f 3340/3340/3340 3354/3354/3354 3353/3353/3353
f 3341/3341/3341 3342/3342/3342 3355/3355/3355
f 3341/3341/3341 3355/3355/3355 3354/3354/3354
f 3342/3342/3342 3343/3343/3343 3356/3356/3356
f 3342/3342/3342 3356/3356/3356 3355/3355/3355
f 3343/3343/3343 3344/3344/3344 3357/3357/3357
f 3343/3343/3343 3357/3357/3357 3356/3356/3356
f 3344/3344/3344 3345/3345/3345 3358/3358/3358
f 3344/3344/3344 3358/3358/3358 3357/3357/3357
f 3345/3345/3345 3346/3346/3346 3359/3359/3359
f 3345/3345/3345 3359/3359/3359 3358/3358/3358
f 3346/3346/3346 3347/3347/3347 3360/3360/3360
f 3346/3346/3346 3360/3360/3360 3359/3359/3359
f 3347/3347/3347 3348/3348/3348 3361/3361/3361
f 3347/3347/3347 3361/3361/3361 3360/3360/3360
f 3348/3348/3348 3349/3349/3349 3362/3362/3362
f 3348/3348/3348 3362/3362/3362 3361/3361/3361
f 3349/3349/3349 3350/3350/3350 3363/3363/3363
f 3349/3349/3349 3363/3363/3363 3362/3362/3362
f 3364/3364/3364 3351/3351/3351 3352/3352/3352
f 3364/3364/3364 3352/3352/3352 3353/3353/3353
f 3364/3364/3364 3353/3353/3353 3354/3354/3354
f 3364/3364/3364 3354/3354/3354 3355/3355/3355
f 3364/3364/3364 3355/3355/3355 3356/3356/3356
f 3364/3364/3364 3356/3356/3356 3357/3357/3357
f 3364/3364/3364 3357/3357/3357 3358/3358/3358
f 3364/3364/3364 3358/3358/3358 3359/3359/3359
f 3364/3364/3364 3359/3359/3359 3360/3360/3360
f 3364/3364/3364 3360/3360/3360 3361/3361/3361
f 3364/3364/3364 3361/3361/3361 3362/3362/3362
f 3364/3364/3364 3362/3362/3362 3363/3363/3363
f 3365/3365/3365 3366/3366/3366 3379/3379/3379
f 3365/3365/3365 3379/3379/3379 3378/3378/3378
f 3366/3366/3366 3367/3367/3367 3380/3380/3380
f 3366/3366/3366 3380/3380/3380 3379/3379/3379
f 3367/3367/3367 3368/3368/3368 3381/3381/3381
f 3367/3367/3367 3381/3381/3381 3380/3380/3380
f 3368/3368/3368 3369/3369/3369 3382/3382/3382
f 3368/3368/3368 3382/3382/3382 3381/3381/3381
f 3369/3369/3369 3370/3370/3370 3383/3383/3383
f 3369/3369/3369 3383/3383/3383 3382/3382/3382
f 3370/3370/3370 3371/3371/3371 3384/3384/3384
f 3370/3370/3370 3384/3384/3384 3383/3383/3383
f 3371/3371/3371 3372/3372/3372 3385/3385/3385
f 3371/3371/3371 3385/3385/3385 3384/3384/3384
f 3372/3372/3372 3373/3373/3373 3386/3386/3386
f 3372/3372/3372 3386/3386/3386 3385/3385/3385
f 3373/3373/3373 3374/3374/3374 3387/3387/3387
f 3373/3373/3373 3387/3387/3387 3386/3386/3386
f 3374/3374/3374 3375/3375/3375 3388/3388/3388
f 3374/3374/3374 3388/3388/3388 3387/3387/3387
f 3375/3375/3375 3376/3376/3376 3389/3389/3389
f 3375/3375/3375 3389/3389/3389 3388/3388/3388
f 3376/3376/3376 3377/3377/3377 3390/3390/3390
f 3376/3376/3376 3390/3390/3390 3389/3389/3389
f 3378/3378/3378 3379/3379/3379 3392/3392/3392
f 3378/3378/3378 3392/3392/3392 3391/3391/3391
f 3379/3379/3379 3380/3380/3380 3393/3393/3393
f 3379/3379/3379 3393/3393/3393 3392/3392/3392
f 3380/3380/3380 3381/3381/3381 3394/3394/3394
f 3380/3380/3380 3394/3394/3394 3393/3393/3393
f 3381/3381/3381 3382/3382/3382 3395/3395/3395
f 3381/3381/3381 3395/3395/3395 3394/3394/3394
f 3382/3382/3382 3383/3383/3383 3396/3396/3396
f 3382/3382/3382 3396/3396/3396 3395/3395/3395
f 3383/3383/3383 3384/3384/3384 3397/3397/3397
f 3383/3383/3383 3397/3397/3397 3396/3396/3396
f 3384/3384/3384 3385/3385/3385 3398/3398/3398
f 3384/3384/3384 3398/3398/3398 3397/3397/3397
f 3385/3385/3385 3386/3386/3386 3399/3399/3399
f 3385/3385/3385 3399/3399/3399 3398/3398/3398
f 3386/3386/3386 3387/3387/3387 3400/3400/3400
f 3386/3386/3386 3400/3400/3400 3399/3399/3399
f 3387/3387/3387 3388/3388/3388 3401/3401/3401
f 3387/3387/3387 3401/3401/3401 3400/3400/3400
f 3388/3388/3388 3389/3389/3389 3402/3402/3402
f 3388/3388/3388 3402/3402/3402 3401/3401/3401
f 3389/3389/3389 3390/3390/3390 3403/3403/3403
f 3389/3389/3389 3403/3403/3403 3402/3402/3402
f 3404/3404/3404 3391/3391/3391 3392/3392/3392
f 3404/3404/3404 3392/3392/3392 3393/3393/3393
f 3404/3404/3404 3393/3393/3393 3394/3394/3394
f 3404/3404/3404 3394/3394/3394 3395/3395/3395
f 3404/3404/3404 3395/3395/3395 3396/3396/3396
f 3404/3404/3404 3396/3396/3396 3397/3397/3397
f 3404/3404/3404 3397/3397/3397 3398/3398/3398
f 3404/3404/3404 3398/3398/3398 3399/3399/3399
f 3404/3404/3404 3399/3399/3399 3400/3400/3400
f 3404/3404/3404 3400/3400/3400 3401/3401/3401
f 3404/3404/3404 3401/3401/3401 3402/3402/3402
f 3404/3404/3404 3402/3402/3402 3403/3403/3403
f 3446/3446/3446 3447/3447/3447 3464/3464/3464
f 3446/3446/3446 3464/3464/3464 3463/3463/3463
f 3447/3447/3447 3448/3448/3448 3465/3465/3465
f 3447/3447/3447 3465/3465/3465 3464/3464/3464
f 3448/3448/3448 3449/3449/3449 3466/3466/3466
f 3448/3448/3448 3466/3466/3466 3465/3465/3465
f 3449/3449/3449 3450/3450/3450 3467/3467/3467
f 3449/3449/3449 3467/3467/3467 3466/3466/3466
f 3450/3450/3450 3451/3451/3451 3468/3468/3468
f 3450/3450/3450 3468/3468/3468 3467/3467/3467
f 3451/3451/3451 3452/3452/3452 3469/3469/3469
f 3451/3451/3451 3469/3469/3469 3468/3468/3468
f 3452/3452/3452 3453/3453/3453 3470/3470/3470
f 3452/3452/3452 3470/3470/3470 3469/3469/3469
f 3453/3453/3453 3454/3454/3454 3471/3471/3471
f 3453/3453/3453 3471/3471/3471 3470/3470/3470
f 3454/3454/3454 3455/3455/3455 3472/3472/3472
f 3454/3454/3454 3472/3472/3472 3471/3471/3471
f 3455/3455/3455 3456/3456/3456 3473/3473/3473
f 3455/3455/3455 3473/3473/3473 3472/3472/3472
f 3456/3456/3456 3457/3457/3457 3474/3474/3474
f 3456/3456/3456 3474/3474/3474 3473/3473/3473
f 3457/3457/3457 3458/3458/3458 3475/3475/3475
f 3457/3457/3457 3475/3475/3475 3474/3474/3474
f 3458/3458/3458 3459/3459/3459 3476/3476/3476
f 3458/3458/3458 3476/3476/3476 3475/3475/3475
f 3459/3459/3459 3460/3460/3460 3477/3477/3477
f 3459/3459/3459 3477/3477/3477 3476/3476/3476
f 3460/3460/3460 3461/3461/3461 3478/3478/3478
f 3460/3460/3460 3478/3478/3478 3477/3477/3477
f 3461/3461/3461 3462/3462/3462 3479/3479/3479
f 3461/3461/3461 3479/3479/3479 3478/3478/3478
f 3463/3463/3463 3464/3464/3464 3481/3481/3481
f 3463/3463/3463 3481/3481/3481 3480/3480/3480
f 3464/3464/3464 3465/3465/3465 3482/3482/3482
f 3464/3464/3464 3482/3482/3482 3481/3481/3481
f 3465/3465/3465 3466/3466/3466 3483/3483/3483
f 3465/3465/3465 3483/3483/3483 3482/3482/3482
f 3466/3466/3466 3467/3467/3467 3484/3484/3484
f 3466/3466/3466 3484/3484/3484 3483/3483/3483
f 3467/3467/3467 3468/3468/3468 3485/3485/3485
f 3467/3467/3467 3485/3485/3485 3484/3484/3484
f 3468/3468/3468 3469/3469/3469 3486/3486/3486
f 3468/3468/3468 3486/3486/3486 3485/3485/3485
f 3469/3469/3469 3470/3470/3470 3487/3487/3487
f 3469/3469/3469 3487/3487/3487 3486/3486/3486
f 3470/3470/3470 3471/3471/3471 3488/3488/3488
f 3470/3470/3470 3488/3488/3488 3487/3487/3487
f 3471/3471/3471 3472/3472/3472 3489/3489/3489
f 3471/3471/3471 3489/3489/3489 3488/3488/3488
f 3472/3472/3472 3473/3473/3473 3490/3490/3490
f 3472/3472/3472 3490/3490/3490 3489/3489/3489
f 3473/3473/3473 3474/3474/3474 3491/3491/3491
f 3473/3473/3473 3491/3491/3491 3490/3490/3490
f 3474/3474/3474 3475/3475/3475 3492/3492/3492
f 3474/3474/3474 3492/3492/3492 3491/3491/3491
f 3475/3475/3475 3476/3476/3476 3493/3493/3493
f 3475/3475/3475 3493/3493/3493 3492/3492/3492
f 3476/3476/3476 3477/3477/3477 3494/3494/3494
f 3476/3476/3476 3494/3494/3494 3493/3493/3493
f 3477/3477/3477 3478/3478/3478 3495/3495/3495
f 3477/3477/3477 3495/3495/3495 3494/3494/3494
f 3478/3478/3478 3479/3479/3479 3496/3496/3496
f 3478/3478/3478 3496/3496/3496 3495/3495/3495
f 3497/3497/3497 3480/3480/3480 3481/3481/3481
f 3497/3497/3497 3481/3481/3481 3482/3482/3482
f 3497/3497/3497 3482/3482/3482 3483/3483/3483
f 3497/3497/3497 3483/3483/3483 3484/3484/3484
f 3497/3497/3497 3484/3484/3484 3485/3485/3485
f 3497/3497/3497 3485/3485/3485 3486/3486/3486
f 3497/3497/3497 3486/3486/3486 3487/3487/3487
f 3497/3497/3497 3487/3487/3487 3488/3488/3488
f 3497/3497/3497 3488/3488/3488 3489/3489/3489
f 3497/3497/3497 3489/3489/3489 3490/3490/3490
f 3497/3497/3497 3490/3490/3490 3491/3491/3491
f 3497/3497/3497 3491/3491/3491 3492/3492/3492
f 3497/3497/3497 3492/3492/3492 3493/3493/3493
f 3497/3497/3497 3493/3493/3493 3494/3494/3494
f 3497/3497/3497 3494/3494/3494 3495/3495/3495
f 3497/3497/3497 3495/3495/3495 3496/3496/3496
f 3498/3498/3498 3499/3499/3499 3512/3512/3512
f 3498/3498/3498 3512/3512/3512 3511/3511/3511
f 3499/3499/3499 3500/3500/3500 3513/3513/3513
f 3499/3499/3499 3513/3513/3513 3512/3512/3512
f 3500/3500/3500 3501/3501/3501 3514/3514/3514
f 3500/3500/3500 3514/3514/3514 3513/3513/3513
f 3501/3501/3501 3502/3502/3502 3515/3515/3515
f 3501/3501/3501 3515/3515/3515 3514/3514/3514
f 3502/3502/3502 3503/3503/3503 3516/3516/3516
f 3502/3502/3502 3516/3516/3516 3515/3515/3515
f 3503/3503/3503 3504/3504/3504 3517/3517/3517
f 3503/3503/3503 3517/3517/3517 3516/3516/3516
f 3504/3504/3504 3505/3505/3505 3518/3518/3518
f 3504/3504/3504 3518/3518/3518 3517/3517/3517
f 3505/3505/3505 3506/3506/3506 3519/3519/3519
f 3505/3505/3505 3519/3519/3519 3518/3518/3518
f 3506/3506/3506 3507/3507/3507 3520/3520/3520
f 3506/3506/3506 3520/3520/3520 3519/3519/3519
f 3507/3507/3507 3508/3508/3508 3521/3521/3521
f 3507/3507/3507 3521/3521/3521 3520/3520/3520
f 3508/3508/3508 3509/3509/3509 3522/3522/3522
f 3508/3508/3508 3522/3522/3522 3521/3521/3521
f 3509/3509/3509 3510/3510/3510 3523/3523/3523
f 3509/3509/3509 3523/3523/3523 3522/3522/3522
f 3511/3511/3511 3512/3512/3512 3525/3525/3525
f 3511/3511/3511 3525/3525/3525 3524/3524/3524
f 3512/3512/3512 3513/3513/3513 3526/3526/3526
f 3512/3512/3512 3526/3526/3526 3525/3525/3525
f 3513/3513/3513 3514/3514/3514 3527/3527/3527
f 3513/3513/3513 3527/3527/3527 3526/3526/3526
f 3514/3514/3514 3515/3515/3515 3528/3528/3528
f 3514/3514/3514 3528/3528/3528 3527/3527/3527
f 3515/3515/3515 3516/3516/3516 3529/3529/3529
f 3515/3515/3515 3529/3529/3529 3528/3528/3528
f 3516/3516/3516 3517/3517/3517 3530/3530/3530
f 3516/3516/3516 3530/3530/3530 3529/3529/3529
f 3517/3517/3517 3518/3518/3518 3531/3531/3531
f 3517/3517/3517 3531/3531/3531 3530/3530/3530
f 3518/3518/3518 3519/3519/3519 3532/3532/3532
f 3518/3518/3518 3532/3532/3532 3531/3531/3531
f 3519/3519/3519 3520/3520/3520 3533/3533/3533
f 3519/3519/3519 3533/3533/3533 3532/3532/3532
f 3520/3520/3520 3521/3521/3521 3534/3534/3534
f 3520/3520/3520 3534/3534/3534 3533/3533/3533
f 3521/3521/3521 3522/3522/3522 3535/3535/3535
f 3521/3521/3521 3535/3535/3535 3534/3534/3534
f 3522/3522/3522 3523/3523/3523 3536/3536/3536
f 3522/3522/3522 3536/3536/3536 3535/3535/3535
f 3537/3537/3537 3524/3524/3524 3525/3525/3525
f 3537/3537/3537 3525/3525/3525 3526/3526/3526
f 3537/3537/3537 3526/3526/3526 3527/3527/3527
f 3537/3537/3537 3527/3527/3527 3528/3528/3528
f 3537/3537/3537 3528/3528/3528 3529/3529/3529
f 3537/3537/3537 3529/3529/3529 3530/3530/3530
f 3537/3537/3537 3530/3530/3530 3531/3531/3531
f 3537/3537/3537 3531/3531/3531 3532/3532/3532
f 3537/3537/3537 3532/3532/3532 3533/3533/3533
f 3537/3537/3537 3533/3533/3533 3534/3534/3534
f 3537/3537/3537 3534/3534/3534 3535/3535/3535
f 3537/3537/3537 3535/3535/3535 3536/3536/3536
f 3538/3538/3538 3539/3539/3539 3552/3552/3552
f 3538/3538/3538 3552/3552/3552 3551/3551/3551
f 3539/3539/3539 3540/3540/3540 3553/3553/3553
f 3539/3539/3539 3553/3553/3553 3552/3552/3552
f 3540/3540/3540 3541/3541/3541 3554/3554/3554
f 3540/3540/3540 3554/3554/3554 3553/3553/3553
f 3541/3541/3541 3542/3542/3542 3555/3555/3555
f 3541/3541/3541 3555/3555/3555 3554/3554/3554
f 3542/3542/3542 3543/3543/3543 3556/3556/3556
f 3542/3542/3542 3556/3556/3556 3555/3555/3555
f 3543/3543/3543 3544/3544/3544 3557/3557/3557
f 3543/3543/3543 3557/3557/3557 3556/3556/3556
f 3544/3544/3544 3545/3545/3545 3558/3558/3558
f 3544/3544/3544 3558/3558/3558 3557/3557/3557
f 3545/3545/3545 3546/3546/3546 3559/3559/3559
f 3545/3545/3545 3559/3559/3559 3558/3558/3558
f 3546/3546/3546 3547/3547/3547 3560/3560/3560
f 3546/3546/3546 3560/3560/3560 3559/3559/3559
f 3547/3547/3547 3548/3548/3548 3561/3561/3561
f 3547/3547/3547 3561/3561/3561 3560/3560/3560
f 3548/3548/3548 3549/3549/3549 3562/3562/3562
f 3548/3548/3548 3562/3562/3562 3561/3561/3561
f 3549/3549/3549 3550/3550/3550 3563/3563/3563
f 3549/3549/3549 3563/3563/3563 3562/3562/3562
f 3551/3551/3551 3552/3552/3552 3565/3565/3565
f 3551/3551/3551 3565/3565/3565 3564/3564/3564
f 3552/3552/3552 3553/3553/3553 3566/3566/3566
f 3552/3552/3552 3566/3566/3566 3565/3565/3565
f 3553/3553/3553 3554/3554/3554 3567/3567/3567
f 3553/3553/3553 3567/3567/3567 3566/3566/3566
f 3554/3554/3554 3555/3555/3555 3568/3568/3568
f 3554/3554/3554 3568/3568/3568 3567/3567/3567
f 3555/3555/3555 3556/3556/3556 3569/3569/3569
f 3555/3555/3555 3569/3569/3569 3568/3568/3568
f 3556/3556/3556 3557/3557/3557 3570/3570/3570
f 3556/3556/3556 3570/3570/3570 3569/3569/3569
f 3557/3557/3557 3558/3558/3558 3571/3571/3571
f 3557/3557/3557 3571/3571/3571 3570/3570/3570
f 3558/3558/3558 3559/3559/3559 3572/3572/3572
f 3558/3558/3558 3572/3572/3572 3571/3571/3571
f 3559/3559/3559 3560/3560/3560 3573/3573/3573
f 3559/3559/3559 3573/3573/3573 3572/3572/3572
f 3560/3560/3560 3561/3561/3561 3574/3574/3574
f 3560/3560/3560 3574/3574/3574 3573/3573/3573
f 3561/3561/3561 3562/3562/3562 3575/3575/3575
f 3561/3561/3561 3575/3575/3575 3574/3574/3574
f 3562/3562/3562 3563/3563/3563 3576/3576/3576
f 3562/3562/3562 3576/3576/3576 3575/3575/3575
f 3577/3577/3577 3564/3564/3564 3565/3565/3565
f 3577/3577/3577 3565/3565/3565 3566/3566/3566
f 3577/3577/3577 3566/3566/3566 3567/3567/3567
f 3577/3577/3577 3567/3567/3567 3568/3568/3568
f 3577/3577/3577 3568/3568/3568 3569/3569/3569
f 3577/3577/3577 3569/3569/3569 3570/3570/3570
f 3577/3577/3577 3570/3570/3570 3571/3571/3571
f 3577/3577/3577 3571/3571/3571 3572/3572/3572
f 3577/3577/3577 3572/3572/3572 3573/3573/3573
f 3577/3577/3577 3573/3573/3573 3574/3574/3574
f 3577/3577/3577 3574/3574/3574 3575/3575/3575
f 3577/3577/3577 3575/3575/3575 3576/3576/3576
g white
usemtl white
f 15/15/15 16/16/16 43/43/43
f 16/16/16 17/17/17 44/44/44
f 16/16/16 44/44/44 43/43/43
f 17/17/17 18/18/18 45/45/45
f 17/17/17 45/45/45 44/44/44
f 18/18/18 19/19/19 46/46/46
f 18/18/18 46/46/46 45/45/45
f 19/19/19 20/20/20 47/47/47
f 19/19/19 47/47/47 46/46/46
f 20/20/20 21/21/21 48/48/48
f 20/20/20 48/48/48 47/47/47
f 21/21/21 22/22/22 49/49/49
f 21/21/21 49/49/49 48/48/48
f 22/22/22 23/23/23 50/50/50
f 22/22/22 50/50/50 49/49/49
f 23/23/23 24/24/24 51/51/51
f 23/23/23 51/51/51 50/50/50
f 24/24/24 52/52/52 51/51/51
f 42/42/42 43/43/43 70/70/70
f 42/42/42 70/70/70 69/69/69
f 43/43/43 44/44/44 71/71/71
f 43/43/43 71/71/71 70/70/70
f 44/44/44 45/45/45 72/72/72
f 44/44/44 72/72/72 71/71/71
f 45/45/45 46/46/46 73/73/73
f 45/45/45 73/73/73 72/72/72
f 46/46/46 47/47/47 74/74/74
f 46/46/46 74/74/74 73/73/73
f 47/47/47 48/48/48 75/75/75
f 47/47/47 75/75/75 74/74/74
f 48/48/48 49/49/49 76/76/76
f 48/48/48 76/76/76 75/75/75
f 49/49/49 50/50/50 77/77/77
f 49/49/49 77/77/77 76/76/76
f 50/50/50 51/51/51 78/78/78
f 50/50/50 78/78/78 77/77/77
f 51/51/51 52/52/52 79/79/79
f 51/51/51 79/79/79 78/78/78
f 69/69/69 70/70/70 97/97/97
f 69/69/69 97/97/97 96/96/96
f 70/70/70 71/71/71 98/98/98
f 70/70/70 98/98/98 97/97/97
f 71/71/71 72/72/72 99/99/99
f 71/71/71 99/99/99 98/98/98
f 72/72/72 73/73/73 100/100/100
f 72/72/72 100/100/100 99/99/99
f 73/73/73 74/74/74 101/101/101
f 73/73/73 101/101/101 100/100/100
f 74/74/74 75/75/75 102/102/102
f 74/74/74 102/102/102 101/101/101
f 75/75/75 76/76/76 103/103/103
f 75/75/75 103/103/103 102/102/102
f 76/76/76 77/77/77 104/104/104
f 76/76/76 104/104/104 103/103/103
f 77/77/77 78/78/78 105/105/105
f 77/77/77 105/105/105 104/104/104
f 78/78/78 79/79/79 106/106/106
f 78/78/78 106/106/106 105/105/105
f 79/79/79 107/107/107 106/106/106
f 95/95/95 96/96/96 123/123/123
f 96/96/96 97/97/97 124/124/124
f 96/96/96 124/124/124 123/123/123
f 97/97/97 98/98/98 125/125/125
f 97/97/97 125/125/125 124/124/124
f 98/98/98 99/99/99 126/126/126
f 98/98/98 126/126/126 125/125/125
f 99/99/99 100/100/100 127/127/127
f 99/99/99 127/127/127 126/126/126
f 100/100/100 101/101/101 128/128/128
f 100/100/100 128/128/128 127/127/127
f 101/101/101 102/102/102 129/129/129
f 101/101/101 129/129/129 128/128/128
f 102/102/102 103/103/103 130/130/130
f 102/102/102 130/130/130 129/129/129
f 103/103/103 104/104/104 131/131/131
f 103/103/103 131/131/131 130/130/130
f 104/104/104 105/105/105 132/132/132
f 104/104/104 132/132/132 131/131/131
f 105/105/105 106/106/106 133/133/133
f 105/105/105 133/133/133 132/132/132
f 126/126/126 127/127/127 154/154/154
f 127/127/127 128/128/128 155/155/155
f 127/127/127 155/155/155 154/154/154
f 128/128/128 129/129/129 156/156/156
f 128/128/128 156/156/156 155/155/155
f 129/129/129 130/130/130 157/157/157
f 129/129/129 157/157/157 156/156/156
f 130/130/130 131/131/131 158/158/158
f 130/130/130 158/158/158 157/157/157
f 179/179/179 180/180/180 207/207/207
f 180/180/180 181/181/181 208/208/208
f 180/180/180 208/208/208 207/207/207
f 181/181/181 182/182/182 209/209/209
f 181/181/181 209/209/209 208/208/208
f 182/182/182 183/183/183 210/210/210
f 182/182/182 210/210/210 209/209/209
f 183/183/183 184/184/184 211/211/211
f 183/183/183 211/211/211 210/210/210
f 184/184/184 185/185/185 212/212/212
f 184/184/184 212/212/212 211/211/211
f 207/207/207 208/208/208 235/235/235
f 207/207/207 235/235/235 234/234/234
f 208/208/208 209/209/209 236/236/236
f 208/208/208 236/236/236 235/235/235
f 209/209/209 210/210/210 237/237/237
f 209/209/209 237/237/237 236/236/236
f 210/210/210 211/211/211 238/238/238
f 210/210/210 238/238/238 237/237/237
f 211/211/211 212/212/212 239/239/239
f 211/211/211 239/239/239 238/238/238
f 234/234/234 235/235/235 262/262/262
f 234/234/234 262/262/262 261/261/261
f 235/235/235 236/236/236 263/263/263
f 235/235/235 263/263/263 262/262/262
f 236/236/236 237/237/237 264/264/264
f 236/236/236 264/264/264 263/263/263
f 237/237/237 238/238/238 265/265/265
f 237/237/237 265/265/265 264/264/264
f 238/238/238 266/266/266 265/265/265
f 261/261/261 262/262/262 289/289/289
f 261/261/261 289/289/289 288/288/288
f 262/262/262 263/263/263 290/290/290
f 262/262/262 290/290/290 289/289/289
f 263/263/263 264/264/264 291/291/291
f 263/263/263 291/291/291 290/290/290
f 264/264/264 265/265/265 292/292/292
f 264/264/264 292/292/292 291/291/291
f 265/265/265 266/266/266 293/293/293
f 265/265/265 293/293/293 292/292/292
f 288/288/288 289/289/289 316/316/316
f 289/289/289 290/290/290 317/317/317
f 289/289/289 317/317/317 316/316/316
f 290/290/290 291/291/291 318/318/318
f 290/290/290 318/318/318 317/317/317
f 291/291/291 292/292/292 319/319/319
f 291/291/291 319/319/319 318/318/318
f 292/292/292 293/293/293 320/320/320
f 292/292/292 320/320/320 319/319/319
f 315/315/315 316/316/316 343/343/343
f 316/316/316 317/317/317 344/344/344
f 316/316/316 344/344/344 343/343/343
f 317/317/317 318/318/318 345/345/345
f 317/317/317 345/345/345 344/344/344
f 318/318/318 319/319/319 346/346/346
f 318/318/318 346/346/346 345/345/345
f 319/319/319 320/320/320 347/347/347
f 319/319/319 347/347/347 346/346/346
f 342/342/342 343/343/343 370/370/370
f 342/342/342 370/370/370 369/369/369
f 343/343/343 344/344/344 371/371/371
f 343/343/343 371/371/371 370/370/370
f 344/344/344 345/345/345 372/372/372
f 344/344/344 372/372/372 371/371/371
f 345/345/345 346/346/346 373/373/373
f 345/345/345 373/373/373 372/372/372
f 346/346/346 347/347/347 374/374/374
f 346/346/346 374/374/374 373/373/373
f 369/369/369 370/370/370 397/397/397
f 369/369/369 397/397/397 396/396/396
f 370/370/370 371/371/371 398/398/398
f 370/370/370 398/398/398 397/397/397
f 371/371/371 372/372/372 399/399/399
f 371/371/371 399/399/399 398/398/398
f 372/372/372 373/373/373 400/400/400
f 372/372/372 400/400/400 399/399/399
f 373/373/373 401/401/401 400/400/400
f 396/396/396 397/397/397 424/424/424
f 397/397/397 398/398/398 425/425/425
f 397/397/397 425/425/425 424/424/424
f 398/398/398 399/399/399 426/426/426
f 398/398/398 426/426/426 425/425/425
f 399/399/399 400/400/400 427/427/427
f 399/399/399 427/427/427 426/426/426
f 892/892/892 18/18/18 17/17/17
f 892/892/892 19/19/19 18/18/18
f 892/892/892 20/20/20 19/19/19
f 892/892/892 21/21/21 20/20/20
f 892/892/892 22/22/22 21/21/21
f 892/892/892 23/23/23 22/22/22
f 894/894/894 918/918/918 917/917/917
f 905/905/905 906/906/906 929/929/929
f 905/905/905 929/929/929 928/928/928
f 906/906/906 907/907/907 930/930/930
f 906/906/906 930/930/930 929/929/929
f 907/907/907 908/908/908 931/931/931
f 907/907/907 931/931/931 930/930/930
f 908/908/908 909/909/909 932/932/932
f 908/908/908 932/932/932 931/931/931
f 909/909/909 910/910/910 933/933/933
f 909/909/909 933/933/933 932/932/932
f 910/910/910 911/911/911 934/934/934
f 910/910/910 934/934/934 933/933/933
f 911/911/911 912/912/912 935/935/935
f 911/911/911 935/935/935 934/934/934
f 912/912/912 913/913/913 936/936/936
f 912/912/912 936/936/936 935/935/935
f 913/913/913 914/914/914 937/937/937
f 913/913/913 937/937/937 936/936/936
f 914/914/914 915/915/915 938/938/938
f 914/914/914 938/938/938 937/937/937
f 915/915/915 916/916/916 939/939/939
f 915/915/915 939/939/939 938/938/938
f 929/929/929 930/930/930 953/953/953
f 930/930/930 931/931/931 954/954/954
f 930/930/930 954/954/954 953/953/953
f 931/931/931 932/932/932 955/955/955
f 931/931/931 955/955/955 954/954/954
f 932/932/932 933/933/933 956/956/956
f 932/932/932 956/956/956 955/955/955
f 933/933/933 934/934/934 957/957/957
f 933/933/933 957/957/957 956/956/956
f 934/934/934 935/935/935 958/958/958
f 934/934/934 958/958/958 957/957/957
f 935/935/935 936/936/936 959/959/959
f 935/935/935 959/959/959 958/958/958
f 936/936/936 937/937/937 960/960/960
f 936/936/936 960/960/960 959/959/959
f 937/937/937 938/938/938 961/961/961
f 1139/1139/1139 1140/1140/1140 1165/1165/1165
f 1139/1139/1139 1165/1165/1165 1164/1164/1164
f 1140/1140/1140 1141/1141/1141 1166/1166/1166
f 1140/1140/1140 1166/1166/1166 1165/1165/1165
f 1164/1164/1164 1165/1165/1165 1190/1190/1190
f 1164/1164/1164 1190/1190/1190 1189/1189/1189
f 1165/1165/1165 1166/1166/1166 1191/1191/1191
f 1165/1165/1165 1191/1191/1191 1190/1190/1190
f 1189/1189/1189 1190/1190/1190 1215/1215/1215
f 1190/1190/1190 1216/1216/1216 1215/1215/1215
f 1214/1214/1214 1215/1215/1215 1240/1240/1240
f 1214/1214/1214 1240/1240/1240 1239/1239/1239
f 1215/1215/1215 1241/1241/1241 1240/1240/1240
f 1239/1239/1239 1240/1240/1240 1265/1265/1265
f 1239/1239/1239 1265/1265/1265 1264/1264/1264
f 1240/1240/1240 1241/1241/1241 1266/1266/1266
f 1240/1240/1240 1266/1266/1266 1265/1265/1265
f 1264/1264/1264 1265/1265/1265 1290/1290/1290
f 1264/1264/1264 1290/1290/1290 1289/1289/1289
f 1265/1265/1265 1266/1266/1266 1291/1291/1291
f 1265/1265/1265 1291/1291/1291 1290/1290/1290
f 1289/1289/1289 1290/1290/1290 1315/1315/1315
f 1289/1289/1289 1315/1315/1315 1314/1314/1314
f 1290/1290/1290 1291/1291/1291 1316/1316/1316
f 1290/1290/1290 1316/1316/1316 1315/1315/1315
f 1335/1335/1335 1314/1314/1314 1315/1315/1315
f 1335/1335/1335 1315/1315/1315 1316/1316/1316
f 1340/1340/1340 1341/1341/1341 1364/1364/1364
f 1341/1341/1341 1342/1342/1342 1365/1365/1365
f 1341/1341/1341 1365/1365/1365 1364/1364/1364
f 1363/1363/1363 1364/1364/1364 1387/1387/1387
f 1364/1364/1364 1365/1365/1365 1388/1388/1388
f 1364/1364/1364 1388/1388/1388 1387/1387/1387
f 1371/1371/1371 1372/1372/1372 1395/1395/1395
f 1371/1371/1371 1395/1395/1395 1394/1394/1394
f 1372/1372/1372 1396/1396/1396 1395/1395/1395
f 1373/1373/1373 1397/1397/1397 1396/1396/1396
f 1377/1377/1377 1401/1401/1401 1400/1400/1400
f 1378/1378/1378 1402/1402/1402 1401/1401/1401
f 1379/1379/1379 1380/1380/1380 1403/1403/1403
f 1379/1379/1379 1403/1403/1403 1402/1402/1402
f 1380/1380/1380 1381/1381/1381 1404/1404/1404
f 1380/1380/1380 1404/1404/1404 1403/1403/1403
f 1386/1386/1386 1387/1387/1387 1410/1410/1410
f 1387/1387/1387 1388/1388/1388 1411/1411/1411
f 1387/1387/1387 1411/1411/1411 1410/1410/1410
f 1388/1388/1388 1412/1412/1412 1411/1411/1411
f 1393/1393/1393 1394/1394/1394 1417/1417/1417
f 1394/1394/1394 1395/1395/1395 1418/1418/1418
f 1394/1394/1394 1418/1418/1418 1417/1417/1417
f 1395/1395/1395 1396/1396/1396 1419/1419/1419
f 1395/1395/1395 1419/1419/1419 1418/1418/1418
f 1396/1396/1396 1397/1397/1397 1420/1420/1420
f 1396/1396/1396 1420/1420/1420 1419/1419/1419
f 1397/1397/1397 1398/1398/1398 1421/1421/1421
f 1397/1397/1397 1421/1421/1421 1420/1420/1420
f 1398/1398/1398 1399/1399/1399 1422/1422/1422
f 1398/1398/1398 1422/1422/1422 1421/1421/1421
f 1399/1399/1399 1400/1400/1400 1423/1423/1423
f 1399/1399/1399 1423/1423/1423 1422/1422/1422
f 1400/1400/1400 1401/1401/1401 1424/1424/1424
f 1400/1400/1400 1424/1424/1424 1423/1423/1423
f 1401/1401/1401 1402/1402/1402 1425/1425/1425
f 1401/1401/1401 1425/1425/1425 1424/1424/1424
f 1402/1402/1402 1403/1403/1403 1426/1426/1426
f 1402/1402/1402 1426/1426/1426 1425/1425/1425
f 1403/1403/1403 1427/1427/1427 1426/1426/1426
f 1409/1409/1409 1410/1410/1410 1433/1433/1433
f 1410/1410/1410 1411/1411/1411 1434/1434/1434
f 1410/1410/1410 1434/1434/1434 1433/1433/1433
f 1411/1411/1411 1435/1435/1435 1434/1434/1434
f 1416/1416/1416 1417/1417/1417 1440/1440/1440
f 1416/1416/1416 1440/1440/1440 1439/1439/1439
f 1417/1417/1417 1418/1418/1418 1441/1441/1441
f 1417/1417/1417 1441/1441/1441 1440/1440/1440
f 1418/1418/1418 1419/1419/1419 1442/1442/1442
f 1418/1418/1418 1442/1442/1442 1441/1441/1441
f 1419/1419/1419 1420/1420/1420 1443/1443/1443
f 1419/1419/1419 1443/1443/1443 1442/1442/1442
f 1420/1420/1420 1421/1421/1421 1444/1444/1444
f 1420/1420/1420 1444/1444/1444 1443/1443/1443
f 1421/1421/1421 1422/1422/1422 1445/1445/1445
f 1421/1421/1421 1445/1445/1445 1444/1444/1444
f 1422/1422/1422 1423/1423/1423 1446/1446/1446
f 1422/1422/1422 1446/1446/1446 1445/1445/1445
f 1423/1423/1423 1424/1424/1424 1447/1447/1447
f 1423/1423/1423 1447/1447/1447 1446/1446/1446
f 1424/1424/1424 1425/1425/1425 1448/1448/1448
f 1424/1424/1424 1448/1448/1448 1447/1447/1447
f 1425/1425/1425 1426/1426/1426 1449/1449/1449
f 1425/1425/1425 1449/1449/1449 1448/1448/1448
f 1426/1426/1426 1450/1450/1450 1449/1449/1449
f 1432/1432/1432 1433/1433/1433 1456/1456/1456
f 1433/1433/1433 1434/1434/1434 1457/1457/1457
f 1433/1433/1433 1457/1457/1457 1456/1456/1456
f 1434/1434/1434 1458/1458/1458 1457/1457/1457
f 1439/1439/1439 1440/1440/1440 1463/1463/1463
f 1439/1439/1439 1463/1463/1463 1462/1462/1462
f 1440/1440/1440 1441/1441/1441 1464/1464/1464
f 1440/1440/1440 1464/1464/1464 1463/1463/1463
f 1441/1441/1441 1442/1442/1442 1465/1465/1465
f 1441/1441/1441 1465/1465/1465 1464/1464/1464
f 1442/1442/1442 1443/1443/1443 1466/1466/1466
f 1442/1442/1442 1466/1466/1466 1465/1465/1465
f 1443/1443/1443 1444/1444/1444 1467/1467/1467
f 1443/1443/1443 1467/1467/1467 1466/1466/1466
f 1444/1444/1444 1445/1445/1445 1468/1468/1468
f 1444/1444/1444 1468/1468/1468 1467/1467/1467
f 1445/1445/1445 1446/1446/1446 1469/1469/1469
f 1445/1445/1445 1469/1469/1469 1468/1468/1468
f 1446/1446/1446 1447/1447/1447 1470/1470/1470
f 1446/1446/1446 1470/1470/1470 1469/1469/1469
f 1447/1447/1447 1448/1448/1448 1471/1471/1471
f 1447/1447/1447 1471/1471/1471 1470/1470/1470
f 1448/1448/1448 1449/1449/1449 1472/1472/1472
f 1448/1448/1448 1472/1472/1472 1471/1471/1471
f 1449/1449/1449 1473/1473/1473 1472/1472/1472
f 1455/1455/1455 1456/1456/1456 1479/1479/1479
f 1456/1456/1456 1457/1457/1457 1480/1480/1480
f 1456/1456/1456 1480/1480/1480 1479/1479/1479
f 1457/1457/1457 1481/1481/1481 1480/1480/1480
f 1462/1462/1462 1463/1463/1463 1486/1486/1486
f 1462/1462/1462 1486/1486/1486 1485/1485/1485
f 1463/1463/1463 1464/1464/1464 1487/1487/1487
f 1463/1463/1463 1487/1487/1487 1486/1486/1486
f 1464/1464/1464 1465/1465/1465 1488/1488/1488
f 1464/1464/1464 1488/1488/1488 1487/1487/1487
f 1465/1465/1465 1466/1466/1466 1489/1489/1489
f 1465/1465/1465 1489/1489/1489 1488/1488/1488
f 1466/1466/1466 1467/1467/1467 1490/1490/1490
f 1466/1466/1466 1490/1490/1490 1489/1489/1489
f 1467/1467/1467 1468/1468/1468 1491/1491/1491
f 1467/1467/1467 1491/1491/1491 1490/1490/1490
f 1468/1468/1468 1469/1469/1469 1492/1492/1492
f 1468/1468/1468 1492/1492/1492 1491/1491/1491
f 1469/1469/1469 1470/1470/1470 1493/1493/1493
f 1469/1469/1469 1493/1493/1493 1492/1492/1492
f 1470/1470/1470 1471/1471/1471 1494/1494/1494
f 1470/1470/1470 1494/1494/1494 1493/1493/1493
f 1471/1471/1471 1472/1472/1472 1495/1495/1495
f 1471/1471/1471 1495/1495/1495 1494/1494/1494
f 1472/1472/1472 1496/1496/1496 1495/1495/1495
f 1478/1478/1478 1479/1479/1479 1502/1502/1502
f 1479/1479/1479 1480/1480/1480 1503/1503/1503
f 1479/1479/1479 1503/1503/1503 1502/1502/1502
f 1480/1480/1480 1504/1504/1504 1503/1503/1503
f 1485/1485/1485 1486/1486/1486 1509/1509/1509
f 1485/1485/1485 1509/1509/1509 1508/1508/1508
f 1486/1486/1486 1487/1487/1487 1510/1510/1510
f 1486/1486/1486 1510/1510/1510 1509/1509/1509
f 1487/1487/1487 1488/1488/1488 1511/1511/1511
f 1487/1487/1487 1511/1511/1511 1510/1510/1510
f 1488/1488/1488 1489/1489/1489 1512/1512/1512
f 1488/1488/1488 1512/1512/1512 1511/1511/1511
f 1489/1489/1489 1490/1490/1490 1513/1513/1513
f 1489/1489/1489 1513/1513/1513 1512/1512/1512
f 1490/1490/1490 1491/1491/1491 1514/1514/1514
f 1490/1490/1490 1514/1514/1514 1513/1513/1513
f 1491/1491/1491 1492/1492/1492 1515/1515/1515
f 1491/1491/1491 1515/1515/1515 1514/1514/1514
f 1492/1492/1492 1493/1493/1493 1516/1516/1516
f 1492/1492/1492 1516/1516/1516 1515/1515/1515
f 1493/1493/1493 1494/1494/1494 1517/1517/1517
f 1493/1493/1493 1517/1517/1517 1516/1516/1516
f 1494/1494/1494 1495/1495/1495 1518/1518/1518
f 1494/1494/1494 1518/1518/1518 1517/1517/1517
f 1495/1495/1495 1496/1496/1496 1519/1519/1519
f 1495/1495/1495 1519/1519/1519 1518/1518/1518
f 1501/1501/1501 1502/1502/1502 1525/1525/1525
f 1501/1501/1501 1525/1525/1525 1524/1524/1524
f 1502/1502/1502 1503/1503/1503 1526/1526/1526
f 1502/1502/1502 1526/1526/1526 1525/1525/1525
f 1503/1503/1503 1527/1527/1527 1526/1526/1526
f 1508/1508/1508 1509/1509/1509 1532/1532/1532
f 1508/1508/1508 1532/1532/1532 1531/1531/1531
f 1509/1509/1509 1510/1510/1510 1533/1533/1533
f 1509/1509/1509 1533/1533/1533 1532/1532/1532
f 1510/1510/1510 1511/1511/1511 1534/1534/1534
f 1510/1510/1510 1534/1534/1534 1533/1533/1533
f 1511/1511/1511 1512/1512/1512 1535/1535/1535
f 1511/1511/1511 1535/1535/1535 1534/1534/1534
f 1512/1512/1512 1513/1513/1513 1536/1536/1536
f 1512/1512/1512 1536/1536/1536 1535/1535/1535
f 1513/1513/1513 1514/1514/1514 1537/1537/1537
f 1513/1513/1513 1537/1537/1537 1536/1536/1536
f 1514/1514/1514 1515/1515/1515 1538/1538/1538
f 1514/1514/1514 1538/1538/1538 1537/1537/1537
f 1515/1515/1515 1516/1516/1516 1539/1539/1539
f 1515/1515/1515 1539/1539/1539 1538/1538/1538
f 1516/1516/1516 1517/1517/1517 1540/1540/1540
f 1516/1516/1516 1540/1540/1540 1539/1539/1539
f 1517/1517/1517 1518/1518/1518 1541/1541/1541
f 1517/1517/1517 1541/1541/1541 1540/1540/1540
f 1518/1518/1518 1519/1519/1519 1542/1542/1542
f 1518/1518/1518 1542/1542/1542 1541/1541/1541
f 1520/1520/1520 1544/1544/1544 1543/1543/1543
f 1524/1524/1524 1525/1525/1525 1548/1548/1548
f 1524/1524/1524 1548/1548/1548 1547/1547/1547
f 1525/1525/1525 1526/1526/1526 1549/1549/1549
f 1525/1525/1525 1549/1549/1549 1548/1548/1548
f 1526/1526/1526 1527/1527/1527 1550/1550/1550
f 1526/1526/1526 1550/1550/1550 1549/1549/1549
f 1531/1531/1531 1532/1532/1532 1555/1555/1555
f 1531/1531/1531 1555/1555/1555 1554/1554/1554
f 1532/1532/1532 1533/1533/1533 1556/1556/1556
f 1532/1532/1532 1556/1556/1556 1555/1555/1555
f 1533/1533/1533 1534/1534/1534 1557/1557/1557
f 1533/1533/1533 1557/1557/1557 1556/1556/1556
f 1534/1534/1534 1535/1535/1535 1558/1558/1558
f 1534/1534/1534 1558/1558/1558 1557/1557/1557
f 1535/1535/1535 1536/1536/1536 1559/1559/1559
f 1535/1535/1535 1559/1559/1559 1558/1558/1558
f 1536/1536/1536 1537/1537/1537 1560/1560/1560
f 1536/1536/1536 1560/1560/1560 1559/1559/1559
f 1537/1537/1537 1538/1538/1538 1561/1561/1561
f 1537/1537/1537 1561/1561/1561 1560/1560/1560
f 1538/1538/1538 1539/1539/1539 1562/1562/1562
f 1538/1538/1538 1562/1562/1562 1561/1561/1561
f 1539/1539/1539 1540/1540/1540 1563/1563/1563
f 1539/1539/1539 1563/1563/1563 1562/1562/1562
f 1540/1540/1540 1541/1541/1541 1564/1564/1564
f 1540/1540/1540 1564/1564/1564 1563/1563/1563
f 1541/1541/1541 1542/1542/1542 1565/1565/1565
f 1541/1541/1541 1565/1565/1565 1564/1564/1564
f 1543/1543/1543 1567/1567/1567 1566/1566/1566
f 1547/1547/1547 1548/1548/1548 1571/1571/1571
f 1547/1547/1547 1571/1571/1571 1570/1570/1570
f 1548/1548/1548 1549/1549/1549 1572/1572/1572
f 1548/1548/1548 1572/1572/1572 1571/1571/1571
f 1549/1549/1549 1550/1550/1550 1573/1573/1573
f 1549/1549/1549 1573/1573/1573 1572/1572/1572
f 1554/1554/1554 1555/1555/1555 1578/1578/1578
f 1554/1554/1554 1578/1578/1578 1577/1577/1577
f 1555/1555/1555 1556/1556/1556 1579/1579/1579
f 1555/1555/1555 1579/1579/1579 1578/1578/1578
f 1556/1556/1556 1557/1557/1557 1580/1580/1580
f 1556/1556/1556 1580/1580/1580 1579/1579/1579
f 1557/1557/1557 1558/1558/1558 1581/1581/1581
f 1557/1557/1557 1581/1581/1581 1580/1580/1580
f 1558/1558/1558 1559/1559/1559 1582/1582/1582
f 1558/1558/1558 1582/1582/1582 1581/1581/1581
f 1559/1559/1559 1560/1560/1560 1583/1583/1583
f 1559/1559/1559 1583/1583/1583 1582/1582/1582
f 1560/1560/1560 1561/1561/1561 1584/1584/1584
f 1560/1560/1560 1584/1584/1584 1583/1583/1583
f 1561/1561/1561 1562/1562/1562 1585/1585/1585
f 1561/1561/1561 1585/1585/1585 1584/1584/1584
f 1562/1562/1562 1563/1563/1563 1586/1586/1586
f 1562/1562/1562 1586/1586/1586 1585/1585/1585
f 1563/1563/1563 1564/1564/1564 1587/1587/1587
f 1563/1563/1563 1587/1587/1587 1586/1586/1586
f 1564/1564/1564 1565/1565/1565 1588/1588/1588
f 1564/1564/1564 1588/1588/1588 1587/1587/1587
f 1566/1566/1566 1567/1567/1567 1590/1590/1590
f 1566/1566/1566 1590/1590/1590 1589/1589/1589
f 1570/1570/1570 1571/1571/1571 1594/1594/1594
f 1570/1570/1570 1594/1594/1594 1593/1593/1593
f 1571/1571/1571 1572/1572/1572 1595/1595/1595
f 1571/1571/1571 1595/1595/1595 1594/1594/1594
f 1572/1572/1572 1573/1573/1573 1596/1596/1596
f 1572/1572/1572 1596/1596/1596 1595/1595/1595
f 1576/1576/1576 1577/1577/1577 1600/1600/1600
f 1577/1577/1577 1578/1578/1578 1601/1601/1601
f 1577/1577/1577 1601/1601/1601 1600/1600/1600
f 1578/1578/1578 1579/1579/1579 1602/1602/1602
f 1578/1578/1578 1602/1602/1602 1601/1601/1601
f 1579/1579/1579 1580/1580/1580 1603/1603/1603
f 1579/1579/1579 1603/1603/1603 1602/1602/1602
f 1580/1580/1580 1581/1581/1581 1604/1604/1604
f 1580/1580/1580 1604/1604/1604 1603/1603/1603
f 1581/1581/1581 1582/1582/1582 1605/1605/1605
f 1581/1581/1581 1605/1605/1605 1604/1604/1604
f 1582/1582/1582 1583/1583/1583 1606/1606/1606
f 1582/1582/1582 1606/1606/1606 1605/1605/1605
f 1583/1583/1583 1584/1584/1584 1607/1607/1607
f 1583/1583/1583 1607/1607/1607 1606/1606/1606
f 1584/1584/1584 1585/1585/1585 1608/1608/1608
f 1584/1584/1584 1608/1608/1608 1607/1607/1607
f 1585/1585/1585 1586/1586/1586 1609/1609/1609
f 1585/1585/1585 1609/1609/1609 1608/1608/1608
f 1586/1586/1586 1587/1587/1587 1610/1610/1610
f 1586/1586/1586 1610/1610/1610 1609/1609/1609
f 1587/1587/1587 1588/1588/1588 1611/1611/1611
f 1587/1587/1587 1611/1611/1611 1610/1610/1610
f 1589/1589/1589 1590/1590/1590 1613/1613/1613
f 1589/1589/1589 1613/1613/1613 1612/1612/1612
f 1592/1592/1592 1593/1593/1593 1616/1616/1616
f 1593/1593/1593 1594/1594/1594 1617/1617/1617
f 1593/1593/1593 1617/1617/1617 1616/1616/1616
f 1594/1594/1594 1595/1595/1595 1618/1618/1618
f 1594/1594/1594 1618/1618/1618 1617/1617/1617
f 1595/1595/1595 1596/1596/1596 1619/1619/1619
f 1595/1595/1595 1619/1619/1619 1618/1618/1618
f 1596/1596/1596 1620/1620/1620 1619/1619/1619
f 1599/1599/1599 1600/1600/1600 1623/1623/1623
f 1599/1599/1599 1623/1623/1623 1622/1622/1622
f 1600/1600/1600 1601/1601/1601 1624/1624/1624
f 1600/1600/1600 1624/1624/1624 1623/1623/1623
f 1601/1601/1601 1602/1602/1602 1625/1625/1625
f 1601/1601/1601 1625/1625/1625 1624/1624/1624
f 1602/1602/1602 1603/1603/1603 1626/1626/1626
f 1602/1602/1602 1626/1626/1626 1625/1625/1625
f 1603/1603/1603 1604/1604/1604 1627/1627/1627
f 1603/1603/1603 1627/1627/1627 1626/1626/1626
f 1604/1604/1604 1605/1605/1605 1628/1628/1628
f 1604/1604/1604 1628/1628/1628 1627/1627/1627
f 1605/1605/1605 1606/1606/1606 1629/1629/1629
f 1605/1605/1605 1629/1629/1629 1628/1628/1628
f 1606/1606/1606 1607/1607/1607 1630/1630/1630
f 1606/1606/1606 1630/1630/1630 1629/1629/1629
f 1607/1607/1607 1608/1608/1608 1631/1631/1631
f 1607/1607/1607 1631/1631/1631 1630/1630/1630
f 1608/1608/1608 1609/1609/1609 1632/1632/1632
f 1608/1608/1608 1632/1632/1632 1631/1631/1631
f 1609/1609/1609 1610/1610/1610 1633/1633/1633
f 1609/1609/1609 1633/1633/1633 1632/1632/1632
f 1610/1610/1610 1611/1611/1611 1634/1634/1634
f 1610/1610/1610 1634/1634/1634 1633/1633/1633
f 1635/1635/1635 1341/1341/1341 1340/1340/1340
f 1635/1635/1635 1342/1342/1342 1341/1341/1341
f 1635/1635/1635 1343/1343/1343 1342/1342/1342
f 1636/1636/1636 1612/1612/1612 1613/1613/1613
f 1636/1636/1636 1613/1613/1613 1614/1614/1614
f 1636/1636/1636 1614/1614/1614 1615/1615/1615
f 1636/1636/1636 1615/1615/1615 1616/1616/1616
f 1636/1636/1636 1616/1616/1616 1617/1617/1617
f 1636/1636/1636 1617/1617/1617 1618/1618/1618
f 1636/1636/1636 1618/1618/1618 1619/1619/1619
f 1636/1636/1636 1619/1619/1619 1620/1620/1620
f 1636/1636/1636 1620/1620/1620 1621/1621/1621
f 1636/1636/1636 1621/1621/1621 1622/1622/1622
f 1636/1636/1636 1622/1622/1622 1623/1623/1623
f 1636/1636/1636 1623/1623/1623 1624/1624/1624
f 1636/1636/1636 1624/1624/1624 1625/1625/1625
f 1636/1636/1636 1625/1625/1625 1626/1626/1626
f 1636/1636/1636 1626/1626/1626 1627/1627/1627
f 1636/1636/1636 1627/1627/1627 1628/1628/1628
f 1636/1636/1636 1628/1628/1628 1629/1629/1629
f 1636/1636/1636 1629/1629/1629 1630/1630/1630
f 1636/1636/1636 1630/1630/1630 1631/1631/1631
f 1636/1636/1636 1631/1631/1631 1632/1632/1632
f 1636/1636/1636 1632/1632/1632 1633/1633/1633
f 1636/1636/1636 1633/1633/1633 1634/1634/1634
f 2767/2767/2767 2768/2768/2768 2781/2781/2781
f 2767/2767/2767 2781/2781/2781 2780/2780/2780
f 2768/2768/2768 2769/2769/2769 2782/2782/2782
f 2768/2768/2768 2782/2782/2782 2781/2781/2781
f 2769/2769/2769 2770/2770/2770 2783/2783/2783
f 2769/2769/2769 2783/2783/2783 2782/2782/2782
f 2770/2770/2770 2771/2771/2771 2784/2784/2784
f 2770/2770/2770 2784/2784/2784 2783/2783/2783
f 2771/2771/2771 2772/2772/2772 2785/2785/2785
f 2771/2771/2771 2785/2785/2785 2784/2784/2784
f 2772/2772/2772 2773/2773/2773 2786/2786/2786
f 2772/2772/2772 2786/2786/2786 2785/2785/2785
f 2773/2773/2773 2774/2774/2774 2787/2787/2787
f 2773/2773/2773 2787/2787/2787 2786/2786/2786
f 2774/2774/2774 2775/2775/2775 2788/2788/2788
f 2774/2774/2774 2788/2788/2788 2787/2787/2787
f 2775/2775/2775 2776/2776/2776 2789/2789/2789
f 2775/2775/2775 2789/2789/2789 2788/2788/2788
f 2776/2776/2776 2777/2777/2777 2790/2790/2790
f 2776/2776/2776 2790/2790/2790 2789/2789/2789
f 2777/2777/2777 2778/2778/2778 2791/2791/2791
f 2777/2777/2777 2791/2791/2791 2790/2790/2790
f 2778/2778/2778 2779/2779/2779 2792/2792/2792
f 2778/2778/2778 2792/2792/2792 2791/2791/2791
f 2793/2793/2793 2780/2780/2780 2781/2781/2781
f 2793/2793/2793 2781/2781/2781 2782/2782/2782
f 2793/2793/2793 2782/2782/2782 2783/2783/2783
f 2793/2793/2793 2783/2783/2783 2784/2784/2784
f 2793/2793/2793 2784/2784/2784 2785/2785/2785
f 2793/2793/2793 2785/2785/2785 2786/2786/2786
f 2793/2793/2793 2786/2786/2786 2787/2787/2787
f 2793/2793/2793 2787/2787/2787 2788/2788/2788
f 2793/2793/2793 2788/2788/2788 2789/2789/2789
f 2793/2793/2793 2789/2789/2789 2790/2790/2790
f 2793/2793/2793 2790/2790/2790 2791/2791/2791
f 2793/2793/2793 2791/2791/2791 2792/2792/2792
f 3105/3105/3105 3106/3106/3106 3119/3119/3119
f 3105/3105/3105 3119/3119/3119 3118/3118/3118
f 3106/3106/3106 3107/3107/3107 3120/3120/3120
f 3106/3106/3106 3120/3120/3120 3119/3119/3119
f 3107/3107/3107 3108/3108/3108 3121/3121/3121
f 3107/3107/3107 3121/3121/3121 3120/3120/3120
f 3108/3108/3108 3109/3109/3109 3122/3122/3122
f 3108/3108/3108 3122/3122/3122 3121/3121/3121
f 3109/3109/3109 3110/3110/3110 3123/3123/3123
f 3109/3109/3109 3123/3123/3123 3122/3122/3122
f 3110/3110/3110 3111/3111/3111 3124/3124/3124
f 3110/3110/3110 3124/3124/3124 3123/3123/3123
f 3111/3111/3111 3112/3112/3112 3125/3125/3125
f 3111/3111/3111 3125/3125/3125 3124/3124/3124
f 3112/3112/3112 3113/3113/3113 3126/3126/3126
f 3112/3112/3112 3126/3126/3126 3125/3125/3125
f 3113/3113/3113 3114/3114/3114 3127/3127/3127
f 3113/3113/3113 3127/3127/3127 3126/3126/3126
f 3114/3114/3114 3115/3115/3115 3128/3128/3128
f 3114/3114/3114 3128/3128/3128 3127/3127/3127
f 3115/3115/3115 3116/3116/3116 3129/3129/3129
f 3115/3115/3115 3129/3129/3129 3128/3128/3128
f 3116/3116/3116 3117/3117/3117 3130/3130/3130
f 3116/3116/3116 3130/3130/3130 3129/3129/3129
f 3118/3118/3118 3119/3119/3119 3132/3132/3132
f 3118/3118/3118 3132/3132/3132 3131/3131/3131
f 3119/3119/3119 3120/3120/3120 3133/3133/3133
f 3119/3119/3119 3133/3133/3133 3132/3132/3132
f 3120/3120/3120 3121/3121/3121 3134/3134/3134
f 3120/3120/3120 3134/3134/3134 3133/3133/3133
f 3121/3121/3121 3122/3122/3122 3135/3135/3135
f 3121/3121/3121 3135/3135/3135 3134/3134/3134
f 3122/3122/3122 3123/3123/3123 3136/3136/3136
f 3122/3122/3122 3136/3136/3136 3135/3135/3135
f 3123/3123/3123 3124/3124/3124 3137/3137/3137
f 3123/3123/3123 3137/3137/3137 3136/3136/3136
f 3124/3124/3124 3125/3125/3125 3138/3138/3138
f 3124/3124/3124 3138/3138/3138 3137/3137/3137
f 3125/3125/3125 3126/3126/3126 3139/3139/3139
f 3125/3125/3125 3139/3139/3139 3138/3138/3138
f 3126/3126/3126 3127/3127/3127 3140/3140/3140
f 3126/3126/3126 3140/3140/3140 3139/3139/3139
f 3127/3127/3127 3128/3128/3128 3141/3141/3141
f 3127/3127/3127 3141/3141/3141 3140/3140/3140
f 3128/3128/3128 3129/3129/3129 3142/3142/3142
f 3128/3128/3128 3142/3142/3142 3141/3141/3141
f 3129/3129/3129 3130/3130/3130 3143/3143/3143
f 3129/3129/3129 3143/3143/3143 3142/3142/3142
f 3144/3144/3144 3106/3106/3106 3105/3105/3105
f 3144/3144/3144 3107/3107/3107 3106/3106/3106
f 3144/3144/3144 3108/3108/3108 3107/3107/3107
f 3144/3144/3144 3109/3109/3109 3108/3108/3108
f 3144/3144/3144 3110/3110/3110 3109/3109/3109
f 3144/3144/3144 3111/3111/3111 3110/3110/3110
f 3144/3144/3144 3112/3112/3112 3111/3111/3111
f 3144/3144/3144 3113/3113/3113 3112/3112/3112
f 3144/3144/3144 3114/3114/3114 3113/3113/3113
f 3144/3144/3144 3115/3115/3115 3114/3114/3114
f 3144/3144/3144 3116/3116/3116 3115/3115/3115
f 3144/3144/3144 3117/3117/3117 3116/3116/3116
f 3145/3145/3145 3131/3131/3131 3132/3132/3132
f 3145/3145/3145 3132/3132/3132 3133/3133/3133
f 3145/3145/3145 3133/3133/3133 3134/3134/3134
f 3145/3145/3145 3134/3134/3134 3135/3135/3135
f 3145/3145/3145 3135/3135/3135 3136/3136/3136
f 3145/3145/3145 3136/3136/3136 3137/3137/3137
f 3145/3145/3145 3137/3137/3137 3138/3138/3138
f 3145/3145/3145 3138/3138/3138 3139/3139/3139
f 3145/3145/3145 3139/3139/3139 3140/3140/3140
f 3145/3145/3145 3140/3140/3140 3141/3141/3141
f 3145/3145/3145 3141/3141/3141 3142/3142/3142
f 3145/3145/3145 3142/3142/3142 3143/3143/3143
f 3232/3232/3232 3233/3233/3233 3246/3246/3246
f 3232/3232/3232 3246/3246/3246 3245/3245/3245
f 3233/3233/3233 3234/3234/3234 3247/3247/3247
f 3233/3233/3233 3247/3247/3247 3246/3246/3246
f 3234/3234/3234 3235/3235/3235 3248/3248/3248
f 3234/3234/3234 3248/3248/3248 3247/3247/3247
f 3235/3235/3235 3236/3236/3236 3249/3249/3249
f 3235/3235/3235 3249/3249/3249 3248/3248/3248
f 3236/3236/3236 3237/3237/3237 3250/3250/3250
f 3236/3236/3236 3250/3250/3250 3249/3249/3249
f 3237/3237/3237 3238/3238/3238 3251/3251/3251
f 3237/3237/3237 3251/3251/3251 3250/3250/3250
f 3238/3238/3238 3239/3239/3239 3252/3252/3252
f 3238/3238/3238 3252/3252/3252 3251/3251/3251
f 3239/3239/3239 3240/3240/3240 3253/3253/3253
f 3239/3239/3239 3253/3253/3253 3252/3252/3252
f 3240/3240/3240 3241/3241/3241 3254/3254/3254
f 3240/3240/3240 3254/3254/3254 3253/3253/3253
f 3241/3241/3241 3242/3242/3242 3255/3255/3255
f 3241/3241/3241 3255/3255/3255 3254/3254/3254
f 3242/3242/3242 3243/3243/3243 3256/3256/3256
f 3242/3242/3242 3256/3256/3256 3255/3255/3255
f 3243/3243/3243 3244/3244/3244 3257/3257/3257
f 3243/3243/3243 3257/3257/3257 3256/3256/3256
f 3245/3245/3245 3246/3246/3246 3259/3259/3259
f 3245/3245/3245 3259/3259/3259 3258/3258/3258
f 3246/3246/3246 3247/3247/3247 3260/3260/3260
f 3246/3246/3246 3260/3260/3260 3259/3259/3259
f 3247/3247/3247 3248/3248/3248 3261/3261/3261
f 3247/3247/3247 3261/3261/3261 3260/3260/3260
f 3248/3248/3248 3249/3249/3249 3262/3262/3262
f 3248/3248/3248 3262/3262/3262 3261/3261/3261
f 3249/3249/3249 3250/3250/3250 3263/3263/3263
f 3249/3249/3249 3263/3263/3263 3262/3262/3262
f 3250/3250/3250 3251/3251/3251 3264/3264/3264
f 3250/3250/3250 3264/3264/3264 3263/3263/3263
f 3251/3251/3251 3252/3252/3252 3265/3265/3265
f 3251/3251/3251 3265/3265/3265 3264/3264/3264
f 3252/3252/3252 3253/3253/3253 3266/3266/3266
f 3252/3252/3252 3266/3266/3266 3265/3265/3265
f 3253/3253/3253 3254/3254/3254 3267/3267/3267
f 3253/3253/3253 3267/3267/3267 3266/3266/3266
f 3254/3254/3254 3255/3255/3255 3268/3268/3268
f 3254/3254/3254 3268/3268/3268 3267/3267/3267
f 3255/3255/3255 3256/3256/3256 3269/3269/3269
f 3255/3255/3255 3269/3269/3269 3268/3268/3268
f 3256/3256/3256 3257/3257/3257 3270/3270/3270
f 3256/3256/3256 3270/3270/3270 3269/3269/3269
f 3271/3271/3271 3233/3233/3233 3232/3232/3232
f 3271/3271/3271 3234/3234/3234 3233/3233/3233
f 3271/3271/3271 3235/3235/3235 3234/3234/3234
f 3271/3271/3271 3236/3236/3236 3235/3235/3235
f 3271/3271/3271 3237/3237/3237 3236/3236/3236
f 3271/3271/3271 3238/3238/3238 3237/3237/3237
f 3271/3271/3271 3239/3239/3239 3238/3238/3238
f 3271/3271/3271 3240/3240/3240 3239/3239/3239
f 3271/3271/3271 3241/3241/3241 3240/3240/3240
f 3271/3271/3271 3242/3242/3242 3241/3241/3241
f 3271/3271/3271 3243/3243/3243 3242/3242/3242
f 3271/3271/3271 3244/3244/3244 3243/3243/3243
f 3272/3272/3272 3258/3258/3258 3259/3259/3259
f 3272/3272/3272 3259/3259/3259 3260/3260/3260
f 3272/3272/3272 3260/3260/3260 3261/3261/3261
f 3272/3272/3272 3261/3261/3261 3262/3262/3262
f 3272/3272/3272 3262/3262/3262 3263/3263/3263
f 3272/3272/3272 3263/3263/3263 3264/3264/3264
f 3272/3272/3272 3264/3264/3264 3265/3265/3265
f 3272/3272/3272 3265/3265/3265 3266/3266/3266
f 3272/3272/3272 3266/3266/3266 3267/3267/3267
f 3272/3272/3272 3267/3267/3267 3268/3268/3268
f 3272/3272/3272 3268/3268/3268 3269/3269/3269
f 3272/3272/3272 3269/3269/3269 3270/3270/3270
f 3405/3405/3405 3406/3406/3406 3419/3419/3419
f 3405/3405/3405 3419/3419/3419 3418/3418/3418
f 3406/3406/3406 3407/3407/3407 3420/3420/3420
f 3406/3406/3406 3420/3420/3420 3419/3419/3419
f 3407/3407/3407 3408/3408/3408 3421/3421/3421
f 3407/3407/3407 3421/3421/3421 3420/3420/3420
f 3408/3408/3408 3409/3409/3409 3422/3422/3422
f 3408/3408/3408 3422/3422/3422 3421/3421/3421
f 3409/3409/3409 3410/3410/3410 3423/3423/3423
f 3409/3409/3409 3423/3423/3423 3422/3422/3422
f 3410/3410/3410 3411/3411/3411 3424/3424/3424
f 3410/3410/3410 3424/3424/3424 3423/3423/3423
f 3411/3411/3411 3412/3412/3412 3425/3425/3425
f 3411/3411/3411 3425/3425/3425 3424/3424/3424
f 3412/3412/3412 3413/3413/3413 3426/3426/3426
f 3412/3412/3412 3426/3426/3426 3425/3425/3425
f 3413/3413/3413 3414/3414/3414 3427/3427/3427
f 3413/3413/3413 3427/3427/3427 3426/3426/3426
f 3414/3414/3414 3415/3415/3415 3428/3428/3428
f 3414/3414/3414 3428/3428/3428 3427/3427/3427
f 3415/3415/3415 3416/3416/3416 3429/3429/3429
f 3415/3415/3415 3429/3429/3429 3428/3428/3428
f 3416/3416/3416 3417/3417/3417 3430/3430/3430
f 3416/3416/3416 3430/3430/3430 3429/3429/3429
f 3418/3418/3418 3419/3419/3419 3432/3432/3432
f 3418/3418/3418 3432/3432/3432 3431/3431/3431
f 3419/3419/3419 3420/3420/3420 3433/3433/3433
f 3419/3419/3419 3433/3433/3433 3432/3432/3432
f 3420/3420/3420 3421/3421/3421 3434/3434/3434
f 3420/3420/3420 3434/3434/3434 3433/3433/3433
f 3421/3421/3421 3422/3422/3422 3435/3435/3435
f 3421/3421/3421 3435/3435/3435 3434/3434/3434
f 3422/3422/3422 3423/3423/3423 3436/3436/3436
f 3422/3422/3422 3436/3436/3436 3435/3435/3435
f 3423/3423/3423 3424/3424/3424 3437/3437/3437
f 3423/3423/3423 3437/3437/3437 3436/3436/3436
f 3424/3424/3424 3425/3425/3425 3438/3438/3438
f 3424/3424/3424 3438/3438/3438 3437/3437/3437
f 3425/3425/3425 3426/3426/3426 3439/3439/3439
f 3425/3425/3425 3439/3439/3439 3438/3438/3438
f 3426/3426/3426 3427/3427/3427 3440/3440/3440
f 3426/3426/3426 3440/3440/3440 3439/3439/3439
f 3427/3427/3427 3428/3428/3428 3441/3441/3441
f 3427/3427/3427 3441/3441/3441 3440/3440/3440
f 3428/3428/3428 3429/3429/3429 3442/3442/3442
f 3428/3428/3428 3442/3442/3442 3441/3441/3441
f 3429/3429/3429 3430/3430/3430 3443/3443/3443
f 3429/3429/3429 3443/3443/3443 3442/3442/3442
f 3444/3444/3444 3406/3406/3406 3405/3405/3405
f 3444/3444/3444 3407/3407/3407 3406/3406/3406
f 3444/3444/3444 3408/3408/3408 3407/3407/3407
f 3444/3444/3444 3409/3409/3409 3408/3408/3408
f 3444/3444/3444 3410/3410/3410 3409/3409/3409
f 3444/3444/3444 3411/3411/3411 3410/3410/3410
f 3444/3444/3444 3412/3412/3412 3411/3411/3411
f 3444/3444/3444 3413/3413/3413 3412/3412/3412
f 3444/3444/3444 3414/3414/3414 3413/3413/3413
f 3444/3444/3444 3415/3415/3415 3414/3414/3414
f 3444/3444/3444 3416/3416/3416 3415/3415/3415
f 3444/3444/3444 3417/3417/3417 3416/3416/3416
f 3445/3445/3445 3431/3431/3431 3432/3432/3432
f 3445/3445/3445 3432/3432/3432 3433/3433/3433
f 3445/3445/3445 3433/3433/3433 3434/3434/3434
f 3445/3445/3445 3434/3434/3434 3435/3435/3435
f 3445/3445/3445 3435/3435/3435 3436/3436/3436
f 3445/3445/3445 3436/3436/3436 3437/3437/3437
f 3445/3445/3445 3437/3437/3437 3438/3438/3438
f 3445/3445/3445 3438/3438/3438 3439/3439/3439
f 3445/3445/3445 3439/3439/3439 3440/3440/3440
f 3445/3445/3445 3440/3440/3440 3441/3441/3441
f 3445/3445/3445 3441/3441/3441 3442/3442/3442
f 3445/3445/3445 3442/3442/3442 3443/3443/3443
f 3578/3578/3578 3579/3579/3579 3592/3592/3592
f 3578/3578/3578 3592/3592/3592 3591/3591/3591
f 3579/3579/3579 3580/3580/3580 3593/3593/3593
f 3579/3579/3579 3593/3593/3593 3592/3592/3592
f 3580/3580/3580 3581/3581/3581 3594/3594/3594
f 3580/3580/3580 3594/3594/3594 3593/3593/3593
f 3581/3581/3581 3582/3582/3582 3595/3595/3595
f 3581/3581/3581 3595/3595/3595 3594/3594/3594
f 3582/3582/3582 3583/3583/3583 3596/3596/3596
f 3582/3582/3582 3596/3596/3596 3595/3595/3595
f 3583/3583/3583 3584/3584/3584 3597/3597/3597
f 3583/3583/3583 3597/3597/3597 3596/3596/3596
f 3584/3584/3584 3585/3585/3585 3598/3598/3598
f 3584/3584/3584 3598/3598/3598 3597/3597/3597
f 3585/3585/3585 3586/3586/3586 3599/3599/3599
f 3585/3585/3585 3599/3599/3599 3598/3598/3598
f 3586/3586/3586 3587/3587/3587 3600/3600/3600
f 3586/3586/3586 3600/3600/3600 3599/3599/3599
f 3587/3587/3587 3588/3588/3588 3601/3601/3601
f 3587/3587/3587 3601/3601/3601 3600/3600/3600
f 3588/3588/3588 3589/3589/3589 3602/3602/3602
f 3588/3588/3588 3602/3602/3602 3601/3601/3601
f 3589/3589/3589 3590/3590/3590 3603/3603/3603
f 3589/3589/3589 3603/3603/3603 3602/3602/3602
f 3591/3591/3591 3592/3592/3592 3605/3605/3605
f 3591/3591/3591 3605/3605/3605 3604/3604/3604
f 3592/3592/3592 3593/3593/3593 3606/3606/3606
f 3592/3592/3592 3606/3606/3606 3605/3605/3605
f 3593/3593/3593 3594/3594/3594 3607/3607/3607
f 3593/3593/3593 3607/3607/3607 3606/3606/3606
f 3594/3594/3594 3595/3595/3595 3608/3608/3608
f 3594/3594/3594 3608/3608/3608 3607/3607/3607
f 3595/3595/3595 3596/3596/3596 3609/3609/3609
f 3595/3595/3595 3609/3609/3609 3608/3608/3608
f 3596/3596/3596 3597/3597/3597 3610/3610/3610
f 3596/3596/3596 3610/3610/3610 3609/3609/3609
f 3597/3597/3597 3598/3598/3598 3611/3611/3611
f 3597/3597/3597 3611/3611/3611 3610/3610/3610
f 3598/3598/3598 3599/3599/3599 3612/3612/3612
f 3598/3598/3598 3612/3612/3612 3611/3611/3611
f 3599/3599/3599 3600/3600/3600 3613/3613/3613
f 3599/3599/3599 3613/3613/3613 3612/3612/3612
f 3600/3600/3600 3601/3601/3601 3614/3614/3614
f 3600/3600/3600 3614/3614/3614 3613/3613/3613
f 3601/3601/3601 3602/3602/3602 3615/3615/3615
f 3601/3601/3601 3615/3615/3615 3614/3614/3614
f 3602/3602/3602 3603/3603/3603 3616/3616/3616
f 3602/3602/3602 3616/3616/3616 3615/3615/3615
f 3617/3617/3617 3579/3579/3579 3578/3578/3578
f 3617/3617/3617 3580/3580/3580 3579/3579/3579
f 3617/3617/3617 3581/3581/3581 3580/3580/3580
f 3617/3617/3617 3582/3582/3582 3581/3581/3581
f 3617/3617/3617 3583/3583/3583 3582/3582/3582
f 3617/3617/3617 3584/3584/3584 3583/3583/3583
f 3617/3617/3617 3585/3585/3585 3584/3584/3584
f 3617/3617/3617 3586/3586/3586 3585/3585/3585
f 3617/3617/3617 3587/3587/3587 3586/3586/3586
f 3617/3617/3617 3588/3588/3588 3587/3587/3587
f 3617/3617/3617 3589/3589/3589 3588/3588/3588
f 3617/3617/3617 3590/3590/3590 3589/3589/3589
f 3618/3618/3618 3604/3604/3604 3605/3605/3605
f 3618/3618/3618 3605/3605/3605 3606/3606/3606
f 3618/3618/3618 3606/3606/3606 3607/3607/3607
f 3618/3618/3618 3607/3607/3607 3608/3608/3608
f 3618/3618/3618 3608/3608/3608 3609/3609/3609
f 3618/3618/3618 3609/3609/3609 3610/3610/3610
f 3618/3618/3618 3610/3610/3610 3611/3611/3611
f 3618/3618/3618 3611/3611/3611 3612/3612/3612
f 3618/3618/3618 3612/3612/3612 3613/3613/3613
f 3618/3618/3618 3613/3613/3613 3614/3614/3614
f 3618/3618/3618 3614/3614/3614 3615/3615/3615
f 3618/3618/3618 3615/3615/3615 3616/3616/3616
g mask
usemtl mask
f 1184/1184/1184 1210/1210/1210 1209/1209/1209
f 1195/1195/1195 1221/1221/1221 1220/1220/1220
f 1196/1196/1196 1222/1222/1222 1221/1221/1221
f 1207/1207/1207 1233/1233/1233 1232/1232/1232
f 1209/1209/1209 1210/1210/1210 1235/1235/1235
f 1209/1209/1209 1235/1235/1235 1234/1234/1234
f 1210/1210/1210 1236/1236/1236 1235/1235/1235
f 1219/1219/1219 1220/1220/1220 1245/1245/1245
f 1219/1219/1219 1245/1245/1245 1244/1244/1244
f 1220/1220/1220 1221/1221/1221 1246/1246/1246
f 1220/1220/1220 1246/1246/1246 1245/1245/1245
f 1221/1221/1221 1222/1222/1222 1247/1247/1247
f 1221/1221/1221 1247/1247/1247 1246/1246/1246
f 1222/1222/1222 1248/1248/1248 1247/1247/1247
f 1231/1231/1231 1232/1232/1232 1257/1257/1257
f 1231/1231/1231 1257/1257/1257 1256/1256/1256
f 1232/1232/1232 1233/1233/1233 1258/1258/1258
f 1232/1232/1232 1258/1258/1258 1257/1257/1257
f 1234/1234/1234 1235/1235/1235 1260/1260/1260
f 1234/1234/1234 1260/1260/1260 1259/1259/1259
f 1235/1235/1235 1236/1236/1236 1261/1261/1261
f 1235/1235/1235 1261/1261/1261 1260/1260/1260
f 1244/1244/1244 1245/1245/1245 1270/1270/1270
f 1244/1244/1244 1270/1270/1270 1269/1269/1269
f 1245/1245/1245 1246/1246/1246 1271/1271/1271
f 1245/1245/1245 1271/1271/1271 1270/1270/1270
f 1246/1246/1246 1247/1247/1247 1272/1272/1272
f 1246/1246/1246 1272/1272/1272 1271/1271/1271
f 1247/1247/1247 1248/1248/1248 1273/1273/1273
f 1247/1247/1247 1273/1273/1273 1272/1272/1272
f 1256/1256/1256 1257/1257/1257 1282/1282/1282
f 1256/1256/1256 1282/1282/1282 1281/1281/1281
f 1257/1257/1257 1258/1258/1258 1283/1283/1283
f 1257/1257/1257 1283/1283/1283 1282/1282/1282
f 1259/1259/1259 1260/1260/1260 1285/1285/1285
f 1259/1259/1259 1285/1285/1285 1284/1284/1284
f 1260/1260/1260 1261/1261/1261 1286/1286/1286
f 1260/1260/1260 1286/1286/1286 1285/1285/1285
f 1269/1269/1269 1270/1270/1270 1295/1295/1295
f 1269/1269/1269 1295/1295/1295 1294/1294/1294
f 1270/1270/1270 1271/1271/1271 1296/1296/1296
f 1270/1270/1270 1296/1296/1296 1295/1295/1295
f 1271/1271/1271 1272/1272/1272 1297/1297/1297
f 1271/1271/1271 1297/1297/1297 1296/1296/1296
f 1272/1272/1272 1273/1273/1273 1298/1298/1298
f 1272/1272/1272 1298/1298/1298 1297/1297/1297
f 1281/1281/1281 1282/1282/1282 1307/1307/1307
f 1281/1281/1281 1307/1307/1307 1306/1306/1306
f 1282/1282/1282 1283/1283/1283 1308/1308/1308
f 1282/1282/1282 1308/1308/1308 1307/1307/1307
f 1284/1284/1284 1285/1285/1285 1310/1310/1310
f 1284/1284/1284 1310/1310/1310 1309/1309/1309
f 1285/1285/1285 1286/1286/1286 1311/1311/1311
f 1285/1285/1285 1311/1311/1311 1310/1310/1310
f 1294/1294/1294 1295/1295/1295 1320/1320/1320
f 1295/1295/1295 1296/1296/1296 1321/1321/1321
f 1295/1295/1295 1321/1321/1321 1320/1320/1320
f 1296/1296/1296 1297/1297/1297 1322/1322/1322
f 1296/1296/1296 1322/1322/1322 1321/1321/1321
f 1297/1297/1297 1323/1323/1323 1322/1322/1322
f 1306/1306/1306 1307/1307/1307 1332/1332/1332
f 1307/1307/1307 1308/1308/1308 1333/1333/1333
f 1307/1307/1307 1333/1333/1333 1332/1332/1332
f 1335/1335/1335 1309/1309/1309 1310/1310/1310
f 1335/1335/1335 1320/1320/1320 1321/1321/1321
f 1335/1335/1335 1321/1321/1321 1322/1322/1322
f 1335/1335/1335 1332/1332/1332 1333/1333/1333
f 1336/1336/1336 1337/1337/1337 1360/1360/1360
f 1336/1336/1336 1360/1360/1360 1359/1359/1359
f 1337/1337/1337 1338/1338/1338 1361/1361/1361
f 1337/1337/1337 1361/1361/1361 1360/1360/1360
f 1338/1338/1338 1339/1339/1339 1362/1362/1362
f 1338/1338/1338 1362/1362/1362 1361/1361/1361
f 1344/1344/1344 1345/1345/1345 1368/1368/1368
f 1344/1344/1344 1368/1368/1368 1367/1367/1367
f 1345/1345/1345 1346/1346/1346 1369/1369/1369
f 1345/1345/1345 1369/1369/1369 1368/1368/1368
f 1346/1346/1346 1347/1347/1347 1370/1370/1370
f 1346/1346/1346 1370/1370/1370 1369/1369/1369
f 1347/1347/1347 1371/1371/1371 1370/1370/1370
f 1357/1357/1357 1358/1358/1358 1381/1381/1381
f 1359/1359/1359 1360/1360/1360 1383/1383/1383
f 1360/1360/1360 1361/1361/1361 1384/1384/1384
f 1360/1360/1360 1384/1384/1384 1383/1383/1383
f 1367/1367/1367 1368/1368/1368 1391/1391/1391
f 1368/1368/1368 1369/1369/1369 1392/1392/1392
f 1368/1368/1368 1392/1392/1392 1391/1391/1391
f 1369/1369/1369 1370/1370/1370 1393/1393/1393
f 1635/1635/1635 1337/1337/1337 1336/1336/1336
f 1635/1635/1635 1338/1338/1338 1337/1337/1337
f 1635/1635/1635 1346/1346/1346 1345/1345/1345
f 1635/1635/1635 1347/1347/1347 1346/1346/1346
g nose
usemtl nose
f 1637/1637/1637 1655/1655/1655 1654/1654/1654
f 1638/1638/1638 1656/1656/1656 1655/1655/1655
f 1639/1639/1639 1657/1657/1657 1656/1656/1656
f 1640/1640/1640 1658/1658/1658 1657/1657/1657
f 1641/1641/1641 1659/1659/1659 1658/1658/1658
f 1642/1642/1642 1660/1660/1660 1659/1659/1659
f 1643/1643/1643 1661/1661/1661 1660/1660/1660
f 1644/1644/1644 1662/1662/1662 1661/1661/1661
f 1645/1645/1645 1663/1663/1663 1662/1662/1662
f 1646/1646/1646 1664/1664/1664 1663/1663/1663
f 1647/1647/1647 1665/1665/1665 1664/1664/1664
f 1648/1648/1648 1666/1666/1666 1665/1665/1665
f 1649/1649/1649 1667/1667/1667 1666/1666/1666
f 1650/1650/1650 1668/1668/1668 1667/1667/1667
f 1651/1651/1651 1669/1669/1669 1668/1668/1668
f 1652/1652/1652 1670/1670/1670 1669/1669/1669
f 1654/1654/1654 1672/1672/1672 1655/1655/1655
f 1654/1654/1654 1671/1671/1671 1672/1672/1672
f 1655/1655/1655 1673/1673/1673 1656/1656/1656
f 1655/1655/1655 1672/1672/1672 1673/1673/1673
f 1656/1656/1656 1674/1674/1674 1657/1657/1657
f 1656/1656/1656 1673/1673/1673 1674/1674/1674
f 1657/1657/1657 1675/1675/1675 1658/1658/1658
f 1657/1657/1657 1674/1674/1674 1675/1675/1675
f 1658/1658/1658 1676/1676/1676 1659/1659/1659
f 1658/1658/1658 1675/1675/1675 1676/1676/1676
f 1659/1659/1659 1677/1677/1677 1660/1660/1660
f 1659/1659/1659 1676/1676/1676 1677/1677/1677
f 1660/1660/1660 1678/1678/1678 1661/1661/1661
f 1660/1660/1660 1677/1677/1677 1678/1678/1678
f 1661/1661/1661 1679/1679/1679 1662/1662/1662
f 1661/1661/1661 1678/1678/1678 1679/1679/1679
f 1662/1662/1662 1680/1680/1680 1663/1663/1663
f 1662/1662/1662 1679/1679/1679 1680/1680/1680
f 1663/1663/1663 1681/1681/1681 1664/1664/1664
f 1663/1663/1663 1680/1680/1680 1681/1681/1681
f 1664/1664/1664 1682/1682/1682 1665/1665/1665
f 1664/1664/1664 1681/1681/1681 1682/1682/1682
f 1665/1665/1665 1683/1683/1683 1666/1666/1666
f 1665/1665/1665 1682/1682/1682 1683/1683/1683
f 1666/1666/1666 1684/1684/1684 1667/1667/1667
f 1666/1666/1666 1683/1683/1683 1684/1684/1684
f 1667/1667/1667 1685/1685/1685 1668/1668/1668
f 1667/1667/1667 1684/1684/1684 1685/1685/1685
f 1668/1668/1668 1686/1686/1686 1669/1669/1669
f 1668/1668/1668 1685/1685/1685 1686/1686/1686
f 1669/1669/1669 1687/1687/1687 1670/1670/1670
f 1669/1669/1669 1686/1686/1686 1687/1687/1687
f 1671/1671/1671 1689/1689/1689 1672/1672/1672
f 1671/1671/1671 1688/1688/1688 1689/1689/1689
f 1672/1672/1672 1690/1690/1690 1673/1673/1673
f 1672/1672/1672 1689/1689/1689 1690/1690/1690
f 1673/1673/1673 1691/1691/1691 1674/1674/1674
f 1673/1673/1673 1690/1690/1690 1691/1691/1691
f 1674/1674/1674 1692/1692/1692 1675/1675/1675
f 1674/1674/1674 1691/1691/1691 1692/1692/1692
f 1675/1675/1675 1693/1693/1693 1676/1676/1676
f 1675/1675/1675 1692/1692/1692 1693/1693/1693
f 1676/1676/1676 1694/1694/1694 1677/1677/1677
f 1676/1676/1676 1693/1693/1693 1694/1694/1694
f 1677/1677/1677 1695/1695/1695 1678/1678/1678
f 1677/1677/1677 1694/1694/1694 1695/1695/1695
f 1678/1678/1678 1696/1696/1696 1679/1679/1679
f 1678/1678/1678 1695/1695/1695 1696/1696/1696
f 1679/1679/1679 1697/1697/1697 1680/1680/1680
f 1679/1679/1679 1696/1696/1696 1697/1697/1697
f 1680/1680/1680 1698/1698/1698 1681/1681/1681
f 1680/1680/1680 1697/1697/1697 1698/1698/1698
f 1681/1681/1681 1699/1699/1699 1682/1682/1682
f 1681/1681/1681 1698/1698/1698 1699/1699/1699
f 1682/1682/1682 1700/1700/1700 1683/1683/1683
f 1682/1682/1682 1699/1699/1699 1700/1700/1700
f 1683/1683/1683 1701/1701/1701 1684/1684/1684
f 1683/1683/1683 1700/1700/1700 1701/1701/1701
f 1684/1684/1684 1702/1702/1702 1685/1685/1685
f 1684/1684/1684 1701/1701/1701 1702/1702/1702
f 1685/1685/1685 1703/1703/1703 1686/1686/1686
f 1685/1685/1685 1702/1702/1702 1703/1703/1703
f 1686/1686/1686 1704/1704/1704 1687/1687/1687
f 1686/1686/1686 1703/1703/1703 1704/1704/1704
f 1688/1688/1688 1706/1706/1706 1689/1689/1689
f 1688/1688/1688 1705/1705/1705 1706/1706/1706
f 1689/1689/1689 1707/1707/1707 1690/1690/1690
f 1689/1689/1689 1706/1706/1706 1707/1707/1707
f 1690/1690/1690 1708/1708/1708 1691/1691/1691
f 1690/1690/1690 1707/1707/1707 1708/1708/1708
f 1691/1691/1691 1709/1709/1709 1692/1692/1692
f 1691/1691/1691 1708/1708/1708 1709/1709/1709
f 1692/1692/1692 1710/1710/1710 1693/1693/1693
f 1692/1692/1692 1709/1709/1709 1710/1710/1710
f 1693/1693/1693 1711/1711/1711 1694/1694/1694
f 1693/1693/1693 1710/1710/1710 1711/1711/1711
f 1694/1694/1694 1712/1712/1712 1695/1695/1695
f 1694/1694/1694 1711/1711/1711 1712/1712/1712
f 1695/1695/1695 1713/1713/1713 1696/1696/1696
f 1695/1695/1695 1712/1712/1712 1713/1713/1713
f 1696/1696/1696 1714/1714/1714 1697/1697/1697
f 1696/1696/1696 1713/1713/1713 1714/1714/1714
f 1697/1697/1697 1715/1715/1715 1698/1698/1698
f 1697/1697/1697 1714/1714/1714 1715/1715/1715
f 1698/1698/1698 1716/1716/1716 1699/1699/1699
f 1698/1698/1698 1715/1715/1715 1716/1716/1716
f 1699/1699/1699 1717/1717/1717 1700/1700/1700
f 1699/1699/1699 1716/1716/1716 1717/1717/1717
f 1700/1700/1700 1718/1718/1718 1701/1701/1701
f 1700/1700/1700 1717/1717/1717 1718/1718/1718
f 1701/1701/1701 1719/1719/1719 1702/1702/1702
f 1701/1701/1701 1718/1718/1718 1719/1719/1719
f 1702/1702/1702 1720/1720/1720 1703/1703/1703
f 1702/1702/1702 1719/1719/1719 1720/1720/1720
f 1703/1703/1703 1721/1721/1721 1704/1704/1704
f 1703/1703/1703 1720/1720/1720 1721/1721/1721
f 1705/1705/1705 1723/1723/1723 1706/1706/1706
f 1705/1705/1705 1722/1722/1722 1723/1723/1723
f 1706/1706/1706 1724/1724/1724 1707/1707/1707
f 1706/1706/1706 1723/1723/1723 1724/1724/1724
f 1707/1707/1707 1725/1725/1725 1708/1708/1708
f 1707/1707/1707 1724/1724/1724 1725/1725/1725
f 1708/1708/1708 1726/1726/1726 1709/1709/1709
f 1708/1708/1708 1725/1725/1725 1726/1726/1726
f 1709/1709/1709 1727/1727/1727 1710/1710/1710
f 1709/1709/1709 1726/1726/1726 1727/1727/1727
f 1710/1710/1710 1728/1728/1728 1711/1711/1711
f 1710/1710/1710 1727/1727/1727 1728/1728/1728
f 1711/1711/1711 1729/1729/1729 1712/1712/1712
f 1711/1711/1711 1728/1728/1728 1729/1729/1729
f 1712/1712/1712 1730/1730/1730 1713/1713/1713
f 1712/1712/1712 1729/1729/1729 1730/1730/1730
f 1713/1713/1713 1731/1731/1731 1714/1714/1714
f 1713/1713/1713 1730/1730/1730 1731/1731/1731
f 1714/1714/1714 1732/1732/1732 1715/1715/1715
f 1714/1714/1714 1731/1731/1731 1732/1732/1732
f 1715/1715/1715 1733/1733/1733 1716/1716/1716
f 1715/1715/1715 1732/1732/1732 1733/1733/1733
f 1716/1716/1716 1734/1734/1734 1717/1717/1717
f 1716/1716/1716 1733/1733/1733 1734/1734/1734
f 1717/1717/1717 1735/1735/1735 1718/1718/1718
f 1717/1717/1717 1734/1734/1734 1735/1735/1735
f 1718/1718/1718 1736/1736/1736 1719/1719/1719
f 1718/1718/1718 1735/1735/1735 1736/1736/1736
f 1719/1719/1719 1737/1737/1737 1720/1720/1720
f 1719/1719/1719 1736/1736/1736 1737/1737/1737
f 1720/1720/1720 1738/1738/1738 1721/1721/1721
f 1720/1720/1720 1737/1737/1737 1738/1738/1738
f 1722/1722/1722 1740/1740/1740 1723/1723/1723
f 1722/1722/1722 1739/1739/1739 1740/1740/1740
f 1723/1723/1723 1741/1741/1741 1724/1724/1724
f 1723/1723/1723 1740/1740/1740 1741/1741/1741
f 1724/1724/1724 1742/1742/1742 1725/1725/1725
f 1724/1724/1724 1741/1741/1741 1742/1742/1742
f 1725/1725/1725 1743/1743/1743 1726/1726/1726
f 1725/1725/1725 1742/1742/1742 1743/1743/1743
f 1726/1726/1726 1744/1744/1744 1727/1727/1727
f 1726/1726/1726 1743/1743/1743 1744/1744/1744
f 1727/1727/1727 1745/1745/1745 1728/1728/1728
f 1727/1727/1727 1744/1744/1744 1745/1745/1745
f 1728/1728/1728 1746/1746/1746 1729/1729/1729
f 1728/1728/1728 1745/1745/1745 1746/1746/1746
f 1729/1729/1729 1747/1747/1747 1730/1730/1730
f 1729/1729/1729 1746/1746/1746 1747/1747/1747
f 1730/1730/1730 1748/1748/1748 1731/1731/1731
f 1730/1730/1730 1747/1747/1747 1748/1748/1748
f 1731/1731/1731 1749/1749/1749 1732/1732/1732
f 1731/1731/1731 1748/1748/1748 1749/1749/1749
f 1732/1732/1732 1750/1750/1750 1733/1733/1733
f 1732/1732/1732 1749/1749/1749 1750/1750/1750
f 1733/1733/1733 1751/1751/1751 1734/1734/1734
f 1733/1733/1733 1750/1750/1750 1751/1751/1751
f 1734/1734/1734 1752/1752/1752 1735/1735/1735
f 1734/1734/1734 1751/1751/1751 1752/1752/1752
f 1735/1735/1735 1753/1753/1753 1736/1736/1736
f 1735/1735/1735 1752/1752/1752 1753/1753/1753
f 1736/1736/1736 1754/1754/1754 1737/1737/1737
f 1736/1736/1736 1753/1753/1753 1754/1754/1754
f 1737/1737/1737 1755/1755/1755 1738/1738/1738
f 1737/1737/1737 1754/1754/1754 1755/1755/1755
f 1739/1739/1739 1757/1757/1757 1740/1740/1740
f 1739/1739/1739 1756/1756/1756 1757/1757/1757
f 1740/1740/1740 1758/1758/1758 1741/1741/1741
f 1740/1740/1740 1757/1757/1757 1758/1758/1758
f 1741/1741/1741 1759/1759/1759 1742/1742/1742
f 1741/1741/1741 1758/1758/1758 1759/1759/1759
f 1742/1742/1742 1760/1760/1760 1743/1743/1743
f 1742/1742/1742 1759/1759/1759 1760/1760/1760
f 1743/1743/1743 1761/1761/1761 1744/1744/1744
f 1743/1743/1743 1760/1760/1760 1761/1761/1761
f 1744/1744/1744 1762/1762/1762 1745/1745/1745
f 1744/1744/1744 1761/1761/1761 1762/1762/1762
f 1745/1745/1745 1763/1763/1763 1746/1746/1746
f 1745/1745/1745 1762/1762/1762 1763/1763/1763
f 1746/1746/1746 1764/1764/1764 1747/1747/1747
f 1746/1746/1746 1763/1763/1763 1764/1764/1764
f 1747/1747/1747 1765/1765/1765 1748/1748/1748
f 1747/1747/1747 1764/1764/1764 1765/1765/1765
f 1748/1748/1748 1766/1766/1766 1749/1749/1749
f 1748/1748/1748 1765/1765/1765 1766/1766/1766
f 1749/1749/1749 1767/1767/1767 1750/1750/1750
f 1749/1749/1749 1766/1766/1766 1767/1767/1767
f 1750/1750/1750 1768/1768/1768 1751/1751/1751
f 1750/1750/1750 1767/1767/1767 1768/1768/1768
f 1751/1751/1751 1769/1769/1769 1752/1752/1752
f 1751/1751/1751 1768/1768/1768 1769/1769/1769
f 1752/1752/1752 1770/1770/1770 1753/1753/1753
f 1752/1752/1752 1769/1769/1769 1770/1770/1770
f 1753/1753/1753 1771/1771/1771 1754/1754/1754
f 1753/1753/1753 1770/1770/1770 1771/1771/1771
f 1754/1754/1754 1772/1772/1772 1755/1755/1755
f 1754/1754/1754 1771/1771/1771 1772/1772/1772
f 1756/1756/1756 1774/1774/1774 1757/1757/1757
f 1756/1756/1756 1773/1773/1773 1774/1774/1774
f 1757/1757/1757 1775/1775/1775 1758/1758/1758
f 1757/1757/1757 1774/1774/1774 1775/1775/1775
f 1758/1758/1758 1776/1776/1776 1759/1759/1759
f 1758/1758/1758 1775/1775/1775 1776/1776/1776
f 1759/1759/1759 1777/1777/1777 1760/1760/1760
f 1759/1759/1759 1776/1776/1776 1777/1777/1777
f 1760/1760/1760 1778/1778/1778 1761/1761/1761
f 1760/1760/1760 1777/1777/1777 1778/1778/1778
f 1761/1761/1761 1779/1779/1779 1762/1762/1762
f 1761/1761/1761 1778/1778/1778 1779/1779/1779
f 1762/1762/1762 1780/1780/1780 1763/1763/1763
f 1762/1762/1762 1779/1779/1779 1780/1780/1780
f 1763/1763/1763 1781/1781/1781 1764/1764/1764
f 1763/1763/1763 1780/1780/1780 1781/1781/1781
f 1764/1764/1764 1782/1782/1782 1765/1765/1765
f 1764/1764/1764 1781/1781/1781 1782/1782/1782
f 1765/1765/1765 1783/1783/1783 1766/1766/1766
f 1765/1765/1765 1782/1782/1782 1783/1783/1783
f 1766/1766/1766 1784/1784/1784 1767/1767/1767
f 1766/1766/1766 1783/1783/1783 1784/1784/1784
f 1767/1767/1767 1785/1785/1785 1768/1768/1768
f 1767/1767/1767 1784/1784/1784 1785/1785/1785
f 1768/1768/1768 1786/1786/1786 1769/1769/1769
f 1768/1768/1768 1785/1785/1785 1786/1786/1786
f 1769/1769/1769 1787/1787/1787 1770/1770/1770
f 1769/1769/1769 1786/1786/1786 1787/1787/1787
f 1770/1770/1770 1788/1788/1788 1771/1771/1771
f 1770/1770/1770 1787/1787/1787 1788/1788/1788
f 1771/1771/1771 1789/1789/1789 1772/1772/1772
f 1771/1771/1771 1788/1788/1788 1789/1789/1789
f 1773/1773/1773 1791/1791/1791 1774/1774/1774
f 1773/1773/1773 1790/1790/1790 1791/1791/1791
f 1774/1774/1774 1792/1792/1792 1775/1775/1775
f 1774/1774/1774 1791/1791/1791 1792/1792/1792
f 1775/1775/1775 1793/1793/1793 1776/1776/1776
f 1775/1775/1775 1792/1792/1792 1793/1793/1793
f 1776/1776/1776 1794/1794/1794 1777/1777/1777
f 1776/1776/1776 1793/1793/1793 1794/1794/1794
f 1777/1777/1777 1795/1795/1795 1778/1778/1778
f 1777/1777/1777 1794/1794/1794 1795/1795/1795
f 1778/1778/1778 1796/1796/1796 1779/1779/1779
f 1778/1778/1778 1795/1795/1795 1796/1796/1796
f 1779/1779/1779 1797/1797/1797 1780/1780/1780
f 1779/1779/1779 1796/1796/1796 1797/1797/1797
f 1780/1780/1780 1798/1798/1798 1781/1781/1781
f 1780/1780/1780 1797/1797/1797 1798/1798/1798
f 1781/1781/1781 1799/1799/1799 1782/1782/1782
f 1781/1781/1781 1798/1798/1798 1799/1799/1799
f 1782/1782/1782 1800/1800/1800 1783/1783/1783
f 1782/1782/1782 1799/1799/1799 1800/1800/1800
f 1783/1783/1783 1801/1801/1801 1784/1784/1784
f 1783/1783/1783 1800/1800/1800 1801/1801/1801
f 1784/1784/1784 1802/1802/1802 1785/1785/1785
f 1784/1784/1784 1801/1801/1801 1802/1802/1802
f 1785/1785/1785 1803/1803/1803 1786/1786/1786
f 1785/1785/1785 1802/1802/1802 1803/1803/1803
f 1786/1786/1786 1804/1804/1804 1787/1787/1787
f 1786/1786/1786 1803/1803/1803 1804/1804/1804
f 1787/1787/1787 1805/1805/1805 1788/1788/1788
f 1787/1787/1787 1804/1804/1804 1805/1805/1805
f 1788/1788/1788 1806/1806/1806 1789/1789/1789
f 1788/1788/1788 1805/1805/1805 1806/1806/1806
f 1790/1790/1790 1808/1808/1808 1791/1791/1791
f 1790/1790/1790 1807/1807/1807 1808/1808/1808
f 1791/1791/1791 1809/1809/1809 1792/1792/1792
f 1791/1791/1791 1808/1808/1808 1809/1809/1809
f 1792/1792/1792 1810/1810/1810 1793/1793/1793
f 1792/1792/1792 1809/1809/1809 1810/1810/1810
f 1793/1793/1793 1811/1811/1811 1794/1794/1794
f 1793/1793/1793 1810/1810/1810 1811/1811/1811
f 1794/1794/1794 1812/1812/1812 1795/1795/1795
f 1794/1794/1794 1811/1811/1811 1812/1812/1812
f 1795/1795/1795 1813/1813/1813 1796/1796/1796
f 1795/1795/1795 1812/1812/1812 1813/1813/1813
f 1796/1796/1796 1814/1814/1814 1797/1797/1797
f 1796/1796/1796 1813/1813/1813 1814/1814/1814
f 1797/1797/1797 1815/1815/1815 1798/1798/1798
f 1797/1797/1797 1814/1814/1814 1815/1815/1815
f 1798/1798/1798 1816/1816/1816 1799/1799/1799
f 1798/1798/1798 1815/1815/1815 1816/1816/1816
f 1799/1799/1799 1817/1817/1817 1800/1800/1800
f 1799/1799/1799 1816/1816/1816 1817/1817/1817
f 1800/1800/1800 1818/1818/1818 1801/1801/1801
f 1800/1800/1800 1817/1817/1817 1818/1818/1818
f 1801/1801/1801 1819/1819/1819 1802/1802/1802
f 1801/1801/1801 1818/1818/1818 1819/1819/1819
f 1802/1802/1802 1820/1820/1820 1803/1803/1803
f 1802/1802/1802 1819/1819/1819 1820/1820/1820
f 1803/1803/1803 1821/1821/1821 1804/1804/1804
f 1803/1803/1803 1820/1820/1820 1821/1821/1821
f 1804/1804/1804 1822/1822/1822 1805/1805/1805
f 1804/1804/1804 1821/1821/1821 1822/1822/1822
f 1805/1805/1805 1823/1823/1823 1806/1806/1806
f 1805/1805/1805 1822/1822/1822 1823/1823/1823
f 1807/1807/1807 1825/1825/1825 1808/1808/1808
f 1807/1807/1807 1824/1824/1824 1825/1825/1825
f 1808/1808/1808 1826/1826/1826 1809/1809/1809
f 1808/1808/1808 1825/1825/1825 1826/1826/1826
f 1809/1809/1809 1827/1827/1827 1810/1810/1810
f 1809/1809/1809 1826/1826/1826 1827/1827/1827
f 1810/1810/1810 1828/1828/1828 1811/1811/1811
f 1810/1810/1810 1827/1827/1827 1828/1828/1828
f 1811/1811/1811 1829/1829/1829 1812/1812/1812
f 1811/1811/1811 1828/1828/1828 1829/1829/1829
f 1812/1812/1812 1830/1830/1830 1813/1813/1813
f 1812/1812/1812 1829/1829/1829 1830/1830/1830
f 1813/1813/1813 1831/1831/1831 1814/1814/1814
f 1813/1813/1813 1830/1830/1830 1831/1831/1831
f 1814/1814/1814 1832/1832/1832 1815/1815/1815
f 1814/1814/1814 1831/1831/1831 1832/1832/1832
f 1815/1815/1815 1833/1833/1833 1816/1816/1816
f 1815/1815/1815 1832/1832/1832 1833/1833/1833
f 1816/1816/1816 1834/1834/1834 1817/1817/1817
f 1816/1816/1816 1833/1833/1833 1834/1834/1834
f 1817/1817/1817 1835/1835/1835 1818/1818/1818
f 1817/1817/1817 1834/1834/1834 1835/1835/1835
f 1818/1818/1818 1836/1836/1836 1819/1819/1819
f 1818/1818/1818 1835/1835/1835 1836/1836/1836
f 1819/1819/1819 1837/1837/1837 1820/1820/1820
f 1819/1819/1819 1836/1836/1836 1837/1837/1837
f 1820/1820/1820 1838/1838/1838 1821/1821/1821
f 1820/1820/1820 1837/1837/1837 1838/1838/1838
f 1821/1821/1821 1839/1839/1839 1822/1822/1822
f 1821/1821/1821 1838/1838/1838 1839/1839/1839
f 1822/1822/1822 1840/1840/1840 1823/1823/1823
f 1822/1822/1822 1839/1839/1839 1840/1840/1840
f 1824/1824/1824 1841/1841/1841 1825/1825/1825
f 1825/1825/1825 1842/1842/1842 1826/1826/1826
f 1826/1826/1826 1843/1843/1843 1827/1827/1827
f 1827/1827/1827 1844/1844/1844 1828/1828/1828
f 1828/1828/1828 1845/1845/1845 1829/1829/1829
f 1829/1829/1829 1846/1846/1846 1830/1830/1830
f 1830/1830/1830 1847/1847/1847 1831/1831/1831
f 1831/1831/1831 1848/1848/1848 1832/1832/1832
f 1832/1832/1832 1849/1849/1849 1833/1833/1833
f 1833/1833/1833 1850/1850/1850 1834/1834/1834
f 1834/1834/1834 1851/1851/1851 1835/1835/1835
f 1835/1835/1835 1852/1852/1852 1836/1836/1836
f 1836/1836/1836 1853/1853/1853 1837/1837/1837
f 1837/1837/1837 1854/1854/1854 1838/1838/1838
f 1838/1838/1838 1855/1855/1855 1839/1839/1839
f 1839/1839/1839 1856/1856/1856 1840/1840/1840
g mouth
usemtl mouth
f 1858/1858/1858 1859/1859/1859 1870/1870/1870
f 1858/1858/1858 1870/1870/1870 1869/1869/1869
f 1859/1859/1859 1860/1860/1860 1871/1871/1871
f 1859/1859/1859 1871/1871/1871 1870/1870/1870
f 1860/1860/1860 1861/1861/1861 1872/1872/1872
f 1860/1860/1860 1872/1872/1872 1871/1871/1871
f 1861/1861/1861 1862/1862/1862 1873/1873/1873
f 1861/1861/1861 1873/1873/1873 1872/1872/1872
f 1862/1862/1862 1863/1863/1863 1874/1874/1874
f 1862/1862/1862 1874/1874/1874 1873/1873/1873
f 1863/1863/1863 1864/1864/1864 1875/1875/1875
f 1863/1863/1863 1875/1875/1875 1874/1874/1874
f 1864/1864/1864 1865/1865/1865 1876/1876/1876
f 1864/1864/1864 1876/1876/1876 1875/1875/1875
f 1865/1865/1865 1866/1866/1866 1877/1877/1877
f 1865/1865/1865 1877/1877/1877 1876/1876/1876
f 1866/1866/1866 1867/1867/1867 1878/1878/1878
f 1866/1866/1866 1878/1878/1878 1877/1877/1877
f 1867/1867/1867 1868/1868/1868 1879/1879/1879
f 1867/1867/1867 1879/1879/1879 1878/1878/1878
f 1869/1869/1869 1870/1870/1870 1881/1881/1881
f 1869/1869/1869 1881/1881/1881 1880/1880/1880
f 1870/1870/1870 1871/1871/1871 1882/1882/1882
f 1870/1870/1870 1882/1882/1882 1881/1881/1881
f 1871/1871/1871 1872/1872/1872 1883/1883/1883
f 1871/1871/1871 1883/1883/1883 1882/1882/1882
f 1872/1872/1872 1873/1873/1873 1884/1884/1884
f 1872/1872/1872 1884/1884/1884 1883/1883/1883
f 1873/1873/1873 1874/1874/1874 1885/1885/1885
f 1873/1873/1873 1885/1885/1885 1884/1884/1884
f 1874/1874/1874 1875/1875/1875 1886/1886/1886
f 1874/1874/1874 1886/1886/1886 1885/1885/1885
f 1875/1875/1875 1876/1876/1876 1887/1887/1887
f 1875/1875/1875 1887/1887/1887 1886/1886/1886
f 1876/1876/1876 1877/1877/1877 1888/1888/1888
f 1876/1876/1876 1888/1888/1888 1887/1887/1887
f 1877/1877/1877 1878/1878/1878 1889/1889/1889
f 1877/1877/1877 1889/1889/1889 1888/1888/1888
f 1878/1878/1878 1879/1879/1879 1890/1890/1890
f 1878/1878/1878 1890/1890/1890 1889/1889/1889
f 1891/1891/1891 1859/1859/1859 1858/1858/1858
f 1891/1891/1891 1860/1860/1860 1859/1859/1859
f 1891/1891/1891 1861/1861/1861 1860/1860/1860
f 1891/1891/1891 1862/1862/1862 1861/1861/1861
f 1891/1891/1891 1863/1863/1863 1862/1862/1862
f 1891/1891/1891 1864/1864/1864 1863/1863/1863
f 1891/1891/1891 1865/1865/1865 1864/1864/1864
f 1891/1891/1891 1866/1866/1866 1865/1865/1865
f 1891/1891/1891 1867/1867/1867 1866/1866/1866
f 1891/1891/1891 1868/1868/1868 1867/1867/1867
f 1892/1892/1892 1880/1880/1880 1881/1881/1881
f 1892/1892/1892 1881/1881/1881 1882/1882/1882
f 1892/1892/1892 1882/1882/1882 1883/1883/1883
f 1892/1892/1892 1883/1883/1883 1884/1884/1884
f 1892/1892/1892 1884/1884/1884 1885/1885/1885
f 1892/1892/1892 1885/1885/1885 1886/1886/1886
f 1892/1892/1892 1886/1886/1886 1887/1887/1887
f 1892/1892/1892 1887/1887/1887 1888/1888/1888
f 1892/1892/1892 1888/1888/1888 1889/1889/1889
f 1892/1892/1892 1889/1889/1889 1890/1890/1890
f 1893/1893/1893 1894/1894/1894 1905/1905/1905
f 1893/1893/1893 1905/1905/1905 1904/1904/1904
f 1894/1894/1894 1895/1895/1895 1906/1906/1906
f 1894/1894/1894 1906/1906/1906 1905/1905/1905
f 1895/1895/1895 1896/1896/1896 1907/1907/1907
f 1895/1895/1895 1907/1907/1907 1906/1906/1906
f 1896/1896/1896 1897/1897/1897 1908/1908/1908
f 1896/1896/1896 1908/1908/1908 1907/1907/1907
f 1897/1897/1897 1898/1898/1898 1909/1909/1909
f 1897/1897/1897 1909/1909/1909 1908/1908/1908
f 1898/1898/1898 1899/1899/1899 1910/1910/1910
f 1898/1898/1898 1910/1910/1910 1909/1909/1909
f 1899/1899/1899 1900/1900/1900 1911/1911/1911
f 1899/1899/1899 1911/1911/1911 1910/1910/1910
f 1900/1900/1900 1901/1901/1901 1912/1912/1912
f 1900/1900/1900 1912/1912/1912 1911/1911/1911
f 1901/1901/1901 1902/1902/1902 1913/1913/1913
f 1901/1901/1901 1913/1913/1913 1912/1912/1912
f 1902/1902/1902 1903/1903/1903 1914/1914/1914
f 1902/1902/1902 1914/1914/1914 1913/1913/1913
f 1904/1904/1904 1905/1905/1905 1916/1916/1916
f 1904/1904/1904 1916/1916/1916 1915/1915/1915
f 1905/1905/1905 1906/1906/1906 1917/1917/1917
f 1905/1905/1905 1917/1917/1917 1916/1916/1916
f 1906/1906/1906 1907/1907/1907 1918/1918/1918
f 1906/1906/1906 1918/1918/1918 1917/1917/1917
f 1907/1907/1907 1908/1908/1908 1919/1919/1919
f 1907/1907/1907 1919/1919/1919 1918/1918/1918
f 1908/1908/1908 1909/1909/1909 1920/1920/1920
f 1908/1908/1908 1920/1920/1920 1919/1919/1919
f 1909/1909/1909 1910/1910/1910 1921/1921/1921
f 1909/1909/1909 1921/1921/1921 1920/1920/1920
f 1910/1910/1910 1911/1911/1911 1922/1922/1922
f 1910/1910/1910 1922/1922/1922 1921/1921/1921
f 1911/1911/1911 1912/1912/1912 1923/1923/1923
f 1911/1911/1911 1923/1923/1923 1922/1922/1922
f 1912/1912/1912 1913/1913/1913 1924/1924/1924
f 1912/1912/1912 1924/1924/1924 1923/1923/1923
f 1913/1913/1913 1914/1914/1914 1925/1925/1925
f 1913/1913/1913 1925/1925/1925 1924/1924/1924
f 1926/1926/1926 1894/1894/1894 1893/1893/1893
f 1926/1926/1926 1895/1895/1895 1894/1894/1894
f 1926/1926/1926 1896/1896/1896 1895/1895/1895
f 1926/1926/1926 1897/1897/1897 1896/1896/1896
f 1926/1926/1926 1898/1898/1898 1897/1897/1897
f 1926/1926/1926 1899/1899/1899 1898/1898/1898
f 1926/1926/1926 1900/1900/1900 1899/1899/1899
f 1926/1926/1926 1901/1901/1901 1900/1900/1900
f 1926/1926/1926 1902/1902/1902 1901/1901/1901
f 1926/1926/1926 1903/1903/1903 1902/1902/1902
f 1927/1927/1927 1915/1915/1915 1916/1916/1916
f 1927/1927/1927 1916/1916/1916 1917/1917/1917
f 1927/1927/1927 1917/1917/1917 1918/1918/1918
f 1927/1927/1927 1918/1918/1918 1919/1919/1919
f 1927/1927/1927 1919/1919/1919 1920/1920/1920
f 1927/1927/1927 1920/1920/1920 1921/1921/1921
f 1927/1927/1927 1921/1921/1921 1922/1922/1922
f 1927/1927/1927 1922/1922/1922 1923/1923/1923
f 1927/1927/1927 1923/1923/1923 1924/1924/1924
f 1927/1927/1927 1924/1924/1924 1925/1925/1925
g eye_iris
usemtl eye_iris
f 1928/1928/1928 1946/1946/1946 1945/1945/1945
f 1929/1929/1929 1947/1947/1947 1946/1946/1946
f 1930/1930/1930 1948/1948/1948 1947/1947/1947
f 1931/1931/1931 1949/1949/1949 1948/1948/1948
f 1932/1932/1932 1950/1950/1950 1949/1949/1949
f 1933/1933/1933 1951/1951/1951 1950/1950/1950
f 1934/1934/1934 1952/1952/1952 1951/1951/1951
f 1935/1935/1935 1953/1953/1953 1952/1952/1952
f 1936/1936/1936 1954/1954/1954 1953/1953/1953
f 1937/1937/1937 1955/1955/1955 1954/1954/1954
f 1938/1938/1938 1956/1956/1956 1955/1955/1955
f 1939/1939/1939 1957/1957/1957 1956/1956/1956
f 1940/1940/1940 1958/1958/1958 1957/1957/1957
f 1941/1941/1941 1959/1959/1959 1958/1958/1958
f 1942/1942/1942 1960/1960/1960 1959/1959/1959
f 1943/1943/1943 1961/1961/1961 1960/1960/1960
f 1945/1945/1945 1963/1963/1963 1946/1946/1946
f 1945/1945/1945 1962/1962/1962 1963/1963/1963
f 1946/1946/1946 1964/1964/1964 1947/1947/1947
f 1946/1946/1946 1963/1963/1963 1964/1964/1964
f 1947/1947/1947 1965/1965/1965 1948/1948/1948
f 1947/1947/1947 1964/1964/1964 1965/1965/1965
f 1948/1948/1948 1966/1966/1966 1949/1949/1949
f 1948/1948/1948 1965/1965/1965 1966/1966/1966
f 1949/1949/1949 1967/1967/1967 1950/1950/1950
f 1949/1949/1949 1966/1966/1966 1967/1967/1967
f 1950/1950/1950 1968/1968/1968 1951/1951/1951
f 1950/1950/1950 1967/1967/1967 1968/1968/1968
f 1951/1951/1951 1969/1969/1969 1952/1952/1952
f 1951/1951/1951 1968/1968/1968 1969/1969/1969
f 1952/1952/1952 1970/1970/1970 1953/1953/1953
f 1952/1952/1952 1969/1969/1969 1970/1970/1970
f 1953/1953/1953 1971/1971/1971 1954/1954/1954
f 1953/1953/1953 1970/1970/1970 1971/1971/1971
f 1954/1954/1954 1972/1972/1972 1955/1955/1955
f 1954/1954/1954 1971/1971/1971 1972/1972/1972
f 1955/1955/1955 1973/1973/1973 1956/1956/1956
f 1955/1955/1955 1972/1972/1972 1973/1973/1973
f 1956/1956/1956 1974/1974/1974 1957/1957/1957
f 1956/1956/1956 1973/1973/1973 1974/1974/1974
f 1957/1957/1957 1975/1975/1975 1958/1958/1958
f 1957/1957/1957 1974/1974/1974 1975/1975/1975
f 1958/1958/1958 1976/1976/1976 1959/1959/1959
f 1958/1958/1958 1975/1975/1975 1976/1976/1976
f 1959/1959/1959 1977/1977/1977 1960/1960/1960
f 1959/1959/1959 1976/1976/1976 1977/1977/1977
f 1960/1960/1960 1978/1978/1978 1961/1961/1961
f 1960/1960/1960 1977/1977/1977 1978/1978/1978
f 1962/1962/1962 1980/1980/1980 1963/1963/1963
f 1962/1962/1962 1979/1979/1979 1980/1980/1980
f 1963/1963/1963 1981/1981/1981 1964/1964/1964
f 1963/1963/1963 1980/1980/1980 1981/1981/1981
f 1964/1964/1964 1982/1982/1982 1965/1965/1965
f 1964/1964/1964 1981/1981/1981 1982/1982/1982
f 1965/1965/1965 1983/1983/1983 1966/1966/1966
f 1965/1965/1965 1982/1982/1982 1983/1983/1983
f 1966/1966/1966 1984/1984/1984 1967/1967/1967
f 1966/1966/1966 1983/1983/1983 1984/1984/1984
f 1967/1967/1967 1985/1985/1985 1968/1968/1968
f 1967/1967/1967 1984/1984/1984 1985/1985/1985
f 1968/1968/1968 1986/1986/1986 1969/1969/1969
f 1968/1968/1968 1985/1985/1985 1986/1986/1986
f 1969/1969/1969 1987/1987/1987 1970/1970/1970
f 1969/1969/1969 1986/1986/1986 1987/1987/1987
f 1970/1970/1970 1988/1988/1988 1971/1971/1971
f 1970/1970/1970 1987/1987/1987 1988/1988/1988
f 1971/1971/1971 1989/1989/1989 1972/1972/1972
f 1971/1971/1971 1988/1988/1988 1989/1989/1989
f 1972/1972/1972 1990/1990/1990 1973/1973/1973
f 1972/1972/1972 1989/1989/1989 1990/1990/1990
f 1973/1973/1973 1991/1991/1991 1974/1974/1974
f 1973/1973/1973 1990/1990/1990 1991/1991/1991
f 1974/1974/1974 1992/1992/1992 1975/1975/1975
f 1974/1974/1974 1991/1991/1991 1992/1992/1992
f 1975/1975/1975 1993/1993/1993 1976/1976/1976
f 1975/1975/1975 1992/1992/1992 1993/1993/1993
f 1976/1976/1976 1994/1994/1994 1977/1977/1977
f 1976/1976/1976 1993/1993/1993 1994/1994/1994
f 1977/1977/1977 1995/1995/1995 1978/1978/1978
f 1977/1977/1977 1994/1994/1994 1995/1995/1995
f 1979/1979/1979 1997/1997/1997 1980/1980/1980
f 1979/1979/1979 1996/1996/1996 1997/1997/1997
f 1980/1980/1980 1998/1998/1998 1981/1981/1981
f 1980/1980/1980 1997/1997/1997 1998/1998/1998
f 1981/1981/1981 1999/1999/1999 1982/1982/1982
f 1981/1981/1981 1998/1998/1998 1999/1999/1999
f 1982/1982/1982 2000/2000/2000 1983/1983/1983
f 1982/1982/1982 1999/1999/1999 2000/2000/2000
f 1983/1983/1983 2001/2001/2001 1984/1984/1984
f 1983/1983/1983 2000/2000/2000 2001/2001/2001
f 1984/1984/1984 2002/2002/2002 1985/1985/1985
f 1984/1984/1984 2001/2001/2001 2002/2002/2002
f 1985/1985/1985 2003/2003/2003 1986/1986/1986
f 1985/1985/1985 2002/2002/2002 2003/2003/2003
f 1986/1986/1986 2004/2004/2004 1987/1987/1987
f 1986/1986/1986 2003/2003/2003 2004/2004/2004
f 1987/1987/1987 2005/2005/2005 1988/1988/1988
f 1987/1987/1987 2004/2004/2004 2005/2005/2005
f 1988/1988/1988 2006/2006/2006 1989/1989/1989
f 1988/1988/1988 2005/2005/2005 2006/2006/2006
f 1989/1989/1989 2007/2007/2007 1990/1990/1990
f 1989/1989/1989 2006/2006/2006 2007/2007/2007
f 1990/1990/1990 2008/2008/2008 1991/1991/1991
f 1990/1990/1990 2007/2007/2007 2008/2008/2008
f 1991/1991/1991 2009/2009/2009 1992/1992/1992
f 1991/1991/1991 2008/2008/2008 2009/2009/2009
f 1992/1992/1992 2010/2010/2010 1993/1993/1993
f 1992/1992/1992 2009/2009/2009 2010/2010/2010
f 1993/1993/1993 2011/2011/2011 1994/1994/1994
f 1993/1993/1993 2010/2010/2010 2011/2011/2011
f 1994/1994/1994 2012/2012/2012 1995/1995/1995
f 1994/1994/1994 2011/2011/2011 2012/2012/2012
f 1996/1996/1996 2014/2014/2014 1997/1997/1997
f 1996/1996/1996 2013/2013/2013 2014/2014/2014
f 1997/1997/1997 2015/2015/2015 1998/1998/1998
f 1997/1997/1997 2014/2014/2014 2015/2015/2015
f 1998/1998/1998 2016/2016/2016 1999/1999/1999
f 1998/1998/1998 2015/2015/2015 2016/2016/2016
f 1999/1999/1999 2017/2017/2017 2000/2000/2000
f 1999/1999/1999 2016/2016/2016 2017/2017/2017
f 2000/2000/2000 2018/2018/2018 2001/2001/2001
f 2000/2000/2000 2017/2017/2017 2018/2018/2018
f 2001/2001/2001 2019/2019/2019 2002/2002/2002
f 2001/2001/2001 2018/2018/2018 2019/2019/2019
f 2002/2002/2002 2020/2020/2020 2003/2003/2003
f 2002/2002/2002 2019/2019/2019 2020/2020/2020
f 2003/2003/2003 2021/2021/2021 2004/2004/2004
f 2003/2003/2003 2020/2020/2020 2021/2021/2021
f 2004/2004/2004 2022/2022/2022 2005/2005/2005
f 2004/2004/2004 2021/2021/2021 2022/2022/2022
f 2005/2005/2005 2023/2023/2023 2006/2006/2006
f 2005/2005/2005 2022/2022/2022 2023/2023/2023
f 2006/2006/2006 2024/2024/2024 2007/2007/2007
f 2006/2006/2006 2023/2023/2023 2024/2024/2024
f 2007/2007/2007 2025/2025/2025 2008/2008/2008
f 2007/2007/2007 2024/2024/2024 2025/2025/2025
f 2008/2008/2008 2026/2026/2026 2009/2009/2009
f 2008/2008/2008 2025/2025/2025 2026/2026/2026
f 2009/2009/2009 2027/2027/2027 2010/2010/2010
f 2009/2009/2009 2026/2026/2026 2027/2027/2027
f 2010/2010/2010 2028/2028/2028 2011/2011/2011
f 2010/2010/2010 2027/2027/2027 2028/2028/2028
f 2011/2011/2011 2029/2029/2029 2012/2012/2012
f 2011/2011/2011 2028/2028/2028 2029/2029/2029
f 2013/2013/2013 2031/2031/2031 2014/2014/2014
f 2013/2013/2013 2030/2030/2030 2031/2031/2031
f 2014/2014/2014 2032/2032/2032 2015/2015/2015
f 2014/2014/2014 2031/2031/2031 2032/2032/2032
f 2015/2015/2015 2033/2033/2033 2016/2016/2016
f 2015/2015/2015 2032/2032/2032 2033/2033/2033
f 2016/2016/2016 2034/2034/2034 2017/2017/2017
f 2016/2016/2016 2033/2033/2033 2034/2034/2034
f 2017/2017/2017 2035/2035/2035 2018/2018/2018
f 2017/2017/2017 2034/2034/2034 2035/2035/2035
f 2018/2018/2018 2036/2036/2036 2019/2019/2019
f 2018/2018/2018 2035/2035/2035 2036/2036/2036
f 2019/2019/2019 2037/2037/2037 2020/2020/2020
f 2019/2019/2019 2036/2036/2036 2037/2037/2037
f 2020/2020/2020 2038/2038/2038 2021/2021/2021
f 2020/2020/2020 2037/2037/2037 2038/2038/2038
f 2021/2021/2021 2039/2039/2039 2022/2022/2022
f 2021/2021/2021 2038/2038/2038 2039/2039/2039
f 2022/2022/2022 2040/2040/2040 2023/2023/2023
f 2022/2022/2022 2039/2039/2039 2040/2040/2040
f 2023/2023/2023 2041/2041/2041 2024/2024/2024
f 2023/2023/2023 2040/2040/2040 2041/2041/2041
f 2024/2024/2024 2042/2042/2042 2025/2025/2025
f 2024/2024/2024 2041/2041/2041 2042/2042/2042
f 2025/2025/2025 2043/2043/2043 2026/2026/2026
f 2025/2025/2025 2042/2042/2042 2043/2043/2043
f 2026/2026/2026 2044/2044/2044 2027/2027/2027
f 2026/2026/2026 2043/2043/2043 2044/2044/2044
f 2027/2027/2027 2045/2045/2045 2028/2028/2028
f 2027/2027/2027 2044/2044/2044 2045/2045/2045
f 2028/2028/2028 2046/2046/2046 2029/2029/2029
f 2028/2028/2028 2045/2045/2045 2046/2046/2046
f 2030/2030/2030 2048/2048/2048 2031/2031/2031
f 2030/2030/2030 2047/2047/2047 2048/2048/2048
f 2031/2031/2031 2049/2049/2049 2032/2032/2032
f 2031/2031/2031 2048/2048/2048 2049/2049/2049
f 2032/2032/2032 2050/2050/2050 2033/2033/2033
f 2032/2032/2032 2049/2049/2049 2050/2050/2050
f 2033/2033/2033 2051/2051/2051 2034/2034/2034
f 2033/2033/2033 2050/2050/2050 2051/2051/2051
f 2034/2034/2034 2052/2052/2052 2035/2035/2035
f 2034/2034/2034 2051/2051/2051 2052/2052/2052
f 2035/2035/2035 2053/2053/2053 2036/2036/2036
f 2035/2035/2035 2052/2052/2052 2053/2053/2053
f 2036/2036/2036 2054/2054/2054 2037/2037/2037
f 2036/2036/2036 2053/2053/2053 2054/2054/2054
f 2037/2037/2037 2055/2055/2055 2038/2038/2038
f 2037/2037/2037 2054/2054/2054 2055/2055/2055
f 2038/2038/2038 2056/2056/2056 2039/2039/2039
f 2038/2038/2038 2055/2055/2055 2056/2056/2056
f 2039/2039/2039 2057/2057/2057 2040/2040/2040
f 2039/2039/2039 2056/2056/2056 2057/2057/2057
f 2040/2040/2040 2058/2058/2058 2041/2041/2041
f 2040/2040/2040 2057/2057/2057 2058/2058/2058
f 2041/2041/2041 2059/2059/2059 2042/2042/2042
f 2041/2041/2041 2058/2058/2058 2059/2059/2059
f 2042/2042/2042 2060/2060/2060 2043/2043/2043
f 2042/2042/2042 2059/2059/2059 2060/2060/2060
f 2043/2043/2043 2061/2061/2061 2044/2044/2044
f 2043/2043/2043 2060/2060/2060 2061/2061/2061
f 2044/2044/2044 2062/2062/2062 2045/2045/2045
f 2044/2044/2044 2061/2061/2061 2062/2062/2062
f 2045/2045/2045 2063/2063/2063 2046/2046/2046
f 2045/2045/2045 2062/2062/2062 2063/2063/2063
f 2047/2047/2047 2065/2065/2065 2048/2048/2048
f 2047/2047/2047 2064/2064/2064 2065/2065/2065
f 2048/2048/2048 2066/2066/2066 2049/2049/2049
f 2048/2048/2048 2065/2065/2065 2066/2066/2066
f 2049/2049/2049 2067/2067/2067 2050/2050/2050
f 2049/2049/2049 2066/2066/2066 2067/2067/2067
f 2050/2050/2050 2068/2068/2068 2051/2051/2051
f 2050/2050/2050 2067/2067/2067 2068/2068/2068
f 2051/2051/2051 2069/2069/2069 2052/2052/2052
f 2051/2051/2051 2068/2068/2068 2069/2069/2069
f 2052/2052/2052 2070/2070/2070 2053/2053/2053
f 2052/2052/2052 2069/2069/2069 2070/2070/2070
f 2053/2053/2053 2071/2071/2071 2054/2054/2054
f 2053/2053/2053 2070/2070/2070 2071/2071/2071
f 2054/2054/2054 2072/2072/2072 2055/2055/2055
f 2054/2054/2054 2071/2071/2071 2072/2072/2072
f 2055/2055/2055 2073/2073/2073 2056/2056/2056
f 2055/2055/2055 2072/2072/2072 2073/2073/2073
f 2056/2056/2056 2074/2074/2074 2057/2057/2057
f 2056/2056/2056 2073/2073/2073 2074/2074/2074
f 2057/2057/2057 2075/2075/2075 2058/2058/2058
f 2057/2057/2057 2074/2074/2074 2075/2075/2075
f 2058/2058/2058 2076/2076/2076 2059/2059/2059
f 2058/2058/2058 2075/2075/2075 2076/2076/2076
f 2059/2059/2059 2077/2077/2077 2060/2060/2060
f 2059/2059/2059 2076/2076/2076 2077/2077/2077
f 2060/2060/2060 2078/2078/2078 2061/2061/2061
f 2060/2060/2060 2077/2077/2077 2078/2078/2078
f 2061/2061/2061 2079/2079/2079 2062/2062/2062
f 2061/2061/2061 2078/2078/2078 2079/2079/2079
f 2062/2062/2062 2080/2080/2080 2063/2063/2063
f 2062/2062/2062 2079/2079/2079 2080/2080/2080
f 2064/2064/2064 2082/2082/2082 2065/2065/2065
f 2064/2064/2064 2081/2081/2081 2082/2082/2082
f 2065/2065/2065 2083/2083/2083 2066/2066/2066
f 2065/2065/2065 2082/2082/2082 2083/2083/2083
f 2066/2066/2066 2084/2084/2084 2067/2067/2067
f 2066/2066/2066 2083/2083/2083 2084/2084/2084
f 2067/2067/2067 2085/2085/2085 2068/2068/2068
f 2067/2067/2067 2084/2084/2084 2085/2085/2085
f 2068/2068/2068 2086/2086/2086 2069/2069/2069
f 2068/2068/2068 2085/2085/2085 2086/2086/2086
f 2069/2069/2069 2087/2087/2087 2070/2070/2070
f 2069/2069/2069 2086/2086/2086 2087/2087/2087
f 2070/2070/2070 2088/2088/2088 2071/2071/2071
f 2070/2070/2070 2087/2087/2087 2088/2088/2088
f 2071/2071/2071 2089/2089/2089 2072/2072/2072
f 2071/2071/2071 2088/2088/2088 2089/2089/2089
f 2072/2072/2072 2090/2090/2090 2073/2073/2073
f 2072/2072/2072 2089/2089/2089 2090/2090/2090
f 2073/2073/2073 2091/2091/2091 2074/2074/2074
f 2073/2073/2073 2090/2090/2090 2091/2091/2091
f 2074/2074/2074 2092/2092/2092 2075/2075/2075
f 2074/2074/2074 2091/2091/2091 2092/2092/2092
f 2075/2075/2075 2093/2093/2093 2076/2076/2076
f 2075/2075/2075 2092/2092/2092 2093/2093/2093
f 2076/2076/2076 2094/2094/2094 2077/2077/2077
f 2076/2076/2076 2093/2093/2093 2094/2094/2094
f 2077/2077/2077 2095/2095/2095 2078/2078/2078
f 2077/2077/2077 2094/2094/2094 2095/2095/2095
f 2078/2078/2078 2096/2096/2096 2079/2079/2079
f 2078/2078/2078 2095/2095/2095 2096/2096/2096
f 2079/2079/2079 2097/2097/2097 2080/2080/2080
f 2079/2079/2079 2096/2096/2096 2097/2097/2097
f 2081/2081/2081 2099/2099/2099 2082/2082/2082
f 2081/2081/2081 2098/2098/2098 2099/2099/2099
f 2082/2082/2082 2100/2100/2100 2083/2083/2083
f 2082/2082/2082 2099/2099/2099 2100/2100/2100
f 2083/2083/2083 2101/2101/2101 2084/2084/2084
f 2083/2083/2083 2100/2100/2100 2101/2101/2101
f 2084/2084/2084 2102/2102/2102 2085/2085/2085
f 2084/2084/2084 2101/2101/2101 2102/2102/2102
f 2085/2085/2085 2103/2103/2103 2086/2086/2086
f 2085/2085/2085 2102/2102/2102 2103/2103/2103
f 2086/2086/2086 2104/2104/2104 2087/2087/2087
f 2086/2086/2086 2103/2103/2103 2104/2104/2104
f 2087/2087/2087 2105/2105/2105 2088/2088/2088
f 2087/2087/2087 2104/2104/2104 2105/2105/2105
f 2088/2088/2088 2106/2106/2106 2089/2089/2089
f 2088/2088/2088 2105/2105/2105 2106/2106/2106
f 2089/2089/2089 2107/2107/2107 2090/2090/2090
f 2089/2089/2089 2106/2106/2106 2107/2107/2107
f 2090/2090/2090 2108/2108/2108 2091/2091/2091
f 2090/2090/2090 2107/2107/2107 2108/2108/2108
f 2091/2091/2091 2109/2109/2109 2092/2092/2092
f 2091/2091/2091 2108/2108/2108 2109/2109/2109
f 2092/2092/2092 2110/2110/2110 2093/2093/2093
f 2092/2092/2092 2109/2109/2109 2110/2110/2110
f 2093/2093/2093 2111/2111/2111 2094/2094/2094
f 2093/2093/2093 2110/2110/2110 2111/2111/2111
f 2094/2094/2094 2112/2112/2112 2095/2095/2095
f 2094/2094/2094 2111/2111/2111 2112/2112/2112
f 2095/2095/2095 2113/2113/2113 2096/2096/2096
f 2095/2095/2095 2112/2112/2112 2113/2113/2113
f 2096/2096/2096 2114/2114/2114 2097/2097/2097
f 2096/2096/2096 2113/2113/2113 2114/2114/2114
f 2098/2098/2098 2116/2116/2116 2099/2099/2099
f 2098/2098/2098 2115/2115/2115 2116/2116/2116
f 2099/2099/2099 2117/2117/2117 2100/2100/2100
f 2099/2099/2099 2116/2116/2116 2117/2117/2117
f 2100/2100/2100 2118/2118/2118 2101/2101/2101
f 2100/2100/2100 2117/2117/2117 2118/2118/2118
f 2101/2101/2101 2119/2119/2119 2102/2102/2102
f 2101/2101/2101 2118/2118/2118 2119/2119/2119
f 2102/2102/2102 2120/2120/2120 2103/2103/2103
f 2102/2102/2102 2119/2119/2119 2120/2120/2120
f 2103/2103/2103 2121/2121/2121 2104/2104/2104
f 2103/2103/2103 2120/2120/2120 2121/2121/2121
f 2104/2104/2104 2122/2122/2122 2105/2105/2105
f 2104/2104/2104 2121/2121/2121 2122/2122/2122
f 2105/2105/2105 2123/2123/2123 2106/2106/2106
f 2105/2105/2105 2122/2122/2122 2123/2123/2123
f 2106/2106/2106 2124/2124/2124 2107/2107/2107
f 2106/2106/2106 2123/2123/2123 2124/2124/2124
f 2107/2107/2107 2125/2125/2125 2108/2108/2108
f 2107/2107/2107 2124/2124/2124 2125/2125/2125
f 2108/2108/2108 2126/2126/2126 2109/2109/2109
f 2108/2108/2108 2125/2125/2125 2126/2126/2126
f 2109/2109/2109 2127/2127/2127 2110/2110/2110
f 2109/2109/2109 2126/2126/2126 2127/2127/2127
f 2110/2110/2110 2128/2128/2128 2111/2111/2111
f 2110/2110/2110 2127/2127/2127 2128/2128/2128
f 2111/2111/2111 2129/2129/2129 2112/2112/2112
f 2111/2111/2111 2128/2128/2128 2129/2129/2129
f 2112/2112/2112 2130/2130/2130 2113/2113/2113
f 2112/2112/2112 2129/2129/2129 2130/2130/2130
f 2113/2113/2113 2131/2131/2131 2114/2114/2114
f 2113/2113/2113 2130/2130/2130 2131/2131/2131
f 2115/2115/2115 2132/2132/2132 2116/2116/2116
f 2116/2116/2116 2133/2133/2133 2117/2117/2117
f 2117/2117/2117 2134/2134/2134 2118/2118/2118
f 2118/2118/2118 2135/2135/2135 2119/2119/2119
f 2119/2119/2119 2136/2136/2136 2120/2120/2120
f 2120/2120/2120 2137/2137/2137 2121/2121/2121
f 2121/2121/2121 2138/2138/2138 2122/2122/2122
f 2122/2122/2122 2139/2139/2139 2123/2123/2123
f 2123/2123/2123 2140/2140/2140 2124/2124/2124
f 2124/2124/2124 2141/2141/2141 2125/2125/2125
f 2125/2125/2125 2142/2142/2142 2126/2126/2126
f 2126/2126/2126 2143/2143/2143 2127/2127/2127
f 2127/2127/2127 2144/2144/2144 2128/2128/2128
f 2128/2128/2128 2145/2145/2145 2129/2129/2129
f 2129/2129/2129 2146/2146/2146 2130/2130/2130
f 2130/2130/2130 2147/2147/2147 2131/2131/2131
f 2266/2266/2266 2284/2284/2284 2283/2283/2283
f 2267/2267/2267 2285/2285/2285 2284/2284/2284
f 2268/2268/2268 2286/2286/2286 2285/2285/2285
f 2269/2269/2269 2287/2287/2287 2286/2286/2286
f 2270/2270/2270 2288/2288/2288 2287/2287/2287
f 2271/2271/2271 2289/2289/2289 2288/2288/2288
f 2272/2272/2272 2290/2290/2290 2289/2289/2289
f 2273/2273/2273 2291/2291/2291 2290/2290/2290
f 2274/2274/2274 2292/2292/2292 2291/2291/2291
f 2275/2275/2275 2293/2293/2293 2292/2292/2292
f 2276/2276/2276 2294/2294/2294 2293/2293/2293
f 2277/2277/2277 2295/2295/2295 2294/2294/2294
f 2278/2278/2278 2296/2296/2296 2295/2295/2295
f 2279/2279/2279 2297/2297/2297 2296/2296/2296
f 2280/2280/2280 2298/2298/2298 2297/2297/2297
f 2281/2281/2281 2299/2299/2299 2298/2298/2298
f 2283/2283/2283 2301/2301/2301 2284/2284/2284
f 2283/2283/2283 2300/2300/2300 2301/2301/2301
f 2284/2284/2284 2302/2302/2302 2285/2285/2285
f 2284/2284/2284 2301/2301/2301 2302/2302/2302
f 2285/2285/2285 2303/2303/2303 2286/2286/2286
f 2285/2285/2285 2302/2302/2302 2303/2303/2303
f 2286/2286/2286 2304/2304/2304 2287/2287/2287
f 2286/2286/2286 2303/2303/2303 2304/2304/2304
f 2287/2287/2287 2305/2305/2305 2288/2288/2288
f 2287/2287/2287 2304/2304/2304 2305/2305/2305
f 2288/2288/2288 2306/2306/2306 2289/2289/2289
f 2288/2288/2288 2305/2305/2305 2306/2306/2306
f 2289/2289/2289 2307/2307/2307 2290/2290/2290
f 2289/2289/2289 2306/2306/2306 2307/2307/2307
f 2290/2290/2290 2308/2308/2308 2291/2291/2291
f 2290/2290/2290 2307/2307/2307 2308/2308/2308
f 2291/2291/2291 2309/2309/2309 2292/2292/2292
f 2291/2291/2291 2308/2308/2308 2309/2309/2309
f 2292/2292/2292 2310/2310/2310 2293/2293/2293
f 2292/2292/2292 2309/2309/2309 2310/2310/2310
f 2293/2293/2293 2311/2311/2311 2294/2294/2294
f 2293/2293/2293 2310/2310/2310 2311/2311/2311
f 2294/2294/2294 2312/2312/2312 2295/2295/2295
f 2294/2294/2294 2311/2311/2311 2312/2312/2312
f 2295/2295/2295 2313/2313/2313 2296/2296/2296
f 2295/2295/2295 2312/2312/2312 2313/2313/2313
f 2296/2296/2296 2314/2314/2314 2297/2297/2297
f 2296/2296/2296 2313/2313/2313 2314/2314/2314
f 2297/2297/2297 2315/2315/2315 2298/2298/2298
f 2297/2297/2297 2314/2314/2314 2315/2315/2315
f 2298/2298/2298 2316/2316/2316 2299/2299/2299
f 2298/2298/2298 2315/2315/2315 2316/2316/2316
f 2300/2300/2300 2318/2318/2318 2301/2301/2301
f 2300/2300/2300 2317/2317/2317 2318/2318/2318
f 2301/2301/2301 2319/2319/2319 2302/2302/2302
f 2301/2301/2301 2318/2318/2318 2319/2319/2319
f 2302/2302/2302 2320/2320/2320 2303/2303/2303
f 2302/2302/2302 2319/2319/2319 2320/2320/2320
f 2303/2303/2303 2321/2321/2321 2304/2304/2304
f 2303/2303/2303 2320/2320/2320 2321/2321/2321
f 2304/2304/2304 2322/2322/2322 2305/2305/2305
f 2304/2304/2304 2321/2321/2321 2322/2322/2322
f 2305/2305/2305 2323/2323/2323 2306/2306/2306
f 2305/2305/2305 2322/2322/2322 2323/2323/2323
f 2306/2306/2306 2324/2324/2324 2307/2307/2307
f 2306/2306/2306 2323/2323/2323 2324/2324/2324
f 2307/2307/2307 2325/2325/2325 2308/2308/2308
f 2307/2307/2307 2324/2324/2324 2325/2325/2325
f 2308/2308/2308 2326/2326/2326 2309/2309/2309
f 2308/2308/2308 2325/2325/2325 2326/2326/2326
f 2309/2309/2309 2327/2327/2327 2310/2310/2310
f 2309/2309/2309 2326/2326/2326 2327/2327/2327
f 2310/2310/2310 2328/2328/2328 2311/2311/2311
f 2310/2310/2310 2327/2327/2327 2328/2328/2328
f 2311/2311/2311 2329/2329/2329 2312/2312/2312
f 2311/2311/2311 2328/2328/2328 2329/2329/2329
f 2312/2312/2312 2330/2330/2330 2313/2313/2313
f 2312/2312/2312 2329/2329/2329 2330/2330/2330
f 2313/2313/2313 2331/2331/2331 2314/2314/2314
f 2313/2313/2313 2330/2330/2330 2331/2331/2331
f 2314/2314/2314 2332/2332/2332 2315/2315/2315
f 2314/2314/2314 2331/2331/2331 2332/2332/2332
f 2315/2315/2315 2333/2333/2333 2316/2316/2316
f 2315/2315/2315 2332/2332/2332 2333/2333/2333
f 2317/2317/2317 2335/2335/2335 2318/2318/2318
f 2317/2317/2317 2334/2334/2334 2335/2335/2335
f 2318/2318/2318 2336/2336/2336 2319/2319/2319
f 2318/2318/2318 2335/2335/2335 2336/2336/2336
f 2319/2319/2319 2337/2337/2337 2320/2320/2320
f 2319/2319/2319 2336/2336/2336 2337/2337/2337
f 2320/2320/2320 2338/2338/2338 2321/2321/2321
f 2320/2320/2320 2337/2337/2337 2338/2338/2338
f 2321/2321/2321 2339/2339/2339 2322/2322/2322
f 2321/2321/2321 2338/2338/2338 2339/2339/2339
f 2322/2322/2322 2340/2340/2340 2323/2323/2323
f 2322/2322/2322 2339/2339/2339 2340/2340/2340
f 2323/2323/2323 2341/2341/2341 2324/2324/2324
f 2323/2323/2323 2340/2340/2340 2341/2341/2341
f 2324/2324/2324 2342/2342/2342 2325/2325/2325
f 2324/2324/2324 2341/2341/2341 2342/2342/2342
f 2325/2325/2325 2343/2343/2343 2326/2326/2326
f 2325/2325/2325 2342/2342/2342 2343/2343/2343
f 2326/2326/2326 2344/2344/2344 2327/2327/2327
f 2326/2326/2326 2343/2343/2343 2344/2344/2344
f 2327/2327/2327 2345/2345/2345 2328/2328/2328
f 2327/2327/2327 2344/2344/2344 2345/2345/2345
f 2328/2328/2328 2346/2346/2346 2329/2329/2329
f 2328/2328/2328 2345/2345/2345 2346/2346/2346
f 2329/2329/2329 2347/2347/2347 2330/2330/2330
f 2329/2329/2329 2346/2346/2346 2347/2347/2347
f 2330/2330/2330 2348/2348/2348 2331/2331/2331
f 2330/2330/2330 2347/2347/2347 2348/2348/2348
f 2331/2331/2331 2349/2349/2349 2332/2332/2332
f 2331/2331/2331 2348/2348/2348 2349/2349/2349
f 2332/2332/2332 2350/2350/2350 2333/2333/2333
f 2332/2332/2332 2349/2349/2349 2350/2350/2350
f 2334/2334/2334 2352/2352/2352 2335/2335/2335
f 2334/2334/2334 2351/2351/2351 2352/2352/2352
f 2335/2335/2335 2353/2353/2353 2336/2336/2336
f 2335/2335/2335 2352/2352/2352 2353/2353/2353
f 2336/2336/2336 2354/2354/2354 2337/2337/2337
f 2336/2336/2336 2353/2353/2353 2354/2354/2354
f 2337/2337/2337 2355/2355/2355 2338/2338/2338
f 2337/2337/2337 2354/2354/2354 2355/2355/2355
f 2338/2338/2338 2356/2356/2356 2339/2339/2339
f 2338/2338/2338 2355/2355/2355 2356/2356/2356
f 2339/2339/2339 2357/2357/2357 2340/2340/2340
f 2339/2339/2339 2356/2356/2356 2357/2357/2357
f 2340/2340/2340 2358/2358/2358 2341/2341/2341
f 2340/2340/2340 2357/2357/2357 2358/2358/2358
f 2341/2341/2341 2359/2359/2359 2342/2342/2342
f 2341/2341/2341 2358/2358/2358 2359/2359/2359
f 2342/2342/2342 2360/2360/2360 2343/2343/2343
f 2342/2342/2342 2359/2359/2359 2360/2360/2360
f 2343/2343/2343 2361/2361/2361 2344/2344/2344
f 2343/2343/2343 2360/2360/2360 2361/2361/2361
f 2344/2344/2344 2362/2362/2362 2345/2345/2345
f 2344/2344/2344 2361/2361/2361 2362/2362/2362
f 2345/2345/2345 2363/2363/2363 2346/2346/2346
f 2345/2345/2345 2362/2362/2362 2363/2363/2363
f 2346/2346/2346 2364/2364/2364 2347/2347/2347
f 2346/2346/2346 2363/2363/2363 2364/2364/2364
f 2347/2347/2347 2365/2365/2365 2348/2348/2348
f 2347/2347/2347 2364/2364/2364 2365/2365/2365
f 2348/2348/2348 2366/2366/2366 2349/2349/2349
f 2348/2348/2348 2365/2365/2365 2366/2366/2366
f 2349/2349/2349 2367/2367/2367 2350/2350/2350
f 2349/2349/2349 2366/2366/2366 2367/2367/2367
f 2351/2351/2351 2369/2369/2369 2352/2352/2352
f 2351/2351/2351 2368/2368/2368 2369/2369/2369
f 2352/2352/2352 2370/2370/2370 2353/2353/2353
f 2352/2352/2352 2369/2369/2369 2370/2370/2370
f 2353/2353/2353 2371/2371/2371 2354/2354/2354
f 2353/2353/2353 2370/2370/2370 2371/2371/2371
f 2354/2354/2354 2372/2372/2372 2355/2355/2355
f 2354/2354/2354 2371/2371/2371 2372/2372/2372
f 2355/2355/2355 2373/2373/2373 2356/2356/2356
f 2355/2355/2355 2372/2372/2372 2373/2373/2373
f 2356/2356/2356 2374/2374/2374 2357/2357/2357
f 2356/2356/2356 2373/2373/2373 2374/2374/2374
f 2357/2357/2357 2375/2375/2375 2358/2358/2358
f 2357/2357/2357 2374/2374/2374 2375/2375/2375
f 2358/2358/2358 2376/2376/2376 2359/2359/2359
f 2358/2358/2358 2375/2375/2375 2376/2376/2376
f 2359/2359/2359 2377/2377/2377 2360/2360/2360
f 2359/2359/2359 2376/2376/2376 2377/2377/2377
f 2360/2360/2360 2378/2378/2378 2361/2361/2361
f 2360/2360/2360 2377/2377/2377 2378/2378/2378
f 2361/2361/2361 2379/2379/2379 2362/2362/2362
f 2361/2361/2361 2378/2378/2378 2379/2379/2379
f 2362/2362/2362 2380/2380/2380 2363/2363/2363
f 2362/2362/2362 2379/2379/2379 2380/2380/2380
f 2363/2363/2363 2381/2381/2381 2364/2364/2364
f 2363/2363/2363 2380/2380/2380 2381/2381/2381
f 2364/2364/2364 2382/2382/2382 2365/2365/2365
f 2364/2364/2364 2381/2381/2381 2382/2382/2382
f 2365/2365/2365 2383/2383/2383 2366/2366/2366
f 2365/2365/2365 2382/2382/2382 2383/2383/2383
f 2366/2366/2366 2384/2384/2384 2367/2367/2367
f 2366/2366/2366 2383/2383/2383 2384/2384/2384
f 2368/2368/2368 2386/2386/2386 2369/2369/2369
f 2368/2368/2368 2385/2385/2385 2386/2386/2386
f 2369/2369/2369 2387/2387/2387 2370/2370/2370
f 2369/2369/2369 2386/2386/2386 2387/2387/2387
f 2370/2370/2370 2388/2388/2388 2371/2371/2371
f 2370/2370/2370 2387/2387/2387 2388/2388/2388
f 2371/2371/2371 2389/2389/2389 2372/2372/2372
f 2371/2371/2371 2388/2388/2388 2389/2389/2389
f 2372/2372/2372 2390/2390/2390 2373/2373/2373
f 2372/2372/2372 2389/2389/2389 2390/2390/2390
f 2373/2373/2373 2391/2391/2391 2374/2374/2374
f 2373/2373/2373 2390/2390/2390 2391/2391/2391
f 2374/2374/2374 2392/2392/2392 2375/2375/2375
f 2374/2374/2374 2391/2391/2391 2392/2392/2392
f 2375/2375/2375 2393/2393/2393 2376/2376/2376
f 2375/2375/2375 2392/2392/2392 2393/2393/2393
f 2376/2376/2376 2394/2394/2394 2377/2377/2377
f 2376/2376/2376 2393/2393/2393 2394/2394/2394
f 2377/2377/2377 2395/2395/2395 2378/2378/2378
f 2377/2377/2377 2394/2394/2394 2395/2395/2395
f 2378/2378/2378 2396/2396/2396 2379/2379/2379
f 2378/2378/2378 2395/2395/2395 2396/2396/2396
f 2379/2379/2379 2397/2397/2397 2380/2380/2380
f 2379/2379/2379 2396/2396/2396 2397/2397/2397
f 2380/2380/2380 2398/2398/2398 2381/2381/2381
f 2380/2380/2380 2397/2397/2397 2398/2398/2398
f 2381/2381/2381 2399/2399/2399 2382/2382/2382
f 2381/2381/2381 2398/2398/2398 2399/2399/2399
f 2382/2382/2382 2400/2400/2400 2383/2383/2383
f 2382/2382/2382 2399/2399/2399 2400/2400/2400
f 2383/2383/2383 2401/2401/2401 2384/2384/2384
f 2383/2383/2383 2400/2400/2400 2401/2401/2401
f 2385/2385/2385 2403/2403/2403 2386/2386/2386
f 2385/2385/2385 2402/2402/2402 2403/2403/2403
f 2386/2386/2386 2404/2404/2404 2387/2387/2387
f 2386/2386/2386 2403/2403/2403 2404/2404/2404
f 2387/2387/2387 2405/2405/2405 2388/2388/2388
f 2387/2387/2387 2404/2404/2404 2405/2405/2405
f 2388/2388/2388 2406/2406/2406 2389/2389/2389
f 2388/2388/2388 2405/2405/2405 2406/2406/2406
f 2389/2389/2389 2407/2407/2407 2390/2390/2390
f 2389/2389/2389 2406/2406/2406 2407/2407/2407
f 2390/2390/2390 2408/2408/2408 2391/2391/2391
f 2390/2390/2390 2407/2407/2407 2408/2408/2408
f 2391/2391/2391 2409/2409/2409 2392/2392/2392
f 2391/2391/2391 2408/2408/2408 2409/2409/2409
f 2392/2392/2392 2410/2410/2410 2393/2393/2393
f 2392/2392/2392 2409/2409/2409 2410/2410/2410
f 2393/2393/2393 2411/2411/2411 2394/2394/2394
f 2393/2393/2393 2410/2410/2410 2411/2411/2411
f 2394/2394/2394 2412/2412/2412 2395/2395/2395
f 2394/2394/2394 2411/2411/2411 2412/2412/2412
f 2395/2395/2395 2413/2413/2413 2396/2396/2396
f 2395/2395/2395 2412/2412/2412 2413/2413/2413
f 2396/2396/2396 2414/2414/2414 2397/2397/2397
f 2396/2396/2396 2413/2413/2413 2414/2414/2414
f 2397/2397/2397 2415/2415/2415 2398/2398/2398
f 2397/2397/2397 2414/2414/2414 2415/2415/2415
f 2398/2398/2398 2416/2416/2416 2399/2399/2399
f 2398/2398/2398 2415/2415/2415 2416/2416/2416
f 2399/2399/2399 2417/2417/2417 2400/2400/2400
f 2399/2399/2399 2416/2416/2416 2417/2417/2417
f 2400/2400/2400 2418/2418/2418 2401/2401/2401
f 2400/2400/2400 2417/2417/2417 2418/2418/2418
f 2402/2402/2402 2420/2420/2420 2403/2403/2403
f 2402/2402/2402 2419/2419/2419 2420/2420/2420
f 2403/2403/2403 2421/2421/2421 2404/2404/2404
f 2403/2403/2403 2420/2420/2420 2421/2421/2421
f 2404/2404/2404 2422/2422/2422 2405/2405/2405
f 2404/2404/2404 2421/2421/2421 2422/2422/2422
f 2405/2405/2405 2423/2423/2423 2406/2406/2406
f 2405/2405/2405 2422/2422/2422 2423/2423/2423
f 2406/2406/2406 2424/2424/2424 2407/2407/2407
f 2406/2406/2406 2423/2423/2423 2424/2424/2424
f 2407/2407/2407 2425/2425/2425 2408/2408/2408
f 2407/2407/2407 2424/2424/2424 2425/2425/2425
f 2408/2408/2408 2426/2426/2426 2409/2409/2409
f 2408/2408/2408 2425/2425/2425 2426/2426/2426
f 2409/2409/2409 2427/2427/2427 2410/2410/2410
f 2409/2409/2409 2426/2426/2426 2427/2427/2427
f 2410/2410/2410 2428/2428/2428 2411/2411/2411
f 2410/2410/2410 2427/2427/2427 2428/2428/2428
f 2411/2411/2411 2429/2429/2429 2412/2412/2412
f 2411/2411/2411 2428/2428/2428 2429/2429/2429
f 2412/2412/2412 2430/2430/2430 2413/2413/2413
f 2412/2412/2412 2429/2429/2429 2430/2430/2430
f 2413/2413/2413 2431/2431/2431 2414/2414/2414
f 2413/2413/2413 2430/2430/2430 2431/2431/2431
f 2414/2414/2414 2432/2432/2432 2415/2415/2415
f 2414/2414/2414 2431/2431/2431 2432/2432/2432
f 2415/2415/2415 2433/2433/2433 2416/2416/2416
f 2415/2415/2415 2432/2432/2432 2433/2433/2433
f 2416/2416/2416 2434/2434/2434 2417/2417/2417
f 2416/2416/2416 2433/2433/2433 2434/2434/2434
f 2417/2417/2417 2435/2435/2435 2418/2418/2418
f 2417/2417/2417 2434/2434/2434 2435/2435/2435
f 2419/2419/2419 2437/2437/2437 2420/2420/2420
f 2419/2419/2419 2436/2436/2436 2437/2437/2437
f 2420/2420/2420 2438/2438/2438 2421/2421/2421
f 2420/2420/2420 2437/2437/2437 2438/2438/2438
f 2421/2421/2421 2439/2439/2439 2422/2422/2422
f 2421/2421/2421 2438/2438/2438 2439/2439/2439
f 2422/2422/2422 2440/2440/2440 2423/2423/2423
f 2422/2422/2422 2439/2439/2439 2440/2440/2440
f 2423/2423/2423 2441/2441/2441 2424/2424/2424
f 2423/2423/2423 2440/2440/2440 2441/2441/2441
f 2424/2424/2424 2442/2442/2442 2425/2425/2425
f 2424/2424/2424 2441/2441/2441 2442/2442/2442
f 2425/2425/2425 2443/2443/2443 2426/2426/2426
f 2425/2425/2425 2442/2442/2442 2443/2443/2443
f 2426/2426/2426 2444/2444/2444 2427/2427/2427
f 2426/2426/2426 2443/2443/2443 2444/2444/2444
f 2427/2427/2427 2445/2445/2445 2428/2428/2428
f 2427/2427/2427 2444/2444/2444 2445/2445/2445
f 2428/2428/2428 2446/2446/2446 2429/2429/2429
f 2428/2428/2428 2445/2445/2445 2446/2446/2446
f 2429/2429/2429 2447/2447/2447 2430/2430/2430
f 2429/2429/2429 2446/2446/2446 2447/2447/2447
f 2430/2430/2430 2448/2448/2448 2431/2431/2431
f 2430/2430/2430 2447/2447/2447 2448/2448/2448
f 2431/2431/2431 2449/2449/2449 2432/2432/2432
f 2431/2431/2431 2448/2448/2448 2449/2449/2449
f 2432/2432/2432 2450/2450/2450 2433/2433/2433
f 2432/2432/2432 2449/2449/2449 2450/2450/2450
f 2433/2433/2433 2451/2451/2451 2434/2434/2434
f 2433/2433/2433 2450/2450/2450 2451/2451/2451
f 2434/2434/2434 2452/2452/2452 2435/2435/2435
f 2434/2434/2434 2451/2451/2451 2452/2452/2452
f 2436/2436/2436 2454/2454/2454 2437/2437/2437
f 2436/2436/2436 2453/2453/2453 2454/2454/2454
f 2437/2437/2437 2455/2455/2455 2438/2438/2438
f 2437/2437/2437 2454/2454/2454 2455/2455/2455
f 2438/2438/2438 2456/2456/2456 2439/2439/2439
f 2438/2438/2438 2455/2455/2455 2456/2456/2456
f 2439/2439/2439 2457/2457/2457 2440/2440/2440
f 2439/2439/2439 2456/2456/2456 2457/2457/2457
f 2440/2440/2440 2458/2458/2458 2441/2441/2441
f 2440/2440/2440 2457/2457/2457 2458/2458/2458
f 2441/2441/2441 2459/2459/2459 2442/2442/2442
f 2441/2441/2441 2458/2458/2458 2459/2459/2459
f 2442/2442/2442 2460/2460/2460 2443/2443/2443
f 2442/2442/2442 2459/2459/2459 2460/2460/2460
f 2443/2443/2443 2461/2461/2461 2444/2444/2444
f 2443/2443/2443 2460/2460/2460 2461/2461/2461
f 2444/2444/2444 2462/2462/2462 2445/2445/2445
f 2444/2444/2444 2461/2461/2461 2462/2462/2462
f 2445/2445/2445 2463/2463/2463 2446/2446/2446
f 2445/2445/2445 2462/2462/2462 2463/2463/2463
f 2446/2446/2446 2464/2464/2464 2447/2447/2447
f 2446/2446/2446 2463/2463/2463 2464/2464/2464
f 2447/2447/2447 2465/2465/2465 2448/2448/2448
f 2447/2447/2447 2464/2464/2464 2465/2465/2465
f 2448/2448/2448 2466/2466/2466 2449/2449/2449
f 2448/2448/2448 2465/2465/2465 2466/2466/2466
f 2449/2449/2449 2467/2467/2467 2450/2450/2450
f 2449/2449/2449 2466/2466/2466 2467/2467/2467
f 2450/2450/2450 2468/2468/2468 2451/2451/2451
f 2450/2450/2450 2467/2467/2467 2468/2468/2468
f 2451/2451/2451 2469/2469/2469 2452/2452/2452
f 2451/2451/2451 2468/2468/2468 2469/2469/2469
f 2453/2453/2453 2470/2470/2470 2454/2454/2454
f 2454/2454/2454 2471/2471/2471 2455/2455/2455
f 2455/2455/2455 2472/2472/2472 2456/2456/2456
f 2456/2456/2456 2473/2473/2473 2457/2457/2457
f 2457/2457/2457 2474/2474/2474 2458/2458/2458
f 2458/2458/2458 2475/2475/2475 2459/2459/2459
f 2459/2459/2459 2476/2476/2476 2460/2460/2460
f 2460/2460/2460 2477/2477/2477 2461/2461/2461
f 2461/2461/2461 2478/2478/2478 2462/2462/2462
f 2462/2462/2462 2479/2479/2479 2463/2463/2463
f 2463/2463/2463 2480/2480/2480 2464/2464/2464
f 2464/2464/2464 2481/2481/2481 2465/2465/2465
f 2465/2465/2465 2482/2482/2482 2466/2466/2466
f 2466/2466/2466 2483/2483/2483 2467/2467/2467
f 2467/2467/2467 2484/2484/2484 2468/2468/2468
f 2468/2468/2468 2485/2485/2485 2469/2469/2469
g eye_dark
usemtl eye_dark
f 2149/2149/2149 2163/2163/2163 2162/2162/2162
f 2150/2150/2150 2164/2164/2164 2163/2163/2163
f 2151/2151/2151 2165/2165/2165 2164/2164/2164
f 2152/2152/2152 2166/2166/2166 2165/2165/2165
f 2153/2153/2153 2167/2167/2167 2166/2166/2166
f 2154/2154/2154 2168/2168/2168 2167/2167/2167
f 2155/2155/2155 2169/2169/2169 2168/2168/2168
f 2156/2156/2156 2170/2170/2170 2169/2169/2169
f 2157/2157/2157 2171/2171/2171 2170/2170/2170
f 2158/2158/2158 2172/2172/2172 2171/2171/2171
f 2159/2159/2159 2173/2173/2173 2172/2172/2172
f 2160/2160/2160 2174/2174/2174 2173/2173/2173
f 2162/2162/2162 2176/2176/2176 2163/2163/2163
f 2162/2162/2162 2175/2175/2175 2176/2176/2176
f 2163/2163/2163 2177/2177/2177 2164/2164/2164
f 2163/2163/2163 2176/2176/2176 2177/2177/2177
f 2164/2164/2164 2178/2178/2178 2165/2165/2165
f 2164/2164/2164 2177/2177/2177 2178/2178/2178
f 2165/2165/2165 2179/2179/2179 2166/2166/2166
f 2165/2165/2165 2178/2178/2178 2179/2179/2179
f 2166/2166/2166 2180/2180/2180 2167/2167/2167
f 2166/2166/2166 2179/2179/2179 2180/2180/2180
f 2167/2167/2167 2181/2181/2181 2168/2168/2168
f 2167/2167/2167 2180/2180/2180 2181/2181/2181
f 2168/2168/2168 2182/2182/2182 2169/2169/2169
f 2168/2168/2168 2181/2181/2181 2182/2182/2182
f 2169/2169/2169 2183/2183/2183 2170/2170/2170
f 2169/2169/2169 2182/2182/2182 2183/2183/2183
f 2170/2170/2170 2184/2184/2184 2171/2171/2171
f 2170/2170/2170 2183/2183/2183 2184/2184/2184
f 2171/2171/2171 2185/2185/2185 2172/2172/2172
f 2171/2171/2171 2184/2184/2184 2185/2185/2185
f 2172/2172/2172 2186/2186/2186 2173/2173/2173
f 2172/2172/2172 2185/2185/2185 2186/2186/2186
f 2173/2173/2173 2187/2187/2187 2174/2174/2174
f 2173/2173/2173 2186/2186/2186 2187/2187/2187
f 2175/2175/2175 2189/2189/2189 2176/2176/2176
f 2175/2175/2175 2188/2188/2188 2189/2189/2189
f 2176/2176/2176 2190/2190/2190 2177/2177/2177
f 2176/2176/2176 2189/2189/2189 2190/2190/2190
f 2177/2177/2177 2191/2191/2191 2178/2178/2178
f 2177/2177/2177 2190/2190/2190 2191/2191/2191
f 2178/2178/2178 2192/2192/2192 2179/2179/2179
f 2178/2178/2178 2191/2191/2191 2192/2192/2192
f 2179/2179/2179 2193/2193/2193 2180/2180/2180
f 2179/2179/2179 2192/2192/2192 2193/2193/2193
f 2180/2180/2180 2194/2194/2194 2181/2181/2181
f 2180/2180/2180 2193/2193/2193 2194/2194/2194
f 2181/2181/2181 2195/2195/2195 2182/2182/2182
f 2181/2181/2181 2194/2194/2194 2195/2195/2195
f 2182/2182/2182 2196/2196/2196 2183/2183/2183
f 2182/2182/2182 2195/2195/2195 2196/2196/2196
f 2183/2183/2183 2197/2197/2197 2184/2184/2184
f 2183/2183/2183 2196/2196/2196 2197/2197/2197
f 2184/2184/2184 2198/2198/2198 2185/2185/2185
f 2184/2184/2184 2197/2197/2197 2198/2198/2198
f 2185/2185/2185 2199/2199/2199 2186/2186/2186
f 2185/2185/2185 2198/2198/2198 2199/2199/2199
f 2186/2186/2186 2200/2200/2200 2187/2187/2187
f 2186/2186/2186 2199/2199/2199 2200/2200/2200
f 2188/2188/2188 2202/2202/2202 2189/2189/2189
f 2188/2188/2188 2201/2201/2201 2202/2202/2202
f 2189/2189/2189 2203/2203/2203 2190/2190/2190
f 2189/2189/2189 2202/2202/2202 2203/2203/2203
f 2190/2190/2190 2204/2204/2204 2191/2191/2191
f 2190/2190/2190 2203/2203/2203 2204/2204/2204
f 2191/2191/2191 2205/2205/2205 2192/2192/2192
f 2191/2191/2191 2204/2204/2204 2205/2205/2205
f 2192/2192/2192 2206/2206/2206 2193/2193/2193
f 2192/2192/2192 2205/2205/2205 2206/2206/2206
f 2193/2193/2193 2207/2207/2207 2194/2194/2194
f 2193/2193/2193 2206/2206/2206 2207/2207/2207
f 2194/2194/2194 2208/2208/2208 2195/2195/2195
f 2194/2194/2194 2207/2207/2207 2208/2208/2208
f 2195/2195/2195 2209/2209/2209 2196/2196/2196
f 2195/2195/2195 2208/2208/2208 2209/2209/2209
f 2196/2196/2196 2210/2210/2210 2197/2197/2197
f 2196/2196/2196 2209/2209/2209 2210/2210/2210
f 2197/2197/2197 2211/2211/2211 2198/2198/2198
f 2197/2197/2197 2210/2210/2210 2211/2211/2211
f 2198/2198/2198 2212/2212/2212 2199/2199/2199
f 2198/2198/2198 2211/2211/2211 2212/2212/2212
f 2199/2199/2199 2213/2213/2213 2200/2200/2200
f 2199/2199/2199 2212/2212/2212 2213/2213/2213
f 2201/2201/2201 2215/2215/2215 2202/2202/2202
f 2201/2201/2201 2214/2214/2214 2215/2215/2215
f 2202/2202/2202 2216/2216/2216 2203/2203/2203
f 2202/2202/2202 2215/2215/2215 2216/2216/2216
f 2203/2203/2203 2217/2217/2217 2204/2204/2204
f 2203/2203/2203 2216/2216/2216 2217/2217/2217
f 2204/2204/2204 2218/2218/2218 2205/2205/2205
f 2204/2204/2204 2217/2217/2217 2218/2218/2218
f 2205/2205/2205 2219/2219/2219 2206/2206/2206
f 2205/2205/2205 2218/2218/2218 2219/2219/2219
f 2206/2206/2206 2220/2220/2220 2207/2207/2207
f 2206/2206/2206 2219/2219/2219 2220/2220/2220
f 2207/2207/2207 2221/2221/2221 2208/2208/2208
f 2207/2207/2207 2220/2220/2220 2221/2221/2221
f 2208/2208/2208 2222/2222/2222 2209/2209/2209
f 2208/2208/2208 2221/2221/2221 2222/2222/2222
f 2209/2209/2209 2223/2223/2223 2210/2210/2210
f 2209/2209/2209 2222/2222/2222 2223/2223/2223
f 2210/2210/2210 2224/2224/2224 2211/2211/2211
f 2210/2210/2210 2223/2223/2223 2224/2224/2224
f 2211/2211/2211 2225/2225/2225 2212/2212/2212
f 2211/2211/2211 2224/2224/2224 2225/2225/2225
f 2212/2212/2212 2226/2226/2226 2213/2213/2213
f 2212/2212/2212 2225/2225/2225 2226/2226/2226
f 2214/2214/2214 2228/2228/2228 2215/2215/2215
f 2214/2214/2214 2227/2227/2227 2228/2228/2228
f 2215/2215/2215 2229/2229/2229 2216/2216/2216
f 2215/2215/2215 2228/2228/2228 2229/2229/2229
f 2216/2216/2216 2230/2230/2230 2217/2217/2217
f 2216/2216/2216 2229/2229/2229 2230/2230/2230
f 2217/2217/2217 2231/2231/2231 2218/2218/2218
f 2217/2217/2217 2230/2230/2230 2231/2231/2231
f 2218/2218/2218 2232/2232/2232 2219/2219/2219
f 2218/2218/2218 2231/2231/2231 2232/2232/2232
f 2219/2219/2219 2233/2233/2233 2220/2220/2220
f 2219/2219/2219 2232/2232/2232 2233/2233/2233
f 2220/2220/2220 2234/2234/2234 2221/2221/2221
f 2220/2220/2220 2233/2233/2233 2234/2234/2234
f 2221/2221/2221 2235/2235/2235 2222/2222/2222
f 2221/2221/2221 2234/2234/2234 2235/2235/2235
f 2222/2222/2222 2236/2236/2236 2223/2223/2223
f 2222/2222/2222 2235/2235/2235 2236/2236/2236
f 2223/2223/2223 2237/2237/2237 2224/2224/2224
f 2223/2223/2223 2236/2236/2236 2237/2237/2237
f 2224/2224/2224 2238/2238/2238 2225/2225/2225
f 2224/2224/2224 2237/2237/2237 2238/2238/2238
f 2225/2225/2225 2239/2239/2239 2226/2226/2226
f 2225/2225/2225 2238/2238/2238 2239/2239/2239
f 2227/2227/2227 2241/2241/2241 2228/2228/2228
f 2227/2227/2227 2240/2240/2240 2241/2241/2241
f 2228/2228/2228 2242/2242/2242 2229/2229/2229
f 2228/2228/2228 2241/2241/2241 2242/2242/2242
f 2229/2229/2229 2243/2243/2243 2230/2230/2230
f 2229/2229/2229 2242/2242/2242 2243/2243/2243
f 2230/2230/2230 2244/2244/2244 2231/2231/2231
f 2230/2230/2230 2243/2243/2243 2244/2244/2244
f 2231/2231/2231 2245/2245/2245 2232/2232/2232
f 2231/2231/2231 2244/2244/2244 2245/2245/2245
f 2232/2232/2232 2246/2246/2246 2233/2233/2233
f 2232/2232/2232 2245/2245/2245 2246/2246/2246
f 2233/2233/2233 2247/2247/2247 2234/2234/2234
f 2233/2233/2233 2246/2246/2246 2247/2247/2247
f 2234/2234/2234 2248/2248/2248 2235/2235/2235
f 2234/2234/2234 2247/2247/2247 2248/2248/2248
f 2235/2235/2235 2249/2249/2249 2236/2236/2236
f 2235/2235/2235 2248/2248/2248 2249/2249/2249
f 2236/2236/2236 2250/2250/2250 2237/2237/2237
f 2236/2236/2236 2249/2249/2249 2250/2250/2250
f 2237/2237/2237 2251/2251/2251 2238/2238/2238
f 2237/2237/2237 2250/2250/2250 2251/2251/2251
f 2238/2238/2238 2252/2252/2252 2239/2239/2239
f 2238/2238/2238 2251/2251/2251 2252/2252/2252
f 2240/2240/2240 2253/2253/2253 2241/2241/2241
f 2241/2241/2241 2254/2254/2254 2242/2242/2242
f 2242/2242/2242 2255/2255/2255 2243/2243/2243
f 2243/2243/2243 2256/2256/2256 2244/2244/2244
f 2244/2244/2244 2257/2257/2257 2245/2245/2245
f 2245/2245/2245 2258/2258/2258 2246/2246/2246
f 2246/2246/2246 2259/2259/2259 2247/2247/2247
f 2247/2247/2247 2260/2260/2260 2248/2248/2248
f 2248/2248/2248 2261/2261/2261 2249/2249/2249
f 2249/2249/2249 2262/2262/2262 2250/2250/2250
f 2250/2250/2250 2263/2263/2263 2251/2251/2251
f 2251/2251/2251 2264/2264/2264 2252/2252/2252
f 2487/2487/2487 2501/2501/2501 2500/2500/2500
f 2488/2488/2488 2502/2502/2502 2501/2501/2501
f 2489/2489/2489 2503/2503/2503 2502/2502/2502
f 2490/2490/2490 2504/2504/2504 2503/2503/2503
f 2491/2491/2491 2505/2505/2505 2504/2504/2504
f 2492/2492/2492 2506/2506/2506 2505/2505/2505
f 2493/2493/2493 2507/2507/2507 2506/2506/2506
f 2494/2494/2494 2508/2508/2508 2507/2507/2507
f 2495/2495/2495 2509/2509/2509 2508/2508/2508
f 2496/2496/2496 2510/2510/2510 2509/2509/2509
f 2497/2497/2497 2511/2511/2511 2510/2510/2510
f 2498/2498/2498 2512/2512/2512 2511/2511/2511
f 2500/2500/2500 2514/2514/2514 2501/2501/2501
f 2500/2500/2500 2513/2513/2513 2514/2514/2514
f 2501/2501/2501 2515/2515/2515 2502/2502/2502
f 2501/2501/2501 2514/2514/2514 2515/2515/2515
f 2502/2502/2502 2516/2516/2516 2503/2503/2503
f 2502/2502/2502 2515/2515/2515 2516/2516/2516
f 2503/2503/2503 2517/2517/2517 2504/2504/2504
f 2503/2503/2503 2516/2516/2516 2517/2517/2517
f 2504/2504/2504 2518/2518/2518 2505/2505/2505
f 2504/2504/2504 2517/2517/2517 2518/2518/2518
f 2505/2505/2505 2519/2519/2519 2506/2506/2506
f 2505/2505/2505 2518/2518/2518 2519/2519/2519
f 2506/2506/2506 2520/2520/2520 2507/2507/2507
f 2506/2506/2506 2519/2519/2519 2520/2520/2520
f 2507/2507/2507 2521/2521/2521 2508/2508/2508
f 2507/2507/2507 2520/2520/2520 2521/2521/2521
f 2508/2508/2508 2522/2522/2522 2509/2509/2509
f 2508/2508/2508 2521/2521/2521 2522/2522/2522
f 2509/2509/2509 2523/2523/2523 2510/2510/2510
f 2509/2509/2509 2522/2522/2522 2523/2523/2523
f 2510/2510/2510 2524/2524/2524 2511/2511/2511
f 2510/2510/2510 2523/2523/2523 2524/2524/2524
f 2511/2511/2511 2525/2525/2525 2512/2512/2512
f 2511/2511/2511 2524/2524/2524 2525/2525/2525
f 2513/2513/2513 2527/2527/2527 2514/2514/2514
f 2513/2513/2513 2526/2526/2526 2527/2527/2527
f 2514/2514/2514 2528/2528/2528 2515/2515/2515
f 2514/2514/2514 2527/2527/2527 2528/2528/2528
f 2515/2515/2515 2529/2529/2529 2516/2516/2516
f 2515/2515/2515 2528/2528/2528 2529/2529/2529
f 2516/2516/2516 2530/2530/2530 2517/2517/2517
f 2516/2516/2516 2529/2529/2529 2530/2530/2530
f 2517/2517/2517 2531/2531/2531 2518/2518/2518
f 2517/2517/2517 2530/2530/2530 2531/2531/2531
f 2518/2518/2518 2532/2532/2532 2519/2519/2519
f 2518/2518/2518 2531/2531/2531 2532/2532/2532
f 2519/2519/2519 2533/2533/2533 2520/2520/2520
f 2519/2519/2519 2532/2532/2532 2533/2533/2533
f 2520/2520/2520 2534/2534/2534 2521/2521/2521
f 2520/2520/2520 2533/2533/2533 2534/2534/2534
f 2521/2521/2521 2535/2535/2535 2522/2522/2522
f 2521/2521/2521 2534/2534/2534 2535/2535/2535
f 2522/2522/2522 2536/2536/2536 2523/2523/2523
f 2522/2522/2522 2535/2535/2535 2536/2536/2536
f 2523/2523/2523 2537/2537/2537 2524/2524/2524
f 2523/2523/2523 2536/2536/2536 2537/2537/2537
f 2524/2524/2524 2538/2538/2538 2525/2525/2525
f 2524/2524/2524 2537/2537/2537 2538/2538/2538
f 2526/2526/2526 2540/2540/2540 2527/2527/2527
f 2526/2526/2526 2539/2539/2539 2540/2540/2540
f 2527/2527/2527 2541/2541/2541 2528/2528/2528
f 2527/2527/2527 2540/2540/2540 2541/2541/2541
f 2528/2528/2528 2542/2542/2542 2529/2529/2529
f 2528/2528/2528 2541/2541/2541 2542/2542/2542
f 2529/2529/2529 2543/2543/2543 2530/2530/2530
f 2529/2529/2529 2542/2542/2542 2543/2543/2543
f 2530/2530/2530 2544/2544/2544 2531/2531/2531
f 2530/2530/2530 2543/2543/2543 2544/2544/2544
f 2531/2531/2531 2545/2545/2545 2532/2532/2532
f 2531/2531/2531 2544/2544/2544 2545/2545/2545
f 2532/2532/2532 2546/2546/2546 2533/2533/2533
f 2532/2532/2532 2545/2545/2545 2546/2546/2546
f 2533/2533/2533 2547/2547/2547 2534/2534/2534
f 2533/2533/2533 2546/2546/2546 2547/2547/2547
f 2534/2534/2534 2548/2548/2548 2535/2535/2535
f 2534/2534/2534 2547/2547/2547 2548/2548/2548
f 2535/2535/2535 2549/2549/2549 2536/2536/2536
f 2535/2535/2535 2548/2548/2548 2549/2549/2549
f 2536/2536/2536 2550/2550/2550 2537/2537/2537
f 2536/2536/2536 2549/2549/2549 2550/2550/2550
f 2537/2537/2537 2551/2551/2551 2538/2538/2538
f 2537/2537/2537 2550/2550/2550 2551/2551/2551
f 2539/2539/2539 2553/2553/2553 2540/2540/2540
f 2539/2539/2539 2552/2552/2552 2553/2553/2553
f 2540/2540/2540 2554/2554/2554 2541/2541/2541
f 2540/2540/2540 2553/2553/2553 2554/2554/2554
f 2541/2541/2541 2555/2555/2555 2542/2542/2542
f 2541/2541/2541 2554/2554/2554 2555/2555/2555
f 2542/2542/2542 2556/2556/2556 2543/2543/2543
f 2542/2542/2542 2555/2555/2555 2556/2556/2556
f 2543/2543/2543 2557/2557/2557 2544/2544/2544
f 2543/2543/2543 2556/2556/2556 2557/2557/2557
f 2544/2544/2544 2558/2558/2558 2545/2545/2545
f 2544/2544/2544 2557/2557/2557 2558/2558/2558
f 2545/2545/2545 2559/2559/2559 2546/2546/2546
f 2545/2545/2545 2558/2558/2558 2559/2559/2559
f 2546/2546/2546 2560/2560/2560 2547/2547/2547
f 2546/2546/2546 2559/2559/2559 2560/2560/2560
f 2547/2547/2547 2561/2561/2561 2548/2548/2548
f 2547/2547/2547 2560/2560/2560 2561/2561/2561
f 2548/2548/2548 2562/2562/2562 2549/2549/2549
f 2548/2548/2548 2561/2561/2561 2562/2562/2562
f 2549/2549/2549 2563/2563/2563 2550/2550/2550
f 2549/2549/2549 2562/2562/2562 2563/2563/2563
f 2550/2550/2550 2564/2564/2564 2551/2551/2551
f 2550/2550/2550 2563/2563/2563 2564/2564/2564
f 2552/2552/2552 2566/2566/2566 2553/2553/2553
f 2552/2552/2552 2565/2565/2565 2566/2566/2566
f 2553/2553/2553 2567/2567/2567 2554/2554/2554
f 2553/2553/2553 2566/2566/2566 2567/2567/2567
f 2554/2554/2554 2568/2568/2568 2555/2555/2555
f 2554/2554/2554 2567/2567/2567 2568/2568/2568
f 2555/2555/2555 2569/2569/2569 2556/2556/2556
f 2555/2555/2555 2568/2568/2568 2569/2569/2569
f 2556/2556/2556 2570/2570/2570 2557/2557/2557
f 2556/2556/2556 2569/2569/2569 2570/2570/2570
f 2557/2557/2557 2571/2571/2571 2558/2558/2558
f 2557/2557/2557 2570/2570/2570 2571/2571/2571
f 2558/2558/2558 2572/2572/2572 2559/2559/2559
f 2558/2558/2558 2571/2571/2571 2572/2572/2572
f 2559/2559/2559 2573/2573/2573 2560/2560/2560
f 2559/2559/2559 2572/2572/2572 2573/2573/2573
f 2560/2560/2560 2574/2574/2574 2561/2561/2561
f 2560/2560/2560 2573/2573/2573 2574/2574/2574
f 2561/2561/2561 2575/2575/2575 2562/2562/2562
f 2561/2561/2561 2574/2574/2574 2575/2575/2575
f 2562/2562/2562 2576/2576/2576 2563/2563/2563
f 2562/2562/2562 2575/2575/2575 2576/2576/2576
f 2563/2563/2563 2577/2577/2577 2564/2564/2564
f 2563/2563/2563 2576/2576/2576 2577/2577/2577
f 2565/2565/2565 2579/2579/2579 2566/2566/2566
f 2565/2565/2565 2578/2578/2578 2579/2579/2579
f 2566/2566/2566 2580/2580/2580 2567/2567/2567
f 2566/2566/2566 2579/2579/2579 2580/2580/2580
f 2567/2567/2567 2581/2581/2581 2568/2568/2568
f 2567/2567/2567 2580/2580/2580 2581/2581/2581
f 2568/2568/2568 2582/2582/2582 2569/2569/2569
f 2568/2568/2568 2581/2581/2581 2582/2582/2582
f 2569/2569/2569 2583/2583/2583 2570/2570/2570
f 2569/2569/2569 2582/2582/2582 2583/2583/2583
f 2570/2570/2570 2584/2584/2584 2571/2571/2571
f 2570/2570/2570 2583/2583/2583 2584/2584/2584
f 2571/2571/2571 2585/2585/2585 2572/2572/2572
f 2571/2571/2571 2584/2584/2584 2585/2585/2585
f 2572/2572/2572 2586/2586/2586 2573/2573/2573
f 2572/2572/2572 2585/2585/2585 2586/2586/2586
f 2573/2573/2573 2587/2587/2587 2574/2574/2574
f 2573/2573/2573 2586/2586/2586 2587/2587/2587
f 2574/2574/2574 2588/2588/2588 2575/2575/2575
f 2574/2574/2574 2587/2587/2587 2588/2588/2588
f 2575/2575/2575 2589/2589/2589 2576/2576/2576
f 2575/2575/2575 2588/2588/2588 2589/2589/2589
f 2576/2576/2576 2590/2590/2590 2577/2577/2577
f 2576/2576/2576 2589/2589/2589 2590/2590/2590
f 2578/2578/2578 2591/2591/2591 2579/2579/2579
f 2579/2579/2579 2592/2592/2592 2580/2580/2580
f 2580/2580/2580 2593/2593/2593 2581/2581/2581
f 2581/2581/2581 2594/2594/2594 2582/2582/2582
f 2582/2582/2582 2595/2595/2595 2583/2583/2583
f 2583/2583/2583 2596/2596/2596 2584/2584/2584
f 2584/2584/2584 2597/2597/2597 2585/2585/2585
f 2585/2585/2585 2598/2598/2598 2586/2586/2586
f 2586/2586/2586 2599/2599/2599 2587/2587/2587
f 2587/2587/2587 2600/2600/2600 2588/2588/2588
f 2588/2588/2588 2601/2601/2601 2589/2589/2589
f 2589/2589/2589 2602/2602/2602 2590/2590/2590
g coat_dark
usemtl coat_dark
f 2634/2634/2634 2635/2635/2635 2650/2650/2650
f 2634/2634/2634 2650/2650/2650 2649/2649/2649
f 2635/2635/2635 2636/2636/2636 2651/2651/2651
f 2635/2635/2635 2651/2651/2651 2650/2650/2650
f 2636/2636/2636 2637/2637/2637 2652/2652/2652
f 2636/2636/2636 2652/2652/2652 2651/2651/2651
f 2637/2637/2637 2638/2638/2638 2653/2653/2653
f 2637/2637/2637 2653/2653/2653 2652/2652/2652
f 2638/2638/2638 2639/2639/2639 2654/2654/2654
f 2638/2638/2638 2654/2654/2654 2653/2653/2653
f 2639/2639/2639 2640/2640/2640 2655/2655/2655
f 2639/2639/2639 2655/2655/2655 2654/2654/2654
f 2640/2640/2640 2641/2641/2641 2656/2656/2656
f 2640/2640/2640 2656/2656/2656 2655/2655/2655
f 2641/2641/2641 2642/2642/2642 2657/2657/2657
f 2641/2641/2641 2657/2657/2657 2656/2656/2656
f 2642/2642/2642 2643/2643/2643 2658/2658/2658
f 2642/2642/2642 2658/2658/2658 2657/2657/2657
f 2643/2643/2643 2644/2644/2644 2659/2659/2659
f 2643/2643/2643 2659/2659/2659 2658/2658/2658
f 2644/2644/2644 2645/2645/2645 2660/2660/2660
f 2644/2644/2644 2660/2660/2660 2659/2659/2659
f 2645/2645/2645 2646/2646/2646 2661/2661/2661
f 2645/2645/2645 2661/2661/2661 2660/2660/2660
f 2646/2646/2646 2647/2647/2647 2662/2662/2662
f 2646/2646/2646 2662/2662/2662 2661/2661/2661
f 2647/2647/2647 2648/2648/2648 2663/2663/2663
f 2647/2647/2647 2663/2663/2663 2662/2662/2662
f 2665/2665/2665 2649/2649/2649 2650/2650/2650
f 2665/2665/2665 2650/2650/2650 2651/2651/2651
f 2665/2665/2665 2651/2651/2651 2652/2652/2652
f 2665/2665/2665 2652/2652/2652 2653/2653/2653
f 2665/2665/2665 2653/2653/2653 2654/2654/2654
f 2665/2665/2665 2654/2654/2654 2655/2655/2655
f 2665/2665/2665 2655/2655/2655 2656/2656/2656
f 2665/2665/2665 2656/2656/2656 2657/2657/2657
f 2665/2665/2665 2657/2657/2657 2658/2658/2658
f 2665/2665/2665 2658/2658/2658 2659/2659/2659
f 2665/2665/2665 2659/2659/2659 2660/2660/2660
f 2665/2665/2665 2660/2660/2660 2661/2661/2661
f 2665/2665/2665 2661/2661/2661 2662/2662/2662
f 2665/2665/2665 2662/2662/2662 2663/2663/2663
f 2696/2696/2696 2697/2697/2697 2712/2712/2712
f 2696/2696/2696 2712/2712/2712 2711/2711/2711
f 2697/2697/2697 2698/2698/2698 2713/2713/2713
f 2697/2697/2697 2713/2713/2713 2712/2712/2712
f 2698/2698/2698 2699/2699/2699 2714/2714/2714
f 2698/2698/2698 2714/2714/2714 2713/2713/2713
f 2699/2699/2699 2700/2700/2700 2715/2715/2715
f 2699/2699/2699 2715/2715/2715 2714/2714/2714
f 2700/2700/2700 2701/2701/2701 2716/2716/2716
f 2700/2700/2700 2716/2716/2716 2715/2715/2715
f 2701/2701/2701 2702/2702/2702 2717/2717/2717
f 2701/2701/2701 2717/2717/2717 2716/2716/2716
f 2702/2702/2702 2703/2703/2703 2718/2718/2718
f 2702/2702/2702 2718/2718/2718 2717/2717/2717
f 2703/2703/2703 2704/2704/2704 2719/2719/2719
f 2703/2703/2703 2719/2719/2719 2718/2718/2718
f 2704/2704/2704 2705/2705/2705 2720/2720/2720
f 2704/2704/2704 2720/2720/2720 2719/2719/2719
f 2705/2705/2705 2706/2706/2706 2721/2721/2721
f 2705/2705/2705 2721/2721/2721 2720/2720/2720
f 2706/2706/2706 2707/2707/2707 2722/2722/2722
f 2706/2706/2706 2722/2722/2722 2721/2721/2721
f 2707/2707/2707 2708/2708/2708 2723/2723/2723
f 2707/2707/2707 2723/2723/2723 2722/2722/2722
f 2708/2708/2708 2709/2709/2709 2724/2724/2724
f 2708/2708/2708 2724/2724/2724 2723/2723/2723
f 2709/2709/2709 2710/2710/2710 2725/2725/2725
f 2709/2709/2709 2725/2725/2725 2724/2724/2724
f 2727/2727/2727 2711/2711/2711 2712/2712/2712
f 2727/2727/2727 2712/2712/2712 2713/2713/2713
f 2727/2727/2727 2713/2713/2713 2714/2714/2714
f 2727/2727/2727 2714/2714/2714 2715/2715/2715
f 2727/2727/2727 2715/2715/2715 2716/2716/2716
f 2727/2727/2727 2716/2716/2716 2717/2717/2717
f 2727/2727/2727 2717/2717/2717 2718/2718/2718
f 2727/2727/2727 2718/2718/2718 2719/2719/2719
f 2727/2727/2727 2719/2719/2719 2720/2720/2720
f 2727/2727/2727 2720/2720/2720 2721/2721/2721
f 2727/2727/2727 2721/2721/2721 2722/2722/2722
f 2727/2727/2727 2722/2722/2722 2723/2723/2723
f 2727/2727/2727 2723/2723/2723 2724/2724/2724
f 2727/2727/2727 2724/2724/2724 2725/2725/2725
g collar
usemtl collar
f 2794/2794/2794 2795/2795/2795 2824/2824/2824
f 2794/2794/2794 2824/2824/2824 2823/2823/2823
f 2795/2795/2795 2796/2796/2796 2825/2825/2825
f 2795/2795/2795 2825/2825/2825 2824/2824/2824
f 2796/2796/2796 2797/2797/2797 2826/2826/2826
f 2796/2796/2796 2826/2826/2826 2825/2825/2825
f 2797/2797/2797 2798/2798/2798 2827/2827/2827
f 2797/2797/2797 2827/2827/2827 2826/2826/2826
f 2798/2798/2798 2799/2799/2799 2828/2828/2828
f 2798/2798/2798 2828/2828/2828 2827/2827/2827
f 2799/2799/2799 2800/2800/2800 2829/2829/2829
f 2799/2799/2799 2829/2829/2829 2828/2828/2828
f 2800/2800/2800 2801/2801/2801 2830/2830/2830
f 2800/2800/2800 2830/2830/2830 2829/2829/2829
f 2801/2801/2801 2802/2802/2802 2831/2831/2831
f 2801/2801/2801 2831/2831/2831 2830/2830/2830
f 2802/2802/2802 2803/2803/2803 2832/2832/2832
f 2802/2802/2802 2832/2832/2832 2831/2831/2831
f 2803/2803/2803 2804/2804/2804 2833/2833/2833
f 2803/2803/2803 2833/2833/2833 2832/2832/2832
f 2804/2804/2804 2805/2805/2805 2834/2834/2834
f 2804/2804/2804 2834/2834/2834 2833/2833/2833
f 2805/2805/2805 2806/2806/2806 2835/2835/2835
f 2805/2805/2805 2835/2835/2835 2834/2834/2834
f 2806/2806/2806 2807/2807/2807 2836/2836/2836
f 2806/2806/2806 2836/2836/2836 2835/2835/2835
f 2807/2807/2807 2808/2808/2808 2837/2837/2837
f 2807/2807/2807 2837/2837/2837 2836/2836/2836
f 2808/2808/2808 2809/2809/2809 2838/2838/2838
f 2808/2808/2808 2838/2838/2838 2837/2837/2837
f 2809/2809/2809 2810/2810/2810 2839/2839/2839
f 2809/2809/2809 2839/2839/2839 2838/2838/2838
f 2810/2810/2810 2811/2811/2811 2840/2840/2840
f 2810/2810/2810 2840/2840/2840 2839/2839/2839
f 2811/2811/2811 2812/2812/2812 2841/2841/2841
f 2811/2811/2811 2841/2841/2841 2840/2840/2840
f 2812/2812/2812 2813/2813/2813 2842/2842/2842
f 2812/2812/2812 2842/2842/2842 2841/2841/2841
f 2813/2813/2813 2814/2814/2814 2843/2843/2843
f 2813/2813/2813 2843/2843/2843 2842/2842/2842
f 2814/2814/2814 2815/2815/2815 2844/2844/2844
f 2814/2814/2814 2844/2844/2844 2843/2843/2843
f 2815/2815/2815 2816/2816/2816 2845/2845/2845
f 2815/2815/2815 2845/2845/2845 2844/2844/2844
f 2816/2816/2816 2817/2817/2817 2846/2846/2846
f 2816/2816/2816 2846/2846/2846 2845/2845/2845
f 2817/2817/2817 2818/2818/2818 2847/2847/2847
f 2817/2817/2817 2847/2847/2847 2846/2846/2846
f 2818/2818/2818 2819/2819/2819 2848/2848/2848
f 2818/2818/2818 2848/2848/2848 2847/2847/2847
f 2819/2819/2819 2820/2820/2820 2849/2849/2849
f 2819/2819/2819 2849/2849/2849 2848/2848/2848
f 2820/2820/2820 2821/2821/2821 2850/2850/2850
f 2820/2820/2820 2850/2850/2850 2849/2849/2849
f 2821/2821/2821 2822/2822/2822 2851/2851/2851
f 2821/2821/2821 2851/2851/2851 2850/2850/2850
f 2852/2852/2852 2795/2795/2795 2794/2794/2794
f 2852/2852/2852 2796/2796/2796 2795/2795/2795
f 2852/2852/2852 2797/2797/2797 2796/2796/2796
f 2852/2852/2852 2798/2798/2798 2797/2797/2797
f 2852/2852/2852 2799/2799/2799 2798/2798/2798
f 2852/2852/2852 2800/2800/2800 2799/2799/2799
f 2852/2852/2852 2801/2801/2801 2800/2800/2800
f 2852/2852/2852 2802/2802/2802 2801/2801/2801
f 2852/2852/2852 2803/2803/2803 2802/2802/2802
f 2852/2852/2852 2804/2804/2804 2803/2803/2803
f 2852/2852/2852 2805/2805/2805 2804/2804/2804
f 2852/2852/2852 2806/2806/2806 2805/2805/2805
f 2852/2852/2852 2807/2807/2807 2806/2806/2806
f 2852/2852/2852 2808/2808/2808 2807/2807/2807
f 2852/2852/2852 2809/2809/2809 2808/2808/2808
f 2852/2852/2852 2810/2810/2810 2809/2809/2809
f 2852/2852/2852 2811/2811/2811 2810/2810/2810
f 2852/2852/2852 2812/2812/2812 2811/2811/2811
f 2852/2852/2852 2813/2813/2813 2812/2812/2812
f 2852/2852/2852 2814/2814/2814 2813/2813/2813
f 2852/2852/2852 2815/2815/2815 2814/2814/2814
f 2852/2852/2852 2816/2816/2816 2815/2815/2815
f 2852/2852/2852 2817/2817/2817 2816/2816/2816
f 2852/2852/2852 2818/2818/2818 2817/2817/2817
f 2852/2852/2852 2819/2819/2819 2818/2818/2818
f 2852/2852/2852 2820/2820/2820 2819/2819/2819
f 2852/2852/2852 2821/2821/2821 2820/2820/2820
f 2852/2852/2852 2822/2822/2822 2821/2821/2821
f 2853/2853/2853 2823/2823/2823 2824/2824/2824
f 2853/2853/2853 2824/2824/2824 2825/2825/2825
f 2853/2853/2853 2825/2825/2825 2826/2826/2826
f 2853/2853/2853 2826/2826/2826 2827/2827/2827
f 2853/2853/2853 2827/2827/2827 2828/2828/2828
f 2853/2853/2853 2828/2828/2828 2829/2829/2829
f 2853/2853/2853 2829/2829/2829 2830/2830/2830
f 2853/2853/2853 2830/2830/2830 2831/2831/2831
f 2853/2853/2853 2831/2831/2831 2832/2832/2832
f 2853/2853/2853 2832/2832/2832 2833/2833/2833
f 2853/2853/2853 2833/2833/2833 2834/2834/2834
f 2853/2853/2853 2834/2834/2834 2835/2835/2835
f 2853/2853/2853 2835/2835/2835 2836/2836/2836
f 2853/2853/2853 2836/2836/2836 2837/2837/2837
f 2853/2853/2853 2837/2837/2837 2838/2838/2838
f 2853/2853/2853 2838/2838/2838 2839/2839/2839
f 2853/2853/2853 2839/2839/2839 2840/2840/2840
f 2853/2853/2853 2840/2840/2840 2841/2841/2841
f 2853/2853/2853 2841/2841/2841 2842/2842/2842
f 2853/2853/2853 2842/2842/2842 2843/2843/2843
f 2853/2853/2853 2843/2843/2843 2844/2844/2844
f 2853/2853/2853 2844/2844/2844 2845/2845/2845
f 2853/2853/2853 2845/2845/2845 2846/2846/2846
f 2853/2853/2853 2846/2846/2846 2847/2847/2847
f 2853/2853/2853 2847/2847/2847 2848/2848/2848
f 2853/2853/2853 2848/2848/2848 2849/2849/2849
f 2853/2853/2853 2849/2849/2849 2850/2850/2850
f 2853/2853/2853 2850/2850/2850 2851/2851/2851
g tag
usemtl tag
f 2854/2854/2854 2870/2870/2870 2869/2869/2869
f 2855/2855/2855 2871/2871/2871 2870/2870/2870
f 2856/2856/2856 2872/2872/2872 2871/2871/2871
f 2857/2857/2857 2873/2873/2873 2872/2872/2872
f 2858/2858/2858 2874/2874/2874 2873/2873/2873
f 2859/2859/2859 2875/2875/2875 2874/2874/2874
f 2860/2860/2860 2876/2876/2876 2875/2875/2875
f 2861/2861/2861 2877/2877/2877 2876/2876/2876
f 2862/2862/2862 2878/2878/2878 2877/2877/2877
f 2863/2863/2863 2879/2879/2879 2878/2878/2878
f 2864/2864/2864 2880/2880/2880 2879/2879/2879
f 2865/2865/2865 2881/2881/2881 2880/2880/2880
f 2866/2866/2866 2882/2882/2882 2881/2881/2881
f 2867/2867/2867 2883/2883/2883 2882/2882/2882
f 2869/2869/2869 2885/2885/2885 2870/2870/2870
f 2869/2869/2869 2884/2884/2884 2885/2885/2885
f 2870/2870/2870 2886/2886/2886 2871/2871/2871
f 2870/2870/2870 2885/2885/2885 2886/2886/2886
f 2871/2871/2871 2887/2887/2887 2872/2872/2872
f 2871/2871/2871 2886/2886/2886 2887/2887/2887
f 2872/2872/2872 2888/2888/2888 2873/2873/2873
f 2872/2872/2872 2887/2887/2887 2888/2888/2888
f 2873/2873/2873 2889/2889/2889 2874/2874/2874
f 2873/2873/2873 2888/2888/2888 2889/2889/2889
f 2874/2874/2874 2890/2890/2890 2875/2875/2875
f 2874/2874/2874 2889/2889/2889 2890/2890/2890
f 2875/2875/2875 2891/2891/2891 2876/2876/2876
f 2875/2875/2875 2890/2890/2890 2891/2891/2891
f 2876/2876/2876 2892/2892/2892 2877/2877/2877
f 2876/2876/2876 2891/2891/2891 2892/2892/2892
f 2877/2877/2877 2893/2893/2893 2878/2878/2878
f 2877/2877/2877 2892/2892/2892 2893/2893/2893
f 2878/2878/2878 2894/2894/2894 2879/2879/2879
f 2878/2878/2878 2893/2893/2893 2894/2894/2894
f 2879/2879/2879 2895/2895/2895 2880/2880/2880
f 2879/2879/2879 2894/2894/2894 2895/2895/2895
f 2880/2880/2880 2896/2896/2896 2881/2881/2881
f 2880/2880/2880 2895/2895/2895 2896/2896/2896
f 2881/2881/2881 2897/2897/2897 2882/2882/2882
f 2881/2881/2881 2896/2896/2896 2897/2897/2897
f 2882/2882/2882 2898/2898/2898 2883/2883/2883
f 2882/2882/2882 2897/2897/2897 2898/2898/2898
f 2884/2884/2884 2900/2900/2900 2885/2885/2885
f 2884/2884/2884 2899/2899/2899 2900/2900/2900
f 2885/2885/2885 2901/2901/2901 2886/2886/2886
f 2885/2885/2885 2900/2900/2900 2901/2901/2901
f 2886/2886/2886 2902/2902/2902 2887/2887/2887
f 2886/2886/2886 2901/2901/2901 2902/2902/2902
f 2887/2887/2887 2903/2903/2903 2888/2888/2888
f 2887/2887/2887 2902/2902/2902 2903/2903/2903
f 2888/2888/2888 2904/2904/2904 2889/2889/2889
f 2888/2888/2888 2903/2903/2903 2904/2904/2904
f 2889/2889/2889 2905/2905/2905 2890/2890/2890
f 2889/2889/2889 2904/2904/2904 2905/2905/2905
f 2890/2890/2890 2906/2906/2906 2891/2891/2891
f 2890/2890/2890 2905/2905/2905 2906/2906/2906
f 2891/2891/2891 2907/2907/2907 2892/2892/2892
f 2891/2891/2891 2906/2906/2906 2907/2907/2907
f 2892/2892/2892 2908/2908/2908 2893/2893/2893
f 2892/2892/2892 2907/2907/2907 2908/2908/2908
f 2893/2893/2893 2909/2909/2909 2894/2894/2894
f 2893/2893/2893 2908/2908/2908 2909/2909/2909
f 2894/2894/2894 2910/2910/2910 2895/2895/2895
f 2894/2894/2894 2909/2909/2909 2910/2910/2910
f 2895/2895/2895 2911/2911/2911 2896/2896/2896
f 2895/2895/2895 2910/2910/2910 2911/2911/2911
f 2896/2896/2896 2912/2912/2912 2897/2897/2897
f 2896/2896/2896 2911/2911/2911 2912/2912/2912
f 2897/2897/2897 2913/2913/2913 2898/2898/2898
f 2897/2897/2897 2912/2912/2912 2913/2913/2913
f 2899/2899/2899 2915/2915/2915 2900/2900/2900
f 2899/2899/2899 2914/2914/2914 2915/2915/2915
f 2900/2900/2900 2916/2916/2916 2901/2901/2901
f 2900/2900/2900 2915/2915/2915 2916/2916/2916
f 2901/2901/2901 2917/2917/2917 2902/2902/2902
f 2901/2901/2901 2916/2916/2916 2917/2917/2917
f 2902/2902/2902 2918/2918/2918 2903/2903/2903
f 2902/2902/2902 2917/2917/2917 2918/2918/2918
f 2903/2903/2903 2919/2919/2919 2904/2904/2904
f 2903/2903/2903 2918/2918/2918 2919/2919/2919
f 2904/2904/2904 2920/2920/2920 2905/2905/2905
f 2904/2904/2904 2919/2919/2919 2920/2920/2920
f 2905/2905/2905 2921/2921/2921 2906/2906/2906
f 2905/2905/2905 2920/2920/2920 2921/2921/2921
f 2906/2906/2906 2922/2922/2922 2907/2907/2907
f 2906/2906/2906 2921/2921/2921 2922/2922/2922
f 2907/2907/2907 2923/2923/2923 2908/2908/2908
f 2907/2907/2907 2922/2922/2922 2923/2923/2923
f 2908/2908/2908 2924/2924/2924 2909/2909/2909
f 2908/2908/2908 2923/2923/2923 2924/2924/2924
f 2909/2909/2909 2925/2925/2925 2910/2910/2910
f 2909/2909/2909 2924/2924/2924 2925/2925/2925
f 2910/2910/2910 2926/2926/2926 2911/2911/2911
f 2910/2910/2910 2925/2925/2925 2926/2926/2926
f 2911/2911/2911 2927/2927/2927 2912/2912/2912
f 2911/2911/2911 2926/2926/2926 2927/2927/2927
f 2912/2912/2912 2928/2928/2928 2913/2913/2913
f 2912/2912/2912 2927/2927/2927 2928/2928/2928
f 2914/2914/2914 2930/2930/2930 2915/2915/2915
f 2914/2914/2914 2929/2929/2929 2930/2930/2930
f 2915/2915/2915 2931/2931/2931 2916/2916/2916
f 2915/2915/2915 2930/2930/2930 2931/2931/2931
f 2916/2916/2916 2932/2932/2932 2917/2917/2917
f 2916/2916/2916 2931/2931/2931 2932/2932/2932
f 2917/2917/2917 2933/2933/2933 2918/2918/2918
f 2917/2917/2917 2932/2932/2932 2933/2933/2933
f 2918/2918/2918 2934/2934/2934 2919/2919/2919
f 2918/2918/2918 2933/2933/2933 2934/2934/2934
f 2919/2919/2919 2935/2935/2935 2920/2920/2920
f 2919/2919/2919 2934/2934/2934 2935/2935/2935
f 2920/2920/2920 2936/2936/2936 2921/2921/2921
f 2920/2920/2920 2935/2935/2935 2936/2936/2936
f 2921/2921/2921 2937/2937/2937 2922/2922/2922
f 2921/2921/2921 2936/2936/2936 2937/2937/2937
f 2922/2922/2922 2938/2938/2938 2923/2923/2923
f 2922/2922/2922 2937/2937/2937 2938/2938/2938
f 2923/2923/2923 2939/2939/2939 2924/2924/2924
f 2923/2923/2923 2938/2938/2938 2939/2939/2939
f 2924/2924/2924 2940/2940/2940 2925/2925/2925
f 2924/2924/2924 2939/2939/2939 2940/2940/2940
f 2925/2925/2925 2941/2941/2941 2926/2926/2926
f 2925/2925/2925 2940/2940/2940 2941/2941/2941
f 2926/2926/2926 2942/2942/2942 2927/2927/2927
f 2926/2926/2926 2941/2941/2941 2942/2942/2942
f 2927/2927/2927 2943/2943/2943 2928/2928/2928
f 2927/2927/2927 2942/2942/2942 2943/2943/2943
f 2929/2929/2929 2945/2945/2945 2930/2930/2930
f 2929/2929/2929 2944/2944/2944 2945/2945/2945
f 2930/2930/2930 2946/2946/2946 2931/2931/2931
f 2930/2930/2930 2945/2945/2945 2946/2946/2946
f 2931/2931/2931 2947/2947/2947 2932/2932/2932
f 2931/2931/2931 2946/2946/2946 2947/2947/2947
f 2932/2932/2932 2948/2948/2948 2933/2933/2933
f 2932/2932/2932 2947/2947/2947 2948/2948/2948
f 2933/2933/2933 2949/2949/2949 2934/2934/2934
f 2933/2933/2933 2948/2948/2948 2949/2949/2949
f 2934/2934/2934 2950/2950/2950 2935/2935/2935
f 2934/2934/2934 2949/2949/2949 2950/2950/2950
f 2935/2935/2935 2951/2951/2951 2936/2936/2936
f 2935/2935/2935 2950/2950/2950 2951/2951/2951
f 2936/2936/2936 2952/2952/2952 2937/2937/2937
f 2936/2936/2936 2951/2951/2951 2952/2952/2952
f 2937/2937/2937 2953/2953/2953 2938/2938/2938
f 2937/2937/2937 2952/2952/2952 2953/2953/2953
f 2938/2938/2938 2954/2954/2954 2939/2939/2939
f 2938/2938/2938 2953/2953/2953 2954/2954/2954
f 2939/2939/2939 2955/2955/2955 2940/2940/2940
f 2939/2939/2939 2954/2954/2954 2955/2955/2955
f 2940/2940/2940 2956/2956/2956 2941/2941/2941
f 2940/2940/2940 2955/2955/2955 2956/2956/2956
f 2941/2941/2941 2957/2957/2957 2942/2942/2942
f 2941/2941/2941 2956/2956/2956 2957/2957/2957
f 2942/2942/2942 2958/2958/2958 2943/2943/2943
f 2942/2942/2942 2957/2957/2957 2958/2958/2958
f 2944/2944/2944 2960/2960/2960 2945/2945/2945
f 2944/2944/2944 2959/2959/2959 2960/2960/2960
f 2945/2945/2945 2961/2961/2961 2946/2946/2946
f 2945/2945/2945 2960/2960/2960 2961/2961/2961
f 2946/2946/2946 2962/2962/2962 2947/2947/2947
f 2946/2946/2946 2961/2961/2961 2962/2962/2962
f 2947/2947/2947 2963/2963/2963 2948/2948/2948
f 2947/2947/2947 2962/2962/2962 2963/2963/2963
f 2948/2948/2948 2964/2964/2964 2949/2949/2949
f 2948/2948/2948 2963/2963/2963 2964/2964/2964
f 2949/2949/2949 2965/2965/2965 2950/2950/2950
f 2949/2949/2949 2964/2964/2964 2965/2965/2965
f 2950/2950/2950 2966/2966/2966 2951/2951/2951
f 2950/2950/2950 2965/2965/2965 2966/2966/2966
f 2951/2951/2951 2967/2967/2967 2952/2952/2952
f 2951/2951/2951 2966/2966/2966 2967/2967/2967
f 2952/2952/2952 2968/2968/2968 2953/2953/2953
f 2952/2952/2952 2967/2967/2967 2968/2968/2968
f 2953/2953/2953 2969/2969/2969 2954/2954/2954
f 2953/2953/2953 2968/2968/2968 2969/2969/2969
f 2954/2954/2954 2970/2970/2970 2955/2955/2955
f 2954/2954/2954 2969/2969/2969 2970/2970/2970
f 2955/2955/2955 2971/2971/2971 2956/2956/2956
f 2955/2955/2955 2970/2970/2970 2971/2971/2971
f 2956/2956/2956 2972/2972/2972 2957/2957/2957
f 2956/2956/2956 2971/2971/2971 2972/2972/2972
f 2957/2957/2957 2973/2973/2973 2958/2958/2958
f 2957/2957/2957 2972/2972/2972 2973/2973/2973
f 2959/2959/2959 2975/2975/2975 2960/2960/2960
f 2959/2959/2959 2974/2974/2974 2975/2975/2975
f 2960/2960/2960 2976/2976/2976 2961/2961/2961
f 2960/2960/2960 2975/2975/2975 2976/2976/2976
f 2961/2961/2961 2977/2977/2977 2962/2962/2962
f 2961/2961/2961 2976/2976/2976 2977/2977/2977
f 2962/2962/2962 2978/2978/2978 2963/2963/2963
f 2962/2962/2962 2977/2977/2977 2978/2978/2978
f 2963/2963/2963 2979/2979/2979 2964/2964/2964
f 2963/2963/2963 2978/2978/2978 2979/2979/2979
f 2964/2964/2964 2980/2980/2980 2965/2965/2965
f 2964/2964/2964 2979/2979/2979 2980/2980/2980
f 2965/2965/2965 2981/2981/2981 2966/2966/2966
f 2965/2965/2965 2980/2980/2980 2981/2981/2981
f 2966/2966/2966 2982/2982/2982 2967/2967/2967
f 2966/2966/2966 2981/2981/2981 2982/2982/2982
f 2967/2967/2967 2983/2983/2983 2968/2968/2968
f 2967/2967/2967 2982/2982/2982 2983/2983/2983
f 2968/2968/2968 2984/2984/2984 2969/2969/2969
f 2968/2968/2968 2983/2983/2983 2984/2984/2984
f 2969/2969/2969 2985/2985/2985 2970/2970/2970
f 2969/2969/2969 2984/2984/2984 2985/2985/2985
f 2970/2970/2970 2986/2986/2986 2971/2971/2971
f 2970/2970/2970 2985/2985/2985 2986/2986/2986
f 2971/2971/2971 2987/2987/2987 2972/2972/2972
f 2971/2971/2971 2986/2986/2986 2987/2987/2987
f 2972/2972/2972 2988/2988/2988 2973/2973/2973
f 2972/2972/2972 2987/2987/2987 2988/2988/2988
f 2974/2974/2974 2990/2990/2990 2975/2975/2975
f 2974/2974/2974 2989/2989/2989 2990/2990/2990
f 2975/2975/2975 2991/2991/2991 2976/2976/2976
f 2975/2975/2975 2990/2990/2990 2991/2991/2991
f 2976/2976/2976 2992/2992/2992 2977/2977/2977
f 2976/2976/2976 2991/2991/2991 2992/2992/2992
f 2977/2977/2977 2993/2993/2993 2978/2978/2978
f 2977/2977/2977 2992/2992/2992 2993/2993/2993
f 2978/2978/2978 2994/2994/2994 2979/2979/2979
f 2978/2978/2978 2993/2993/2993 2994/2994/2994
f 2979/2979/2979 2995/2995/2995 2980/2980/2980
f 2979/2979/2979 2994/2994/2994 2995/2995/2995
f 2980/2980/2980 2996/2996/2996 2981/2981/2981
f 2980/2980/2980 2995/2995/2995 2996/2996/2996
f 2981/2981/2981 2997/2997/2997 2982/2982/2982
f 2981/2981/2981 2996/2996/2996 2997/2997/2997
f 2982/2982/2982 2998/2998/2998 2983/2983/2983
f 2982/2982/2982 2997/2997/2997 2998/2998/2998
f 2983/2983/2983 2999/2999/2999 2984/2984/2984
f 2983/2983/2983 2998/2998/2998 2999/2999/2999
f 2984/2984/2984 3000/3000/3000 2985/2985/2985
f 2984/2984/2984 2999/2999/2999 3000/3000/3000
f 2985/2985/2985 3001/3001/3001 2986/2986/2986
f 2985/2985/2985 3000/3000/3000 3001/3001/3001
f 2986/2986/2986 3002/3002/3002 2987/2987/2987
f 2986/2986/2986 3001/3001/3001 3002/3002/3002
f 2987/2987/2987 3003/3003/3003 2988/2988/2988
f 2987/2987/2987 3002/3002/3002 3003/3003/3003
f 2989/2989/2989 3004/3004/3004 2990/2990/2990
f 2990/2990/2990 3005/3005/3005 2991/2991/2991
f 2991/2991/2991 3006/3006/3006 2992/2992/2992
f 2992/2992/2992 3007/3007/3007 2993/2993/2993
f 2993/2993/2993 3008/3008/3008 2994/2994/2994
f 2994/2994/2994 3009/3009/3009 2995/2995/2995
f 2995/2995/2995 3010/3010/3010 2996/2996/2996
f 2996/2996/2996 3011/3011/3011 2997/2997/2997
f 2997/2997/2997 3012/3012/3012 2998/2998/2998
f 2998/2998/2998 3013/3013/3013 2999/2999/2999
f 2999/2999/2999 3014/3014/3014 3000/3000/3000
f 3000/3000/3000 3015/3015/3015 3001/3001/3001
f 3001/3001/3001 3016/3016/3016 3002/3002/3002
f 3002/3002/3002 3017/3017/3017 3003/3003/3003
