# Mr. Cluckers - procedurally generated plush rooster
mtllib mrcluckers.mtl
o MrCluckers
v 0.000000 0.263431 0.020417
v 0.000000 0.263431 0.020417
v 0.000000 0.263431 0.020417
v 0.000000 0.263431 0.020417
v 0.000000 0.263431 0.020417
v 0.000000 0.263431 0.020417
v 0.000000 0.263431 0.020417
v 0.000000 0.263431 0.020417
v 0.000000 0.263431 0.020417
v 0.000000 0.263431 0.020417
v 0.000000 0.263431 0.020417
v 0.000000 0.263431 0.020417
v 0.000000 0.263431 0.020417
v 0.000000 0.263431 0.020417
v 0.000000 0.263431 0.020417
v 0.000000 0.263431 0.020417
v 0.000000 0.263431 0.020417
v 0.000000 0.263431 0.020417
v 0.000000 0.263431 0.020417
v 0.000000 0.263431 0.020417
v 0.000000 0.263431 0.020417
v 0.000000 0.263431 0.020417
v 0.000000 0.263431 0.020417
v 0.000000 0.263431 0.020417
v 0.000000 0.263431 0.020417
v 0.000000 0.263431 0.020417
v 0.000000 0.263431 0.020417
v 0.000000 0.263431 0.020417
v 0.000000 0.263431 0.020417
v 0.078679 0.269671 0.021729
v 0.077919 0.269004 0.040596
v 0.072436 0.268684 0.058683
v 0.062756 0.268672 0.074725
v 0.050512 0.268137 0.088857
v 0.035464 0.267494 0.100009
v 0.018217 0.266703 0.107666
v -0.000507 0.266371 0.110343
v -0.019006 0.266943 0.107100
v -0.035574 0.268123 0.098785
v -0.049818 0.269066 0.087329
v -0.061592 0.269608 0.073445
v -0.070015 0.270135 0.057300
v -0.075827 0.270108 0.039915
v -0.078452 0.269794 0.021543
v -0.076981 0.269569 0.002928
v -0.071543 0.269378 -0.014946
v -0.062280 0.269270 -0.031057
v -0.049174 0.269622 -0.043773
v -0.033408 0.270482 -0.051897
v -0.016755 0.271486 -0.055629
v -0.000259 0.271946 -0.056583
v 0.016244 0.271717 -0.055207
v 0.032539 0.271195 -0.050497
v 0.047563 0.270749 -0.041750
v 0.060450 0.270340 -0.029443
v 0.070342 0.270006 -0.014166
v 0.076119 0.269983 0.003299
v 0.078679 0.269671 0.021729
v 0.129452 0.296895 0.023838
v 0.124971 0.298495 0.054062
v 0.113329 0.301609 0.081755
v 0.098905 0.300730 0.107534
v 0.080974 0.296283 0.131400
v 0.056212 0.296684 0.147517
v 0.028816 0.296708 0.157647
v -0.000006 0.297294 0.160662
v -0.028902 0.296419 0.157842
v -0.056656 0.295501 0.148266
v -0.081814 0.294664 0.132275
v -0.104169 0.292105 0.111441
v -0.120568 0.291377 0.085000
v -0.128646 0.293747 0.054799
v -0.131446 0.294403 0.023767
v -0.127963 0.294657 -0.007127
v -0.119378 0.293126 -0.037020
v -0.104118 0.292301 -0.063999
v -0.082122 0.294094 -0.085175
v -0.054996 0.300290 -0.097337
v -0.027696 0.303487 -0.104813
v -0.000160 0.305794 -0.106317
v 0.027320 0.304231 -0.104293
v 0.054454 0.301476 -0.096550
v 0.079891 0.298487 -0.082457
v 0.101568 0.296383 -0.061927
v 0.116162 0.297551 -0.035467
v 0.126982 0.295925 -0.006830
v 0.129452 0.296895 0.023838
v 0.172929 0.345765 0.026327
v 0.166786 0.347130 0.066740
v 0.153174 0.347942 0.104694
v 0.135045 0.345947 0.140586
v 0.108458 0.345036 0.170524
v 0.075356 0.345250 0.192252
v 0.038338 0.346360 0.204510
v 0.000048 0.347989 0.207053
v -0.037641 0.348452 0.201964
v -0.074249 0.347096 0.190172
v -0.108589 0.344876 0.170684
v -0.140030 0.341250 0.144290
v -0.160748 0.341767 0.108136
v -0.173451 0.342151 0.068169
v -0.178309 0.341881 0.026297
v -0.174035 0.341756 -0.015701
v -0.156149 0.345481 -0.053403
v -0.137997 0.343211 -0.090177
v -0.109893 0.343391 -0.119579
v -0.075346 0.345236 -0.139550
v -0.037594 0.348684 -0.148580
v -0.000092 0.350407 -0.150738
v 0.037278 0.349250 -0.147856
v 0.075132 0.345551 -0.139172
v 0.109575 0.343784 -0.119141
v 0.138762 0.342560 -0.090676
v 0.158575 0.343575 -0.054495
v 0.171030 0.343972 -0.014993
v 0.172929 0.345765 0.026327
v 0.209129 0.399482 0.027220
v 0.200459 0.400878 0.075691
v 0.184344 0.401277 0.121328
v 0.161207 0.400650 0.163401
v 0.127680 0.401207 0.196941
v 0.088464 0.401561 0.222037
v 0.044427 0.403258 0.234047
v 0.000008 0.401809 0.242857
v -0.045427 0.401448 0.238298
v -0.086177 0.403607 0.217627
v -0.127774 0.401147 0.197056
v -0.162395 0.400054 0.164275
v -0.183765 0.401531 0.121072
v -0.194751 0.403201 0.074481
v -0.200254 0.403013 0.027223
v -0.198008 0.401882 -0.020745
v -0.186824 0.400174 -0.068059
v -0.160451 0.401031 -0.108419
v -0.128572 0.400631 -0.143598
v -0.088156 0.401863 -0.167019
v -0.044930 0.402392 -0.181761
v -0.000019 0.402930 -0.185880
v 0.045124 0.401997 -0.182662
v 0.090680 0.399526 -0.171947
v 0.131559 0.398722 -0.147086
v 0.163373 0.399539 -0.110598
v 0.185550 0.400745 -0.067466
v 0.202916 0.399874 -0.021798
v 0.209129 0.399482 0.027220
v 0.223612 0.456866 0.025743
v 0.210454 0.457765 0.076753
v 0.193983 0.457788 0.124978
v 0.169051 0.457667 0.168887
v 0.135639 0.457529 0.206218
v 0.094224 0.457550 0.233392
v 0.048459 0.457495 0.250995
v 0.000003 0.457823 0.252795
v -0.047969 0.457668 0.248986
v -0.094193 0.457557 0.233336
v -0.135846 0.457501 0.206465
v -0.170449 0.457501 0.169942
v -0.192143 0.458004 0.124149
v -0.206850 0.458186 0.075983
v -0.214098 0.458023 0.025744
v -0.211642 0.457682 -0.025527
v -0.200315 0.456965 -0.076377
v -0.173848 0.456938 -0.121018
v -0.136910 0.457353 -0.156240
v -0.094573 0.457614 -0.182594
v -0.048891 0.457332 -0.201302
v 0.000001 0.457075 -0.208607
v 0.048983 0.457264 -0.201681
v 0.097212 0.456637 -0.187761
v 0.141213 0.456282 -0.161325
v 0.173814 0.456948 -0.120989
v 0.197033 0.457477 -0.074885
v 0.215460 0.457168 -0.026350
v 0.223612 0.456866 0.025743
v 0.217971 0.511677 0.022112
v 0.208615 0.510933 0.072713
v 0.192569 0.510804 0.120671
v 0.169375 0.511354 0.165441
v 0.137218 0.512113 0.204372
v 0.094664 0.511674 0.230533
v 0.049582 0.512797 0.251880
v 0.000005 0.512646 0.257181
v -0.049449 0.512664 0.251385
v -0.097540 0.513255 0.236187
v -0.135265 0.511398 0.202060
v -0.169598 0.511416 0.165602
v -0.195492 0.511455 0.121988
v -0.212863 0.511732 0.073620
v -0.220986 0.512173 0.022115
v -0.214498 0.511989 -0.029748
v -0.196682 0.511746 -0.078309
v -0.168431 0.511428 -0.120511
v -0.133356 0.511315 -0.155594
v -0.091414 0.511071 -0.179969
v -0.047709 0.511434 -0.199972
v 0.000005 0.511515 -0.206502
v 0.048962 0.511912 -0.205132
v 0.095667 0.511962 -0.188281
v 0.139592 0.512323 -0.162973
v 0.173108 0.512108 -0.124028
v 0.195861 0.511627 -0.077934
v 0.210955 0.511457 -0.028983
v 0.217971 0.511677 0.022112
v 0.198135 0.564722 0.016324
v 0.190900 0.563513 0.062671
v 0.175459 0.562838 0.106255
v 0.156508 0.565571 0.148705
v 0.123852 0.564711 0.181211
v 0.087740 0.566671 0.209338
v 0.046010 0.569202 0.229235
v 0.000042 0.569977 0.235962
v -0.046554 0.570817 0.231846
v -0.088008 0.567036 0.209893
v -0.124202 0.564997 0.181576
v -0.155732 0.565034 0.148094
v -0.179743 0.565246 0.108143
v -0.197312 0.566697 0.064023
v -0.204277 0.567539 0.016321
v -0.197185 0.566591 -0.031377
v -0.176999 0.564210 -0.074335
v -0.152825 0.563947 -0.113364
v -0.123023 0.564735 -0.147636
v -0.084703 0.564070 -0.170878
v -0.043561 0.564336 -0.186800
v 0.000042 0.564026 -0.191115
v 0.044633 0.565934 -0.191054
v 0.087800 0.566568 -0.176872
v 0.125989 0.566472 -0.151110
v 0.157498 0.566242 -0.116833
v 0.178995 0.565105 -0.075190
v 0.192082 0.564324 -0.030255
v 0.198135 0.564722 0.016324
v 0.170641 0.615276 0.009214
v 0.166093 0.615063 0.049408
v 0.149233 0.611247 0.085702
v 0.128240 0.609783 0.118185
v 0.102658 0.610187 0.146308
v 0.073067 0.613356 0.170326
v 0.038025 0.615488 0.185766
v 0.000027 0.617395 0.192315
v -0.037769 0.614434 0.184678
v -0.073993 0.615189 0.172087
v -0.104719 0.612930 0.148602
v -0.132671 0.614476 0.121418
v -0.154482 0.615950 0.088040
v -0.167629 0.616294 0.049750
v -0.171834 0.616168 0.009228
v -0.168313 0.616700 -0.031432
v -0.155066 0.616271 -0.069848
v -0.133651 0.615470 -0.103733
v -0.104323 0.613209 -0.129805
v -0.074147 0.615420 -0.153953
v -0.039088 0.618145 -0.171514
v -0.000069 0.618939 -0.177460
v 0.038132 0.615729 -0.167829
v 0.073801 0.614929 -0.153270
v 0.105295 0.614149 -0.130870
v 0.133535 0.615376 -0.103653
v 0.154794 0.616072 -0.069756
v 0.167087 0.615805 -0.031198
v 0.170641 0.615276 0.009214
v 0.132709 0.653562 0.002159
v 0.130294 0.654492 0.033685
v 0.118689 0.652449 0.062895
v 0.101293 0.650045 0.088197
v 0.080153 0.648884 0.109338
v 0.057009 0.651984 0.128024
v 0.029514 0.653392 0.139499
v -0.000038 0.652506 0.142303
v -0.029325 0.652062 0.138419
v -0.057024 0.651789 0.127846
v -0.082271 0.652481 0.111643
v -0.103413 0.652905 0.089658
v -0.118586 0.652263 0.062757
v -0.129720 0.653861 0.033531
v -0.133382 0.654236 0.002120
v -0.131465 0.655709 -0.029649
v -0.122046 0.656278 -0.060088
v -0.105826 0.656147 -0.087225
v -0.084296 0.655976 -0.109807
v -0.060226 0.659079 -0.129800
v -0.031448 0.660977 -0.142657
v -0.000106 0.660852 -0.146300
v 0.030373 0.657266 -0.138841
v 0.057710 0.653975 -0.124979
v 0.082205 0.652895 -0.107294
v 0.103028 0.652797 -0.085090
v 0.119068 0.653108 -0.058717
v 0.129445 0.653667 -0.029199
v 0.132709 0.653562 0.002159
v 0.101803 0.682594 -0.000003
v 0.099231 0.682571 0.024001
v 0.091291 0.682033 0.046623
v 0.078029 0.680233 0.066133
v 0.061702 0.679245 0.082331
v 0.042887 0.679137 0.094800
v 0.022027 0.679420 0.102791
v -0.000043 0.679610 0.105576
v -0.022032 0.678917 0.102393
v -0.042755 0.678486 0.094303
v -0.061913 0.679506 0.082440
v -0.077693 0.679637 0.065788
v -0.089035 0.679010 0.045537
v -0.097883 0.680930 0.023691
v -0.101503 0.682243 -0.000002
v -0.098973 0.682262 -0.023950
v -0.091683 0.682541 -0.046793
v -0.080362 0.683692 -0.067822
v -0.065286 0.685803 -0.086413
v -0.046207 0.687672 -0.101007
v -0.023568 0.686838 -0.108654
v -0.000054 0.685627 -0.110451
v 0.023233 0.685782 -0.107819
v 0.045239 0.685476 -0.099411
v 0.064087 0.683731 -0.085112
v 0.079661 0.682692 -0.067326
v 0.091501 0.682309 -0.046711
v 0.099120 0.682437 -0.023981
v 0.101803 0.682594 -0.000003
v 0.082126 0.697605 0.000013
v 0.080048 0.697591 0.019416
v 0.073766 0.697402 0.037753
v 0.063393 0.696757 0.053791
v 0.049870 0.695869 0.066659
v 0.034556 0.695615 0.076548
v 0.017994 0.696651 0.083971
v -0.000015 0.697517 0.087112
v -0.018218 0.697334 0.084720
v -0.035459 0.697242 0.078195
v -0.051225 0.697618 0.068189
v -0.064665 0.698083 0.054710
v -0.075003 0.698532 0.038296
v -0.081652 0.698952 0.019750
v -0.084025 0.699177 0.000005
v -0.081243 0.698604 -0.019661
v -0.074830 0.698376 -0.038225
v -0.066095 0.699595 -0.055782
v -0.053834 0.701067 -0.071253
v -0.037898 0.701862 -0.082930
v -0.019323 0.701389 -0.089223
v -0.000025 0.700801 -0.090855
v 0.019271 0.701430 -0.089282
v 0.037637 0.701485 -0.082573
v 0.052614 0.699485 -0.069866
v 0.064094 0.697473 -0.054271
v 0.073086 0.696762 -0.037403
v 0.079546 0.697159 -0.019276
v 0.082126 0.697605 0.000013
v 0.077206 0.707738 0.000031
v 0.075354 0.708149 0.018279
v 0.069822 0.709072 0.035692
v 0.060654 0.709455 0.051327
v 0.048188 0.708258 0.064163
v 0.033415 0.707232 0.073739
v 0.017207 0.708747 0.080096
v -0.000010 0.710293 0.082479
v -0.017316 0.710251 0.080401
v -0.033795 0.710711 0.074389
v -0.048692 0.711696 0.064720
v -0.061205 0.712552 0.051732
v -0.070638 0.713068 0.036055
v -0.076382 0.712805 0.018484
v -0.078290 0.712540 0.000009
v -0.076091 0.711469 -0.018409
v -0.070187 0.710831 -0.035841
v -0.061222 0.712578 -0.051721
v -0.049100 0.714433 -0.065159
v -0.034270 0.715300 -0.075258
v -0.017585 0.715166 -0.081416
v -0.000030 0.714797 -0.083439
v 0.017532 0.715442 -0.081488
v 0.034179 0.714974 -0.075222
v 0.048686 0.711650 -0.064712
v 0.060450 0.708133 -0.051117
v 0.069370 0.706716 -0.035421
v 0.075133 0.707075 -0.018165
v 0.077206 0.707738 0.000031
v 0.000000 0.711436 0.000000
v 0.077206 0.707738 0.000031
v 0.075354 0.708149 0.018279
v 0.069822 0.709072 0.035692
v 0.060654 0.709455 0.051327
v 0.048188 0.708258 0.064163
v 0.033415 0.707232 0.073739
v 0.017207 0.708747 0.080096
v -0.000010 0.710293 0.082479
v -0.017316 0.710251 0.080401
v -0.033795 0.710711 0.074389
v -0.048692 0.711696 0.064720
v -0.061205 0.712552 0.051732
v -0.070638 0.713068 0.036055
v -0.076382 0.712805 0.018484
v -0.078290 0.712540 0.000009
v -0.076091 0.711469 -0.018409
v -0.070187 0.710831 -0.035841
v -0.061222 0.712578 -0.051721
v -0.049100 0.714433 -0.065159
v -0.034270 0.715300 -0.075258
v -0.017585 0.715166 -0.081416
v -0.000030 0.714797 -0.083439
v 0.017532 0.715442 -0.081488
v 0.034179 0.714974 -0.075222
v 0.048686 0.711650 -0.064712
v 0.060450 0.708133 -0.051117
v 0.069370 0.706716 -0.035421
v 0.075133 0.707075 -0.018165
v 0.077206 0.707738 0.000031
v 0.087851 0.627473 0.005393
v 0.086236 0.626901 0.028569
v 0.077699 0.626717 0.050349
v 0.062572 0.627226 0.067985
v 0.044226 0.627250 0.081997
v 0.023174 0.626745 0.092068
v -0.000066 0.626489 0.095755
v -0.023335 0.626625 0.092338
v -0.044947 0.626685 0.083210
v -0.063953 0.626464 0.069300
v -0.078116 0.626547 0.050476
v -0.086864 0.626647 0.028671
v -0.090028 0.626602 0.005392
v -0.086317 0.626866 -0.017706
v -0.076813 0.627138 -0.038890
v -0.062270 0.627406 -0.056763
v -0.043279 0.628076 -0.069270
v -0.022144 0.628684 -0.076439
v -0.000219 0.628874 -0.078903
v 0.021987 0.628392 -0.077236
v 0.044095 0.627315 -0.070995
v 0.063734 0.626582 -0.058212
v 0.077382 0.626877 -0.039209
v 0.085322 0.627278 -0.017447
v 0.087851 0.627473 0.005393
v 0.102233 0.658588 0.005446
v 0.098881 0.658540 0.031942
v 0.088236 0.658712 0.056389
v 0.071662 0.658905 0.077105
v 0.050934 0.658718 0.093665
v 0.026604 0.658386 0.104744
v -0.000004 0.658230 0.108682
v -0.026720 0.658236 0.105146
v -0.051472 0.658337 0.094589
v -0.072780 0.658342 0.078219
v -0.089077 0.658366 0.056869
v -0.099025 0.658487 0.031976
v -0.102253 0.658581 0.005443
v -0.098669 0.658618 -0.020995
v -0.088040 0.658793 -0.045385
v -0.070559 0.659463 -0.065107
v -0.048828 0.660227 -0.079106
v -0.024924 0.660725 -0.087513
v -0.000017 0.661003 -0.090017
v 0.025506 0.659891 -0.089780
v 0.051279 0.658474 -0.083368
v 0.073516 0.657972 -0.068062
v 0.090576 0.657750 -0.046840
v 0.099923 0.658155 -0.021324
v 0.102233 0.658588 0.005446
v 0.111873 0.687570 0.005444
v 0.107523 0.687699 0.034255
v 0.095328 0.687987 0.060482
v 0.077507 0.688094 0.082952
v 0.055646 0.687705 0.101825
v 0.028977 0.687551 0.113586
v 0.000000 0.687509 0.117581
v -0.029125 0.687418 0.114142
v -0.056407 0.687352 0.103146
v -0.079333 0.687496 0.084778
v -0.097238 0.687476 0.061586
v -0.107532 0.687697 0.034258
v -0.110360 0.687921 0.005445
v -0.106898 0.687849 -0.023199
v -0.096027 0.687800 -0.049997
v -0.076917 0.688287 -0.071473
v -0.053299 0.688792 -0.086875
v -0.027221 0.689121 -0.096153
v 0.000002 0.689282 -0.099041
v 0.028041 0.688390 -0.099201
v 0.056377 0.687366 -0.092205
v 0.080227 0.687203 -0.074784
v 0.099897 0.686764 -0.052233
v 0.109792 0.687155 -0.023975
v 0.111873 0.687570 0.005444
v 0.115903 0.713025 0.005377
v 0.110765 0.713201 0.035109
v 0.097458 0.713500 0.061799
v 0.079016 0.713604 0.084612
v 0.057174 0.713247 0.104472
v 0.029871 0.713116 0.116770
v 0.000069 0.713018 0.121396
v -0.030033 0.712960 0.117864
v -0.057861 0.713035 0.105791
v -0.080243 0.713377 0.085633
v -0.099088 0.713237 0.062657
v -0.109777 0.713348 0.034828
v -0.112649 0.713490 0.005372
v -0.108346 0.713555 -0.023682
v -0.096626 0.713634 -0.050476
v -0.078841 0.713638 -0.073561
v -0.055579 0.713671 -0.091075
v -0.028697 0.713675 -0.102150
v 0.000123 0.713657 -0.106035
v 0.029409 0.713370 -0.104170
v 0.058110 0.712958 -0.095379
v 0.082563 0.712887 -0.077272
v 0.102600 0.712643 -0.054002
v 0.113815 0.712744 -0.025209
v 0.115903 0.713025 0.005377
v 0.000000 0.594975 0.005445
v 0.000000 0.594975 0.005445
v 0.000000 0.594975 0.005445
v 0.000000 0.594975 0.005445
v 0.000000 0.594975 0.005445
v 0.000000 0.594975 0.005445
v 0.000000 0.594975 0.005445
v 0.000000 0.594975 0.005445
v 0.000000 0.594975 0.005445
v 0.000000 0.594975 0.005445
v 0.000000 0.594975 0.005445
v 0.000000 0.594975 0.005445
v 0.000000 0.594975 0.005445
v 0.000000 0.594975 0.005445
v 0.000000 0.594975 0.005445
v 0.000000 0.594975 0.005445
v 0.000000 0.594975 0.005445
v 0.000000 0.594975 0.005445
v 0.000000 0.594975 0.005445
v 0.000000 0.594975 0.005445
v 0.000000 0.594975 0.005445
v 0.000000 0.594975 0.005445
v 0.000000 0.594975 0.005445
v 0.000000 0.594975 0.005445
v 0.000000 0.594975 0.005445
v 0.000000 0.594975 0.005445
v 0.000000 0.594975 0.005445
v 0.000000 0.594975 0.005445
v 0.000000 0.594975 0.005445
v 0.023322 0.592313 0.005526
v 0.022689 0.592390 0.010610
v 0.020884 0.592565 0.015401
v 0.018053 0.592728 0.019665
v 0.014363 0.592790 0.023230
v 0.009980 0.592737 0.025943
v 0.005091 0.592638 0.027651
v -0.000071 0.592588 0.028228
v -0.005224 0.592662 0.027610
v -0.010075 0.592861 0.025836
v -0.014364 0.593140 0.023033
v -0.017884 0.593444 0.019379
v -0.020487 0.593719 0.015080
v -0.022076 0.593915 0.010352
v -0.022604 0.593989 0.005413
v -0.022051 0.593940 0.000474
v -0.020415 0.593821 -0.004240
v -0.017749 0.593687 -0.008493
v -0.014167 0.593588 -0.012053
v -0.009851 0.593545 -0.014725
v -0.005030 0.593544 -0.016370
v 0.000044 0.593552 -0.016917
v 0.005122 0.593491 -0.016372
v 0.009975 0.593330 -0.014768
v 0.014376 0.593098 -0.012158
v 0.018101 0.592832 -0.008643
v 0.020942 0.592576 -0.004377
v 0.022725 0.592385 0.000432
v 0.023322 0.592313 0.005526
v 0.045069 0.596698 0.005480
v 0.043730 0.597286 0.015267
v 0.040004 0.598569 0.024355
v 0.034410 0.599682 0.032353
v 0.027394 0.599890 0.039124
v 0.019171 0.599134 0.044502
v 0.009900 0.598064 0.048083
v -0.000027 0.597539 0.049363
v -0.009973 0.597728 0.048190
v -0.019343 0.598202 0.044790
v -0.027640 0.598844 0.039405
v -0.034459 0.599537 0.032372
v -0.039495 0.600199 0.024083
v -0.042552 0.600732 0.014964
v -0.043568 0.600956 0.005449
v -0.042586 0.600634 -0.004079
v -0.039596 0.599869 -0.013252
v -0.034585 0.599030 -0.021614
v -0.027698 0.598460 -0.028645
v -0.019294 0.598286 -0.033891
v -0.009878 0.598380 -0.037082
v 0.000018 0.598474 -0.038138
v 0.009912 0.598421 -0.037059
v 0.019325 0.598313 -0.033865
v 0.027801 0.598134 -0.028711
v 0.034945 0.597809 -0.021858
v 0.040412 0.597347 -0.013615
v 0.043877 0.596901 -0.004347
v 0.045069 0.596698 0.005480
v 0.064728 0.608442 0.005453
v 0.062800 0.609020 0.019496
v 0.057403 0.610329 0.032515
v 0.049267 0.611645 0.043888
v 0.039197 0.611943 0.053528
v 0.027470 0.611125 0.061272
v 0.014206 0.610144 0.066389
v 0.000004 0.609684 0.068212
v -0.014244 0.609732 0.066614
v -0.027815 0.609580 0.062049
v -0.040065 0.609308 0.054680
v -0.050071 0.609705 0.044575
v -0.057102 0.610926 0.032395
v -0.061262 0.611929 0.019160
v -0.062665 0.612259 0.005473
v -0.061421 0.611648 -0.008260
v -0.057429 0.610276 -0.021639
v -0.050497 0.608693 -0.034035
v -0.040734 0.607282 -0.044676
v -0.028493 0.606607 -0.052647
v -0.014608 0.606532 -0.057450
v 0.000025 0.606635 -0.059005
v 0.014625 0.606784 -0.057303
v 0.028437 0.607018 -0.052422
v 0.040747 0.607328 -0.044633
v 0.050786 0.608035 -0.034248
v 0.058450 0.608181 -0.022139
v 0.063174 0.608315 -0.008681
v 0.064728 0.608442 0.005453
v 0.081439 0.623678 0.005423
v 0.079068 0.624127 0.023085
v 0.072627 0.624783 0.039639
v 0.063062 0.624730 0.054625
v 0.050326 0.624673 0.067161
v 0.034969 0.624870 0.076435
v 0.018044 0.624293 0.082710
v 0.000022 0.623791 0.085096
v -0.017962 0.624455 0.082600
v -0.034953 0.624745 0.076551
v -0.050808 0.623578 0.067861
v -0.063701 0.623608 0.055212
v -0.072333 0.625167 0.039570
v -0.077461 0.626261 0.022785
v -0.079206 0.626598 0.005494
v -0.077858 0.625755 -0.011898
v -0.073052 0.624162 -0.028965
v -0.064285 0.622665 -0.044755
v -0.051988 0.621134 -0.058451
v -0.036706 0.619500 -0.069343
v -0.019055 0.618016 -0.076610
v 0.000038 0.617285 -0.079283
v 0.019036 0.618459 -0.076259
v 0.036513 0.620157 -0.068868
v 0.052128 0.620851 -0.058619
v 0.065245 0.621049 -0.045548
v 0.074701 0.621750 -0.029809
v 0.079965 0.622912 -0.012446
v 0.081439 0.623678 0.005423
v 0.097300 0.639039 0.005420
v 0.093637 0.640243 0.026315
v 0.085215 0.641653 0.045509
v 0.074715 0.640724 0.063670
v 0.059916 0.640228 0.078889
v 0.041423 0.640866 0.089473
v 0.021658 0.639117 0.098209
v 0.000011 0.637528 0.102302
v -0.021600 0.639149 0.098187
v -0.041508 0.640520 0.089842
v -0.060574 0.639148 0.079832
v -0.076307 0.638736 0.065046
v -0.086802 0.639936 0.046382
v -0.092316 0.641517 0.026095
v -0.093877 0.642302 0.005500
v -0.092266 0.641586 -0.015094
v -0.086308 0.640491 -0.035169
v -0.075440 0.639834 -0.053381
v -0.060723 0.638979 -0.069052
v -0.043068 0.637183 -0.082150
v -0.022928 0.633456 -0.093238
v 0.000048 0.631136 -0.098252
v 0.023005 0.633351 -0.093335
v 0.043277 0.636702 -0.082618
v 0.061598 0.637599 -0.070229
v 0.077451 0.637350 -0.055071
v 0.089133 0.637479 -0.036612
v 0.095466 0.638442 -0.015909
v 0.097300 0.639039 0.005420
v 0.112782 0.655146 0.005433
v 0.107526 0.656880 0.029429
v 0.097379 0.658422 0.051242
v 0.085415 0.657617 0.072022
v 0.068354 0.657361 0.089238
v 0.047122 0.658101 0.101033
v 0.024682 0.656512 0.111169
v 0.000005 0.654513 0.116831
v -0.024733 0.656216 0.111602
v -0.047634 0.657183 0.102278
v -0.069472 0.656072 0.090751
v -0.087518 0.655722 0.073798
v -0.099874 0.656479 0.052542
v -0.106671 0.657479 0.029293
v -0.108789 0.657919 0.005482
v -0.106606 0.657536 -0.018319
v -0.098552 0.657516 -0.040939
v -0.085048 0.657945 -0.060829
v -0.068270 0.657456 -0.078239
v -0.048590 0.655721 -0.093304
v -0.025982 0.652338 -0.106270
v 0.000038 0.649809 -0.112857
v 0.026179 0.651826 -0.106995
v 0.049209 0.654697 -0.094671
v 0.069696 0.655824 -0.080146
v 0.087765 0.655503 -0.063108
v 0.101809 0.654992 -0.042588
v 0.109743 0.655295 -0.019098
v 0.112782 0.655146 0.005433
v 0.125202 0.674087 0.005440
v 0.120894 0.674673 0.032457
v 0.110277 0.675457 0.057405
v 0.095265 0.675729 0.079764
v 0.075377 0.676201 0.097869
v 0.052266 0.676423 0.111540
v 0.027300 0.675347 0.122454
v 0.000010 0.674731 0.126756
v -0.027115 0.675678 0.121787
v -0.052843 0.675730 0.112866
v -0.077371 0.674622 0.100474
v -0.097068 0.674594 0.081267
v -0.110243 0.675468 0.057426
v -0.118428 0.675902 0.031914
v -0.122063 0.675617 0.005463
v -0.118288 0.675976 -0.020948
v -0.108411 0.676469 -0.045588
v -0.094218 0.676384 -0.068014
v -0.075896 0.675792 -0.087651
v -0.053566 0.674950 -0.103435
v -0.028166 0.673412 -0.115518
v 0.000009 0.672614 -0.120300
v 0.028425 0.672864 -0.116635
v 0.054644 0.673726 -0.105750
v 0.077954 0.674168 -0.090325
v 0.097783 0.674150 -0.070954
v 0.113099 0.673926 -0.047924
v 0.122379 0.673929 -0.021926
v 0.125202 0.674087 0.005440
v 0.133974 0.695182 0.005443
v 0.131175 0.695003 0.034785
v 0.119599 0.695565 0.061849
v 0.101711 0.696392 0.084803
v 0.080176 0.696863 0.103752
v 0.056555 0.696318 0.120349
v 0.029575 0.695520 0.132339
v 0.000010 0.696057 0.133842
v -0.028704 0.696708 0.128543
v -0.056055 0.696659 0.119355
v -0.082436 0.695726 0.106684
v -0.103371 0.695727 0.086180
v -0.116693 0.696565 0.060444
v -0.125868 0.696695 0.033566
v -0.131163 0.696056 0.005455
v -0.126367 0.696538 -0.022761
v -0.116666 0.696579 -0.049508
v -0.103113 0.695833 -0.075061
v -0.082682 0.695608 -0.096088
v -0.057639 0.695537 -0.111773
v -0.029609 0.695472 -0.121604
v -0.000010 0.696101 -0.122807
v 0.029680 0.695362 -0.121958
v 0.058103 0.695199 -0.112773
v 0.084008 0.694945 -0.097794
v 0.105946 0.694705 -0.077374
v 0.122398 0.694599 -0.052338
v 0.132620 0.694543 -0.024228
v 0.133974 0.695182 0.005443
v 0.143067 0.716948 0.005449
v 0.137139 0.717312 0.036129
v 0.123011 0.717940 0.063436
v 0.104675 0.718342 0.087090
v 0.082687 0.718535 0.106813
v 0.058229 0.718295 0.123717
v 0.030442 0.717901 0.136013
v 0.000002 0.717616 0.141289
v -0.030318 0.717979 0.135503
v -0.058688 0.718130 0.124724
v -0.084795 0.718019 0.109535
v -0.105814 0.718119 0.088036
v -0.119656 0.718503 0.061804
v -0.130206 0.718391 0.034522
v -0.135988 0.718022 0.005450
v -0.131885 0.718130 -0.024008
v -0.122965 0.717948 -0.052524
v -0.109650 0.717376 -0.080261
v -0.087791 0.717291 -0.102474
v -0.060229 0.717594 -0.117080
v -0.030672 0.717743 -0.126160
v -0.000006 0.718045 -0.127513
v 0.030652 0.717753 -0.126098
v 0.059909 0.717704 -0.116412
v 0.085715 0.717796 -0.099820
v 0.108153 0.717666 -0.079045
v 0.127114 0.717249 -0.054566
v 0.139728 0.716910 -0.025836
v 0.143067 0.716948 0.005449
v 0.147656 0.740472 0.005445
v 0.138966 0.740472 0.036537
v 0.123537 0.740472 0.063669
v 0.105453 0.740472 0.087690
v 0.083471 0.740472 0.107777
v 0.058236 0.740472 0.123687
v 0.030362 0.740472 0.135606
v 0.000000 0.740472 0.145258
v -0.031255 0.740472 0.139598
v -0.060176 0.740472 0.127798
v -0.085677 0.740472 0.110601
v -0.106279 0.740472 0.088362
v -0.120195 0.740472 0.062027
v -0.131393 0.740472 0.034773
v -0.137063 0.740472 0.005445
v -0.133625 0.740472 -0.024404
v -0.124871 0.740472 -0.053435
v -0.111917 0.740472 -0.082061
v -0.089859 0.740472 -0.105062
v -0.061113 0.740472 -0.118893
v -0.031160 0.740472 -0.128284
v -0.000000 0.740472 -0.130669
v 0.031158 0.740472 -0.128275
v 0.060716 0.740472 -0.118053
v 0.085641 0.740472 -0.099665
v 0.107456 0.740472 -0.078431
v 0.128222 0.740472 -0.055082
v 0.142411 0.740472 -0.026450
v 0.147656 0.740472 0.005445
v 0.146097 0.764455 0.005436
v 0.138252 0.763804 0.036384
v 0.123142 0.763027 0.063511
v 0.105195 0.762705 0.087534
v 0.083712 0.762662 0.108154
v 0.058165 0.762631 0.123619
v 0.030294 0.762948 0.135397
v 0.000003 0.763831 0.144675
v -0.031008 0.763431 0.138559
v -0.059281 0.763018 0.125955
v -0.083925 0.762711 0.108402
v -0.104565 0.762580 0.087000
v -0.119984 0.762494 0.061943
v -0.131137 0.762697 0.034722
v -0.135724 0.762882 0.005439
v -0.132254 0.762872 -0.024106
v -0.123913 0.763156 -0.052999
v -0.109886 0.763613 -0.080451
v -0.087847 0.763666 -0.102541
v -0.060361 0.763397 -0.117366
v -0.030754 0.763260 -0.126550
v 0.000002 0.763246 -0.129849
v 0.030996 0.763423 -0.127616
v 0.060257 0.763360 -0.117140
v 0.084959 0.762963 -0.098839
v 0.107056 0.763064 -0.078145
v 0.127486 0.763758 -0.054754
v 0.140732 0.764190 -0.026081
v 0.146097 0.764455 0.005436
v 0.139561 0.787499 0.005430
v 0.133184 0.786581 0.035247
v 0.119737 0.785428 0.061929
v 0.103488 0.785263 0.086275
v 0.082902 0.785449 0.107276
v 0.057313 0.785181 0.122000
v 0.029808 0.785758 0.133411
v 0.000012 0.787271 0.141663
v -0.030221 0.786338 0.135267
v -0.057329 0.785183 0.122000
v -0.080727 0.784357 0.104462
v -0.100759 0.784172 0.084024
v -0.116941 0.784460 0.060534
v -0.127307 0.784705 0.033872
v -0.130674 0.784735 0.005433
v -0.127541 0.784782 -0.023061
v -0.120055 0.785537 -0.051195
v -0.105187 0.785937 -0.076759
v -0.084072 0.786031 -0.097875
v -0.058673 0.786150 -0.113971
v -0.029906 0.785894 -0.122957
v -0.000001 0.786102 -0.126940
v 0.030246 0.786374 -0.124490
v 0.058437 0.785982 -0.113476
v 0.082331 0.785160 -0.095637
v 0.104079 0.785496 -0.075852
v 0.123374 0.786684 -0.052829
v 0.134633 0.787044 -0.024711
v 0.139561 0.787499 0.005430
v 0.125533 0.807018 0.005447
v 0.121773 0.806712 0.032677
v 0.112690 0.806796 0.058615
v 0.099328 0.807753 0.083089
v 0.079965 0.808339 0.103764
v 0.055650 0.808338 0.118747
v 0.028696 0.808661 0.128709
v 0.000019 0.809355 0.133335
v -0.028755 0.808848 0.129096
v -0.054969 0.807585 0.117333
v -0.077169 0.806152 0.100184
v -0.095775 0.805534 0.080182
v -0.109889 0.805276 0.057212
v -0.118276 0.804961 0.031835
v -0.121546 0.805075 0.005424
v -0.119520 0.805587 -0.021274
v -0.113257 0.807103 -0.048001
v -0.099380 0.807786 -0.072243
v -0.079772 0.808188 -0.092629
v -0.055669 0.808359 -0.107897
v -0.028475 0.808186 -0.116852
v -0.000010 0.808353 -0.120349
v 0.028631 0.808570 -0.117641
v 0.055455 0.808136 -0.107485
v 0.078346 0.807077 -0.090815
v 0.098121 0.807001 -0.071219
v 0.114086 0.807551 -0.048408
v 0.122768 0.807209 -0.022013
v 0.125533 0.807018 0.005447
v 0.108425 0.822773 0.005484
v 0.108399 0.824694 0.029684
v 0.104303 0.827868 0.054683
v 0.092132 0.829298 0.077504
v 0.074386 0.830300 0.096957
v 0.052403 0.831291 0.112220
v 0.026663 0.830585 0.119985
v 0.000024 0.829609 0.121503
v -0.026477 0.830194 0.119439
v -0.051341 0.829684 0.110120
v -0.071712 0.827352 0.093591
v -0.088588 0.826159 0.074638
v -0.101345 0.825586 0.053223
v -0.106977 0.823672 0.029298
v -0.108570 0.822873 0.005406
v -0.107927 0.824358 -0.018688
v -0.103331 0.827121 -0.043324
v -0.091035 0.828329 -0.065734
v -0.072807 0.828556 -0.084074
v -0.050766 0.828705 -0.097917
v -0.026414 0.829829 -0.108013
v -0.000035 0.830851 -0.112439
v 0.026727 0.830996 -0.109700
v 0.051984 0.830726 -0.100615
v 0.072979 0.828774 -0.084345
v 0.089195 0.826700 -0.064249
v 0.101175 0.825455 -0.042249
v 0.107372 0.823954 -0.018503
v 0.108425 0.822773 0.005484
v 0.094085 0.838840 0.005499
v 0.094525 0.841584 0.026589
v 0.091273 0.845720 0.048529
v 0.080411 0.847179 0.068325
v 0.064896 0.848334 0.085263
v 0.045814 0.849717 0.098763
v 0.023376 0.849123 0.105817
v 0.000033 0.848151 0.107368
v -0.023165 0.848545 0.105233
v -0.044957 0.847990 0.097134
v -0.063046 0.845557 0.082967
v -0.077887 0.844117 0.066298
v -0.089019 0.843334 0.047421
v -0.093206 0.840279 0.026211
v -0.093417 0.838202 0.005385
v -0.093157 0.840248 -0.015393
v -0.089450 0.843799 -0.036764
v -0.079135 0.845634 -0.056416
v -0.063479 0.846191 -0.072593
v -0.044427 0.846724 -0.085001
v -0.023443 0.849397 -0.095213
v -0.000063 0.851358 -0.099910
v 0.023671 0.850800 -0.096700
v 0.045575 0.849374 -0.087584
v 0.064038 0.847092 -0.073371
v 0.077998 0.844252 -0.055500
v 0.087750 0.841985 -0.035894
v 0.092874 0.839953 -0.015241
v 0.094085 0.838840 0.005499
v 0.080545 0.856097 0.005477
v 0.079538 0.857460 0.023241
v 0.074994 0.859617 0.040838
v 0.065739 0.860713 0.056830
v 0.052737 0.861351 0.070269
v 0.037078 0.862446 0.080917
v 0.019199 0.863396 0.087840
v 0.000040 0.863865 0.090333
v -0.019058 0.862946 0.087512
v -0.036586 0.861072 0.079969
v -0.051707 0.859211 0.068972
v -0.064183 0.858106 0.055559
v -0.073137 0.856906 0.039898
v -0.077167 0.854259 0.022617
v -0.077795 0.852500 0.005378
v -0.076942 0.853987 -0.011781
v -0.073244 0.857091 -0.029115
v -0.065396 0.860145 -0.045668
v -0.052914 0.861717 -0.059601
v -0.037035 0.862321 -0.069940
v -0.019342 0.864192 -0.077554
v -0.000055 0.865556 -0.080763
v 0.019334 0.864660 -0.077930
v 0.037263 0.863167 -0.070561
v 0.053048 0.862067 -0.059841
v 0.065475 0.860288 -0.045748
v 0.073891 0.858007 -0.029390
v 0.078879 0.856561 -0.012149
v 0.080545 0.856097 0.005477
v 0.064191 0.871507 0.005446
v 0.062554 0.871457 0.019438
v 0.057724 0.871284 0.032687
v 0.050091 0.871286 0.044591
v 0.040255 0.872186 0.054914
v 0.028111 0.872583 0.062650
v 0.014465 0.872921 0.067529
v 0.000014 0.873154 0.069257
v -0.014408 0.872608 0.067365
v -0.027871 0.871589 0.062160
v -0.039717 0.870580 0.054219
v -0.049307 0.869395 0.043922
v -0.056603 0.868958 0.032105
v -0.060960 0.868417 0.019033
v -0.062317 0.868040 0.005411
v -0.061248 0.868987 -0.008268
v -0.057721 0.871279 -0.021797
v -0.051188 0.873846 -0.034564
v -0.041364 0.875409 -0.045396
v -0.028820 0.875502 -0.053199
v -0.014789 0.875425 -0.057981
v -0.000035 0.875483 -0.059652
v 0.014723 0.875439 -0.058004
v 0.028757 0.875506 -0.053233
v 0.041314 0.875420 -0.045445
v 0.051295 0.874164 -0.034707
v 0.058402 0.872683 -0.022138
v 0.062718 0.871766 -0.008586
v 0.064191 0.871507 0.005446
v 0.044557 0.882794 0.005423
v 0.043346 0.882507 0.015127
v 0.039865 0.881895 0.024253
v 0.034403 0.881207 0.032329
v 0.027280 0.880512 0.038968
v 0.018875 0.879840 0.043861
v 0.009629 0.879292 0.046822
v -0.000013 0.879055 0.047798
v -0.009640 0.879139 0.046763
v -0.018811 0.879323 0.043686
v -0.027079 0.879572 0.038698
v -0.034041 0.879895 0.032036
v -0.039359 0.880318 0.024017
v -0.042747 0.880779 0.015010
v -0.043931 0.881017 0.005450
v -0.042943 0.881342 -0.004155
v -0.039937 0.882119 -0.013396
v -0.034885 0.882919 -0.021811
v -0.027918 0.883322 -0.028853
v -0.019419 0.883211 -0.034051
v -0.009939 0.882838 -0.037169
v -0.000020 0.882621 -0.038192
v 0.009898 0.882856 -0.037185
v 0.019388 0.883308 -0.034105
v 0.027940 0.883623 -0.028972
v 0.035039 0.883593 -0.022003
v 0.040288 0.883279 -0.013615
v 0.043484 0.882936 -0.004313
v 0.044557 0.882794 0.005423
v 0.022793 0.889249 0.005413
v 0.022205 0.889124 0.010386
v 0.020470 0.888799 0.015085
v 0.017700 0.888355 0.019260
v 0.014060 0.887872 0.022706
v 0.009751 0.887432 0.025266
v 0.004992 0.887118 0.026837
v 0.000010 0.887002 0.027367
v -0.004968 0.887070 0.026833
v -0.009712 0.887259 0.025247
v -0.013993 0.887531 0.022675
v -0.017597 0.887841 0.019230
v -0.020334 0.888139 0.015072
v -0.022051 0.888366 0.010405
v -0.022641 0.888457 0.005469
v -0.022084 0.888488 0.000525
v -0.020428 0.888563 -0.004177
v -0.017744 0.888635 -0.008403
v -0.014161 0.888662 -0.011933
v -0.009861 0.888634 -0.014584
v -0.005068 0.888582 -0.016225
v -0.000025 0.888555 -0.016783
v 0.005020 0.888616 -0.016243
v 0.009825 0.888763 -0.014630
v 0.014152 0.888935 -0.012010
v 0.017777 0.889082 -0.008502
v 0.020511 0.889179 -0.004281
v 0.022212 0.889232 0.000438
v 0.022793 0.889249 0.005413
v -0.000000 0.891246 0.005445
v -0.000000 0.891246 0.005445
v -0.000000 0.891246 0.005445
v -0.000000 0.891246 0.005445
v -0.000000 0.891246 0.005445
v -0.000000 0.891246 0.005445
v -0.000000 0.891246 0.005445
v -0.000000 0.891246 0.005445
v -0.000000 0.891246 0.005445
v -0.000000 0.891246 0.005445
v -0.000000 0.891246 0.005445
v -0.000000 0.891246 0.005445
v -0.000000 0.891246 0.005445
v -0.000000 0.891246 0.005445
v -0.000000 0.891246 0.005445
v -0.000000 0.891246 0.005445
v -0.000000 0.891246 0.005445
v -0.000000 0.891246 0.005445
v -0.000000 0.891246 0.005445
v -0.000000 0.891246 0.005445
v -0.000000 0.891246 0.005445
v -0.000000 0.891246 0.005445
v -0.000000 0.891246 0.005445
v -0.000000 0.891246 0.005445
v -0.000000 0.891246 0.005445
v -0.000000 0.891246 0.005445
v -0.000000 0.891246 0.005445
v -0.000000 0.891246 0.005445
v -0.000000 0.891246 0.005445
v 0.096189 0.751361 0.094374
v 0.091481 0.773794 0.094374
v 0.077818 0.794032 0.094374
v 0.056538 0.810092 0.094374
v 0.029724 0.820403 0.094374
v 0.000000 0.823956 0.094374
v -0.029724 0.820403 0.094374
v -0.056538 0.810092 0.094374
v -0.077818 0.794032 0.094374
v -0.091481 0.773794 0.094374
v -0.096189 0.751361 0.094374
v -0.091481 0.728928 0.094374
v -0.077818 0.708691 0.094374
v -0.056538 0.692630 0.094374
v -0.029724 0.682319 0.094374
v -0.000000 0.678766 0.094374
v 0.029724 0.682319 0.094374
v 0.056538 0.692630 0.094374
v 0.077818 0.708691 0.094374
v 0.091481 0.728928 0.094374
v 0.096189 0.751361 0.094374
v 0.093466 0.746673 0.150635
v 0.088892 0.767984 0.150635
v 0.075616 0.787210 0.150635
v 0.054938 0.802467 0.150635
v 0.028883 0.812263 0.150635
v 0.000000 0.815638 0.150635
v -0.028883 0.812263 0.150635
v -0.054938 0.802467 0.150635
v -0.075616 0.787210 0.150635
v -0.088892 0.767984 0.150635
v -0.093466 0.746673 0.150635
v -0.088892 0.725361 0.150635
v -0.075616 0.706136 0.150635
v -0.054938 0.690879 0.150635
v -0.028883 0.681083 0.150635
v -0.000000 0.677707 0.150635
v 0.028883 0.681083 0.150635
v 0.054938 0.690879 0.150635
v 0.075616 0.706136 0.150635
v 0.088892 0.725361 0.150635
v 0.093466 0.746673 0.150635
v 0.078947 0.731998 0.208711
v 0.075083 0.749384 0.208711
v 0.063870 0.765067 0.208711
v 0.046404 0.777514 0.208711
v 0.024396 0.785506 0.208711
v 0.000000 0.788259 0.208711
v -0.024396 0.785506 0.208711
v -0.046404 0.777514 0.208711
v -0.063870 0.765067 0.208711
v -0.075083 0.749384 0.208711
v -0.078947 0.731998 0.208711
v -0.075083 0.714612 0.208711
v -0.063870 0.698928 0.208711
v -0.046404 0.686481 0.208711
v -0.024396 0.678490 0.208711
v -0.000000 0.675737 0.208711
v 0.024396 0.678490 0.208711
v 0.046404 0.686481 0.208711
v 0.063870 0.698928 0.208711
v 0.075083 0.714612 0.208711
v 0.078947 0.731998 0.208711
v 0.054446 0.710068 0.261343
v 0.051782 0.722126 0.261343
v 0.044048 0.733004 0.261343
v 0.032003 0.741636 0.261343
v 0.016825 0.747179 0.261343
v 0.000000 0.749088 0.261343
v -0.016825 0.747179 0.261343
v -0.032003 0.741636 0.261343
v -0.044048 0.733004 0.261343
v -0.051782 0.722126 0.261343
v -0.054446 0.710068 0.261343
v -0.051782 0.698011 0.261343
v -0.044048 0.687133 0.261343
v -0.032003 0.678501 0.261343
v -0.016825 0.672958 0.261343
v -0.000000 0.671048 0.261343
v 0.016825 0.672958 0.261343
v 0.032003 0.678501 0.261343
v 0.044048 0.687133 0.261343
v 0.051782 0.698011 0.261343
v 0.054446 0.710068 0.261343
v 0.024501 0.689066 0.299456
v 0.023302 0.694674 0.299456
v 0.019822 0.699733 0.299456
v 0.014401 0.703749 0.299456
v 0.007571 0.706326 0.299456
v 0.000000 0.707215 0.299456
v -0.007571 0.706326 0.299456
v -0.014401 0.703749 0.299456
v -0.019822 0.699733 0.299456
v -0.023302 0.694674 0.299456
v -0.024501 0.689066 0.299456
v -0.023302 0.683458 0.299456
v -0.019822 0.678398 0.299456
v -0.014401 0.674383 0.299456
v -0.007571 0.671805 0.299456
v -0.000000 0.670917 0.299456
v 0.007571 0.671805 0.299456
v 0.014401 0.674383 0.299456
v 0.019822 0.678398 0.299456
v 0.023302 0.683458 0.299456
v 0.024501 0.689066 0.299456
v 0.005445 0.676951 0.318512
v 0.005178 0.678353 0.318512
v 0.004405 0.679618 0.318512
v 0.003200 0.680622 0.318512
v 0.001682 0.681266 0.318512
v 0.000000 0.681488 0.318512
v -0.001682 0.681266 0.318512
v -0.003200 0.680622 0.318512
v -0.004405 0.679618 0.318512
v -0.005178 0.678353 0.318512
v -0.005445 0.676951 0.318512
v -0.005178 0.675549 0.318512
v -0.004405 0.674284 0.318512
v -0.003200 0.673280 0.318512
v -0.001682 0.672636 0.318512
v -0.000000 0.672414 0.318512
v 0.001682 0.672636 0.318512
v 0.003200 0.673280 0.318512
v 0.004405 0.674284 0.318512
v 0.005178 0.675549 0.318512
v 0.005445 0.676951 0.318512
v -0.000000 0.751361 0.094374
v -0.000000 0.676951 0.318512
v 0.068966 0.762520 0.120360
v 0.068966 0.762520 0.120360
v 0.068966 0.762520 0.120360
v 0.068966 0.762520 0.120360
v 0.068966 0.762520 0.120360
v 0.068966 0.762520 0.120360
v 0.068966 0.762520 0.120360
v 0.068966 0.762520 0.120360
v 0.068966 0.762520 0.120360
v 0.068966 0.762520 0.120360
v 0.068966 0.762520 0.120360
v 0.068966 0.762520 0.120360
v 0.068966 0.762520 0.120360
v 0.068966 0.762520 0.120360
v 0.068966 0.762520 0.120360
v 0.068966 0.762520 0.120360
v 0.068966 0.762520 0.120360
v 0.068966 0.762520 0.120360
v 0.068966 0.762520 0.120360
v 0.079257 0.762898 0.114142
v 0.079785 0.763466 0.116420
v 0.079008 0.764139 0.119119
v 0.077020 0.764835 0.121912
v 0.074060 0.765471 0.124464
v 0.070486 0.765971 0.126467
v 0.066728 0.766273 0.127678
v 0.063240 0.766341 0.127952
v 0.060443 0.766167 0.127255
v 0.058674 0.765773 0.125673
v 0.058146 0.765205 0.123394
v 0.058923 0.764532 0.120696
v 0.060911 0.763835 0.117902
v 0.063871 0.763199 0.115350
v 0.067445 0.762700 0.113347
v 0.071203 0.762398 0.112136
v 0.074691 0.762329 0.111862
v 0.077488 0.762503 0.112559
v 0.079257 0.762898 0.114142
v 0.088848 0.766880 0.107442
v 0.089868 0.767977 0.111843
v 0.088367 0.769277 0.117057
v 0.084526 0.770623 0.122454
v 0.078808 0.771852 0.127385
v 0.071903 0.772816 0.131253
v 0.064643 0.773400 0.133592
v 0.057905 0.773532 0.134122
v 0.052501 0.773196 0.132776
v 0.049083 0.772434 0.129718
v 0.048063 0.771337 0.125317
v 0.049564 0.770037 0.120104
v 0.053405 0.768691 0.114706
v 0.059123 0.767462 0.109776
v 0.066028 0.766497 0.105908
v 0.073288 0.765914 0.103568
v 0.080026 0.765782 0.103039
v 0.085430 0.766117 0.104384
v 0.088848 0.766880 0.107442
v 0.097084 0.774195 0.100718
v 0.098526 0.775747 0.106942
v 0.096403 0.777585 0.114315
v 0.090971 0.779488 0.121948
v 0.082884 0.781227 0.128921
v 0.073119 0.782591 0.134391
v 0.062853 0.783416 0.137700
v 0.053324 0.783602 0.138448
v 0.045682 0.783128 0.136545
v 0.040848 0.782050 0.132221
v 0.039405 0.780498 0.125997
v 0.041528 0.778659 0.118624
v 0.046960 0.776756 0.110991
v 0.055047 0.775018 0.104018
v 0.064812 0.773654 0.098548
v 0.075078 0.772829 0.095239
v 0.084607 0.772642 0.094491
v 0.092250 0.773117 0.096394
v 0.097084 0.774195 0.100718
v 0.103403 0.784345 0.094427
v 0.105170 0.786245 0.102050
v 0.102570 0.788497 0.111080
v 0.095917 0.790828 0.120429
v 0.086013 0.792957 0.128968
v 0.074053 0.794627 0.135668
v 0.061479 0.795638 0.139721
v 0.049809 0.795866 0.140637
v 0.040449 0.795285 0.138307
v 0.034528 0.793965 0.133011
v 0.032761 0.792064 0.125388
v 0.035361 0.789813 0.116357
v 0.042015 0.787482 0.107009
v 0.051918 0.785353 0.098469
v 0.063878 0.783682 0.091769
v 0.076452 0.782672 0.087717
v 0.088123 0.782443 0.086800
v 0.097482 0.783024 0.089131
v 0.103403 0.784345 0.094427
v 0.107375 0.796637 0.088998
v 0.109346 0.798757 0.097501
v 0.106446 0.801269 0.107573
v 0.099025 0.803868 0.118000
v 0.087979 0.806243 0.127524
v 0.074640 0.808106 0.134997
v 0.060616 0.809233 0.139517
v 0.047599 0.809488 0.140539
v 0.037159 0.808840 0.137940
v 0.030556 0.807367 0.132033
v 0.028585 0.805247 0.123530
v 0.031485 0.802736 0.113458
v 0.038906 0.800136 0.103031
v 0.049952 0.797762 0.093507
v 0.063292 0.795898 0.086034
v 0.077315 0.794771 0.081514
v 0.090332 0.794517 0.080492
v 0.100772 0.795165 0.083091
v 0.107375 0.796637 0.088998
v 0.108730 0.810235 0.084802
v 0.110770 0.812430 0.093604
v 0.107768 0.815030 0.104031
v 0.100086 0.817721 0.114826
v 0.088650 0.820180 0.124687
v 0.074840 0.822109 0.132423
v 0.060321 0.823275 0.137103
v 0.046845 0.823539 0.138161
v 0.036037 0.822868 0.135470
v 0.029201 0.821344 0.129354
v 0.027161 0.819149 0.120552
v 0.030163 0.816549 0.110125
v 0.037845 0.813858 0.099330
v 0.049281 0.811399 0.089469
v 0.063091 0.809470 0.081733
v 0.077610 0.808304 0.077053
v 0.091086 0.808040 0.075995
v 0.101894 0.808711 0.078686
v 0.108730 0.810235 0.084802
v 0.107375 0.824212 0.082123
v 0.109346 0.826332 0.090626
v 0.106446 0.828843 0.100698
v 0.099025 0.831443 0.111125
v 0.087979 0.833817 0.120649
v 0.074640 0.835681 0.128122
v 0.060616 0.836808 0.132642
v 0.047599 0.837062 0.133664
v 0.037159 0.836414 0.131065
v 0.030556 0.834941 0.125158
v 0.028585 0.832822 0.116655
v 0.031485 0.830310 0.106583
v 0.038906 0.827711 0.096156
v 0.049952 0.825336 0.086632
v 0.063292 0.823473 0.079159
v 0.077315 0.822346 0.074639
v 0.090332 0.822091 0.073617
v 0.100772 0.822739 0.076216
v 0.107375 0.824212 0.082123
v 0.103403 0.837614 0.081145
v 0.105170 0.839515 0.088768
v 0.102570 0.841766 0.097799
v 0.095917 0.844097 0.107147
v 0.086013 0.846226 0.115687
v 0.074053 0.847897 0.122387
v 0.061479 0.848907 0.126439
v 0.049809 0.849136 0.127356
v 0.040449 0.848555 0.125025
v 0.034528 0.847234 0.119729
v 0.032761 0.845334 0.112106
v 0.035361 0.843082 0.103076
v 0.042015 0.840751 0.093727
v 0.051918 0.838622 0.085188
v 0.063878 0.836952 0.078488
v 0.076452 0.835941 0.074435
v 0.088123 0.835713 0.073519
v 0.097482 0.836294 0.075849
v 0.103403 0.837614 0.081145
v 0.097084 0.849529 0.081935
v 0.098526 0.851081 0.088159
v 0.096403 0.852920 0.095532
v 0.090971 0.854823 0.103165
v 0.082884 0.856561 0.110138
v 0.073119 0.857925 0.115608
v 0.062853 0.858750 0.118917
v 0.053324 0.858937 0.119665
v 0.045682 0.858462 0.117763
v 0.040848 0.857384 0.113438
v 0.039405 0.855832 0.107214
v 0.041528 0.853994 0.099841
v 0.046960 0.852091 0.092208
v 0.055047 0.850352 0.085235
v 0.064812 0.848988 0.079765
v 0.075078 0.848163 0.076456
v 0.084607 0.847977 0.075708
v 0.092250 0.848451 0.077611
v 0.097084 0.849529 0.081935
v 0.088848 0.859145 0.084438
v 0.089868 0.860242 0.088839
v 0.088367 0.861542 0.094053
v 0.084526 0.862888 0.099450
v 0.078808 0.864117 0.104380
v 0.071903 0.865082 0.108248
v 0.064643 0.865665 0.110588
v 0.057905 0.865797 0.111117
v 0.052501 0.865462 0.109772
v 0.049083 0.864699 0.106714
v 0.048063 0.863602 0.102313
v 0.049564 0.862302 0.097099
v 0.053405 0.860956 0.091702
v 0.059123 0.859727 0.086772
v 0.066028 0.858763 0.082903
v 0.073288 0.858179 0.080564
v 0.080026 0.858047 0.080035
v 0.085430 0.858383 0.081380
v 0.088848 0.859145 0.084438
v 0.079257 0.865806 0.088484
v 0.079785 0.866374 0.090762
v 0.079008 0.867047 0.093461
v 0.077020 0.867744 0.096254
v 0.074060 0.868380 0.098806
v 0.070486 0.868879 0.100809
v 0.066728 0.869181 0.102020
v 0.063240 0.869250 0.102294
v 0.060443 0.869076 0.101597
v 0.058674 0.868681 0.100015
v 0.058146 0.868113 0.097736
v 0.058923 0.867440 0.095038
v 0.060911 0.866744 0.092244
v 0.063871 0.866107 0.089692
v 0.067445 0.865608 0.087689
v 0.071203 0.865306 0.086478
v 0.074691 0.865238 0.086204
v 0.077488 0.865412 0.086901
v 0.079257 0.865806 0.088484
v 0.068966 0.869059 0.093796
v 0.068966 0.869059 0.093796
v 0.068966 0.869059 0.093796
v 0.068966 0.869059 0.093796
v 0.068966 0.869059 0.093796
v 0.068966 0.869059 0.093796
v 0.068966 0.869059 0.093796
v 0.068966 0.869059 0.093796
v 0.068966 0.869059 0.093796
v 0.068966 0.869059 0.093796
v 0.068966 0.869059 0.093796
v 0.068966 0.869059 0.093796
v 0.068966 0.869059 0.093796
v 0.068966 0.869059 0.093796
v 0.068966 0.869059 0.093796
v 0.068966 0.869059 0.093796
v 0.068966 0.869059 0.093796
v 0.068966 0.869059 0.093796
v 0.068966 0.869059 0.093796
v 0.063521 0.753459 0.112900
v 0.063521 0.753459 0.112900
v 0.063521 0.753459 0.112900
v 0.063521 0.753459 0.112900
v 0.063521 0.753459 0.112900
v 0.063521 0.753459 0.112900
v 0.063521 0.753459 0.112900
v 0.063521 0.753459 0.112900
v 0.063521 0.753459 0.112900
v 0.063521 0.753459 0.112900
v 0.063521 0.753459 0.112900
v 0.063521 0.753459 0.112900
v 0.063521 0.753459 0.112900
v 0.063521 0.753459 0.112900
v 0.063521 0.753459 0.112900
v 0.063521 0.753459 0.112900
v 0.063521 0.753459 0.112900
v 0.063521 0.753459 0.112900
v 0.063521 0.753459 0.112900
v 0.075379 0.753849 0.105747
v 0.075636 0.754356 0.107781
v 0.074431 0.755002 0.110371
v 0.071911 0.755708 0.113204
v 0.068379 0.756390 0.115939
v 0.064260 0.756965 0.118247
v 0.060053 0.757364 0.119847
v 0.056264 0.757539 0.120548
v 0.053350 0.757469 0.120265
v 0.051663 0.757161 0.119032
v 0.051406 0.756654 0.116998
v 0.052610 0.756008 0.114408
v 0.055131 0.755302 0.111575
v 0.058663 0.754620 0.108840
v 0.062781 0.754045 0.106533
v 0.066989 0.753646 0.104932
v 0.070778 0.753471 0.104231
v 0.073692 0.753541 0.104514
v 0.075379 0.753849 0.105747
v 0.086429 0.758304 0.098061
v 0.086925 0.759284 0.101990
v 0.084598 0.760532 0.106994
v 0.079729 0.761896 0.112468
v 0.072905 0.763214 0.117752
v 0.064950 0.764325 0.122209
v 0.056821 0.765096 0.125301
v 0.049501 0.765434 0.126655
v 0.043872 0.765297 0.126109
v 0.040613 0.764704 0.123727
v 0.040117 0.763724 0.119797
v 0.042443 0.762476 0.114794
v 0.047312 0.761112 0.109320
v 0.054136 0.759794 0.104036
v 0.062092 0.758683 0.099579
v 0.070220 0.757912 0.096487
v 0.077541 0.757574 0.095132
v 0.083170 0.757710 0.095679
v 0.086429 0.758304 0.098061
v 0.095918 0.766522 0.090366
v 0.096619 0.767907 0.095923
v 0.093329 0.769672 0.102999
v 0.086443 0.771602 0.110740
v 0.076793 0.773465 0.118213
v 0.065541 0.775037 0.124516
v 0.054046 0.776127 0.128889
v 0.043694 0.776604 0.130805
v 0.035733 0.776412 0.130032
v 0.031124 0.775572 0.126663
v 0.030422 0.774186 0.121106
v 0.033713 0.772422 0.114030
v 0.040599 0.770492 0.106289
v 0.050249 0.768629 0.098816
v 0.061500 0.767057 0.092513
v 0.072995 0.765967 0.088140
v 0.083348 0.765489 0.086225
v 0.091308 0.765682 0.086998
v 0.095918 0.766522 0.090366
v 0.103199 0.777942 0.083186
v 0.104058 0.779639 0.089992
v 0.100028 0.781799 0.098659
v 0.091595 0.784163 0.108140
v 0.079775 0.786445 0.117292
v 0.065995 0.788370 0.125012
v 0.051917 0.789705 0.130367
v 0.039238 0.790290 0.132713
v 0.029488 0.790054 0.131767
v 0.023843 0.789025 0.127641
v 0.022984 0.787328 0.120835
v 0.027014 0.785168 0.112169
v 0.035447 0.782804 0.102688
v 0.047266 0.780522 0.093535
v 0.061046 0.778597 0.085816
v 0.075125 0.777262 0.080460
v 0.087804 0.776677 0.078114
v 0.097554 0.776913 0.079061
v 0.103199 0.777942 0.083186
v 0.107776 0.791785 0.077011
v 0.108734 0.793678 0.084603
v 0.104239 0.796088 0.094269
v 0.094833 0.798724 0.104843
v 0.081650 0.801269 0.115051
v 0.066281 0.803416 0.123661
v 0.050578 0.804906 0.129635
v 0.036437 0.805558 0.132251
v 0.025562 0.805295 0.131196
v 0.019266 0.804147 0.126594
v 0.018307 0.802255 0.119003
v 0.022802 0.799845 0.109337
v 0.032208 0.797208 0.098762
v 0.045391 0.794663 0.088554
v 0.060761 0.792516 0.079944
v 0.076463 0.791027 0.073971
v 0.090605 0.790374 0.071354
v 0.101479 0.790638 0.072410
v 0.107776 0.791785 0.077011
v 0.109337 0.807109 0.072262
v 0.110329 0.809068 0.080121
v 0.105676 0.811563 0.090128
v 0.095938 0.814293 0.101075
v 0.082290 0.816928 0.111644
v 0.066378 0.819150 0.120557
v 0.050122 0.820692 0.126742
v 0.035482 0.821368 0.129451
v 0.024223 0.821095 0.128357
v 0.017705 0.819907 0.123594
v 0.016712 0.817948 0.115735
v 0.021366 0.815453 0.105728
v 0.031104 0.812723 0.094780
v 0.044752 0.810088 0.084212
v 0.060664 0.807866 0.075298
v 0.076920 0.806324 0.069114
v 0.091560 0.805649 0.066405
v 0.102818 0.805921 0.067498
v 0.109337 0.807109 0.072262
v 0.107776 0.822869 0.069261
v 0.108734 0.824761 0.076853
v 0.104239 0.827171 0.086518
v 0.094833 0.829808 0.097093
v 0.081650 0.832353 0.107301
v 0.066281 0.834500 0.115911
v 0.050578 0.835989 0.121885
v 0.036437 0.836642 0.124501
v 0.025562 0.836378 0.123446
v 0.019266 0.835231 0.118844
v 0.018307 0.833338 0.111253
v 0.022802 0.830928 0.101587
v 0.032208 0.828292 0.091012
v 0.045391 0.825747 0.080804
v 0.060761 0.823600 0.072194
v 0.076463 0.822111 0.066221
v 0.090605 0.821458 0.063604
v 0.101479 0.821721 0.064660
v 0.107776 0.822869 0.069261
v 0.103199 0.837991 0.068214
v 0.104058 0.839688 0.075020
v 0.100028 0.841848 0.083687
v 0.091595 0.844212 0.093168
v 0.079775 0.846494 0.102320
v 0.065995 0.848419 0.110040
v 0.051917 0.849754 0.115395
v 0.039238 0.850339 0.117741
v 0.029488 0.850103 0.116795
v 0.023843 0.849075 0.112669
v 0.022984 0.847378 0.105863
v 0.027014 0.845217 0.097197
v 0.035447 0.842853 0.087716
v 0.047266 0.840571 0.078564
v 0.061046 0.838646 0.070844
v 0.075125 0.837311 0.065488
v 0.087804 0.836726 0.063142
v 0.097554 0.836962 0.064089
v 0.103199 0.837991 0.068214
v 0.095918 0.851444 0.069192
v 0.096619 0.852830 0.074750
v 0.093329 0.854594 0.081826
v 0.086443 0.856524 0.089567
v 0.076793 0.858387 0.097040
v 0.065541 0.859959 0.103343
v 0.054046 0.861049 0.107716
v 0.043694 0.861527 0.109631
v 0.035733 0.861334 0.108858
v 0.031124 0.860494 0.105490
v 0.030422 0.859109 0.099932
v 0.033713 0.857344 0.092856
v 0.040599 0.855414 0.085115
v 0.050249 0.853551 0.077642
v 0.061500 0.851980 0.071339
v 0.072995 0.850889 0.066966
v 0.083348 0.850412 0.065051
v 0.091308 0.850604 0.065824
v 0.095918 0.851444 0.069192
v 0.086429 0.862312 0.072129
v 0.086925 0.863292 0.076058
v 0.084598 0.864540 0.081062
v 0.079729 0.865905 0.086536
v 0.072905 0.867222 0.091820
v 0.064950 0.868333 0.096276
v 0.056821 0.869104 0.099369
v 0.049501 0.869442 0.100723
v 0.043872 0.869306 0.100176
v 0.040613 0.868712 0.097795
v 0.040117 0.867732 0.093865
v 0.042443 0.866485 0.088862
v 0.047312 0.865120 0.083388
v 0.054136 0.863802 0.078104
v 0.062092 0.862691 0.073647
v 0.070220 0.861920 0.070555
v 0.077541 0.861582 0.069200
v 0.083170 0.861719 0.069747
v 0.086429 0.862312 0.072129
v 0.075379 0.869855 0.076823
v 0.075636 0.870362 0.078857
v 0.074431 0.871008 0.081447
v 0.071911 0.871714 0.084281
v 0.068379 0.872396 0.087016
v 0.064260 0.872971 0.089323
v 0.060053 0.873370 0.090924
v 0.056264 0.873545 0.091625
v 0.053350 0.873475 0.091342
v 0.051663 0.873167 0.090109
v 0.051406 0.872660 0.088075
v 0.052610 0.872014 0.085485
v 0.055131 0.871308 0.082651
v 0.058663 0.870626 0.079916
v 0.062781 0.870051 0.077609
v 0.066989 0.869652 0.076008
v 0.070778 0.869477 0.075307
v 0.073692 0.869547 0.075590
v 0.075379 0.869855 0.076823
v 0.063521 0.873557 0.082956
v 0.063521 0.873557 0.082956
v 0.063521 0.873557 0.082956
v 0.063521 0.873557 0.082956
v 0.063521 0.873557 0.082956
v 0.063521 0.873557 0.082956
v 0.063521 0.873557 0.082956
v 0.063521 0.873557 0.082956
v 0.063521 0.873557 0.082956
v 0.063521 0.873557 0.082956
v 0.063521 0.873557 0.082956
v 0.063521 0.873557 0.082956
v 0.063521 0.873557 0.082956
v 0.063521 0.873557 0.082956
v 0.063521 0.873557 0.082956
v 0.063521 0.873557 0.082956
v 0.063521 0.873557 0.082956
v 0.063521 0.873557 0.082956
v 0.063521 0.873557 0.082956
v 0.074896 0.792472 0.130961
v 0.074896 0.792472 0.130961
v 0.074896 0.792472 0.130961
v 0.074896 0.792472 0.130961
v 0.074896 0.792472 0.130961
v 0.074896 0.792472 0.130961
v 0.074896 0.792472 0.130961
v 0.074896 0.792472 0.130961
v 0.074896 0.792472 0.130961
v 0.074896 0.792472 0.130961
v 0.074896 0.792472 0.130961
v 0.074896 0.792472 0.130961
v 0.074896 0.792472 0.130961
v 0.074896 0.792472 0.130961
v 0.074896 0.792472 0.130961
v 0.081210 0.792766 0.127130
v 0.081534 0.793251 0.129076
v 0.080543 0.793815 0.131336
v 0.078434 0.794345 0.133464
v 0.075624 0.794738 0.135038
v 0.072670 0.794915 0.135747
v 0.070157 0.794840 0.135449
v 0.068582 0.794530 0.134205
v 0.068259 0.794045 0.132259
v 0.069250 0.793481 0.129999
v 0.071359 0.792951 0.127871
v 0.074169 0.792558 0.126297
v 0.077123 0.792382 0.125588
v 0.079636 0.792456 0.125886
v 0.081210 0.792766 0.127130
v 0.086906 0.795385 0.123088
v 0.087522 0.796307 0.126788
v 0.085637 0.797379 0.131088
v 0.081625 0.798389 0.135136
v 0.076280 0.799135 0.138130
v 0.070661 0.799471 0.139477
v 0.065881 0.799330 0.138912
v 0.062887 0.798740 0.136544
v 0.062271 0.797817 0.132844
v 0.064156 0.796745 0.128544
v 0.068168 0.795736 0.124497
v 0.073513 0.794990 0.121502
v 0.079132 0.794654 0.120155
v 0.083912 0.794795 0.120721
v 0.086906 0.795385 0.123088
v 0.091427 0.800071 0.119230
v 0.092274 0.801341 0.124323
v 0.089680 0.802817 0.130241
v 0.084157 0.804206 0.135812
v 0.076801 0.805233 0.139933
v 0.069067 0.805696 0.141788
v 0.062488 0.805501 0.141009
v 0.058366 0.804689 0.137751
v 0.057519 0.803419 0.132658
v 0.060113 0.801944 0.126740
v 0.065635 0.800555 0.121169
v 0.072992 0.799527 0.117047
v 0.080726 0.799065 0.115193
v 0.087305 0.799259 0.115972
v 0.091427 0.800071 0.119230
v 0.094329 0.806367 0.115933
v 0.095325 0.807859 0.121920
v 0.092275 0.809594 0.128877
v 0.085783 0.811227 0.135427
v 0.077135 0.812435 0.140271
v 0.068043 0.812979 0.142452
v 0.060309 0.812750 0.141536
v 0.055464 0.811795 0.137706
v 0.054468 0.810303 0.131719
v 0.057518 0.808568 0.124762
v 0.064009 0.806935 0.118212
v 0.072658 0.805727 0.113368
v 0.081749 0.805183 0.111187
v 0.089484 0.805412 0.112103
v 0.094329 0.806367 0.115933
v 0.095329 0.813655 0.113521
v 0.096377 0.815225 0.119816
v 0.093170 0.817048 0.127131
v 0.086344 0.818765 0.134018
v 0.077250 0.820035 0.139112
v 0.067691 0.820607 0.141404
v 0.059558 0.820367 0.140442
v 0.054464 0.819363 0.136414
v 0.053416 0.817793 0.130119
v 0.056623 0.815970 0.122804
v 0.063449 0.814253 0.115918
v 0.072543 0.812982 0.110823
v 0.082102 0.812411 0.108531
v 0.090234 0.812651 0.109494
v 0.095329 0.813655 0.113521
v 0.094329 0.821223 0.112230
v 0.095325 0.822715 0.118216
v 0.092275 0.824450 0.125173
v 0.085783 0.826083 0.131723
v 0.077135 0.827291 0.136568
v 0.068043 0.827834 0.138748
v 0.060309 0.827606 0.137832
v 0.055464 0.826651 0.134002
v 0.054468 0.825158 0.128015
v 0.057518 0.823424 0.121058
v 0.064009 0.821791 0.114508
v 0.072658 0.820583 0.109664
v 0.081749 0.820039 0.107483
v 0.089484 0.820268 0.108399
v 0.094329 0.821223 0.112230
v 0.091427 0.828329 0.112185
v 0.092274 0.829599 0.117277
v 0.089680 0.831074 0.123195
v 0.084157 0.832463 0.128767
v 0.076801 0.833491 0.132888
v 0.069067 0.833953 0.134743
v 0.062488 0.833759 0.133964
v 0.058366 0.832947 0.130705
v 0.057519 0.831677 0.125613
v 0.060113 0.830201 0.119695
v 0.065635 0.828812 0.114123
v 0.072992 0.827785 0.110002
v 0.080726 0.827322 0.108147
v 0.087305 0.827516 0.108926
v 0.091427 0.828329 0.112185
v 0.086906 0.834278 0.113391
v 0.087522 0.835201 0.117091
v 0.085637 0.836273 0.121391
v 0.081625 0.837282 0.125439
v 0.076280 0.838028 0.128433
v 0.070661 0.838364 0.129780
v 0.065881 0.838223 0.129214
v 0.062887 0.837633 0.126847
v 0.062271 0.836710 0.123147
v 0.064156 0.835638 0.118847
v 0.068168 0.834629 0.114800
v 0.073513 0.833883 0.111805
v 0.079132 0.833547 0.110458
v 0.083912 0.833688 0.111024
v 0.086906 0.834278 0.113391
v 0.081210 0.838488 0.115731
v 0.081534 0.838973 0.117676
v 0.080543 0.839536 0.119936
v 0.078434 0.840067 0.122064
v 0.075624 0.840460 0.123639
v 0.072670 0.840636 0.124347
v 0.070157 0.840562 0.124049
v 0.068582 0.840252 0.122805
v 0.068259 0.839767 0.120860
v 0.069250 0.839203 0.118599
v 0.071359 0.838672 0.116471
v 0.074169 0.838280 0.114897
v 0.077123 0.838103 0.114188
v 0.079636 0.838178 0.114486
v 0.081210 0.838488 0.115731
v 0.074896 0.840546 0.118974
v 0.074896 0.840546 0.118974
v 0.074896 0.840546 0.118974
v 0.074896 0.840546 0.118974
v 0.074896 0.840546 0.118974
v 0.074896 0.840546 0.118974
v 0.074896 0.840546 0.118974
v 0.074896 0.840546 0.118974
v 0.074896 0.840546 0.118974
v 0.074896 0.840546 0.118974
v 0.074896 0.840546 0.118974
v 0.074896 0.840546 0.118974
v 0.074896 0.840546 0.118974
v 0.074896 0.840546 0.118974
v 0.074896 0.840546 0.118974
v 0.071688 0.832251 0.107833
v 0.071688 0.832251 0.107833
v 0.071688 0.832251 0.107833
v 0.071688 0.832251 0.107833
v 0.071688 0.832251 0.107833
v 0.071688 0.832251 0.107833
v 0.071688 0.832251 0.107833
v 0.071688 0.832251 0.107833
v 0.071688 0.832251 0.107833
v 0.071688 0.832251 0.107833
v 0.071688 0.832251 0.107833
v 0.071688 0.832251 0.107833
v 0.071688 0.832251 0.107833
v 0.071688 0.832251 0.107833
v 0.071688 0.832251 0.107833
v 0.071688 0.832251 0.107833
v 0.071688 0.832251 0.107833
v 0.084568 0.831684 0.100310
v 0.084983 0.832406 0.103204
v 0.083373 0.833291 0.106756
v 0.079985 0.834206 0.110425
v 0.075333 0.835011 0.113653
v 0.070127 0.835583 0.115947
v 0.065158 0.835835 0.116960
v 0.061183 0.835730 0.116537
v 0.058807 0.835282 0.114742
v 0.058393 0.834561 0.111848
v 0.060002 0.833675 0.108296
v 0.063391 0.832760 0.104627
v 0.068042 0.831956 0.101400
v 0.073249 0.831383 0.099105
v 0.078218 0.831131 0.098092
v 0.082193 0.831236 0.098515
v 0.084568 0.831684 0.100310
v 0.096188 0.833638 0.092909
v 0.096977 0.835010 0.098413
v 0.093915 0.836695 0.105169
v 0.087470 0.838435 0.112148
v 0.078622 0.839965 0.118287
v 0.068718 0.841054 0.122653
v 0.059267 0.841534 0.124579
v 0.051706 0.841333 0.123774
v 0.047188 0.840482 0.120359
v 0.046399 0.839110 0.114855
v 0.049460 0.837425 0.108099
v 0.055906 0.835685 0.101120
v 0.064754 0.834154 0.094981
v 0.074658 0.833066 0.090616
v 0.084109 0.832586 0.088689
v 0.091670 0.832787 0.089494
v 0.096188 0.833638 0.092909
v 0.105410 0.837921 0.086354
v 0.106495 0.839810 0.093930
v 0.102281 0.842128 0.103229
v 0.093410 0.844523 0.112834
v 0.081232 0.846630 0.121285
v 0.067600 0.848128 0.127293
v 0.054591 0.848789 0.129945
v 0.044185 0.848513 0.128836
v 0.037966 0.847341 0.124136
v 0.036881 0.845452 0.116560
v 0.041095 0.843134 0.107262
v 0.049966 0.840739 0.097656
v 0.062144 0.838632 0.089206
v 0.075775 0.837134 0.083198
v 0.088784 0.836473 0.080546
v 0.099190 0.836749 0.081654
v 0.105410 0.837921 0.086354
v 0.111330 0.844114 0.081287
v 0.112606 0.846334 0.090193
v 0.107652 0.849060 0.101125
v 0.097224 0.851875 0.112416
v 0.082907 0.854352 0.122350
v 0.066883 0.856113 0.129413
v 0.051590 0.856890 0.132531
v 0.039357 0.856565 0.131228
v 0.032046 0.855188 0.125703
v 0.030770 0.852967 0.116797
v 0.035723 0.850242 0.105865
v 0.046152 0.847427 0.094573
v 0.060468 0.844950 0.084640
v 0.076493 0.843189 0.077576
v 0.091786 0.842411 0.074459
v 0.104019 0.842736 0.075762
v 0.111330 0.844114 0.081287
v 0.113370 0.851611 0.078204
v 0.114712 0.853945 0.087569
v 0.109503 0.856811 0.099062
v 0.098538 0.859771 0.110935
v 0.083485 0.862376 0.121380
v 0.066635 0.864227 0.128807
v 0.050555 0.865045 0.132085
v 0.037693 0.864703 0.130715
v 0.030005 0.863254 0.124905
v 0.028664 0.860920 0.115541
v 0.033872 0.858054 0.104047
v 0.044838 0.855094 0.092174
v 0.059891 0.852489 0.081729
v 0.076740 0.850638 0.074302
v 0.092820 0.849821 0.071025
v 0.105683 0.850162 0.072395
v 0.113370 0.851611 0.078204
v 0.111330 0.859677 0.077407
v 0.112606 0.861898 0.086313
v 0.107652 0.864623 0.097244
v 0.097224 0.867439 0.108536
v 0.082907 0.869915 0.118470
v 0.066883 0.871676 0.125533
v 0.051590 0.872454 0.128650
v 0.039357 0.872129 0.127347
v 0.032046 0.870751 0.121822
v 0.030770 0.868531 0.112916
v 0.035723 0.865805 0.101985
v 0.046152 0.862990 0.090693
v 0.060468 0.860513 0.080759
v 0.076493 0.858752 0.073696
v 0.091786 0.857975 0.070579
v 0.104019 0.858300 0.071882
v 0.111330 0.859677 0.077407
v 0.105410 0.867524 0.078973
v 0.106495 0.869413 0.086549
v 0.102281 0.871731 0.095848
v 0.093410 0.874126 0.105453
v 0.081232 0.876233 0.113904
v 0.067600 0.877731 0.119912
v 0.054591 0.878392 0.122564
v 0.044185 0.878116 0.121455
v 0.037966 0.876944 0.116755
v 0.036881 0.875055 0.109179
v 0.041095 0.872737 0.099881
v 0.049966 0.870342 0.090275
v 0.062144 0.868235 0.081825
v 0.075775 0.866737 0.075817
v 0.088784 0.866076 0.073165
v 0.099190 0.866352 0.074273
v 0.105410 0.867524 0.078973
v 0.096188 0.874383 0.082750
v 0.096977 0.875755 0.088255
v 0.093915 0.877440 0.095010
v 0.087470 0.879180 0.101989
v 0.078622 0.880711 0.108129
v 0.068718 0.881799 0.112494
v 0.059267 0.882279 0.114421
v 0.051706 0.882079 0.113615
v 0.047188 0.881227 0.110200
v 0.046399 0.879855 0.104696
v 0.049460 0.878170 0.097940
v 0.055906 0.876430 0.090962
v 0.064754 0.874900 0.084822
v 0.074658 0.873811 0.080457
v 0.084109 0.873331 0.078530
v 0.091670 0.873532 0.079336
v 0.096188 0.874383 0.082750
v 0.084568 0.879583 0.088368
v 0.084983 0.880304 0.091262
v 0.083373 0.881190 0.094813
v 0.079985 0.882105 0.098482
v 0.075333 0.882909 0.101710
v 0.070127 0.883482 0.104005
v 0.065158 0.883734 0.105018
v 0.061183 0.883629 0.104594
v 0.058807 0.883181 0.102799
v 0.058393 0.882460 0.099905
v 0.060002 0.881574 0.096354
v 0.063391 0.880659 0.092685
v 0.068042 0.879854 0.089457
v 0.073249 0.879282 0.087162
v 0.078218 0.879030 0.086149
v 0.082193 0.879135 0.086573
v 0.084568 0.879583 0.088368
v 0.071688 0.882614 0.095276
v 0.071688 0.882614 0.095276
v 0.071688 0.882614 0.095276
v 0.071688 0.882614 0.095276
v 0.071688 0.882614 0.095276
v 0.071688 0.882614 0.095276
v 0.071688 0.882614 0.095276
v 0.071688 0.882614 0.095276
v 0.071688 0.882614 0.095276
v 0.071688 0.882614 0.095276
v 0.071688 0.882614 0.095276
v 0.071688 0.882614 0.095276
v 0.071688 0.882614 0.095276
v 0.071688 0.882614 0.095276
v 0.071688 0.882614 0.095276
v 0.071688 0.882614 0.095276
v 0.071688 0.882614 0.095276
v -0.068966 0.762520 0.120360
v -0.068966 0.762520 0.120360
v -0.068966 0.762520 0.120360
v -0.068966 0.762520 0.120360
v -0.068966 0.762520 0.120360
v -0.068966 0.762520 0.120360
v -0.068966 0.762520 0.120360
v -0.068966 0.762520 0.120360
v -0.068966 0.762520 0.120360
v -0.068966 0.762520 0.120360
v -0.068966 0.762520 0.120360
v -0.068966 0.762520 0.120360
v -0.068966 0.762520 0.120360
v -0.068966 0.762520 0.120360
v -0.068966 0.762520 0.120360
v -0.068966 0.762520 0.120360
v -0.068966 0.762520 0.120360
v -0.068966 0.762520 0.120360
v -0.068966 0.762520 0.120360
v -0.058674 0.765773 0.125673
v -0.060443 0.766167 0.127255
v -0.063240 0.766341 0.127952
v -0.066728 0.766273 0.127678
v -0.070486 0.765971 0.126467
v -0.074060 0.765471 0.124464
v -0.077020 0.764835 0.121912
v -0.079008 0.764139 0.119119
v -0.079785 0.763466 0.116420
v -0.079257 0.762898 0.114142
v -0.077488 0.762503 0.112559
v -0.074691 0.762329 0.111862
v -0.071203 0.762398 0.112136
v -0.067445 0.762700 0.113347
v -0.063871 0.763199 0.115350
v -0.060911 0.763835 0.117902
v -0.058923 0.764532 0.120696
v -0.058146 0.765205 0.123394
v -0.058674 0.765773 0.125673
v -0.049083 0.772434 0.129718
v -0.052501 0.773196 0.132776
v -0.057905 0.773532 0.134122
v -0.064643 0.773400 0.133592
v -0.071903 0.772816 0.131253
v -0.078808 0.771852 0.127385
v -0.084526 0.770623 0.122454
v -0.088367 0.769277 0.117057
v -0.089868 0.767977 0.111843
v -0.088848 0.766880 0.107442
v -0.085430 0.766117 0.104384
v -0.080026 0.765782 0.103039
v -0.073288 0.765914 0.103568
v -0.066028 0.766497 0.105908
v -0.059123 0.767462 0.109776
v -0.053405 0.768691 0.114706
v -0.049564 0.770037 0.120104
v -0.048063 0.771337 0.125317
v -0.049083 0.772434 0.129718
v -0.040848 0.782050 0.132221
v -0.045682 0.783128 0.136545
v -0.053324 0.783602 0.138448
v -0.062853 0.783416 0.137700
v -0.073119 0.782591 0.134391
v -0.082884 0.781227 0.128921
v -0.090971 0.779488 0.121948
v -0.096403 0.777585 0.114315
v -0.098526 0.775747 0.106942
v -0.097084 0.774195 0.100718
v -0.092250 0.773117 0.096394
v -0.084607 0.772642 0.094491
v -0.075078 0.772829 0.095239
v -0.064812 0.773654 0.098548
v -0.055047 0.775018 0.104018
v -0.046960 0.776756 0.110991
v -0.041528 0.778659 0.118624
v -0.039405 0.780498 0.125997
v -0.040848 0.782050 0.132221
v -0.034528 0.793965 0.133011
v -0.040449 0.795285 0.138307
v -0.049809 0.795866 0.140637
v -0.061479 0.795638 0.139721
v -0.074053 0.794627 0.135668
v -0.086013 0.792957 0.128968
v -0.095917 0.790828 0.120429
v -0.102570 0.788497 0.111080
v -0.105170 0.786245 0.102050
v -0.103403 0.784345 0.094427
v -0.097482 0.783024 0.089131
v -0.088123 0.782443 0.086800
v -0.076452 0.782672 0.087717
v -0.063878 0.783682 0.091769
v -0.051918 0.785353 0.098469
v -0.042015 0.787482 0.107009
v -0.035361 0.789813 0.116357
v -0.032761 0.792064 0.125388
v -0.034528 0.793965 0.133011
v -0.030556 0.807367 0.132033
v -0.037159 0.808840 0.137940
v -0.047599 0.809488 0.140539
v -0.060616 0.809233 0.139517
v -0.074640 0.808106 0.134997
v -0.087979 0.806243 0.127524
v -0.099025 0.803868 0.118000
v -0.106446 0.801269 0.107573
v -0.109346 0.798757 0.097501
v -0.107375 0.796637 0.088998
v -0.100772 0.795165 0.083091
v -0.090332 0.794517 0.080492
v -0.077315 0.794771 0.081514
v -0.063292 0.795898 0.086034
v -0.049952 0.797762 0.093507
v -0.038906 0.800136 0.103031
v -0.031485 0.802736 0.113458
v -0.028585 0.805247 0.123530
v -0.030556 0.807367 0.132033
v -0.029201 0.821344 0.129354
v -0.036037 0.822868 0.135470
v -0.046845 0.823539 0.138161
v -0.060321 0.823275 0.137103
v -0.074840 0.822109 0.132423
v -0.088650 0.820180 0.124687
v -0.100086 0.817721 0.114826
v -0.107768 0.815030 0.104031
v -0.110770 0.812430 0.093604
v -0.108730 0.810235 0.084802
v -0.101894 0.808711 0.078686
v -0.091086 0.808040 0.075995
v -0.077610 0.808304 0.077053
v -0.063091 0.809470 0.081733
v -0.049281 0.811399 0.089469
v -0.037845 0.813858 0.099330
v -0.030163 0.816549 0.110125
v -0.027161 0.819149 0.120552
v -0.029201 0.821344 0.129354
v -0.030556 0.834941 0.125158
v -0.037159 0.836414 0.131065
v -0.047599 0.837062 0.133664
v -0.060616 0.836808 0.132642
v -0.074640 0.835681 0.128122
v -0.087979 0.833817 0.120649
v -0.099025 0.831443 0.111125
v -0.106446 0.828843 0.100698
v -0.109346 0.826332 0.090626
v -0.107375 0.824212 0.082123
v -0.100772 0.822739 0.076216
v -0.090332 0.822091 0.073617
v -0.077315 0.822346 0.074639
v -0.063292 0.823473 0.079159
v -0.049952 0.825336 0.086632
v -0.038906 0.827711 0.096156
v -0.031485 0.830310 0.106583
v -0.028585 0.832822 0.116655
v -0.030556 0.834941 0.125158
v -0.034528 0.847234 0.119729
v -0.040449 0.848555 0.125025
v -0.049809 0.849136 0.127356
v -0.061479 0.848907 0.126439
v -0.074053 0.847897 0.122387
v -0.086013 0.846226 0.115687
v -0.095917 0.844097 0.107147
v -0.102570 0.841766 0.097799
v -0.105170 0.839515 0.088768
v -0.103403 0.837614 0.081145
v -0.097482 0.836294 0.075849
v -0.088123 0.835713 0.073519
v -0.076452 0.835941 0.074435
v -0.063878 0.836952 0.078488
v -0.051918 0.838622 0.085188
v -0.042015 0.840751 0.093727
v -0.035361 0.843082 0.103076
v -0.032761 0.845334 0.112106
v -0.034528 0.847234 0.119729
v -0.040848 0.857384 0.113438
v -0.045682 0.858462 0.117763
v -0.053324 0.858937 0.119665
v -0.062853 0.858750 0.118917
v -0.073119 0.857925 0.115608
v -0.082884 0.856561 0.110138
v -0.090971 0.854823 0.103165
v -0.096403 0.852920 0.095532
v -0.098526 0.851081 0.088159
v -0.097084 0.849529 0.081935
v -0.092250 0.848451 0.077611
v -0.084607 0.847977 0.075708
v -0.075078 0.848163 0.076456
v -0.064812 0.848988 0.079765
v -0.055047 0.850352 0.085235
v -0.046960 0.852091 0.092208
v -0.041528 0.853994 0.099841
v -0.039405 0.855832 0.107214
v -0.040848 0.857384 0.113438
v -0.049083 0.864699 0.106714
v -0.052501 0.865462 0.109772
v -0.057905 0.865797 0.111117
v -0.064643 0.865665 0.110588
v -0.071903 0.865082 0.108248
v -0.078808 0.864117 0.104380
v -0.084526 0.862888 0.099450
v -0.088367 0.861542 0.094053
v -0.089868 0.860242 0.088839
v -0.088848 0.859145 0.084438
v -0.085430 0.858383 0.081380
v -0.080026 0.858047 0.080035
v -0.073288 0.858179 0.080564
v -0.066028 0.858763 0.082903
v -0.059123 0.859727 0.086772
v -0.053405 0.860956 0.091702
v -0.049564 0.862302 0.097099
v -0.048063 0.863602 0.102313
v -0.049083 0.864699 0.106714
v -0.058674 0.868681 0.100015
v -0.060443 0.869076 0.101597
v -0.063240 0.869250 0.102294
v -0.066728 0.869181 0.102020
v -0.070486 0.868879 0.100809
v -0.074060 0.868380 0.098806
v -0.077020 0.867744 0.096254
v -0.079008 0.867047 0.093461
v -0.079785 0.866374 0.090762
v -0.079257 0.865806 0.088484
v -0.077488 0.865412 0.086901
v -0.074691 0.865238 0.086204
v -0.071203 0.865306 0.086478
v -0.067445 0.865608 0.087689
v -0.063871 0.866107 0.089692
v -0.060911 0.866744 0.092244
v -0.058923 0.867440 0.095038
v -0.058146 0.868113 0.097736
v -0.058674 0.868681 0.100015
v -0.068966 0.869059 0.093796
v -0.068966 0.869059 0.093796
v -0.068966 0.869059 0.093796
v -0.068966 0.869059 0.093796
v -0.068966 0.869059 0.093796
v -0.068966 0.869059 0.093796
v -0.068966 0.869059 0.093796
v -0.068966 0.869059 0.093796
v -0.068966 0.869059 0.093796
v -0.068966 0.869059 0.093796
v -0.068966 0.869059 0.093796
v -0.068966 0.869059 0.093796
v -0.068966 0.869059 0.093796
v -0.068966 0.869059 0.093796
v -0.068966 0.869059 0.093796
v -0.068966 0.869059 0.093796
v -0.068966 0.869059 0.093796
v -0.068966 0.869059 0.093796
v -0.068966 0.869059 0.093796
v -0.063521 0.753459 0.112900
v -0.063521 0.753459 0.112900
v -0.063521 0.753459 0.112900
v -0.063521 0.753459 0.112900
v -0.063521 0.753459 0.112900
v -0.063521 0.753459 0.112900
v -0.063521 0.753459 0.112900
v -0.063521 0.753459 0.112900
v -0.063521 0.753459 0.112900
v -0.063521 0.753459 0.112900
v -0.063521 0.753459 0.112900
v -0.063521 0.753459 0.112900
v -0.063521 0.753459 0.112900
v -0.063521 0.753459 0.112900
v -0.063521 0.753459 0.112900
v -0.063521 0.753459 0.112900
v -0.063521 0.753459 0.112900
v -0.063521 0.753459 0.112900
v -0.063521 0.753459 0.112900
v -0.051663 0.757161 0.119032
v -0.053350 0.757469 0.120265
v -0.056264 0.757539 0.120548
v -0.060053 0.757364 0.119847
v -0.064260 0.756965 0.118247
v -0.068379 0.756390 0.115939
v -0.071911 0.755708 0.113204
v -0.074431 0.755002 0.110371
v -0.075636 0.754356 0.107781
v -0.075379 0.753849 0.105747
v -0.073692 0.753541 0.104514
v -0.070778 0.753471 0.104231
v -0.066989 0.753646 0.104932
v -0.062781 0.754045 0.106533
v -0.058663 0.754620 0.108840
v -0.055131 0.755302 0.111575
v -0.052610 0.756008 0.114408
v -0.051406 0.756654 0.116998
v -0.051663 0.757161 0.119032
v -0.040613 0.764704 0.123727
v -0.043872 0.765297 0.126109
v -0.049501 0.765434 0.126655
v -0.056821 0.765096 0.125301
v -0.064950 0.764325 0.122209
v -0.072905 0.763214 0.117752
v -0.079729 0.761896 0.112468
v -0.084598 0.760532 0.106994
v -0.086925 0.759284 0.101990
v -0.086429 0.758304 0.098061
v -0.083170 0.757710 0.095679
v -0.077541 0.757574 0.095132
v -0.070220 0.757912 0.096487
v -0.062092 0.758683 0.099579
v -0.054136 0.759794 0.104036
v -0.047312 0.761112 0.109320
v -0.042443 0.762476 0.114794
v -0.040117 0.763724 0.119797
v -0.040613 0.764704 0.123727
v -0.031124 0.775572 0.126663
v -0.035733 0.776412 0.130032
v -0.043694 0.776604 0.130805
v -0.054046 0.776127 0.128889
v -0.065541 0.775037 0.124516
v -0.076793 0.773465 0.118213
v -0.086443 0.771602 0.110740
v -0.093329 0.769672 0.102999
v -0.096619 0.767907 0.095923
v -0.095918 0.766522 0.090366
v -0.091308 0.765682 0.086998
v -0.083348 0.765489 0.086225
v -0.072995 0.765967 0.088140
v -0.061500 0.767057 0.092513
v -0.050249 0.768629 0.098816
v -0.040599 0.770492 0.106289
v -0.033713 0.772422 0.114030
v -0.030422 0.774186 0.121106
v -0.031124 0.775572 0.126663
v -0.023843 0.789025 0.127641
v -0.029488 0.790054 0.131767
v -0.039238 0.790290 0.132713
v -0.051917 0.789705 0.130367
v -0.065995 0.788370 0.125012
v -0.079775 0.786445 0.117292
v -0.091595 0.784163 0.108140
v -0.100028 0.781799 0.098659
v -0.104058 0.779639 0.089992
v -0.103199 0.777942 0.083186
v -0.097554 0.776913 0.079061
v -0.087804 0.776677 0.078114
v -0.075125 0.777262 0.080460
v -0.061046 0.778597 0.085816
v -0.047266 0.780522 0.093535
v -0.035447 0.782804 0.102688
v -0.027014 0.785168 0.112169
v -0.022984 0.787328 0.120835
v -0.023843 0.789025 0.127641
v -0.019266 0.804147 0.126594
v -0.025562 0.805295 0.131196
v -0.036437 0.805558 0.132251
v -0.050578 0.804906 0.129635
v -0.066281 0.803416 0.123661
v -0.081650 0.801269 0.115051
v -0.094833 0.798724 0.104843
v -0.104239 0.796088 0.094269
v -0.108734 0.793678 0.084603
v -0.107776 0.791785 0.077011
v -0.101479 0.790638 0.072410
v -0.090605 0.790374 0.071354
v -0.076463 0.791027 0.073971
v -0.060761 0.792516 0.079944
v -0.045391 0.794663 0.088554
v -0.032208 0.797208 0.098762
v -0.022802 0.799845 0.109337
v -0.018307 0.802255 0.119003
v -0.019266 0.804147 0.126594
v -0.017705 0.819907 0.123594
v -0.024223 0.821095 0.128357
v -0.035482 0.821368 0.129451
v -0.050122 0.820692 0.126742
v -0.066378 0.819150 0.120557
v -0.082290 0.816928 0.111644
v -0.095938 0.814293 0.101075
v -0.105676 0.811563 0.090128
v -0.110329 0.809068 0.080121
v -0.109337 0.807109 0.072262
v -0.102818 0.805921 0.067498
v -0.091560 0.805649 0.066405
v -0.076920 0.806324 0.069114
v -0.060664 0.807866 0.075298
v -0.044752 0.810088 0.084212
v -0.031104 0.812723 0.094780
v -0.021366 0.815453 0.105728
v -0.016712 0.817948 0.115735
v -0.017705 0.819907 0.123594
v -0.019266 0.835231 0.118844
v -0.025562 0.836378 0.123446
v -0.036437 0.836642 0.124501
v -0.050578 0.835989 0.121885
v -0.066281 0.834500 0.115911
v -0.081650 0.832353 0.107301
v -0.094833 0.829808 0.097093
v -0.104239 0.827171 0.086518
v -0.108734 0.824761 0.076853
v -0.107776 0.822869 0.069261
v -0.101479 0.821721 0.064660
v -0.090605 0.821458 0.063604
v -0.076463 0.822111 0.066221
v -0.060761 0.823600 0.072194
v -0.045391 0.825747 0.080804
v -0.032208 0.828292 0.091012
v -0.022802 0.830928 0.101587
v -0.018307 0.833338 0.111253
v -0.019266 0.835231 0.118844
v -0.023843 0.849075 0.112669
v -0.029488 0.850103 0.116795
v -0.039238 0.850339 0.117741
v -0.051917 0.849754 0.115395
v -0.065995 0.848419 0.110040
v -0.079775 0.846494 0.102320
v -0.091595 0.844212 0.093168
v -0.100028 0.841848 0.083687
v -0.104058 0.839688 0.075020
v -0.103199 0.837991 0.068214
v -0.097554 0.836962 0.064089
v -0.087804 0.836726 0.063142
v -0.075125 0.837311 0.065488
v -0.061046 0.838646 0.070844
v -0.047266 0.840571 0.078564
v -0.035447 0.842853 0.087716
v -0.027014 0.845217 0.097197
v -0.022984 0.847378 0.105863
v -0.023843 0.849075 0.112669
v -0.031124 0.860494 0.105490
v -0.035733 0.861334 0.108858
v -0.043694 0.861527 0.109631
v -0.054046 0.861049 0.107716
v -0.065541 0.859959 0.103343
v -0.076793 0.858387 0.097040
v -0.086443 0.856524 0.089567
v -0.093329 0.854594 0.081826
v -0.096619 0.852830 0.074750
v -0.095918 0.851444 0.069192
v -0.091308 0.850604 0.065824
v -0.083348 0.850412 0.065051
v -0.072995 0.850889 0.066966
v -0.061500 0.851980 0.071339
v -0.050249 0.853551 0.077642
v -0.040599 0.855414 0.085115
v -0.033713 0.857344 0.092856
v -0.030422 0.859109 0.099932
v -0.031124 0.860494 0.105490
v -0.040613 0.868712 0.097795
v -0.043872 0.869306 0.100176
v -0.049501 0.869442 0.100723
v -0.056821 0.869104 0.099369
v -0.064950 0.868333 0.096276
v -0.072905 0.867222 0.091820
v -0.079729 0.865905 0.086536
v -0.084598 0.864540 0.081062
v -0.086925 0.863292 0.076058
v -0.086429 0.862312 0.072129
v -0.083170 0.861719 0.069747
v -0.077541 0.861582 0.069200
v -0.070220 0.861920 0.070555
v -0.062092 0.862691 0.073647
v -0.054136 0.863802 0.078104
v -0.047312 0.865120 0.083388
v -0.042443 0.866485 0.088862
v -0.040117 0.867732 0.093865
v -0.040613 0.868712 0.097795
v -0.051663 0.873167 0.090109
v -0.053350 0.873475 0.091342
v -0.056264 0.873545 0.091625
v -0.060053 0.873370 0.090924
v -0.064260 0.872971 0.089323
v -0.068379 0.872396 0.087016
v -0.071911 0.871714 0.084281
v -0.074431 0.871008 0.081447
v -0.075636 0.870362 0.078857
v -0.075379 0.869855 0.076823
v -0.073692 0.869547 0.075590
v -0.070778 0.869477 0.075307
v -0.066989 0.869652 0.076008
v -0.062781 0.870051 0.077609
v -0.058663 0.870626 0.079916
v -0.055131 0.871308 0.082651
v -0.052610 0.872014 0.085485
v -0.051406 0.872660 0.088075
v -0.051663 0.873167 0.090109
v -0.063521 0.873557 0.082956
v -0.063521 0.873557 0.082956
v -0.063521 0.873557 0.082956
v -0.063521 0.873557 0.082956
v -0.063521 0.873557 0.082956
v -0.063521 0.873557 0.082956
v -0.063521 0.873557 0.082956
v -0.063521 0.873557 0.082956
v -0.063521 0.873557 0.082956
v -0.063521 0.873557 0.082956
v -0.063521 0.873557 0.082956
v -0.063521 0.873557 0.082956
v -0.063521 0.873557 0.082956
v -0.063521 0.873557 0.082956
v -0.063521 0.873557 0.082956
v -0.063521 0.873557 0.082956
v -0.063521 0.873557 0.082956
v -0.063521 0.873557 0.082956
v -0.063521 0.873557 0.082956
v -0.074896 0.792472 0.130961
v -0.074896 0.792472 0.130961
v -0.074896 0.792472 0.130961
v -0.074896 0.792472 0.130961
v -0.074896 0.792472 0.130961
v -0.074896 0.792472 0.130961
v -0.074896 0.792472 0.130961
v -0.074896 0.792472 0.130961
v -0.074896 0.792472 0.130961
v -0.074896 0.792472 0.130961
v -0.074896 0.792472 0.130961
v -0.074896 0.792472 0.130961
v -0.074896 0.792472 0.130961
v -0.074896 0.792472 0.130961
v -0.074896 0.792472 0.130961
v -0.068582 0.794530 0.134205
v -0.070157 0.794840 0.135449
v -0.072670 0.794915 0.135747
v -0.075624 0.794738 0.135038
v -0.078434 0.794345 0.133464
v -0.080543 0.793815 0.131336
v -0.081534 0.793251 0.129076
v -0.081210 0.792766 0.127130
v -0.079636 0.792456 0.125886
v -0.077123 0.792382 0.125588
v -0.074169 0.792558 0.126297
v -0.071359 0.792951 0.127871
v -0.069250 0.793481 0.129999
v -0.068259 0.794045 0.132259
v -0.068582 0.794530 0.134205
v -0.062887 0.798740 0.136544
v -0.065881 0.799330 0.138912
v -0.070661 0.799471 0.139477
v -0.076280 0.799135 0.138130
v -0.081625 0.798389 0.135136
v -0.085637 0.797379 0.131088
v -0.087522 0.796307 0.126788
v -0.086906 0.795385 0.123088
v -0.083912 0.794795 0.120721
v -0.079132 0.794654 0.120155
v -0.073513 0.794990 0.121502
v -0.068168 0.795736 0.124497
v -0.064156 0.796745 0.128544
v -0.062271 0.797817 0.132844
v -0.062887 0.798740 0.136544
v -0.058366 0.804689 0.137751
v -0.062488 0.805501 0.141009
v -0.069067 0.805696 0.141788
v -0.076801 0.805233 0.139933
v -0.084157 0.804206 0.135812
v -0.089680 0.802817 0.130241
v -0.092274 0.801341 0.124323
v -0.091427 0.800071 0.119230
v -0.087305 0.799259 0.115972
v -0.080726 0.799065 0.115193
v -0.072992 0.799527 0.117047
v -0.065635 0.800555 0.121169
v -0.060113 0.801944 0.126740
v -0.057519 0.803419 0.132658
v -0.058366 0.804689 0.137751
v -0.055464 0.811795 0.137706
v -0.060309 0.812750 0.141536
v -0.068043 0.812979 0.142452
v -0.077135 0.812435 0.140271
v -0.085783 0.811227 0.135427
v -0.092275 0.809594 0.128877
v -0.095325 0.807859 0.121920
v -0.094329 0.806367 0.115933
v -0.089484 0.805412 0.112103
v -0.081749 0.805183 0.111187
v -0.072658 0.805727 0.113368
v -0.064009 0.806935 0.118212
v -0.057518 0.808568 0.124762
v -0.054468 0.810303 0.131719
v -0.055464 0.811795 0.137706
v -0.054464 0.819363 0.136414
v -0.059558 0.820367 0.140442
v -0.067691 0.820607 0.141404
v -0.077250 0.820035 0.139112
v -0.086344 0.818765 0.134018
v -0.093170 0.817048 0.127131
v -0.096377 0.815225 0.119816
v -0.095329 0.813655 0.113521
v -0.090234 0.812651 0.109494
v -0.082102 0.812411 0.108531
v -0.072543 0.812982 0.110823
v -0.063449 0.814253 0.115918
v -0.056623 0.815970 0.122804
v -0.053416 0.817793 0.130119
v -0.054464 0.819363 0.136414
v -0.055464 0.826651 0.134002
v -0.060309 0.827606 0.137832
v -0.068043 0.827834 0.138748
v -0.077135 0.827291 0.136568
v -0.085783 0.826083 0.131723
v -0.092275 0.824450 0.125173
v -0.095325 0.822715 0.118216
v -0.094329 0.821223 0.112230
v -0.089484 0.820268 0.108399
v -0.081749 0.820039 0.107483
v -0.072658 0.820583 0.109664
v -0.064009 0.821791 0.114508
v -0.057518 0.823424 0.121058
v -0.054468 0.825158 0.128015
v -0.055464 0.826651 0.134002
v -0.058366 0.832947 0.130705
v -0.062488 0.833759 0.133964
v -0.069067 0.833953 0.134743
v -0.076801 0.833491 0.132888
v -0.084157 0.832463 0.128767
v -0.089680 0.831074 0.123195
v -0.092274 0.829599 0.117277
v -0.091427 0.828329 0.112185
v -0.087305 0.827516 0.108926
v -0.080726 0.827322 0.108147
v -0.072992 0.827785 0.110002
v -0.065635 0.828812 0.114123
v -0.060113 0.830201 0.119695
v -0.057519 0.831677 0.125613
v -0.058366 0.832947 0.130705
v -0.062887 0.837633 0.126847
v -0.065881 0.838223 0.129214
v -0.070661 0.838364 0.129780
v -0.076280 0.838028 0.128433
v -0.081625 0.837282 0.125439
v -0.085637 0.836273 0.121391
v -0.087522 0.835201 0.117091
v -0.086906 0.834278 0.113391
v -0.083912 0.833688 0.111024
v -0.079132 0.833547 0.110458
v -0.073513 0.833883 0.111805
v -0.068168 0.834629 0.114800
v -0.064156 0.835638 0.118847
v -0.062271 0.836710 0.123147
v -0.062887 0.837633 0.126847
v -0.068582 0.840252 0.122805
v -0.070157 0.840562 0.124049
v -0.072670 0.840636 0.124347
v -0.075624 0.840460 0.123639
v -0.078434 0.840067 0.122064
v -0.080543 0.839536 0.119936
v -0.081534 0.838973 0.117676
v -0.081210 0.838488 0.115731
v -0.079636 0.838178 0.114486
v -0.077123 0.838103 0.114188
v -0.074169 0.838280 0.114897
v -0.071359 0.838672 0.116471
v -0.069250 0.839203 0.118599
v -0.068259 0.839767 0.120860
v -0.068582 0.840252 0.122805
v -0.074896 0.840546 0.118974
v -0.074896 0.840546 0.118974
v -0.074896 0.840546 0.118974
v -0.074896 0.840546 0.118974
v -0.074896 0.840546 0.118974
v -0.074896 0.840546 0.118974
v -0.074896 0.840546 0.118974
v -0.074896 0.840546 0.118974
v -0.074896 0.840546 0.118974
v -0.074896 0.840546 0.118974
v -0.074896 0.840546 0.118974
v -0.074896 0.840546 0.118974
v -0.074896 0.840546 0.118974
v -0.074896 0.840546 0.118974
v -0.074896 0.840546 0.118974
v -0.071688 0.832251 0.107833
v -0.071688 0.832251 0.107833
v -0.071688 0.832251 0.107833
v -0.071688 0.832251 0.107833
v -0.071688 0.832251 0.107833
v -0.071688 0.832251 0.107833
v -0.071688 0.832251 0.107833
v -0.071688 0.832251 0.107833
v -0.071688 0.832251 0.107833
v -0.071688 0.832251 0.107833
v -0.071688 0.832251 0.107833
v -0.071688 0.832251 0.107833
v -0.071688 0.832251 0.107833
v -0.071688 0.832251 0.107833
v -0.071688 0.832251 0.107833
v -0.071688 0.832251 0.107833
v -0.071688 0.832251 0.107833
v -0.058807 0.835282 0.114742
v -0.061183 0.835730 0.116537
v -0.065158 0.835835 0.116960
v -0.070127 0.835583 0.115947
v -0.075333 0.835011 0.113653
v -0.079985 0.834206 0.110425
v -0.083373 0.833291 0.106756
v -0.084983 0.832406 0.103204
v -0.084568 0.831684 0.100310
v -0.082193 0.831236 0.098515
v -0.078218 0.831131 0.098092
v -0.073249 0.831383 0.099105
v -0.068042 0.831956 0.101400
v -0.063391 0.832760 0.104627
v -0.060002 0.833675 0.108296
v -0.058393 0.834561 0.111848
v -0.058807 0.835282 0.114742
v -0.047188 0.840482 0.120359
v -0.051706 0.841333 0.123774
v -0.059267 0.841534 0.124579
v -0.068718 0.841054 0.122653
v -0.078622 0.839965 0.118287
v -0.087470 0.838435 0.112148
v -0.093915 0.836695 0.105169
v -0.096977 0.835010 0.098413
v -0.096188 0.833638 0.092909
v -0.091670 0.832787 0.089494
v -0.084109 0.832586 0.088689
v -0.074658 0.833066 0.090616
v -0.064754 0.834154 0.094981
v -0.055906 0.835685 0.101120
v -0.049460 0.837425 0.108099
v -0.046399 0.839110 0.114855
v -0.047188 0.840482 0.120359
v -0.037966 0.847341 0.124136
v -0.044185 0.848513 0.128836
v -0.054591 0.848789 0.129945
v -0.067600 0.848128 0.127293
v -0.081232 0.846630 0.121285
v -0.093410 0.844523 0.112834
v -0.102281 0.842128 0.103229
v -0.106495 0.839810 0.093930
v -0.105410 0.837921 0.086354
v -0.099190 0.836749 0.081654
v -0.088784 0.836473 0.080546
v -0.075775 0.837134 0.083198
v -0.062144 0.838632 0.089206
v -0.049966 0.840739 0.097656
v -0.041095 0.843134 0.107262
v -0.036881 0.845452 0.116560
v -0.037966 0.847341 0.124136
v -0.032046 0.855188 0.125703
v -0.039357 0.856565 0.131228
v -0.051590 0.856890 0.132531
v -0.066883 0.856113 0.129413
v -0.082907 0.854352 0.122350
v -0.097224 0.851875 0.112416
v -0.107652 0.849060 0.101125
v -0.112606 0.846334 0.090193
v -0.111330 0.844114 0.081287
v -0.104019 0.842736 0.075762
v -0.091786 0.842411 0.074459
v -0.076493 0.843189 0.077576
v -0.060468 0.844950 0.084640
v -0.046152 0.847427 0.094573
v -0.035723 0.850242 0.105865
v -0.030770 0.852967 0.116797
v -0.032046 0.855188 0.125703
v -0.030005 0.863254 0.124905
v -0.037693 0.864703 0.130715
v -0.050555 0.865045 0.132085
v -0.066635 0.864227 0.128807
v -0.083485 0.862376 0.121380
v -0.098538 0.859771 0.110935
v -0.109503 0.856811 0.099062
v -0.114712 0.853945 0.087569
v -0.113370 0.851611 0.078204
v -0.105683 0.850162 0.072395
v -0.092820 0.849821 0.071025
v -0.076740 0.850638 0.074302
v -0.059891 0.852489 0.081729
v -0.044838 0.855094 0.092174
v -0.033872 0.858054 0.104047
v -0.028664 0.860920 0.115541
v -0.030005 0.863254 0.124905
v -0.032046 0.870751 0.121822
v -0.039357 0.872129 0.127347
v -0.051590 0.872454 0.128650
v -0.066883 0.871676 0.125533
v -0.082907 0.869915 0.118470
v -0.097224 0.867439 0.108536
v -0.107652 0.864623 0.097244
v -0.112606 0.861898 0.086313
v -0.111330 0.859677 0.077407
v -0.104019 0.858300 0.071882
v -0.091786 0.857975 0.070579
v -0.076493 0.858752 0.073696
v -0.060468 0.860513 0.080759
v -0.046152 0.862990 0.090693
v -0.035723 0.865805 0.101985
v -0.030770 0.868531 0.112916
v -0.032046 0.870751 0.121822
v -0.037966 0.876944 0.116755
v -0.044185 0.878116 0.121455
v -0.054591 0.878392 0.122564
v -0.067600 0.877731 0.119912
v -0.081232 0.876233 0.113904
v -0.093410 0.874126 0.105453
v -0.102281 0.871731 0.095848
v -0.106495 0.869413 0.086549
v -0.105410 0.867524 0.078973
v -0.099190 0.866352 0.074273
v -0.088784 0.866076 0.073165
v -0.075775 0.866737 0.075817
v -0.062144 0.868235 0.081825
v -0.049966 0.870342 0.090275
v -0.041095 0.872737 0.099881
v -0.036881 0.875055 0.109179
v -0.037966 0.876944 0.116755
v -0.047188 0.881227 0.110200
v -0.051706 0.882079 0.113615
v -0.059267 0.882279 0.114421
v -0.068718 0.881799 0.112494
v -0.078622 0.880711 0.108129
v -0.087470 0.879180 0.101989
v -0.093915 0.877440 0.095010
v -0.096977 0.875755 0.088255
v -0.096188 0.874383 0.082750
v -0.091670 0.873532 0.079336
v -0.084109 0.873331 0.078530
v -0.074658 0.873811 0.080457
v -0.064754 0.874900 0.084822
v -0.055906 0.876430 0.090962
v -0.049460 0.878170 0.097940
v -0.046399 0.879855 0.104696
v -0.047188 0.881227 0.110200
v -0.058807 0.883181 0.102799
v -0.061183 0.883629 0.104594
v -0.065158 0.883734 0.105018
v -0.070127 0.883482 0.104005
v -0.075333 0.882909 0.101710
v -0.079985 0.882105 0.098482
v -0.083373 0.881190 0.094813
v -0.084983 0.880304 0.091262
v -0.084568 0.879583 0.088368
v -0.082193 0.879135 0.086573
v -0.078218 0.879030 0.086149
v -0.073249 0.879282 0.087162
v -0.068042 0.879854 0.089457
v -0.063391 0.880659 0.092685
v -0.060002 0.881574 0.096354
v -0.058393 0.882460 0.099905
v -0.058807 0.883181 0.102799
v -0.071688 0.882614 0.095276
v -0.071688 0.882614 0.095276
v -0.071688 0.882614 0.095276
v -0.071688 0.882614 0.095276
v -0.071688 0.882614 0.095276
v -0.071688 0.882614 0.095276
v -0.071688 0.882614 0.095276
v -0.071688 0.882614 0.095276
v -0.071688 0.882614 0.095276
v -0.071688 0.882614 0.095276
v -0.071688 0.882614 0.095276
v -0.071688 0.882614 0.095276
v -0.071688 0.882614 0.095276
v -0.071688 0.882614 0.095276
v -0.071688 0.882614 0.095276
v -0.071688 0.882614 0.095276
v -0.071688 0.882614 0.095276
v -0.016334 0.847550 0.079855
v -0.016334 0.950998 0.058076
v 0.016334 0.950998 0.058076
v -0.016334 0.847550 0.079855
v 0.016334 0.950998 0.058076
v 0.016334 0.847550 0.079855
v -0.016334 0.950998 0.058076
v -0.016334 0.887477 0.027223
v 0.016334 0.887477 0.027223
v -0.016334 0.950998 0.058076
v 0.016334 0.887477 0.027223
v 0.016334 0.950998 0.058076
v -0.016334 0.887477 0.027223
v -0.016334 1.000000 -0.007260
v 0.016334 1.000000 -0.007260
v -0.016334 0.887477 0.027223
v 0.016334 1.000000 -0.007260
v 0.016334 0.887477 0.027223
v -0.016334 1.000000 -0.007260
v -0.016334 0.889292 -0.039020
v 0.016334 0.889292 -0.039020
v -0.016334 1.000000 -0.007260
v 0.016334 0.889292 -0.039020
v 0.016334 1.000000 -0.007260
v -0.016334 0.889292 -0.039020
v -0.016334 0.961887 -0.065336
v 0.016334 0.961887 -0.065336
v -0.016334 0.889292 -0.039020
v 0.016334 0.961887 -0.065336
v 0.016334 0.889292 -0.039020
v -0.016334 0.961887 -0.065336
v -0.016334 0.847550 -0.085299
v 0.016334 0.847550 -0.085299
v -0.016334 0.961887 -0.065336
v 0.016334 0.847550 -0.085299
v 0.016334 0.961887 -0.065336
v -0.016334 0.847550 -0.085299
v -0.016334 0.847550 0.079855
v 0.016334 0.847550 0.079855
v -0.016334 0.847550 -0.085299
v 0.016334 0.847550 0.079855
v 0.016334 0.847550 -0.085299
v -0.016334 0.912108 -0.004537
v -0.016334 0.950998 0.058076
v -0.016334 0.847550 0.079855
v -0.016334 0.912108 -0.004537
v -0.016334 0.887477 0.027223
v -0.016334 0.950998 0.058076
v -0.016334 0.912108 -0.004537
v -0.016334 1.000000 -0.007260
v -0.016334 0.887477 0.027223
v -0.016334 0.912108 -0.004537
v -0.016334 0.889292 -0.039020
v -0.016334 1.000000 -0.007260
v -0.016334 0.912108 -0.004537
v -0.016334 0.961887 -0.065336
v -0.016334 0.889292 -0.039020
v -0.016334 0.912108 -0.004537
v -0.016334 0.847550 -0.085299
v -0.016334 0.961887 -0.065336
v -0.016334 0.912108 -0.004537
v -0.016334 0.847550 0.079855
v -0.016334 0.847550 -0.085299
v 0.016334 0.912108 -0.004537
v 0.016334 0.847550 0.079855
v 0.016334 0.950998 0.058076
v 0.016334 0.912108 -0.004537
v 0.016334 0.950998 0.058076
v 0.016334 0.887477 0.027223
v 0.016334 0.912108 -0.004537
v 0.016334 0.887477 0.027223
v 0.016334 1.000000 -0.007260
v 0.016334 0.912108 -0.004537
v 0.016334 1.000000 -0.007260
v 0.016334 0.889292 -0.039020
v 0.016334 0.912108 -0.004537
v 0.016334 0.889292 -0.039020
v 0.016334 0.961887 -0.065336
v 0.016334 0.912108 -0.004537
v 0.016334 0.961887 -0.065336
v 0.016334 0.847550 -0.085299
v 0.016334 0.912108 -0.004537
v 0.016334 0.847550 -0.085299
v 0.016334 0.847550 0.079855
v -0.013612 0.677473 0.126616
v -0.013612 0.661205 0.076267
v 0.013612 0.661205 0.076267
v -0.013612 0.677473 0.126616
v 0.013612 0.661205 0.076267
v 0.013612 0.677473 0.126616
v -0.013612 0.661205 0.076267
v -0.013612 0.597451 0.073119
v 0.013612 0.597451 0.073119
v -0.013612 0.661205 0.076267
v 0.013612 0.597451 0.073119
v 0.013612 0.661205 0.076267
v -0.013612 0.597451 0.073119
v -0.013612 0.532257 0.098109
v 0.013612 0.532257 0.098109
v -0.013612 0.597451 0.073119
v 0.013612 0.532257 0.098109
v 0.013612 0.597451 0.073119
v -0.013612 0.532257 0.098109
v -0.013612 0.518123 0.136367
v 0.013612 0.518123 0.136367
v -0.013612 0.532257 0.098109
v 0.013612 0.518123 0.136367
v 0.013612 0.532257 0.098109
v -0.013612 0.518123 0.136367
v -0.013612 0.568541 0.155337
v 0.013612 0.568541 0.155337
v -0.013612 0.518123 0.136367
v 0.013612 0.568541 0.155337
v 0.013612 0.518123 0.136367
v -0.013612 0.568541 0.155337
v -0.013612 0.635734 0.148476
v 0.013612 0.635734 0.148476
v -0.013612 0.568541 0.155337
v 0.013612 0.635734 0.148476
v 0.013612 0.568541 0.155337
v -0.013612 0.635734 0.148476
v -0.013612 0.677473 0.126616
v 0.013612 0.677473 0.126616
v -0.013612 0.635734 0.148476
v 0.013612 0.677473 0.126616
v 0.013612 0.635734 0.148476
v -0.013612 0.598683 0.116327
v -0.013612 0.661205 0.076267
v -0.013612 0.677473 0.126616
v -0.013612 0.598683 0.116327
v -0.013612 0.597451 0.073119
v -0.013612 0.661205 0.076267
v -0.013612 0.598683 0.116327
v -0.013612 0.532257 0.098109
v -0.013612 0.597451 0.073119
v -0.013612 0.598683 0.116327
v -0.013612 0.518123 0.136367
v -0.013612 0.532257 0.098109
v -0.013612 0.598683 0.116327
v -0.013612 0.568541 0.155337
v -0.013612 0.518123 0.136367
v -0.013612 0.598683 0.116327
v -0.013612 0.635734 0.148476
v -0.013612 0.568541 0.155337
v -0.013612 0.598683 0.116327
v -0.013612 0.677473 0.126616
v -0.013612 0.635734 0.148476
v 0.013612 0.598683 0.116327
v 0.013612 0.677473 0.126616
v 0.013612 0.661205 0.076267
v 0.013612 0.598683 0.116327
v 0.013612 0.661205 0.076267
v 0.013612 0.597451 0.073119
v 0.013612 0.598683 0.116327
v 0.013612 0.597451 0.073119
v 0.013612 0.532257 0.098109
v 0.013612 0.598683 0.116327
v 0.013612 0.532257 0.098109
v 0.013612 0.518123 0.136367
v 0.013612 0.598683 0.116327
v 0.013612 0.518123 0.136367
v 0.013612 0.568541 0.155337
v 0.013612 0.598683 0.116327
v 0.013612 0.568541 0.155337
v 0.013612 0.635734 0.148476
v 0.013612 0.598683 0.116327
v 0.013612 0.635734 0.148476
v 0.013612 0.677473 0.126616
v 0.211243 0.532085 0.092590
v 0.211993 0.547423 0.088219
v 0.206479 0.562529 0.074596
v 0.194621 0.576525 0.054246
v 0.176446 0.590577 0.030721
v 0.156241 0.598510 0.002469
v 0.135247 0.601159 -0.026116
v 0.115759 0.598540 -0.052129
v 0.098314 0.592690 -0.072182
v 0.084945 0.583195 -0.084837
v 0.077492 0.570410 -0.089156
v 0.077476 0.555619 -0.085018
v 0.084392 0.540654 -0.072668
v 0.096509 0.526681 -0.052891
v 0.112687 0.514738 -0.027500
v 0.131943 0.506140 0.000855
v 0.154763 0.503019 0.027598
v 0.173138 0.502895 0.054659
v 0.191854 0.508987 0.073667
v 0.204119 0.518703 0.087736
v 0.211243 0.532085 0.092590
v 0.229198 0.526414 0.074532
v 0.229489 0.542299 0.069501
v 0.222736 0.557350 0.056174
v 0.210693 0.571776 0.036268
v 0.195271 0.587218 0.011418
v 0.174020 0.593648 -0.016686
v 0.151989 0.596031 -0.044486
v 0.130977 0.592456 -0.069027
v 0.113536 0.586076 -0.088364
v 0.100594 0.577608 -0.101341
v 0.093173 0.565420 -0.106108
v 0.092590 0.550058 -0.101451
v 0.098163 0.534159 -0.088877
v 0.110504 0.520626 -0.068775
v 0.126604 0.507139 -0.044219
v 0.146459 0.497889 -0.016609
v 0.168263 0.496390 0.011010
v 0.188724 0.495181 0.036273
v 0.206794 0.501626 0.056223
v 0.220696 0.511854 0.069525
v 0.229198 0.526414 0.074532
v 0.242807 0.521137 0.054463
v 0.244054 0.536116 0.050467
v 0.238947 0.552442 0.038078
v 0.227088 0.567339 0.018191
v 0.209550 0.578246 -0.006930
v 0.189463 0.586635 -0.034591
v 0.167623 0.588942 -0.062031
v 0.147032 0.587158 -0.086662
v 0.129472 0.582424 -0.106664
v 0.116602 0.571904 -0.118810
v 0.110064 0.559198 -0.122576
v 0.109559 0.546477 -0.118703
v 0.115649 0.532692 -0.106299
v 0.128210 0.520324 -0.086592
v 0.144494 0.508127 -0.061995
v 0.164049 0.498652 -0.034454
v 0.185451 0.494782 -0.006842
v 0.205978 0.496176 0.017893
v 0.223300 0.501517 0.037396
v 0.235903 0.509912 0.049981
v 0.242807 0.521137 0.054463
v 0.256048 0.515049 0.034222
v 0.257020 0.528686 0.030475
v 0.252396 0.544317 0.018651
v 0.241222 0.559175 -0.000669
v 0.224615 0.570960 -0.025259
v 0.205079 0.579830 -0.052583
v 0.183771 0.583220 -0.079844
v 0.163399 0.582376 -0.104561
v 0.145654 0.576302 -0.124083
v 0.133014 0.564511 -0.135262
v 0.126865 0.552083 -0.138682
v 0.125124 0.537185 -0.135467
v 0.130437 0.521276 -0.123260
v 0.142599 0.507583 -0.103757
v 0.158553 0.494980 -0.079477
v 0.177446 0.485103 -0.052229
v 0.198805 0.482188 -0.025127
v 0.219225 0.483853 -0.000678
v 0.236848 0.491062 0.018351
v 0.249328 0.502342 0.030022
v 0.256048 0.515049 0.034222
v 0.269391 0.508015 0.014170
v 0.269969 0.520825 0.010444
v 0.265219 0.535430 -0.001086
v 0.254863 0.550226 -0.019768
v 0.239633 0.563264 -0.043791
v 0.220564 0.572166 -0.070660
v 0.199715 0.575848 -0.097501
v 0.179687 0.575322 -0.121946
v 0.161947 0.567948 -0.140577
v 0.149591 0.555914 -0.151024
v 0.143540 0.544087 -0.154560
v 0.141855 0.530373 -0.151709
v 0.147038 0.515209 -0.139879
v 0.159226 0.502646 -0.120541
v 0.175205 0.491006 -0.096738
v 0.193959 0.481146 -0.070287
v 0.214727 0.477960 -0.043625
v 0.234644 0.479811 -0.019710
v 0.251634 0.485898 -0.000875
v 0.263448 0.496583 0.010365
v 0.269391 0.508015 0.014170
v 0.282297 0.500188 -0.006276
v 0.282181 0.512194 -0.010097
v 0.277471 0.525849 -0.021182
v 0.267600 0.539978 -0.039196
v 0.253718 0.553606 -0.062519
v 0.234942 0.561622 -0.088526
v 0.214533 0.564579 -0.114354
v 0.195313 0.564211 -0.138003
v 0.178253 0.557413 -0.156001
v 0.166077 0.547051 -0.166936
v 0.159711 0.535323 -0.170760
v 0.158773 0.522592 -0.167392
v 0.163358 0.507957 -0.155983
v 0.176013 0.496751 -0.137091
v 0.192162 0.486741 -0.113889
v 0.210176 0.477755 -0.087990
v 0.230185 0.474116 -0.062166
v 0.249692 0.476413 -0.039386
v 0.265786 0.481951 -0.021438
v 0.276920 0.490330 -0.010146
v 0.282297 0.500188 -0.006276
v 0.294337 0.491781 -0.025106
v 0.294606 0.504425 -0.028914
v 0.289400 0.517506 -0.040257
v 0.278332 0.529690 -0.057686
v 0.265425 0.540703 -0.080982
v 0.247688 0.548065 -0.105825
v 0.228479 0.551384 -0.130455
v 0.209890 0.550417 -0.152515
v 0.192849 0.544973 -0.168792
v 0.181259 0.536684 -0.179915
v 0.175369 0.525701 -0.184323
v 0.175158 0.511308 -0.181507
v 0.180521 0.496338 -0.170772
v 0.191272 0.482099 -0.153666
v 0.206201 0.470900 -0.131258
v 0.223951 0.464204 -0.106054
v 0.243195 0.460903 -0.081370
v 0.260881 0.463879 -0.058490
v 0.276667 0.469609 -0.040766
v 0.288119 0.479338 -0.029219
v 0.294337 0.491781 -0.025106
v 0.143054 0.551576 0.002308
v 0.235135 0.507287 -0.105173
v -0.211243 0.532085 0.092590
v -0.211993 0.547423 0.088219
v -0.206479 0.562529 0.074596
v -0.194621 0.576525 0.054246
v -0.176446 0.590577 0.030721
v -0.156241 0.598510 0.002469
v -0.135247 0.601159 -0.026116
v -0.115759 0.598540 -0.052129
v -0.098314 0.592690 -0.072182
v -0.084945 0.583195 -0.084837
v -0.077492 0.570410 -0.089156
v -0.077476 0.555619 -0.085018
v -0.084392 0.540654 -0.072668
v -0.096509 0.526681 -0.052891
v -0.112687 0.514738 -0.027500
v -0.131943 0.506140 0.000855
v -0.154763 0.503019 0.027598
v -0.173138 0.502895 0.054659
v -0.191854 0.508987 0.073667
v -0.204119 0.518703 0.087736
v -0.211243 0.532085 0.092590
v -0.229198 0.526414 0.074532
v -0.229489 0.542299 0.069501
v -0.222736 0.557350 0.056174
v -0.210693 0.571776 0.036268
v -0.195271 0.587218 0.011418
v -0.174020 0.593648 -0.016686
v -0.151989 0.596031 -0.044486
v -0.130977 0.592456 -0.069027
v -0.113536 0.586076 -0.088364
v -0.100594 0.577608 -0.101341
v -0.093173 0.565420 -0.106108
v -0.092590 0.550058 -0.101451
v -0.098163 0.534159 -0.088877
v -0.110504 0.520626 -0.068775
v -0.126604 0.507139 -0.044219
v -0.146459 0.497889 -0.016609
v -0.168263 0.496390 0.011010
v -0.188724 0.495181 0.036273
v -0.206794 0.501626 0.056223
v -0.220696 0.511854 0.069525
v -0.229198 0.526414 0.074532
v -0.242807 0.521137 0.054463
v -0.244054 0.536116 0.050467
v -0.238947 0.552442 0.038078
v -0.227088 0.567339 0.018191
v -0.209550 0.578246 -0.006930
v -0.189463 0.586635 -0.034591
v -0.167623 0.588942 -0.062031
v -0.147032 0.587158 -0.086662
v -0.129472 0.582424 -0.106664
v -0.116602 0.571904 -0.118810
v -0.110064 0.559198 -0.122576
v -0.109559 0.546477 -0.118703
v -0.115649 0.532692 -0.106299
v -0.128210 0.520324 -0.086592
v -0.144494 0.508127 -0.061995
v -0.164049 0.498652 -0.034454
v -0.185451 0.494782 -0.006842
v -0.205978 0.496176 0.017893
v -0.223300 0.501517 0.037396
v -0.235903 0.509912 0.049981
v -0.242807 0.521137 0.054463
v -0.256048 0.515049 0.034222
v -0.257020 0.528686 0.030475
v -0.252396 0.544317 0.018651
v -0.241222 0.559175 -0.000669
v -0.224615 0.570960 -0.025259
v -0.205079 0.579830 -0.052583
v -0.183771 0.583220 -0.079844
v -0.163399 0.582376 -0.104561
v -0.145654 0.576302 -0.124083
v -0.133014 0.564511 -0.135262
v -0.126865 0.552083 -0.138682
v -0.125124 0.537185 -0.135467
v -0.130437 0.521276 -0.123260
v -0.142599 0.507583 -0.103757
v -0.158553 0.494980 -0.079477
v -0.177446 0.485103 -0.052229
v -0.198805 0.482188 -0.025127
v -0.219225 0.483853 -0.000678
v -0.236848 0.491062 0.018351
v -0.249328 0.502342 0.030022
v -0.256048 0.515049 0.034222
v -0.269391 0.508015 0.014170
v -0.269969 0.520825 0.010444
v -0.265219 0.535430 -0.001086
v -0.254863 0.550226 -0.019768
v -0.239633 0.563264 -0.043791
v -0.220564 0.572166 -0.070660
v -0.199715 0.575848 -0.097501
v -0.179687 0.575322 -0.121946
v -0.161947 0.567948 -0.140577
v -0.149591 0.555914 -0.151024
v -0.143540 0.544087 -0.154560
v -0.141855 0.530373 -0.151709
v -0.147038 0.515209 -0.139879
v -0.159226 0.502646 -0.120541
v -0.175205 0.491006 -0.096738
v -0.193959 0.481146 -0.070287
v -0.214727 0.477960 -0.043625
v -0.234644 0.479811 -0.019710
v -0.251634 0.485898 -0.000875
v -0.263448 0.496583 0.010365
v -0.269391 0.508015 0.014170
v -0.282297 0.500188 -0.006276
v -0.282181 0.512194 -0.010097
v -0.277471 0.525849 -0.021182
v -0.267600 0.539978 -0.039196
v -0.253718 0.553606 -0.062519
v -0.234942 0.561622 -0.088526
v -0.214533 0.564579 -0.114354
v -0.195313 0.564211 -0.138003
v -0.178253 0.557413 -0.156001
v -0.166077 0.547051 -0.166936
v -0.159711 0.535323 -0.170760
v -0.158773 0.522592 -0.167392
v -0.163358 0.507957 -0.155983
v -0.176013 0.496751 -0.137091
v -0.192162 0.486741 -0.113889
v -0.210176 0.477755 -0.087990
v -0.230185 0.474116 -0.062166
v -0.249692 0.476413 -0.039386
v -0.265786 0.481951 -0.021438
v -0.276920 0.490330 -0.010146
v -0.282297 0.500188 -0.006276
v -0.294337 0.491781 -0.025106
v -0.294606 0.504425 -0.028914
v -0.289400 0.517506 -0.040257
v -0.278332 0.529690 -0.057686
v -0.265425 0.540703 -0.080982
v -0.247688 0.548065 -0.105825
v -0.228479 0.551384 -0.130455
v -0.209890 0.550417 -0.152515
v -0.192849 0.544973 -0.168792
v -0.181259 0.536684 -0.179915
v -0.175369 0.525701 -0.184323
v -0.175158 0.511308 -0.181507
v -0.180521 0.496338 -0.170772
v -0.191272 0.482099 -0.153666
v -0.206201 0.470900 -0.131258
v -0.223951 0.464204 -0.106054
v -0.243195 0.460903 -0.081370
v -0.260881 0.463879 -0.058490
v -0.276667 0.469609 -0.040766
v -0.288119 0.479338 -0.029219
v -0.294337 0.491781 -0.025106
v -0.143054 0.551576 0.002308
v -0.235135 0.507287 -0.105173
v 0.285558 0.499116 -0.007025
v 0.286205 0.511932 -0.011532
v 0.280193 0.525863 -0.022568
v 0.268465 0.539984 -0.039725
v 0.251854 0.553593 -0.061264
v 0.232867 0.561566 -0.087036
v 0.212971 0.564461 -0.113159
v 0.193241 0.563881 -0.136252
v 0.177497 0.557202 -0.155222
v 0.166466 0.547202 -0.167553
v 0.159990 0.535284 -0.171711
v 0.158759 0.522620 -0.167335
v 0.162915 0.508960 -0.154799
v 0.176022 0.496733 -0.137108
v 0.192355 0.486406 -0.114159
v 0.209764 0.478396 -0.087525
v 0.229723 0.474760 -0.061741
v 0.250116 0.475891 -0.039696
v 0.267020 0.480673 -0.022097
v 0.279173 0.488665 -0.010879
v 0.285558 0.499116 -0.007025
v 0.294544 0.491632 -0.027371
v 0.294743 0.503265 -0.030828
v 0.289793 0.516129 -0.041642
v 0.279017 0.528085 -0.058996
v 0.265599 0.540377 -0.081218
v 0.247796 0.547890 -0.105938
v 0.228648 0.551138 -0.130595
v 0.210229 0.549973 -0.152723
v 0.194291 0.543361 -0.169320
v 0.183330 0.535103 -0.180131
v 0.177539 0.525155 -0.184373
v 0.175967 0.511370 -0.181676
v 0.180465 0.496329 -0.170748
v 0.190463 0.482000 -0.153180
v 0.205477 0.470847 -0.130747
v 0.223869 0.464200 -0.105991
v 0.243024 0.460888 -0.081228
v 0.261894 0.464075 -0.059432
v 0.277649 0.469967 -0.041939
v 0.288945 0.479831 -0.031030
v 0.294544 0.491632 -0.027371
v 0.304986 0.482685 -0.049864
v 0.305639 0.493293 -0.052754
v 0.300283 0.504793 -0.063009
v 0.290045 0.515761 -0.079252
v 0.276976 0.526440 -0.100096
v 0.260290 0.533345 -0.123257
v 0.242388 0.536353 -0.146344
v 0.225257 0.535345 -0.167028
v 0.210716 0.530339 -0.183034
v 0.200661 0.522751 -0.193022
v 0.195639 0.513985 -0.197145
v 0.194964 0.503553 -0.194947
v 0.199302 0.490938 -0.185032
v 0.208730 0.478115 -0.168601
v 0.223223 0.468342 -0.147357
v 0.241024 0.463224 -0.123883
v 0.259121 0.460127 -0.100527
v 0.276514 0.462267 -0.079821
v 0.290850 0.466949 -0.063535
v 0.300612 0.474297 -0.053390
v 0.304986 0.482685 -0.049864
v 0.314561 0.473072 -0.073404
v 0.315071 0.482522 -0.075965
v 0.310127 0.492953 -0.085328
v 0.301107 0.503383 -0.100305
v 0.288814 0.512889 -0.119570
v 0.273621 0.519523 -0.141046
v 0.256592 0.521503 -0.162049
v 0.241372 0.521740 -0.181660
v 0.228180 0.518271 -0.197307
v 0.218442 0.510303 -0.205967
v 0.213914 0.501854 -0.209338
v 0.213093 0.491366 -0.207553
v 0.216532 0.478542 -0.198551
v 0.225560 0.466888 -0.183004
v 0.239011 0.457894 -0.163329
v 0.254768 0.451335 -0.141565
v 0.271715 0.448563 -0.119886
v 0.288164 0.450306 -0.100635
v 0.301929 0.456213 -0.085831
v 0.310809 0.464633 -0.076764
v 0.314561 0.473072 -0.073404
v 0.324348 0.462454 -0.097953
v 0.324216 0.471426 -0.100666
v 0.319886 0.481006 -0.109130
v 0.311328 0.490032 -0.122546
v 0.299900 0.497991 -0.139664
v 0.287500 0.505256 -0.159336
v 0.272337 0.507389 -0.178291
v 0.258340 0.507059 -0.195686
v 0.246321 0.503589 -0.209554
v 0.237439 0.497232 -0.218457
v 0.232611 0.488717 -0.221613
v 0.231777 0.477891 -0.219053
v 0.235758 0.466720 -0.210186
v 0.244409 0.457064 -0.196211
v 0.256146 0.448790 -0.178880
v 0.269947 0.442595 -0.159643
v 0.284605 0.439003 -0.140224
v 0.299134 0.439917 -0.122744
v 0.311700 0.445027 -0.109124
v 0.320315 0.453401 -0.100843
v 0.324348 0.462454 -0.097953
v 0.331856 0.451558 -0.125548
v 0.330801 0.459513 -0.128112
v 0.326706 0.467356 -0.135203
v 0.319547 0.474852 -0.146388
v 0.310762 0.482136 -0.160950
v 0.300534 0.488241 -0.177582
v 0.288511 0.491000 -0.193989
v 0.276604 0.490663 -0.208704
v 0.266082 0.487239 -0.220163
v 0.258203 0.481241 -0.227113
v 0.254104 0.473828 -0.229077
v 0.254346 0.466699 -0.226378
v 0.258379 0.459364 -0.219089
v 0.265514 0.451985 -0.207850
v 0.275143 0.445160 -0.193548
v 0.286691 0.440208 -0.177528
v 0.298555 0.435741 -0.161243
v 0.310576 0.435152 -0.146482
v 0.321210 0.437962 -0.134830
v 0.328897 0.443973 -0.127644
v 0.331856 0.451558 -0.125548
v 0.335607 0.440770 -0.158220
v 0.335195 0.447114 -0.160073
v 0.332073 0.453169 -0.165270
v 0.326871 0.458788 -0.173427
v 0.320057 0.463688 -0.183850
v 0.311856 0.467177 -0.195420
v 0.303111 0.468905 -0.207017
v 0.294501 0.468501 -0.217339
v 0.286986 0.466090 -0.225335
v 0.281406 0.462052 -0.230142
v 0.278520 0.457124 -0.231353
v 0.278593 0.451551 -0.229307
v 0.281382 0.445620 -0.224497
v 0.286335 0.439541 -0.216831
v 0.293127 0.434186 -0.206781
v 0.301216 0.430170 -0.195395
v 0.309810 0.427321 -0.183803
v 0.318570 0.426989 -0.173279
v 0.326546 0.429500 -0.165033
v 0.332582 0.434379 -0.159881
v 0.335607 0.440770 -0.158220
v 0.321919 0.434232 -0.210377
v 0.322109 0.435287 -0.210507
v 0.322057 0.436299 -0.210896
v 0.321770 0.437153 -0.211505
v 0.321283 0.437763 -0.212268
v 0.320642 0.438069 -0.213104
v 0.319909 0.438047 -0.213925
v 0.319152 0.437704 -0.214639
v 0.318450 0.437086 -0.215171
v 0.317880 0.436272 -0.215465
v 0.317519 0.435369 -0.215506
v 0.317420 0.434473 -0.215335
v 0.317580 0.433632 -0.215017
v 0.317933 0.432855 -0.214561
v 0.318416 0.432209 -0.213933
v 0.319000 0.431805 -0.213163
v 0.319649 0.431711 -0.212340
v 0.320318 0.431941 -0.211567
v 0.320957 0.432471 -0.210936
v 0.321514 0.433256 -0.210524
v 0.321919 0.434232 -0.210377
v 0.220225 0.518983 -0.086659
v -0.285558 0.499116 -0.007025
v -0.286205 0.511932 -0.011532
v -0.280193 0.525863 -0.022568
v -0.268465 0.539984 -0.039725
v -0.251854 0.553593 -0.061264
v -0.232867 0.561566 -0.087036
v -0.212971 0.564461 -0.113159
v -0.193241 0.563881 -0.136252
v -0.177497 0.557202 -0.155222
v -0.166466 0.547202 -0.167553
v -0.159990 0.535284 -0.171711
v -0.158759 0.522620 -0.167335
v -0.162915 0.508960 -0.154799
v -0.176022 0.496733 -0.137108
v -0.192355 0.486406 -0.114159
v -0.209764 0.478396 -0.087525
v -0.229723 0.474760 -0.061741
v -0.250116 0.475891 -0.039696
v -0.267020 0.480673 -0.022097
v -0.279173 0.488665 -0.010879
v -0.285558 0.499116 -0.007025
v -0.294544 0.491632 -0.027371
v -0.294743 0.503265 -0.030828
v -0.289793 0.516129 -0.041642
v -0.279017 0.528085 -0.058996
v -0.265599 0.540377 -0.081218
v -0.247796 0.547890 -0.105938
v -0.228648 0.551138 -0.130595
v -0.210229 0.549973 -0.152723
v -0.194291 0.543361 -0.169320
v -0.183330 0.535103 -0.180131
v -0.177539 0.525155 -0.184373
v -0.175967 0.511370 -0.181676
v -0.180465 0.496329 -0.170748
v -0.190463 0.482000 -0.153180
v -0.205477 0.470847 -0.130747
v -0.223869 0.464200 -0.105991
v -0.243024 0.460888 -0.081228
v -0.261894 0.464075 -0.059432
v -0.277649 0.469967 -0.041939
v -0.288945 0.479831 -0.031030
v -0.294544 0.491632 -0.027371
v -0.304986 0.482685 -0.049864
v -0.305639 0.493293 -0.052754
v -0.300283 0.504793 -0.063009
v -0.290045 0.515761 -0.079252
v -0.276976 0.526440 -0.100096
v -0.260290 0.533345 -0.123257
v -0.242388 0.536353 -0.146344
v -0.225257 0.535345 -0.167028
v -0.210716 0.530339 -0.183034
v -0.200661 0.522751 -0.193022
v -0.195639 0.513985 -0.197145
v -0.194964 0.503553 -0.194947
v -0.199302 0.490938 -0.185032
v -0.208730 0.478115 -0.168601
v -0.223223 0.468342 -0.147357
v -0.241024 0.463224 -0.123883
v -0.259121 0.460127 -0.100527
v -0.276514 0.462267 -0.079821
v -0.290850 0.466949 -0.063535
v -0.300612 0.474297 -0.053390
v -0.304986 0.482685 -0.049864
v -0.314561 0.473072 -0.073404
v -0.315071 0.482522 -0.075965
v -0.310127 0.492953 -0.085328
v -0.301107 0.503383 -0.100305
v -0.288814 0.512889 -0.119570
v -0.273621 0.519523 -0.141046
v -0.256592 0.521503 -0.162049
v -0.241372 0.521740 -0.181660
v -0.228180 0.518271 -0.197307
v -0.218442 0.510303 -0.205967
v -0.213914 0.501854 -0.209338
v -0.213093 0.491366 -0.207553
v -0.216532 0.478542 -0.198551
v -0.225560 0.466888 -0.183004
v -0.239011 0.457894 -0.163329
v -0.254768 0.451335 -0.141565
v -0.271715 0.448563 -0.119886
v -0.288164 0.450306 -0.100635
v -0.301929 0.456213 -0.085831
v -0.310809 0.464633 -0.076764
v -0.314561 0.473072 -0.073404
v -0.324348 0.462454 -0.097953
v -0.324216 0.471426 -0.100666
v -0.319886 0.481006 -0.109130
v -0.311328 0.490032 -0.122546
v -0.299900 0.497991 -0.139664
v -0.287500 0.505256 -0.159336
v -0.272337 0.507389 -0.178291
v -0.258340 0.507059 -0.195686
v -0.246321 0.503589 -0.209554
v -0.237439 0.497232 -0.218457
v -0.232611 0.488717 -0.221613
v -0.231777 0.477891 -0.219053
v -0.235758 0.466720 -0.210186
v -0.244409 0.457064 -0.196211
v -0.256146 0.448790 -0.178880
v -0.269947 0.442595 -0.159643
v -0.284605 0.439003 -0.140224
v -0.299134 0.439917 -0.122744
v -0.311700 0.445027 -0.109124
v -0.320315 0.453401 -0.100843
v -0.324348 0.462454 -0.097953
v -0.331856 0.451558 -0.125548
v -0.330801 0.459513 -0.128112
v -0.326706 0.467356 -0.135203
v -0.319547 0.474852 -0.146388
v -0.310762 0.482136 -0.160950
v -0.300534 0.488241 -0.177582
v -0.288511 0.491000 -0.193989
v -0.276604 0.490663 -0.208704
v -0.266082 0.487239 -0.220163
v -0.258203 0.481241 -0.227113
v -0.254104 0.473828 -0.229077
v -0.254346 0.466699 -0.226378
v -0.258379 0.459364 -0.219089
v -0.265514 0.451985 -0.207850
v -0.275143 0.445160 -0.193548
v -0.286691 0.440208 -0.177528
v -0.298555 0.435741 -0.161243
v -0.310576 0.435152 -0.146482
v -0.321210 0.437962 -0.134830
v -0.328897 0.443973 -0.127644
v -0.331856 0.451558 -0.125548
v -0.335607 0.440770 -0.158220
v -0.335195 0.447114 -0.160073
v -0.332073 0.453169 -0.165270
v -0.326871 0.458788 -0.173427
v -0.320057 0.463688 -0.183850
v -0.311856 0.467177 -0.195420
v -0.303111 0.468905 -0.207017
v -0.294501 0.468501 -0.217339
v -0.286986 0.466090 -0.225335
v -0.281406 0.462052 -0.230142
v -0.278520 0.457124 -0.231353
v -0.278593 0.451551 -0.229307
v -0.281382 0.445620 -0.224497
v -0.286335 0.439541 -0.216831
v -0.293127 0.434186 -0.206781
v -0.301216 0.430170 -0.195395
v -0.309810 0.427321 -0.183803
v -0.318570 0.426989 -0.173279
v -0.326546 0.429500 -0.165033
v -0.332582 0.434379 -0.159881
v -0.335607 0.440770 -0.158220
v -0.321919 0.434232 -0.210377
v -0.322109 0.435287 -0.210507
v -0.322057 0.436299 -0.210896
v -0.321770 0.437153 -0.211505
v -0.321283 0.437763 -0.212268
v -0.320642 0.438069 -0.213104
v -0.319909 0.438047 -0.213925
v -0.319152 0.437704 -0.214639
v -0.318450 0.437086 -0.215171
v -0.317880 0.436272 -0.215465
v -0.317519 0.435369 -0.215506
v -0.317420 0.434473 -0.215335
v -0.317580 0.433632 -0.215017
v -0.317933 0.432855 -0.214561
v -0.318416 0.432209 -0.213933
v -0.319000 0.431805 -0.213163
v -0.319649 0.431711 -0.212340
v -0.320318 0.431941 -0.211567
v -0.320957 0.432471 -0.210936
v -0.321514 0.433256 -0.210524
v -0.321919 0.434232 -0.210377
v -0.220225 0.518983 -0.086659
v 0.140653 0.114338 0.000000
v 0.137643 0.114338 0.017070
v 0.128977 0.114338 0.032081
v 0.115699 0.114338 0.043223
v 0.099411 0.114338 0.049151
v 0.082077 0.114338 0.049151
v 0.065789 0.114338 0.043223
v 0.052511 0.114338 0.032081
v 0.043845 0.114338 0.017070
v 0.040835 0.114338 0.000000
v 0.043845 0.114338 -0.017070
v 0.052511 0.114338 -0.032081
v 0.065789 0.114338 -0.043223
v 0.082077 0.114338 -0.049151
v 0.099411 0.114338 -0.049151
v 0.115699 0.114338 -0.043223
v 0.128977 0.114338 -0.032081
v 0.137643 0.114338 -0.017070
v 0.140653 0.114338 -0.000000
v 0.132726 0.123168 0.000000
v 0.130194 0.123168 0.014359
v 0.122904 0.123168 0.026986
v 0.111735 0.123168 0.036357
v 0.098034 0.123168 0.041344
v 0.083454 0.123168 0.041344
v 0.069753 0.123168 0.036357
v 0.058584 0.123168 0.026986
v 0.051294 0.123168 0.014359
v 0.048762 0.123168 0.000000
v 0.051294 0.123168 -0.014359
v 0.058584 0.123168 -0.026986
v 0.069753 0.123168 -0.036357
v 0.083454 0.123168 -0.041344
v 0.098034 0.123168 -0.041344
v 0.111735 0.123168 -0.036357
v 0.122904 0.123168 -0.026986
v 0.130194 0.123168 -0.014359
v 0.132726 0.123168 -0.000000
v 0.138742 0.131998 0.000000
v 0.135848 0.131998 0.016416
v 0.127513 0.131998 0.030853
v 0.114743 0.131998 0.041568
v 0.099079 0.131998 0.047269
v 0.082409 0.131998 0.047269
v 0.066745 0.131998 0.041568
v 0.053975 0.131998 0.030853
v 0.045641 0.131998 0.016416
v 0.042746 0.131998 0.000000
v 0.045641 0.131998 -0.016416
v 0.053975 0.131998 -0.030853
v 0.066745 0.131998 -0.041568
v 0.082409 0.131998 -0.047269
v 0.099079 0.131998 -0.047269
v 0.114743 0.131998 -0.041568
v 0.127513 0.131998 -0.030853
v 0.135848 0.131998 -0.016416
v 0.138742 0.131998 -0.000000
v 0.148120 0.140828 0.000000
v 0.144660 0.140828 0.019624
v 0.134697 0.140828 0.036880
v 0.119432 0.140828 0.049689
v 0.100707 0.140828 0.056504
v 0.080781 0.140828 0.056504
v 0.062056 0.140828 0.049689
v 0.046792 0.140828 0.036880
v 0.036828 0.140828 0.019624
v 0.033368 0.140828 0.000000
v 0.036828 0.140828 -0.019624
v 0.046792 0.140828 -0.036880
v 0.062056 0.140828 -0.049689
v 0.080781 0.140828 -0.056504
v 0.100707 0.140828 -0.056504
v 0.119432 0.140828 -0.049689
v 0.134697 0.140828 -0.036880
v 0.144660 0.140828 -0.019624
v 0.148120 0.140828 -0.000000
v 0.144364 0.149658 0.000000
v 0.141131 0.149658 0.018339
v 0.131820 0.149658 0.034466
v 0.117554 0.149658 0.046437
v 0.100055 0.149658 0.052806
v 0.081433 0.149658 0.052806
v 0.063934 0.149658 0.046437
v 0.049669 0.149658 0.034466
v 0.040358 0.149658 0.018339
v 0.037124 0.149658 0.000000
v 0.040358 0.149658 -0.018339
v 0.049669 0.149658 -0.034466
v 0.063934 0.149658 -0.046437
v 0.081433 0.149658 -0.052806
v 0.100055 0.149658 -0.052806
v 0.117554 0.149658 -0.046437
v 0.131820 0.149658 -0.034466
v 0.141131 0.149658 -0.018339
v 0.144364 0.149658 -0.000000
v 0.134081 0.158488 0.000000
v 0.131468 0.158488 0.014822
v 0.123942 0.158488 0.027857
v 0.112413 0.158488 0.037531
v 0.098270 0.158488 0.042679
v 0.083219 0.158488 0.042679
v 0.069075 0.158488 0.037531
v 0.057546 0.158488 0.027857
v 0.050020 0.158488 0.014822
v 0.047407 0.158488 0.000000
v 0.050020 0.158488 -0.014822
v 0.057546 0.158488 -0.027857
v 0.069075 0.158488 -0.037531
v 0.083219 0.158488 -0.042679
v 0.098270 0.158488 -0.042679
v 0.112413 0.158488 -0.037531
v 0.123942 0.158488 -0.027857
v 0.131468 0.158488 -0.014822
v 0.134081 0.158488 -0.000000
v 0.135358 0.167318 0.000000
v 0.132667 0.167318 0.015259
v 0.124920 0.167318 0.028677
v 0.113051 0.167318 0.038637
v 0.098491 0.167318 0.043936
v 0.082997 0.167318 0.043936
v 0.068437 0.167318 0.038637
v 0.056568 0.167318 0.028677
v 0.048821 0.167318 0.015259
v 0.046130 0.167318 0.000000
v 0.048821 0.167318 -0.015259
v 0.056568 0.167318 -0.028677
v 0.068437 0.167318 -0.038637
v 0.082997 0.167318 -0.043936
v 0.098491 0.167318 -0.043936
v 0.113051 0.167318 -0.038637
v 0.124920 0.167318 -0.028677
v 0.132667 0.167318 -0.015259
v 0.135358 0.167318 -0.000000
v 0.145949 0.176148 0.000000
v 0.142619 0.176148 0.018881
v 0.133033 0.176148 0.035485
v 0.118346 0.176148 0.047809
v 0.100330 0.176148 0.054366
v 0.081158 0.176148 0.054366
v 0.063142 0.176148 0.047809
v 0.048455 0.176148 0.035485
v 0.038869 0.176148 0.018881
v 0.035539 0.176148 0.000000
v 0.038869 0.176148 -0.018881
v 0.048455 0.176148 -0.035485
v 0.063142 0.176148 -0.047809
v 0.081158 0.176148 -0.054366
v 0.100330 0.176148 -0.054366
v 0.118346 0.176148 -0.047809
v 0.133033 0.176148 -0.035485
v 0.142619 0.176148 -0.018881
v 0.145949 0.176148 -0.000000
v 0.147225 0.184978 0.000000
v 0.143819 0.184978 0.019318
v 0.134011 0.184978 0.036305
v 0.118985 0.184978 0.048914
v 0.100552 0.184978 0.055623
v 0.080936 0.184978 0.055623
v 0.062504 0.184978 0.048914
v 0.047477 0.184978 0.036305
v 0.037669 0.184978 0.019318
v 0.034263 0.184978 0.000000
v 0.037669 0.184978 -0.019318
v 0.047477 0.184978 -0.036305
v 0.062504 0.184978 -0.048914
v 0.080936 0.184978 -0.055623
v 0.100552 0.184978 -0.055623
v 0.118985 0.184978 -0.048914
v 0.134011 0.184978 -0.036305
v 0.143819 0.184978 -0.019318
v 0.147225 0.184978 -0.000000
v 0.136942 0.193808 0.000000
v 0.134156 0.193808 0.015801
v 0.126134 0.193808 0.029696
v 0.113843 0.193808 0.040009
v 0.098766 0.193808 0.045496
v 0.082722 0.193808 0.045496
v 0.067645 0.193808 0.040009
v 0.055354 0.193808 0.029696
v 0.047332 0.193808 0.015801
v 0.044546 0.193808 0.000000
v 0.047332 0.193808 -0.015801
v 0.055354 0.193808 -0.029696
v 0.067645 0.193808 -0.040009
v 0.082722 0.193808 -0.045496
v 0.098766 0.193808 -0.045496
v 0.113843 0.193808 -0.040009
v 0.126134 0.193808 -0.029696
v 0.134156 0.193808 -0.015801
v 0.136942 0.193808 -0.000000
v 0.133187 0.202639 0.000000
v 0.130627 0.202639 0.014516
v 0.123257 0.202639 0.027282
v 0.111965 0.202639 0.036756
v 0.098114 0.202639 0.041798
v 0.083374 0.202639 0.041798
v 0.069523 0.202639 0.036756
v 0.058231 0.202639 0.027282
v 0.050861 0.202639 0.014516
v 0.048301 0.202639 0.000000
v 0.050861 0.202639 -0.014516
v 0.058231 0.202639 -0.027282
v 0.069523 0.202639 -0.036756
v 0.083374 0.202639 -0.041798
v 0.098114 0.202639 -0.041798
v 0.111965 0.202639 -0.036756
v 0.123257 0.202639 -0.027282
v 0.130627 0.202639 -0.014516
v 0.133187 0.202639 -0.000000
v 0.142564 0.211469 0.000000
v 0.139439 0.211469 0.017724
v 0.130441 0.211469 0.033309
v 0.116654 0.211469 0.044878
v 0.099743 0.211469 0.051033
v 0.081746 0.211469 0.051033
v 0.064834 0.211469 0.044878
v 0.051047 0.211469 0.033309
v 0.042049 0.211469 0.017724
v 0.038924 0.211469 0.000000
v 0.042049 0.211469 -0.017724
v 0.051047 0.211469 -0.033309
v 0.064834 0.211469 -0.044878
v 0.081746 0.211469 -0.051033
v 0.099743 0.211469 -0.051033
v 0.116654 0.211469 -0.044878
v 0.130441 0.211469 -0.033309
v 0.139439 0.211469 -0.017724
v 0.142564 0.211469 -0.000000
v 0.148581 0.220299 0.000000
v 0.145093 0.220299 0.019781
v 0.135049 0.220299 0.037177
v 0.119662 0.220299 0.050088
v 0.100787 0.220299 0.056958
v 0.080701 0.220299 0.056958
v 0.061826 0.220299 0.050088
v 0.046439 0.220299 0.037177
v 0.036396 0.220299 0.019781
v 0.032908 0.220299 0.000000
v 0.036396 0.220299 -0.019781
v 0.046439 0.220299 -0.037177
v 0.061826 0.220299 -0.050088
v 0.080701 0.220299 -0.056958
v 0.100787 0.220299 -0.056958
v 0.119662 0.220299 -0.050088
v 0.135049 0.220299 -0.037177
v 0.145093 0.220299 -0.019781
v 0.148581 0.220299 -0.000000
v 0.140653 0.229129 0.000000
v 0.137643 0.229129 0.017070
v 0.128977 0.229129 0.032081
v 0.115699 0.229129 0.043223
v 0.099411 0.229129 0.049151
v 0.082077 0.229129 0.049151
v 0.065789 0.229129 0.043223
v 0.052511 0.229129 0.032081
v 0.043845 0.229129 0.017070
v 0.040835 0.229129 0.000000
v 0.043845 0.229129 -0.017070
v 0.052511 0.229129 -0.032081
v 0.065789 0.229129 -0.043223
v 0.082077 0.229129 -0.049151
v 0.099411 0.229129 -0.049151
v 0.115699 0.229129 -0.043223
v 0.128977 0.229129 -0.032081
v 0.137643 0.229129 -0.017070
v 0.140653 0.229129 -0.000000
v 0.132726 0.237959 0.000000
v 0.130194 0.237959 0.014359
v 0.122904 0.237959 0.026986
v 0.111735 0.237959 0.036357
v 0.098034 0.237959 0.041344
v 0.083454 0.237959 0.041344
v 0.069753 0.237959 0.036357
v 0.058584 0.237959 0.026986
v 0.051294 0.237959 0.014359
v 0.048762 0.237959 0.000000
v 0.051294 0.237959 -0.014359
v 0.058584 0.237959 -0.026986
v 0.069753 0.237959 -0.036357
v 0.083454 0.237959 -0.041344
v 0.098034 0.237959 -0.041344
v 0.111735 0.237959 -0.036357
v 0.122904 0.237959 -0.026986
v 0.130194 0.237959 -0.014359
v 0.132726 0.237959 -0.000000
v 0.138742 0.246789 0.000000
v 0.135848 0.246789 0.016416
v 0.127513 0.246789 0.030853
v 0.114743 0.246789 0.041568
v 0.099079 0.246789 0.047269
v 0.082409 0.246789 0.047269
v 0.066745 0.246789 0.041568
v 0.053975 0.246789 0.030853
v 0.045641 0.246789 0.016416
v 0.042746 0.246789 0.000000
v 0.045641 0.246789 -0.016416
v 0.053975 0.246789 -0.030853
v 0.066745 0.246789 -0.041568
v 0.082409 0.246789 -0.047269
v 0.099079 0.246789 -0.047269
v 0.114743 0.246789 -0.041568
v 0.127513 0.246789 -0.030853
v 0.135848 0.246789 -0.016416
v 0.138742 0.246789 -0.000000
v 0.148120 0.255619 0.000000
v 0.144660 0.255619 0.019624
v 0.134697 0.255619 0.036880
v 0.119432 0.255619 0.049689
v 0.100707 0.255619 0.056504
v 0.080781 0.255619 0.056504
v 0.062056 0.255619 0.049689
v 0.046792 0.255619 0.036880
v 0.036828 0.255619 0.019624
v 0.033368 0.255619 0.000000
v 0.036828 0.255619 -0.019624
v 0.046792 0.255619 -0.036880
v 0.062056 0.255619 -0.049689
v 0.080781 0.255619 -0.056504
v 0.100707 0.255619 -0.056504
v 0.119432 0.255619 -0.049689
v 0.134697 0.255619 -0.036880
v 0.144660 0.255619 -0.019624
v 0.148120 0.255619 -0.000000
v 0.144364 0.264449 0.000000
v 0.141131 0.264449 0.018339
v 0.131820 0.264449 0.034466
v 0.117554 0.264449 0.046437
v 0.100055 0.264449 0.052806
v 0.081433 0.264449 0.052806
v 0.063934 0.264449 0.046437
v 0.049669 0.264449 0.034466
v 0.040358 0.264449 0.018339
v 0.037124 0.264449 0.000000
v 0.040358 0.264449 -0.018339
v 0.049669 0.264449 -0.034466
v 0.063934 0.264449 -0.046437
v 0.081433 0.264449 -0.052806
v 0.100055 0.264449 -0.052806
v 0.117554 0.264449 -0.046437
v 0.131820 0.264449 -0.034466
v 0.141131 0.264449 -0.018339
v 0.144364 0.264449 -0.000000
v 0.134081 0.273279 0.000000
v 0.131468 0.273279 0.014822
v 0.123942 0.273279 0.027857
v 0.112413 0.273279 0.037531
v 0.098270 0.273279 0.042679
v 0.083219 0.273279 0.042679
v 0.069075 0.273279 0.037531
v 0.057546 0.273279 0.027857
v 0.050020 0.273279 0.014822
v 0.047407 0.273279 0.000000
v 0.050020 0.273279 -0.014822
v 0.057546 0.273279 -0.027857
v 0.069075 0.273279 -0.037531
v 0.083219 0.273279 -0.042679
v 0.098270 0.273279 -0.042679
v 0.112413 0.273279 -0.037531
v 0.123942 0.273279 -0.027857
v 0.131468 0.273279 -0.014822
v 0.134081 0.273279 -0.000000
v 0.135358 0.282109 0.000000
v 0.132668 0.282109 0.015259
v 0.124921 0.282109 0.028677
v 0.113051 0.282109 0.038637
v 0.098491 0.282109 0.043936
v 0.082997 0.282109 0.043936
v 0.068437 0.282109 0.038637
v 0.056568 0.282109 0.028677
v 0.048820 0.282109 0.015259
v 0.046130 0.282109 0.000000
v 0.048820 0.282109 -0.015259
v 0.056568 0.282109 -0.028677
v 0.068437 0.282109 -0.038637
v 0.082997 0.282109 -0.043936
v 0.098491 0.282109 -0.043936
v 0.113051 0.282109 -0.038637
v 0.124921 0.282109 -0.028677
v 0.132668 0.282109 -0.015259
v 0.135358 0.282109 -0.000000
v 0.145956 0.290940 0.000000
v 0.142626 0.290940 0.018884
v 0.133039 0.290940 0.035490
v 0.118350 0.290940 0.047815
v 0.100332 0.290940 0.054373
v 0.081157 0.290940 0.054373
v 0.063138 0.290940 0.047815
v 0.048449 0.290940 0.035490
v 0.038862 0.290940 0.018884
v 0.035532 0.290940 0.000000
v 0.038862 0.290940 -0.018884
v 0.048449 0.290940 -0.035490
v 0.063138 0.290940 -0.047815
v 0.081157 0.290940 -0.054373
v 0.100332 0.290940 -0.054373
v 0.118350 0.290940 -0.047815
v 0.133039 0.290940 -0.035490
v 0.142626 0.290940 -0.018884
v 0.145956 0.290940 -0.000000
v 0.147313 0.299770 0.000000
v 0.143902 0.299770 0.019348
v 0.134079 0.299770 0.036362
v 0.119029 0.299770 0.048990
v 0.100567 0.299770 0.055710
v 0.080921 0.299770 0.055710
v 0.062459 0.299770 0.048990
v 0.047409 0.299770 0.036362
v 0.037586 0.299770 0.019348
v 0.034175 0.299770 0.000000
v 0.037586 0.299770 -0.019348
v 0.047409 0.299770 -0.036362
v 0.062459 0.299770 -0.048990
v 0.080921 0.299770 -0.055710
v 0.100567 0.299770 -0.055710
v 0.119029 0.299770 -0.048990
v 0.134079 0.299770 -0.036362
v 0.143902 0.299770 -0.019348
v 0.147313 0.299770 -0.000000
v 0.137456 0.308600 0.000000
v 0.134639 0.308600 0.015976
v 0.126527 0.308600 0.030026
v 0.114100 0.308600 0.040453
v 0.098855 0.308600 0.046002
v 0.082633 0.308600 0.046002
v 0.067388 0.308600 0.040453
v 0.054961 0.308600 0.030026
v 0.046850 0.308600 0.015976
v 0.044033 0.308600 0.000000
v 0.046850 0.308600 -0.015976
v 0.054961 0.308600 -0.030026
v 0.067388 0.308600 -0.040453
v 0.082633 0.308600 -0.046002
v 0.098855 0.308600 -0.046002
v 0.114100 0.308600 -0.040453
v 0.126527 0.308600 -0.030026
v 0.134639 0.308600 -0.015976
v 0.137456 0.308600 -0.000000
v 0.135236 0.317430 0.000000
v 0.132553 0.317430 0.015217
v 0.124827 0.317430 0.028599
v 0.112990 0.317430 0.038531
v 0.098470 0.317430 0.043816
v 0.083018 0.317430 0.043816
v 0.068498 0.317430 0.038531
v 0.056661 0.317430 0.028599
v 0.048935 0.317430 0.015217
v 0.046252 0.317430 0.000000
v 0.048935 0.317430 -0.015217
v 0.056661 0.317430 -0.028599
v 0.068498 0.317430 -0.038531
v 0.083018 0.317430 -0.043816
v 0.098470 0.317430 -0.043816
v 0.112990 0.317430 -0.038531
v 0.124827 0.317430 -0.028599
v 0.132553 0.317430 -0.015217
v 0.135236 0.317430 -0.000000
v 0.149208 0.326260 0.000000
v 0.145682 0.326260 0.019996
v 0.135530 0.326260 0.037580
v 0.119976 0.326260 0.050631
v 0.100896 0.326260 0.057575
v 0.080592 0.326260 0.057575
v 0.061512 0.326260 0.050631
v 0.045958 0.326260 0.037580
v 0.035806 0.326260 0.019996
v 0.032280 0.326260 0.000000
v 0.035806 0.326260 -0.019996
v 0.045958 0.326260 -0.037580
v 0.061512 0.326260 -0.050631
v 0.080592 0.326260 -0.057575
v 0.100896 0.326260 -0.057575
v 0.119976 0.326260 -0.050631
v 0.135530 0.326260 -0.037580
v 0.145682 0.326260 -0.019996
v 0.149208 0.326260 -0.000000
v 0.160602 0.335090 0.000000
v 0.156389 0.335090 0.023893
v 0.144258 0.335090 0.044904
v 0.125673 0.335090 0.060499
v 0.102875 0.335090 0.068797
v 0.078613 0.335090 0.068797
v 0.055815 0.335090 0.060499
v 0.037230 0.335090 0.044904
v 0.025099 0.335090 0.023893
v 0.020886 0.335090 0.000000
v 0.025099 0.335090 -0.023893
v 0.037230 0.335090 -0.044904
v 0.055815 0.335090 -0.060499
v 0.078613 0.335090 -0.068797
v 0.102875 0.335090 -0.068797
v 0.125673 0.335090 -0.060499
v 0.144258 0.335090 -0.044904
v 0.156389 0.335090 -0.023893
v 0.160602 0.335090 -0.000000
v 0.150925 0.343920 0.000000
v 0.147296 0.343920 0.020583
v 0.136846 0.343920 0.038684
v 0.120835 0.343920 0.052118
v 0.101194 0.343920 0.059267
v 0.080294 0.343920 0.059267
v 0.060654 0.343920 0.052118
v 0.044643 0.343920 0.038684
v 0.034192 0.343920 0.020583
v 0.030563 0.343920 0.000000
v 0.034192 0.343920 -0.020583
v 0.044643 0.343920 -0.038684
v 0.060654 0.343920 -0.052118
v 0.080294 0.343920 -0.059267
v 0.101194 0.343920 -0.059267
v 0.120835 0.343920 -0.052118
v 0.136846 0.343920 -0.038684
v 0.147296 0.343920 -0.020583
v 0.150925 0.343920 -0.000000
v 0.090744 0.114338 0.000000
v 0.140653 0.114338 0.000000
v 0.137643 0.114338 0.017070
v 0.128977 0.114338 0.032081
v 0.115699 0.114338 0.043223
v 0.099411 0.114338 0.049151
v 0.082077 0.114338 0.049151
v 0.065789 0.114338 0.043223
v 0.052511 0.114338 0.032081
v 0.043845 0.114338 0.017070
v 0.040835 0.114338 0.000000
v 0.043845 0.114338 -0.017070
v 0.052511 0.114338 -0.032081
v 0.065789 0.114338 -0.043223
v 0.082077 0.114338 -0.049151
v 0.099411 0.114338 -0.049151
v 0.115699 0.114338 -0.043223
v 0.128977 0.114338 -0.032081
v 0.137643 0.114338 -0.017070
v 0.140653 0.114338 -0.000000
v 0.090744 0.343920 0.000000
v 0.150925 0.343920 0.000000
v 0.147296 0.343920 0.020583
v 0.136846 0.343920 0.038684
v 0.120835 0.343920 0.052118
v 0.101194 0.343920 0.059267
v 0.080294 0.343920 0.059267
v 0.060654 0.343920 0.052118
v 0.044643 0.343920 0.038684
v 0.034192 0.343920 0.020583
v 0.030563 0.343920 0.000000
v 0.034192 0.343920 -0.020583
v 0.044643 0.343920 -0.038684
v 0.060654 0.343920 -0.052118
v 0.080294 0.343920 -0.059267
v 0.101194 0.343920 -0.059267
v 0.120835 0.343920 -0.052118
v 0.136846 0.343920 -0.038684
v 0.147296 0.343920 -0.020583
v 0.150925 0.343920 -0.000000
v -0.140653 0.114338 0.000000
v -0.137643 0.114338 0.017070
v -0.128977 0.114338 0.032081
v -0.115699 0.114338 0.043223
v -0.099411 0.114338 0.049151
v -0.082077 0.114338 0.049151
v -0.065789 0.114338 0.043223
v -0.052511 0.114338 0.032081
v -0.043845 0.114338 0.017070
v -0.040835 0.114338 0.000000
v -0.043845 0.114338 -0.017070
v -0.052511 0.114338 -0.032081
v -0.065789 0.114338 -0.043223
v -0.082077 0.114338 -0.049151
v -0.099411 0.114338 -0.049151
v -0.115699 0.114338 -0.043223
v -0.128977 0.114338 -0.032081
v -0.137643 0.114338 -0.017070
v -0.140653 0.114338 -0.000000
v -0.132726 0.123168 0.000000
v -0.130194 0.123168 0.014359
v -0.122904 0.123168 0.026986
v -0.111735 0.123168 0.036357
v -0.098034 0.123168 0.041344
v -0.083454 0.123168 0.041344
v -0.069753 0.123168 0.036357
v -0.058584 0.123168 0.026986
v -0.051294 0.123168 0.014359
v -0.048762 0.123168 0.000000
v -0.051294 0.123168 -0.014359
v -0.058584 0.123168 -0.026986
v -0.069753 0.123168 -0.036357
v -0.083454 0.123168 -0.041344
v -0.098034 0.123168 -0.041344
v -0.111735 0.123168 -0.036357
v -0.122904 0.123168 -0.026986
v -0.130194 0.123168 -0.014359
v -0.132726 0.123168 -0.000000
v -0.138742 0.131998 0.000000
v -0.135848 0.131998 0.016416
v -0.127513 0.131998 0.030853
v -0.114743 0.131998 0.041568
v -0.099079 0.131998 0.047269
v -0.082409 0.131998 0.047269
v -0.066745 0.131998 0.041568
v -0.053975 0.131998 0.030853
v -0.045641 0.131998 0.016416
v -0.042746 0.131998 0.000000
v -0.045641 0.131998 -0.016416
v -0.053975 0.131998 -0.030853
v -0.066745 0.131998 -0.041568
v -0.082409 0.131998 -0.047269
v -0.099079 0.131998 -0.047269
v -0.114743 0.131998 -0.041568
v -0.127513 0.131998 -0.030853
v -0.135848 0.131998 -0.016416
v -0.138742 0.131998 -0.000000
v -0.148120 0.140828 0.000000
v -0.144660 0.140828 0.019624
v -0.134697 0.140828 0.036880
v -0.119432 0.140828 0.049689
v -0.100707 0.140828 0.056504
v -0.080781 0.140828 0.056504
v -0.062056 0.140828 0.049689
v -0.046792 0.140828 0.036880
v -0.036828 0.140828 0.019624
v -0.033368 0.140828 0.000000
v -0.036828 0.140828 -0.019624
v -0.046792 0.140828 -0.036880
v -0.062056 0.140828 -0.049689
v -0.080781 0.140828 -0.056504
v -0.100707 0.140828 -0.056504
v -0.119432 0.140828 -0.049689
v -0.134697 0.140828 -0.036880
v -0.144660 0.140828 -0.019624
v -0.148120 0.140828 -0.000000
v -0.144364 0.149658 0.000000
v -0.141131 0.149658 0.018339
v -0.131820 0.149658 0.034466
v -0.117554 0.149658 0.046437
v -0.100055 0.149658 0.052806
v -0.081433 0.149658 0.052806
v -0.063934 0.149658 0.046437
v -0.049669 0.149658 0.034466
v -0.040358 0.149658 0.018339
v -0.037124 0.149658 0.000000
v -0.040358 0.149658 -0.018339
v -0.049669 0.149658 -0.034466
v -0.063934 0.149658 -0.046437
v -0.081433 0.149658 -0.052806
v -0.100055 0.149658 -0.052806
v -0.117554 0.149658 -0.046437
v -0.131820 0.149658 -0.034466
v -0.141131 0.149658 -0.018339
v -0.144364 0.149658 -0.000000
v -0.134081 0.158488 0.000000
v -0.131468 0.158488 0.014822
v -0.123942 0.158488 0.027857
v -0.112413 0.158488 0.037531
v -0.098270 0.158488 0.042679
v -0.083219 0.158488 0.042679
v -0.069075 0.158488 0.037531
v -0.057546 0.158488 0.027857
v -0.050020 0.158488 0.014822
v -0.047407 0.158488 0.000000
v -0.050020 0.158488 -0.014822
v -0.057546 0.158488 -0.027857
v -0.069075 0.158488 -0.037531
v -0.083219 0.158488 -0.042679
v -0.098270 0.158488 -0.042679
v -0.112413 0.158488 -0.037531
v -0.123942 0.158488 -0.027857
v -0.131468 0.158488 -0.014822
v -0.134081 0.158488 -0.000000
v -0.135358 0.167318 0.000000
v -0.132667 0.167318 0.015259
v -0.124920 0.167318 0.028677
v -0.113051 0.167318 0.038637
v -0.098491 0.167318 0.043936
v -0.082997 0.167318 0.043936
v -0.068437 0.167318 0.038637
v -0.056568 0.167318 0.028677
v -0.048821 0.167318 0.015259
v -0.046130 0.167318 0.000000
v -0.048821 0.167318 -0.015259
v -0.056568 0.167318 -0.028677
v -0.068437 0.167318 -0.038637
v -0.082997 0.167318 -0.043936
v -0.098491 0.167318 -0.043936
v -0.113051 0.167318 -0.038637
v -0.124920 0.167318 -0.028677
v -0.132667 0.167318 -0.015259
v -0.135358 0.167318 -0.000000
v -0.145949 0.176148 0.000000
v -0.142619 0.176148 0.018881
v -0.133033 0.176148 0.035485
v -0.118346 0.176148 0.047809
v -0.100330 0.176148 0.054366
v -0.081158 0.176148 0.054366
v -0.063142 0.176148 0.047809
v -0.048455 0.176148 0.035485
v -0.038869 0.176148 0.018881
v -0.035539 0.176148 0.000000
v -0.038869 0.176148 -0.018881
v -0.048455 0.176148 -0.035485
v -0.063142 0.176148 -0.047809
v -0.081158 0.176148 -0.054366
v -0.100330 0.176148 -0.054366
v -0.118346 0.176148 -0.047809
v -0.133033 0.176148 -0.035485
v -0.142619 0.176148 -0.018881
v -0.145949 0.176148 -0.000000
v -0.147225 0.184978 0.000000
v -0.143819 0.184978 0.019318
v -0.134011 0.184978 0.036305
v -0.118985 0.184978 0.048914
v -0.100552 0.184978 0.055623
v -0.080936 0.184978 0.055623
v -0.062504 0.184978 0.048914
v -0.047477 0.184978 0.036305
v -0.037669 0.184978 0.019318
v -0.034263 0.184978 0.000000
v -0.037669 0.184978 -0.019318
v -0.047477 0.184978 -0.036305
v -0.062504 0.184978 -0.048914
v -0.080936 0.184978 -0.055623
v -0.100552 0.184978 -0.055623
v -0.118985 0.184978 -0.048914
v -0.134011 0.184978 -0.036305
v -0.143819 0.184978 -0.019318
v -0.147225 0.184978 -0.000000
v -0.136942 0.193808 0.000000
v -0.134156 0.193808 0.015801
v -0.126134 0.193808 0.029696
v -0.113843 0.193808 0.040009
v -0.098766 0.193808 0.045496
v -0.082722 0.193808 0.045496
v -0.067645 0.193808 0.040009
v -0.055354 0.193808 0.029696
v -0.047332 0.193808 0.015801
v -0.044546 0.193808 0.000000
v -0.047332 0.193808 -0.015801
v -0.055354 0.193808 -0.029696
v -0.067645 0.193808 -0.040009
v -0.082722 0.193808 -0.045496
v -0.098766 0.193808 -0.045496
v -0.113843 0.193808 -0.040009
v -0.126134 0.193808 -0.029696
v -0.134156 0.193808 -0.015801
v -0.136942 0.193808 -0.000000
v -0.133187 0.202639 0.000000
v -0.130627 0.202639 0.014516
v -0.123257 0.202639 0.027282
v -0.111965 0.202639 0.036756
v -0.098114 0.202639 0.041798
v -0.083374 0.202639 0.041798
v -0.069523 0.202639 0.036756
v -0.058231 0.202639 0.027282
v -0.050861 0.202639 0.014516
v -0.048301 0.202639 0.000000
v -0.050861 0.202639 -0.014516
v -0.058231 0.202639 -0.027282
v -0.069523 0.202639 -0.036756
v -0.083374 0.202639 -0.041798
v -0.098114 0.202639 -0.041798
v -0.111965 0.202639 -0.036756
v -0.123257 0.202639 -0.027282
v -0.130627 0.202639 -0.014516
v -0.133187 0.202639 -0.000000
v -0.142564 0.211469 0.000000
v -0.139439 0.211469 0.017724
v -0.130441 0.211469 0.033309
v -0.116654 0.211469 0.044878
v -0.099743 0.211469 0.051033
v -0.081746 0.211469 0.051033
v -0.064834 0.211469 0.044878
v -0.051047 0.211469 0.033309
v -0.042049 0.211469 0.017724
v -0.038924 0.211469 0.000000
v -0.042049 0.211469 -0.017724
v -0.051047 0.211469 -0.033309
v -0.064834 0.211469 -0.044878
v -0.081746 0.211469 -0.051033
v -0.099743 0.211469 -0.051033
v -0.116654 0.211469 -0.044878
v -0.130441 0.211469 -0.033309
v -0.139439 0.211469 -0.017724
v -0.142564 0.211469 -0.000000
v -0.148581 0.220299 0.000000
v -0.145093 0.220299 0.019781
v -0.135049 0.220299 0.037177
v -0.119662 0.220299 0.050088
v -0.100787 0.220299 0.056958
v -0.080701 0.220299 0.056958
v -0.061826 0.220299 0.050088
v -0.046439 0.220299 0.037177
v -0.036396 0.220299 0.019781
v -0.032908 0.220299 0.000000
v -0.036396 0.220299 -0.019781
v -0.046439 0.220299 -0.037177
v -0.061826 0.220299 -0.050088
v -0.080701 0.220299 -0.056958
v -0.100787 0.220299 -0.056958
v -0.119662 0.220299 -0.050088
v -0.135049 0.220299 -0.037177
v -0.145093 0.220299 -0.019781
v -0.148581 0.220299 -0.000000
v -0.140653 0.229129 0.000000
v -0.137643 0.229129 0.017070
v -0.128977 0.229129 0.032081
v -0.115699 0.229129 0.043223
v -0.099411 0.229129 0.049151
v -0.082077 0.229129 0.049151
v -0.065789 0.229129 0.043223
v -0.052511 0.229129 0.032081
v -0.043845 0.229129 0.017070
v -0.040835 0.229129 0.000000
v -0.043845 0.229129 -0.017070
v -0.052511 0.229129 -0.032081
v -0.065789 0.229129 -0.043223
v -0.082077 0.229129 -0.049151
v -0.099411 0.229129 -0.049151
v -0.115699 0.229129 -0.043223
v -0.128977 0.229129 -0.032081
v -0.137643 0.229129 -0.017070
v -0.140653 0.229129 -0.000000
v -0.132726 0.237959 0.000000
v -0.130194 0.237959 0.014359
v -0.122904 0.237959 0.026986
v -0.111735 0.237959 0.036357
v -0.098034 0.237959 0.041344
v -0.083454 0.237959 0.041344
v -0.069753 0.237959 0.036357
v -0.058584 0.237959 0.026986
v -0.051294 0.237959 0.014359
v -0.048762 0.237959 0.000000
v -0.051294 0.237959 -0.014359
v -0.058584 0.237959 -0.026986
v -0.069753 0.237959 -0.036357
v -0.083454 0.237959 -0.041344
v -0.098034 0.237959 -0.041344
v -0.111735 0.237959 -0.036357
v -0.122904 0.237959 -0.026986
v -0.130194 0.237959 -0.014359
v -0.132726 0.237959 -0.000000
v -0.138742 0.246789 0.000000
v -0.135848 0.246789 0.016416
v -0.127513 0.246789 0.030853
v -0.114743 0.246789 0.041568
v -0.099079 0.246789 0.047269
v -0.082409 0.246789 0.047269
v -0.066745 0.246789 0.041568
v -0.053975 0.246789 0.030853
v -0.045641 0.246789 0.016416
v -0.042746 0.246789 0.000000
v -0.045641 0.246789 -0.016416
v -0.053975 0.246789 -0.030853
v -0.066745 0.246789 -0.041568
v -0.082409 0.246789 -0.047269
v -0.099079 0.246789 -0.047269
v -0.114743 0.246789 -0.041568
v -0.127513 0.246789 -0.030853
v -0.135848 0.246789 -0.016416
v -0.138742 0.246789 -0.000000
v -0.148120 0.255619 0.000000
v -0.144660 0.255619 0.019624
v -0.134697 0.255619 0.036880
v -0.119432 0.255619 0.049689
v -0.100707 0.255619 0.056504
v -0.080781 0.255619 0.056504
v -0.062056 0.255619 0.049689
v -0.046792 0.255619 0.036880
v -0.036828 0.255619 0.019624
v -0.033368 0.255619 0.000000
v -0.036828 0.255619 -0.019624
v -0.046792 0.255619 -0.036880
v -0.062056 0.255619 -0.049689
v -0.080781 0.255619 -0.056504
v -0.100707 0.255619 -0.056504
v -0.119432 0.255619 -0.049689
v -0.134697 0.255619 -0.036880
v -0.144660 0.255619 -0.019624
v -0.148120 0.255619 -0.000000
v -0.144364 0.264449 0.000000
v -0.141131 0.264449 0.018339
v -0.131820 0.264449 0.034466
v -0.117554 0.264449 0.046437
v -0.100055 0.264449 0.052806
v -0.081433 0.264449 0.052806
v -0.063934 0.264449 0.046437
v -0.049669 0.264449 0.034466
v -0.040358 0.264449 0.018339
v -0.037124 0.264449 0.000000
v -0.040358 0.264449 -0.018339
v -0.049669 0.264449 -0.034466
v -0.063934 0.264449 -0.046437
v -0.081433 0.264449 -0.052806
v -0.100055 0.264449 -0.052806
v -0.117554 0.264449 -0.046437
v -0.131820 0.264449 -0.034466
v -0.141131 0.264449 -0.018339
v -0.144364 0.264449 -0.000000
v -0.134081 0.273279 0.000000
v -0.131468 0.273279 0.014822
v -0.123942 0.273279 0.027857
v -0.112413 0.273279 0.037531
v -0.098270 0.273279 0.042679
v -0.083219 0.273279 0.042679
v -0.069075 0.273279 0.037531
v -0.057546 0.273279 0.027857
v -0.050020 0.273279 0.014822
v -0.047407 0.273279 0.000000
v -0.050020 0.273279 -0.014822
v -0.057546 0.273279 -0.027857
v -0.069075 0.273279 -0.037531
v -0.083219 0.273279 -0.042679
v -0.098270 0.273279 -0.042679
v -0.112413 0.273279 -0.037531
v -0.123942 0.273279 -0.027857
v -0.131468 0.273279 -0.014822
v -0.134081 0.273279 -0.000000
v -0.135358 0.282109 0.000000
v -0.132668 0.282109 0.015259
v -0.124921 0.282109 0.028677
v -0.113051 0.282109 0.038637
v -0.098491 0.282109 0.043936
v -0.082997 0.282109 0.043936
v -0.068437 0.282109 0.038637
v -0.056568 0.282109 0.028677
v -0.048820 0.282109 0.015259
v -0.046130 0.282109 0.000000
v -0.048820 0.282109 -0.015259
v -0.056568 0.282109 -0.028677
v -0.068437 0.282109 -0.038637
v -0.082997 0.282109 -0.043936
v -0.098491 0.282109 -0.043936
v -0.113051 0.282109 -0.038637
v -0.124921 0.282109 -0.028677
v -0.132668 0.282109 -0.015259
v -0.135358 0.282109 -0.000000
v -0.145956 0.290940 0.000000
v -0.142626 0.290940 0.018884
v -0.133039 0.290940 0.035490
v -0.118350 0.290940 0.047815
v -0.100332 0.290940 0.054373
v -0.081157 0.290940 0.054373
v -0.063138 0.290940 0.047815
v -0.048449 0.290940 0.035490
v -0.038862 0.290940 0.018884
v -0.035532 0.290940 0.000000
v -0.038862 0.290940 -0.018884
v -0.048449 0.290940 -0.035490
v -0.063138 0.290940 -0.047815
v -0.081157 0.290940 -0.054373
v -0.100332 0.290940 -0.054373
v -0.118350 0.290940 -0.047815
v -0.133039 0.290940 -0.035490
v -0.142626 0.290940 -0.018884
v -0.145956 0.290940 -0.000000
v -0.147313 0.299770 0.000000
v -0.143902 0.299770 0.019348
v -0.134079 0.299770 0.036362
v -0.119029 0.299770 0.048990
v -0.100567 0.299770 0.055710
v -0.080921 0.299770 0.055710
v -0.062459 0.299770 0.048990
v -0.047409 0.299770 0.036362
v -0.037586 0.299770 0.019348
v -0.034175 0.299770 0.000000
v -0.037586 0.299770 -0.019348
v -0.047409 0.299770 -0.036362
v -0.062459 0.299770 -0.048990
v -0.080921 0.299770 -0.055710
v -0.100567 0.299770 -0.055710
v -0.119029 0.299770 -0.048990
v -0.134079 0.299770 -0.036362
v -0.143902 0.299770 -0.019348
v -0.147313 0.299770 -0.000000
v -0.137456 0.308600 0.000000
v -0.134639 0.308600 0.015976
v -0.126527 0.308600 0.030026
v -0.114100 0.308600 0.040453
v -0.098855 0.308600 0.046002
v -0.082633 0.308600 0.046002
v -0.067388 0.308600 0.040453
v -0.054961 0.308600 0.030026
v -0.046850 0.308600 0.015976
v -0.044033 0.308600 0.000000
v -0.046850 0.308600 -0.015976
v -0.054961 0.308600 -0.030026
v -0.067388 0.308600 -0.040453
v -0.082633 0.308600 -0.046002
v -0.098855 0.308600 -0.046002
v -0.114100 0.308600 -0.040453
v -0.126527 0.308600 -0.030026
v -0.134639 0.308600 -0.015976
v -0.137456 0.308600 -0.000000
v -0.135236 0.317430 0.000000
v -0.132553 0.317430 0.015217
v -0.124827 0.317430 0.028599
v -0.112990 0.317430 0.038531
v -0.098470 0.317430 0.043816
v -0.083018 0.317430 0.043816
v -0.068498 0.317430 0.038531
v -0.056661 0.317430 0.028599
v -0.048935 0.317430 0.015217
v -0.046252 0.317430 0.000000
v -0.048935 0.317430 -0.015217
v -0.056661 0.317430 -0.028599
v -0.068498 0.317430 -0.038531
v -0.083018 0.317430 -0.043816
v -0.098470 0.317430 -0.043816
v -0.112990 0.317430 -0.038531
v -0.124827 0.317430 -0.028599
v -0.132553 0.317430 -0.015217
v -0.135236 0.317430 -0.000000
v -0.149208 0.326260 0.000000
v -0.145682 0.326260 0.019996
v -0.135530 0.326260 0.037580
v -0.119976 0.326260 0.050631
v -0.100896 0.326260 0.057575
v -0.080592 0.326260 0.057575
v -0.061512 0.326260 0.050631
v -0.045958 0.326260 0.037580
v -0.035806 0.326260 0.019996
v -0.032280 0.326260 0.000000
v -0.035806 0.326260 -0.019996
v -0.045958 0.326260 -0.037580
v -0.061512 0.326260 -0.050631
v -0.080592 0.326260 -0.057575
v -0.100896 0.326260 -0.057575
v -0.119976 0.326260 -0.050631
v -0.135530 0.326260 -0.037580
v -0.145682 0.326260 -0.019996
v -0.149208 0.326260 -0.000000
v -0.160602 0.335090 0.000000
v -0.156389 0.335090 0.023893
v -0.144258 0.335090 0.044904
v -0.125673 0.335090 0.060499
v -0.102875 0.335090 0.068797
v -0.078613 0.335090 0.068797
v -0.055815 0.335090 0.060499
v -0.037230 0.335090 0.044904
v -0.025099 0.335090 0.023893
v -0.020886 0.335090 0.000000
v -0.025099 0.335090 -0.023893
v -0.037230 0.335090 -0.044904
v -0.055815 0.335090 -0.060499
v -0.078613 0.335090 -0.068797
v -0.102875 0.335090 -0.068797
v -0.125673 0.335090 -0.060499
v -0.144258 0.335090 -0.044904
v -0.156389 0.335090 -0.023893
v -0.160602 0.335090 -0.000000
v -0.150925 0.343920 0.000000
v -0.147296 0.343920 0.020583
v -0.136846 0.343920 0.038684
v -0.120835 0.343920 0.052118
v -0.101194 0.343920 0.059267
v -0.080294 0.343920 0.059267
v -0.060654 0.343920 0.052118
v -0.044643 0.343920 0.038684
v -0.034192 0.343920 0.020583
v -0.030563 0.343920 0.000000
v -0.034192 0.343920 -0.020583
v -0.044643 0.343920 -0.038684
v -0.060654 0.343920 -0.052118
v -0.080294 0.343920 -0.059267
v -0.101194 0.343920 -0.059267
v -0.120835 0.343920 -0.052118
v -0.136846 0.343920 -0.038684
v -0.147296 0.343920 -0.020583
v -0.150925 0.343920 -0.000000
v -0.090744 0.114338 0.000000
v -0.140653 0.114338 0.000000
v -0.137643 0.114338 0.017070
v -0.128977 0.114338 0.032081
v -0.115699 0.114338 0.043223
v -0.099411 0.114338 0.049151
v -0.082077 0.114338 0.049151
v -0.065789 0.114338 0.043223
v -0.052511 0.114338 0.032081
v -0.043845 0.114338 0.017070
v -0.040835 0.114338 0.000000
v -0.043845 0.114338 -0.017070
v -0.052511 0.114338 -0.032081
v -0.065789 0.114338 -0.043223
v -0.082077 0.114338 -0.049151
v -0.099411 0.114338 -0.049151
v -0.115699 0.114338 -0.043223
v -0.128977 0.114338 -0.032081
v -0.137643 0.114338 -0.017070
v -0.140653 0.114338 -0.000000
v -0.090744 0.343920 0.000000
v -0.150925 0.343920 0.000000
v -0.147296 0.343920 0.020583
v -0.136846 0.343920 0.038684
v -0.120835 0.343920 0.052118
v -0.101194 0.343920 0.059267
v -0.080294 0.343920 0.059267
v -0.060654 0.343920 0.052118
v -0.044643 0.343920 0.038684
v -0.034192 0.343920 0.020583
v -0.030563 0.343920 0.000000
v -0.034192 0.343920 -0.020583
v -0.044643 0.343920 -0.038684
v -0.060654 0.343920 -0.052118
v -0.080294 0.343920 -0.059267
v -0.101194 0.343920 -0.059267
v -0.120835 0.343920 -0.052118
v -0.136846 0.343920 -0.038684
v -0.147296 0.343920 -0.020583
v -0.150925 0.343920 -0.000000
v 0.090744 -0.000000 -0.053394
v 0.128984 -0.000000 -0.040907
v 0.152396 -0.000000 0.007477
v 0.164882 -0.000000 0.062886
v 0.171125 -0.000000 0.113612
v 0.152396 -0.000000 0.152632
v 0.118058 -0.000000 0.167459
v 0.090744 -0.000000 0.172922
v 0.063430 -0.000000 0.167459
v 0.029093 -0.000000 0.152632
v 0.010363 -0.000000 0.113612
v 0.016606 -0.000000 0.062886
v 0.029093 -0.000000 0.007477
v 0.052505 -0.000000 -0.040907
v 0.090744 -0.000000 -0.053394
v 0.090744 0.038113 -0.065336
v 0.135209 0.038113 -0.050817
v 0.162432 0.038113 0.005445
v 0.176951 0.038113 0.069873
v 0.184211 0.038113 0.128857
v 0.162432 0.038113 0.174229
v 0.122505 0.038113 0.191470
v 0.090744 0.038113 0.197822
v 0.058984 0.038113 0.191470
v 0.019056 0.038113 0.174229
v -0.002722 0.038113 0.128857
v 0.004537 0.038113 0.069873
v 0.019056 0.038113 0.005445
v 0.046279 0.038113 -0.050817
v 0.090744 0.038113 -0.065336
v 0.090744 0.078040 -0.060218
v 0.132541 0.078040 -0.046570
v 0.158131 0.078040 0.006316
v 0.171779 0.078040 0.066878
v 0.178603 0.078040 0.122323
v 0.158131 0.078040 0.164973
v 0.120599 0.078040 0.181180
v 0.090744 0.078040 0.187151
v 0.060889 0.078040 0.181180
v 0.023358 0.078040 0.164973
v 0.002886 0.078040 0.122323
v 0.009710 0.078040 0.066878
v 0.023358 0.078040 0.006316
v 0.048947 0.078040 -0.046570
v 0.090744 0.078040 -0.060218
v 0.090744 0.108893 -0.032922
v 0.118312 0.108893 -0.023920
v 0.135191 0.108893 0.010962
v 0.129227 0.108893 0.050907
v 0.132468 0.108893 0.087477
v 0.122746 0.108893 0.115608
v 0.104922 0.108893 0.126298
v 0.090744 0.108893 0.130236
v 0.076566 0.108893 0.126298
v 0.058743 0.108893 0.115608
v 0.049021 0.108893 0.087477
v 0.052261 0.108893 0.050907
v 0.046298 0.108893 0.010962
v 0.063176 0.108893 -0.023920
v 0.090744 0.108893 -0.032922
v 0.090744 0.127042 -0.003920
v 0.103194 0.127042 0.000145
v 0.110817 0.127042 0.015898
v 0.105710 0.127042 0.033938
v 0.106970 0.127042 0.050454
v 0.103189 0.127042 0.063158
v 0.096258 0.127042 0.067985
v 0.090744 0.127042 0.069764
v 0.085230 0.127042 0.067985
v 0.078299 0.127042 0.063158
v 0.074518 0.127042 0.050454
v 0.075779 0.127042 0.033938
v 0.070672 0.127042 0.015898
v 0.078294 0.127042 0.000145
v 0.090744 0.127042 -0.003920
v 0.090744 -0.000000 0.074703
v 0.090744 0.127042 0.037786
v -0.090744 -0.000000 -0.053394
v -0.128984 -0.000000 -0.040907
v -0.152396 -0.000000 0.007477
v -0.164882 -0.000000 0.062886
v -0.171125 -0.000000 0.113612
v -0.152396 -0.000000 0.152632
v -0.118058 -0.000000 0.167459
v -0.090744 -0.000000 0.172922
v -0.063430 -0.000000 0.167459
v -0.029093 -0.000000 0.152632
v -0.010363 -0.000000 0.113612
v -0.016606 -0.000000 0.062886
v -0.029093 -0.000000 0.007477
v -0.052505 -0.000000 -0.040907
v -0.090744 -0.000000 -0.053394
v -0.090744 0.038113 -0.065336
v -0.135209 0.038113 -0.050817
v -0.162432 0.038113 0.005445
v -0.176951 0.038113 0.069873
v -0.184211 0.038113 0.128857
v -0.162432 0.038113 0.174229
v -0.122505 0.038113 0.191470
v -0.090744 0.038113 0.197822
v -0.058984 0.038113 0.191470
v -0.019056 0.038113 0.174229
v 0.002722 0.038113 0.128857
v -0.004537 0.038113 0.069873
v -0.019056 0.038113 0.005445
v -0.046279 0.038113 -0.050817
v -0.090744 0.038113 -0.065336
v -0.090744 0.078040 -0.060218
v -0.132541 0.078040 -0.046570
v -0.158131 0.078040 0.006316
v -0.171779 0.078040 0.066878
v -0.178603 0.078040 0.122323
v -0.158131 0.078040 0.164973
v -0.120599 0.078040 0.181180
v -0.090744 0.078040 0.187151
v -0.060889 0.078040 0.181180
v -0.023358 0.078040 0.164973
v -0.002886 0.078040 0.122323
v -0.009710 0.078040 0.066878
v -0.023358 0.078040 0.006316
v -0.048947 0.078040 -0.046570
v -0.090744 0.078040 -0.060218
v -0.090744 0.108893 -0.032922
v -0.118312 0.108893 -0.023920
v -0.135191 0.108893 0.010962
v -0.129227 0.108893 0.050907
v -0.132468 0.108893 0.087477
v -0.122746 0.108893 0.115608
v -0.104922 0.108893 0.126298
v -0.090744 0.108893 0.130236
v -0.076566 0.108893 0.126298
v -0.058743 0.108893 0.115608
v -0.049021 0.108893 0.087477
v -0.052261 0.108893 0.050907
v -0.046298 0.108893 0.010962
v -0.063176 0.108893 -0.023920
v -0.090744 0.108893 -0.032922
v -0.090744 0.127042 -0.003920
v -0.103194 0.127042 0.000145
v -0.110817 0.127042 0.015898
v -0.105710 0.127042 0.033938
v -0.106970 0.127042 0.050454
v -0.103189 0.127042 0.063158
v -0.096258 0.127042 0.067985
v -0.090744 0.127042 0.069764
v -0.085230 0.127042 0.067985
v -0.078299 0.127042 0.063158
v -0.074518 0.127042 0.050454
v -0.075779 0.127042 0.033938
v -0.070672 0.127042 0.015898
v -0.078294 0.127042 0.000145
v -0.090744 0.127042 -0.003920
v -0.090744 -0.000000 0.074703
v -0.090744 0.127042 0.037786
v 0.087027 0.489151 -0.193003
v 0.078645 0.530403 -0.198150
v 0.059796 0.565087 -0.200303
v 0.032950 0.589623 -0.195490
v 0.000021 0.597763 -0.196084
v -0.032824 0.589457 -0.196236
v -0.061402 0.566410 -0.193415
v -0.080218 0.530933 -0.193495
v -0.085788 0.489131 -0.196154
v -0.079051 0.447665 -0.196728
v -0.061147 0.411945 -0.194384
v -0.033341 0.387704 -0.192335
v 0.000005 0.380160 -0.194911
v 0.033458 0.387779 -0.192483
v 0.061765 0.411566 -0.192480
v 0.080162 0.447303 -0.193762
v 0.087027 0.489151 -0.193003
v 0.083874 0.497615 -0.216333
v 0.073132 0.539831 -0.216030
v 0.055039 0.574925 -0.216930
v 0.031176 0.601073 -0.216427
v 0.000001 0.609926 -0.216303
v -0.030649 0.600150 -0.216908
v -0.059927 0.578501 -0.215656
v -0.078173 0.541357 -0.216116
v -0.081793 0.497617 -0.215975
v -0.073817 0.455199 -0.215470
v -0.058488 0.417790 -0.216150
v -0.031752 0.393142 -0.216190
v 0.000003 0.384026 -0.216301
v 0.032185 0.392382 -0.216410
v 0.060472 0.416336 -0.216809
v 0.076370 0.454429 -0.216140
v 0.083874 0.497615 -0.216333
v 0.081350 0.506119 -0.237535
v 0.070932 0.550141 -0.237013
v 0.052790 0.586437 -0.237689
v 0.029897 0.613223 -0.237236
v 0.000006 0.620385 -0.238182
v -0.028417 0.610813 -0.238439
v -0.056932 0.589240 -0.236777
v -0.076818 0.551796 -0.237187
v -0.077754 0.506123 -0.236913
v -0.069847 0.462412 -0.236339
v -0.056485 0.423315 -0.237353
v -0.030380 0.398235 -0.237212
v 0.000005 0.388166 -0.237507
v 0.030676 0.397757 -0.237360
v 0.057410 0.422686 -0.237653
v 0.073510 0.461388 -0.237284
v 0.081350 0.506119 -0.237535
v 0.079423 0.514623 -0.258844
v 0.068552 0.560056 -0.258022
v 0.050742 0.597478 -0.258421
v 0.028038 0.623747 -0.258467
v 0.000007 0.629891 -0.259949
v -0.025712 0.620216 -0.260036
v -0.053479 0.599200 -0.257962
v -0.074097 0.561512 -0.258266
v -0.075247 0.514633 -0.258115
v -0.065721 0.469942 -0.257154
v -0.054581 0.429373 -0.258612
v -0.029750 0.402909 -0.258675
v 0.000006 0.392236 -0.259102
v 0.029766 0.402889 -0.258672
v 0.054863 0.429190 -0.258697
v 0.072381 0.468204 -0.258872
v 0.079423 0.514623 -0.258844
v 0.074613 0.523132 -0.279654
v 0.065956 0.569198 -0.279056
v 0.049323 0.607559 -0.279129
v 0.025618 0.631896 -0.279766
v -0.000003 0.639200 -0.280559
v -0.025213 0.631303 -0.279990
v -0.049592 0.607715 -0.279114
v -0.070406 0.570304 -0.279327
v -0.072716 0.523143 -0.279317
v -0.063027 0.477797 -0.278319
v -0.050971 0.437745 -0.279301
v -0.028532 0.410209 -0.279967
v -0.000001 0.400594 -0.280079
v 0.028527 0.410208 -0.279945
v 0.051767 0.437267 -0.279593
v 0.069257 0.476261 -0.279972
v 0.074613 0.523132 -0.279654
v 0.069364 0.531643 -0.300385
v 0.064327 0.577219 -0.300233
v 0.047246 0.614717 -0.300017
v 0.023290 0.637036 -0.300360
v -0.000021 0.645592 -0.300556
v -0.024183 0.638229 -0.300294
v -0.047958 0.615127 -0.300019
v -0.064648 0.577307 -0.300231
v -0.070065 0.531653 -0.300507
v -0.061808 0.486671 -0.299902
v -0.048005 0.448143 -0.300206
v -0.025835 0.422745 -0.300083
v -0.000006 0.412857 -0.300699
v 0.026553 0.421733 -0.300778
v 0.048519 0.447841 -0.300435
v 0.063849 0.486180 -0.300481
v 0.069364 0.531643 -0.300385
v 0.065719 0.540149 -0.321408
v 0.060448 0.582259 -0.321268
v 0.044252 0.616772 -0.320857
v 0.021707 0.637122 -0.319811
v -0.000062 0.645218 -0.319820
v -0.022768 0.638499 -0.320366
v -0.044045 0.616636 -0.320856
v -0.060498 0.582283 -0.321228
v -0.066959 0.540162 -0.321633
v -0.062290 0.497601 -0.322250
v -0.045798 0.462628 -0.321587
v -0.024060 0.439887 -0.320576
v 0.000019 0.432416 -0.319665
v 0.023413 0.440859 -0.319536
v 0.043651 0.463910 -0.320152
v 0.058388 0.498553 -0.320892
v 0.065719 0.540149 -0.321408
v 0.062049 0.548606 -0.344537
v 0.056358 0.582308 -0.343239
v 0.041754 0.610001 -0.341208
v 0.021712 0.627557 -0.338826
v -0.000140 0.633775 -0.338262
v -0.022002 0.627618 -0.338966
v -0.042307 0.610342 -0.342021
v -0.057040 0.582583 -0.344114
v -0.061738 0.548710 -0.344145
v -0.057449 0.514747 -0.344908
v -0.043909 0.486000 -0.345168
v -0.022873 0.468108 -0.341940
v 0.000082 0.462673 -0.338827
v 0.022396 0.468985 -0.339587
v 0.041736 0.487393 -0.340756
v 0.055137 0.515323 -0.341825
v 0.062049 0.548606 -0.344537
v 0.005909 0.557112 -0.364204
v 0.005513 0.559332 -0.364216
v 0.004252 0.561223 -0.364187
v 0.002340 0.562490 -0.364152
v 0.000082 0.562947 -0.364140
v -0.002185 0.562528 -0.364129
v -0.004110 0.561285 -0.364085
v -0.005388 0.559415 -0.364015
v -0.005824 0.557215 -0.363943
v -0.005368 0.555029 -0.363889
v -0.004112 0.553185 -0.363874
v -0.002250 0.551950 -0.363895
v -0.000053 0.551507 -0.363911
v 0.002153 0.551915 -0.363944
v 0.004056 0.553108 -0.364023
v 0.005383 0.554925 -0.364129
v 0.005909 0.557112 -0.364204
v -0.000000 0.489111 -0.190226
vn 0.001169 0.999787 0.020610
vn 0.001169 0.999787 0.020610
vn 0.001169 0.999787 0.020610
vn 0.001169 0.999787 0.020610
vn 0.001169 0.999787 0.020610
vn 0.001169 0.999787 0.020610
vn 0.001169 0.999787 0.020610
vn 0.001169 0.999787 0.020610
vn 0.001169 0.999787 0.020610
vn 0.001169 0.999787 0.020610
vn 0.001169 0.999787 0.020610
vn 0.001169 0.999787 0.020610
vn 0.001169 0.999787 0.020610
vn 0.001169 0.999787 0.020610
vn 0.001169 0.999787 0.020610
vn 0.001169 0.999787 0.020610
vn 0.001169 0.999787 0.020610
vn 0.001169 0.999787 0.020610
vn 0.001169 0.999787 0.020610
vn 0.001169 0.999787 0.020610
vn 0.001169 0.999787 0.020610
vn 0.001169 0.999787 0.020610
vn 0.001169 0.999787 0.020610
vn 0.001169 0.999787 0.020610
vn 0.001169 0.999787 0.020610
vn 0.001169 0.999787 0.020610
vn 0.001169 0.999787 0.020610
vn 0.001169 0.999787 0.020610
vn 0.001169 0.999787 0.020610
vn 0.959983 -0.255622 0.114408
vn 0.921409 -0.117232 0.370490
vn 0.900569 -0.049299 0.431910
vn 0.857427 -0.111465 0.502389
vn 0.579413 -0.169800 0.797150
vn 0.401669 -0.090133 0.911339
vn 0.158094 -0.017263 0.987273
vn -0.023714 -0.010182 0.999667
vn -0.255324 -0.117876 0.959643
vn -0.457276 -0.280652 0.843880
vn -0.527657 -0.445584 0.723210
vn -0.653956 -0.590127 0.473382
vn -0.784470 -0.593522 0.179827
vn -0.862120 -0.495416 0.106357
vn -0.905951 -0.419358 -0.058233
vn -0.904151 -0.391077 -0.171959
vn -0.823594 -0.415499 -0.386074
vn -0.634899 -0.406562 -0.656971
vn -0.304043 -0.309938 -0.900831
vn -0.233165 -0.239720 -0.942427
vn -0.049353 -0.254045 -0.965932
vn -0.003607 -0.260705 -0.965412
vn 0.155157 -0.291931 -0.943770
vn 0.348871 -0.333171 -0.875949
vn 0.557567 -0.383182 -0.736404
vn 0.799482 -0.366983 -0.475555
vn 0.849546 -0.332649 -0.409410
vn 0.928678 -0.356057 -0.103826
vn 0.959983 -0.255622 0.114408
vn 0.637868 -0.767761 0.060557
vn 0.608932 -0.764086 0.213012
vn 0.581101 -0.761590 0.286883
vn 0.557968 -0.760207 0.332803
vn 0.442424 -0.774277 0.452500
vn 0.260461 -0.780592 0.568186
vn 0.118311 -0.768791 0.628461
vn -0.013171 -0.752328 0.658657
vn -0.137860 -0.750111 0.646783
vn -0.272942 -0.766791 0.580977
vn -0.351611 -0.786325 0.507998
vn -0.461533 -0.804753 0.373310
vn -0.556629 -0.805321 0.204016
vn -0.591602 -0.802833 0.073931
vn -0.600186 -0.799546 -0.022431
vn -0.602747 -0.780906 -0.163960
vn -0.611270 -0.756430 -0.232729
vn -0.482375 -0.778736 -0.401104
vn -0.271460 -0.787948 -0.552673
vn -0.100155 -0.776389 -0.622245
vn -0.026252 -0.765552 -0.642838
vn 0.018088 -0.760169 -0.649474
vn 0.059873 -0.763846 -0.642615
vn 0.196097 -0.781049 -0.592882
vn 0.336138 -0.787919 -0.515940
vn 0.487299 -0.796269 -0.358463
vn 0.570345 -0.782701 -0.249172
vn 0.620987 -0.776019 -0.110316
vn 0.637868 -0.767761 0.060557
vn 0.789629 -0.609427 0.071301
vn 0.766882 -0.604297 0.216143
vn 0.718109 -0.614230 0.327172
vn 0.643638 -0.621624 0.446446
vn 0.528890 -0.606100 0.594069
vn 0.320669 -0.599796 0.733087
vn 0.158788 -0.598875 0.784943
vn -0.036208 -0.619409 0.784233
vn -0.202903 -0.599968 0.773866
vn -0.307789 -0.568038 0.763282
vn -0.456828 -0.579114 0.675229
vn -0.636935 -0.570850 0.518115
vn -0.783129 -0.534530 0.317784
vn -0.842318 -0.514356 0.161052
vn -0.850262 -0.526331 0.005584
vn -0.796394 -0.566002 -0.213069
vn -0.736708 -0.567053 -0.368391
vn -0.688996 -0.542056 -0.481104
vn -0.486142 -0.563749 -0.667722
vn -0.251670 -0.593431 -0.764527
vn -0.077348 -0.619392 -0.781262
vn 0.020374 -0.625907 -0.779632
vn 0.088184 -0.624393 -0.776117
vn 0.267090 -0.634202 -0.725570
vn 0.474592 -0.622968 -0.621830
vn 0.646183 -0.597258 -0.475111
vn 0.744299 -0.591354 -0.310354
vn 0.783422 -0.605029 -0.142087
vn 0.789629 -0.609427 0.071301
vn 0.919325 -0.389033 0.059116
vn 0.896014 -0.372217 0.242104
vn 0.843992 -0.372492 0.385910
vn 0.750022 -0.372127 0.546798
vn 0.586019 -0.373314 0.719179
vn 0.382723 -0.383379 0.840562
vn 0.189346 -0.375795 0.907153
vn 0.027367 -0.364535 0.930787
vn -0.250325 -0.410435 0.876858
vn -0.407701 -0.393904 0.823784
vn -0.543723 -0.352438 0.761678
vn -0.757664 -0.327026 0.564800
vn -0.893555 -0.302169 0.332043
vn -0.939288 -0.294338 0.176361
vn -0.955706 -0.292291 0.034533
vn -0.941869 -0.308352 -0.133427
vn -0.836752 -0.383358 -0.391003
vn -0.732143 -0.386527 -0.560860
vn -0.580838 -0.369185 -0.725486
vn -0.381052 -0.390575 -0.838004
vn -0.172192 -0.436361 -0.883141
vn 0.012920 -0.460017 -0.887816
vn 0.135238 -0.439834 -0.887838
vn 0.332815 -0.428074 -0.840230
vn 0.592398 -0.416645 -0.689544
vn 0.765880 -0.377856 -0.520242
vn 0.854830 -0.353701 -0.379686
vn 0.903863 -0.366411 -0.220850
vn 0.919325 -0.389033 0.059116
vn 0.995816 -0.081600 0.041130
vn 0.958894 -0.075144 0.273636
vn 0.911818 -0.068777 0.404793
vn 0.814974 -0.076947 0.574366
vn 0.639206 -0.091999 0.763513
vn 0.462935 -0.101304 0.880585
vn 0.191294 -0.160214 0.968369
vn -0.002604 -0.143761 0.989609
vn -0.201870 -0.120757 0.971940
vn -0.477265 -0.149919 0.865877
vn -0.622289 -0.092781 0.777270
vn -0.808594 -0.081734 0.582663
vn -0.923263 -0.111092 0.367757
vn -0.966917 -0.150881 0.205686
vn -0.985135 -0.169308 0.029054
vn -0.978584 -0.137935 -0.152798
vn -0.921110 -0.105301 -0.374791
vn -0.774795 -0.120511 -0.620620
vn -0.614514 -0.117727 -0.780072
vn -0.452838 -0.118273 -0.883713
vn -0.250515 -0.153587 -0.955852
vn -0.011333 -0.191714 -0.981385
vn 0.205236 -0.200469 -0.957962
vn 0.384079 -0.156748 -0.909898
vn 0.646411 -0.152918 -0.747508
vn 0.830311 -0.139517 -0.539554
vn 0.913584 -0.111660 -0.391019
vn 0.964196 -0.080715 -0.252610
vn 0.995816 -0.081600 0.041130
vn 0.974593 0.223568 0.013604
vn 0.941228 0.218384 0.257678
vn 0.904403 0.214126 0.369060
vn 0.803918 0.216867 0.553791
vn 0.650855 0.227600 0.724283
vn 0.474649 0.209188 0.854955
vn 0.262321 0.194255 0.945226
vn -0.010869 0.152406 0.988258
vn -0.232695 0.168504 0.957841
vn -0.483265 0.199315 0.852484
vn -0.666337 0.208783 0.715825
vn -0.777315 0.221727 0.588743
vn -0.894543 0.171231 0.412883
vn -0.964071 0.118136 0.237932
vn -0.995572 0.093465 0.010006
vn -0.965314 0.113296 -0.235230
vn -0.891509 0.171557 -0.419262
vn -0.775580 0.173769 -0.606860
vn -0.605664 0.140003 -0.783307
vn -0.453419 0.140707 -0.880121
vn -0.266694 0.151963 -0.951726
vn -0.062669 0.153224 -0.986202
vn 0.196899 0.113816 -0.973795
vn 0.416551 0.124075 -0.900606
vn 0.626824 0.153658 -0.763859
vn 0.826078 0.143443 -0.544995
vn 0.918599 0.151378 -0.365048
vn 0.956055 0.189878 -0.223394
vn 0.974593 0.223568 0.013604
vn 0.913059 0.407825 0.001615
vn 0.870216 0.426791 0.246117
vn 0.810748 0.481663 0.332699
vn 0.711826 0.520312 0.471783
vn 0.583825 0.537487 0.608487
vn 0.449572 0.534184 0.715914
vn 0.274221 0.535122 0.799029
vn 0.012013 0.537394 0.843246
vn -0.227164 0.530219 0.816863
vn -0.455944 0.518908 0.723083
vn -0.589242 0.504832 0.630823
vn -0.695778 0.470386 0.542798
vn -0.800399 0.447208 0.399207
vn -0.868821 0.436128 0.234399
vn -0.909800 0.414704 0.016849
vn -0.895399 0.365914 -0.253709
vn -0.828314 0.349257 -0.438083
vn -0.738213 0.360616 -0.570086
vn -0.617161 0.342870 -0.708204
vn -0.438894 0.272009 -0.856378
vn -0.246628 0.252922 -0.935524
vn -0.020400 0.287450 -0.957578
vn 0.149136 0.358802 -0.921423
vn 0.408935 0.373050 -0.832830
vn 0.578008 0.394465 -0.714356
vn 0.752683 0.382514 -0.535865
vn 0.865940 0.362809 -0.344265
vn 0.906443 0.378062 -0.188229
vn 0.913059 0.407825 0.001615
vn 0.817471 0.575895 -0.009297
vn 0.777859 0.582554 0.235725
vn 0.688350 0.606569 0.397804
vn 0.600319 0.674606 0.429563
vn 0.510667 0.697583 0.502591
vn 0.409999 0.704125 0.579749
vn 0.233711 0.731538 0.640493
vn -0.000713 0.743622 0.668599
vn -0.168168 0.747726 0.642359
vn -0.352039 0.717753 0.600749
vn -0.489171 0.674079 0.553471
vn -0.567291 0.668107 0.481471
vn -0.674931 0.647376 0.354080
vn -0.753832 0.628517 0.191582
vn -0.782186 0.622210 0.032235
vn -0.793421 0.585511 -0.166313
vn -0.762878 0.518868 -0.385737
vn -0.675167 0.479248 -0.560777
vn -0.590947 0.485591 -0.644192
vn -0.477911 0.466663 -0.744195
vn -0.275842 0.438013 -0.855602
vn 0.053425 0.417288 -0.907203
vn 0.250806 0.480633 -0.840291
vn 0.390115 0.552589 -0.736516
vn 0.515261 0.577452 -0.633289
vn 0.624009 0.586254 -0.516642
vn 0.745265 0.570484 -0.345149
vn 0.811603 0.560648 -0.164237
vn 0.817471 0.575895 -0.009297
vn 0.697523 0.716365 -0.016843
vn 0.673667 0.722363 0.156092
vn 0.598719 0.705276 0.379633
vn 0.526418 0.709840 0.467986
vn 0.471106 0.734768 0.488032
vn 0.383109 0.767925 0.513341
vn 0.181709 0.790241 0.585236
vn 0.004532 0.806416 0.591331
vn -0.171349 0.796870 0.579343
vn -0.251656 0.793070 0.554716
vn -0.409350 0.768618 0.491588
vn -0.508087 0.761353 0.402727
vn -0.562355 0.767531 0.307658
vn -0.629665 0.754765 0.183989
vn -0.677200 0.734938 0.035574
vn -0.676907 0.729594 -0.097410
vn -0.651558 0.707611 -0.273421
vn -0.596236 0.675205 -0.434282
vn -0.532451 0.633242 -0.561694
vn -0.441951 0.640872 -0.627665
vn -0.235167 0.675401 -0.698950
vn 0.033410 0.683873 -0.728835
vn 0.303789 0.639289 -0.706415
vn 0.414706 0.641106 -0.645757
vn 0.500422 0.662476 -0.557407
vn 0.564808 0.687863 -0.455890
vn 0.628653 0.708857 -0.319870
vn 0.680847 0.714344 -0.161743
vn 0.697523 0.716365 -0.016843
vn 0.658796 0.752189 -0.014122
vn 0.634253 0.763212 0.123413
vn 0.572590 0.753825 0.322317
vn 0.493910 0.738799 0.458507
vn 0.416952 0.742512 0.524239
vn 0.343666 0.770795 0.536441
vn 0.186094 0.789508 0.584847
vn -0.010600 0.780939 0.624518
vn -0.164938 0.771953 0.613909
vn -0.271943 0.770423 0.576624
vn -0.381328 0.767944 0.514636
vn -0.519846 0.754150 0.401270
vn -0.597461 0.742992 0.301666
vn -0.619906 0.752764 0.221502
vn -0.660626 0.749944 0.034027
vn -0.636932 0.763933 -0.103554
vn -0.595832 0.774212 -0.213495
vn -0.559668 0.762719 -0.324086
vn -0.492421 0.745219 -0.449633
vn -0.352900 0.762236 -0.542640
vn -0.141249 0.791673 -0.594392
vn 0.002951 0.805133 -0.593088
vn 0.184008 0.768259 -0.613123
vn 0.385517 0.714377 -0.583989
vn 0.499282 0.711370 -0.494642
vn 0.551240 0.735561 -0.393808
vn 0.596784 0.748476 -0.289193
vn 0.636906 0.752809 -0.166223
vn 0.658796 0.752189 -0.014122
vn 0.706182 0.707675 -0.022431
vn 0.705911 0.692867 0.147053
vn 0.668492 0.667883 0.327187
vn 0.581340 0.630362 0.514478
vn 0.474595 0.625552 0.619228
vn 0.377705 0.642319 0.666907
vn 0.246252 0.636176 0.731191
vn 0.029074 0.615491 0.787608
vn -0.197105 0.589989 0.782983
vn -0.363212 0.568910 0.737847
vn -0.494619 0.570106 0.655996
vn -0.639564 0.563535 0.522864
vn -0.756668 0.541788 0.365949
vn -0.792210 0.568566 0.221668
vn -0.795204 0.606184 0.013865
vn -0.757133 0.628735 -0.177320
vn -0.707282 0.651390 -0.274670
vn -0.651179 0.663073 -0.369190
vn -0.538848 0.683940 -0.491801
vn -0.351769 0.712380 -0.607268
vn -0.132237 0.706930 -0.694812
vn 0.007065 0.691604 -0.722242
vn 0.147744 0.687075 -0.711407
vn 0.385953 0.675423 -0.628366
vn 0.573441 0.663510 -0.480542
vn 0.621731 0.691107 -0.368540
vn 0.636551 0.716862 -0.284450
vn 0.671744 0.718955 -0.178504
vn 0.706182 0.707675 -0.022431
vn 0.219853 0.974809 -0.037582
vn 0.225573 0.974212 0.005210
vn 0.222808 0.973260 0.055873
vn 0.178150 0.971430 0.156799
vn 0.116534 0.966591 0.228302
vn 0.133689 0.967298 0.215549
vn 0.152364 0.967464 0.201986
vn 0.055843 0.973762 0.220612
vn -0.034650 0.973624 0.225514
vn -0.061139 0.972142 0.226280
vn -0.100351 0.971539 0.214573
vn -0.153742 0.972056 0.177400
vn -0.201676 0.972961 0.112577
vn -0.222555 0.973831 0.046069
vn -0.220591 0.975049 -0.024871
vn -0.210727 0.973700 -0.086617
vn -0.220271 0.973595 -0.059942
vn -0.232590 0.971956 -0.034679
vn -0.190399 0.978095 -0.084135
vn -0.109801 0.983963 -0.140573
vn -0.034441 0.983754 -0.176187
vn -0.012855 0.982074 -0.188055
vn 0.024552 0.983281 -0.180431
vn 0.167079 0.978155 -0.123685
vn 0.280257 0.958920 -0.043903
vn 0.270373 0.962218 -0.032183
vn 0.224832 0.971601 -0.073770
vn 0.212560 0.973649 -0.082620
vn 0.219853 0.974809 -0.037582
vn 0.029817 0.999253 0.024599
vn 0.219853 0.974809 -0.037582
vn 0.225573 0.974212 0.005210
vn 0.222808 0.973260 0.055873
vn 0.178150 0.971430 0.156799
vn 0.116534 0.966591 0.228302
vn 0.133689 0.967298 0.215549
vn 0.152364 0.967464 0.201986
vn 0.055843 0.973762 0.220612
vn -0.034650 0.973624 0.225514
vn -0.061139 0.972142 0.226280
vn -0.100351 0.971539 0.214573
vn -0.153742 0.972056 0.177400
vn -0.201676 0.972961 0.112577
vn -0.222555 0.973831 0.046069
vn -0.220591 0.975049 -0.024871
vn -0.210727 0.973700 -0.086617
vn -0.220271 0.973595 -0.059942
vn -0.232590 0.971956 -0.034679
vn -0.190399 0.978095 -0.084135
vn -0.109801 0.983963 -0.140573
vn -0.034441 0.983754 -0.176187
vn -0.012855 0.982074 -0.188055
vn 0.024552 0.983281 -0.180431
vn 0.167079 0.978155 -0.123685
vn 0.280257 0.958920 -0.043903
vn 0.270373 0.962218 -0.032183
vn 0.224832 0.971601 -0.073770
vn 0.212560 0.973649 -0.082620
vn 0.219853 0.974809 -0.037582
vn 0.913569 -0.405663 0.028807
vn 0.889622 -0.372851 0.263733
vn 0.773212 -0.362723 0.520168
vn 0.613145 -0.381306 0.691851
vn 0.448815 -0.388376 0.804816
vn 0.228455 -0.380597 0.896077
vn -0.040495 -0.380364 0.923950
vn -0.292126 -0.384980 0.875473
vn -0.496841 -0.376634 0.781854
vn -0.685806 -0.367641 0.628101
vn -0.831340 -0.369442 0.415194
vn -0.911442 -0.363987 0.191799
vn -0.930371 -0.362646 -0.053828
vn -0.874472 -0.375222 -0.307418
vn -0.755836 -0.367475 -0.541917
vn -0.582386 -0.340286 -0.738263
vn -0.371167 -0.332582 -0.866963
vn -0.160659 -0.332208 -0.929423
vn -0.014910 -0.342425 -0.939427
vn 0.168484 -0.388125 -0.906075
vn 0.419854 -0.410242 -0.809583
vn 0.655882 -0.417743 -0.628736
vn 0.815799 -0.441573 -0.373477
vn 0.888627 -0.432465 -0.152699
vn 0.913569 -0.405663 0.028807
vn 0.929330 -0.368442 0.024400
vn 0.906153 -0.342613 0.247999
vn 0.812923 -0.318907 0.487293
vn 0.666981 -0.327452 0.669262
vn 0.485743 -0.347678 0.801981
vn 0.266861 -0.343280 0.900525
vn 0.009370 -0.338628 0.940874
vn -0.249816 -0.347650 0.903732
vn -0.478280 -0.350777 0.805111
vn -0.664805 -0.339263 0.665533
vn -0.823031 -0.336392 0.457669
vn -0.917549 -0.326408 0.227071
vn -0.948377 -0.317111 -0.004677
vn -0.908580 -0.328894 -0.257511
vn -0.787348 -0.340679 -0.513830
vn -0.613761 -0.327571 -0.718328
vn -0.411622 -0.317198 -0.854373
vn -0.199585 -0.317816 -0.926908
vn -0.050662 -0.317973 -0.946745
vn 0.117711 -0.342279 -0.932196
vn 0.384686 -0.366350 -0.847233
vn 0.624111 -0.366514 -0.690039
vn 0.810410 -0.388120 -0.438860
vn 0.903478 -0.384905 -0.188614
vn 0.929330 -0.368442 0.024400
vn 0.969773 -0.240505 0.041198
vn 0.934387 -0.217314 0.282303
vn 0.836300 -0.192679 0.513301
vn 0.711305 -0.190573 0.676556
vn 0.518984 -0.216259 0.826975
vn 0.271241 -0.225274 0.935778
vn 0.012033 -0.226312 0.973981
vn -0.247084 -0.224936 0.942525
vn -0.504081 -0.214114 0.836694
vn -0.694136 -0.194221 0.693147
vn -0.854668 -0.204706 0.477114
vn -0.953484 -0.200403 0.225183
vn -0.982897 -0.183812 -0.011274
vn -0.952464 -0.171132 -0.252045
vn -0.838333 -0.185567 -0.512604
vn -0.642613 -0.223728 -0.732799
vn -0.432972 -0.255085 -0.864561
vn -0.215190 -0.277956 -0.936180
vn -0.043200 -0.276703 -0.959984
vn 0.119716 -0.251820 -0.960341
vn 0.407301 -0.241375 -0.880820
vn 0.653886 -0.229915 -0.720814
vn 0.838187 -0.244613 -0.487450
vn 0.947016 -0.255246 -0.194964
vn 0.969773 -0.240505 0.041198
vn 0.987530 -0.156970 0.012050
vn 0.956480 -0.138498 0.256835
vn 0.859433 -0.108005 0.499710
vn 0.743295 -0.090596 0.662801
vn 0.580970 -0.108655 0.806640
vn 0.321868 -0.125192 0.938471
vn 0.056955 -0.141333 0.988322
vn -0.211264 -0.148060 0.966150
vn -0.483796 -0.126943 0.865925
vn -0.690694 -0.070353 0.719716
vn -0.839613 -0.071270 0.538489
vn -0.958896 -0.087307 0.269991
vn -0.995888 -0.089242 0.015589
vn -0.972036 -0.069251 -0.224390
vn -0.884064 -0.039395 -0.465703
vn -0.715609 -0.083973 -0.693435
vn -0.504971 -0.162757 -0.847652
vn -0.276424 -0.225445 -0.934218
vn -0.056006 -0.264859 -0.962659
vn 0.114543 -0.226200 -0.967323
vn 0.377280 -0.161086 -0.911982
vn 0.645824 -0.134228 -0.751595
vn 0.819032 -0.126639 -0.559598
vn 0.956250 -0.148287 -0.252184
vn 0.987530 -0.156970 0.012050
vn 0.027167 0.999521 0.014845
vn 0.027167 0.999521 0.014845
vn 0.027167 0.999521 0.014845
vn 0.027167 0.999521 0.014845
vn 0.027167 0.999521 0.014845
vn 0.027167 0.999521 0.014845
vn 0.027167 0.999521 0.014845
vn 0.027167 0.999521 0.014845
vn 0.027167 0.999521 0.014845
vn 0.027167 0.999521 0.014845
vn 0.027167 0.999521 0.014845
vn 0.027167 0.999521 0.014845
vn 0.027167 0.999521 0.014845
vn 0.027167 0.999521 0.014845
vn 0.027167 0.999521 0.014845
vn 0.027167 0.999521 0.014845
vn 0.027167 0.999521 0.014845
vn 0.027167 0.999521 0.014845
vn 0.027167 0.999521 0.014845
vn 0.027167 0.999521 0.014845
vn 0.027167 0.999521 0.014845
vn 0.027167 0.999521 0.014845
vn 0.027167 0.999521 0.014845
vn 0.027167 0.999521 0.014845
vn 0.027167 0.999521 0.014845
vn 0.027167 0.999521 0.014845
vn 0.027167 0.999521 0.014845
vn 0.027167 0.999521 0.014845
vn 0.027167 0.999521 0.014845
vn 0.510245 -0.855945 0.083720
vn 0.504536 -0.817103 0.278903
vn 0.499299 -0.766456 0.404036
vn 0.488777 -0.736282 0.467959
vn 0.444103 -0.742313 0.501740
vn 0.333773 -0.780653 0.528372
vn 0.150158 -0.823388 0.547252
vn -0.043777 -0.838502 0.543137
vn -0.192423 -0.833105 0.518564
vn -0.323036 -0.824521 0.464556
vn -0.431280 -0.815043 0.386915
vn -0.516525 -0.805295 0.291035
vn -0.577276 -0.795253 0.185272
vn -0.611010 -0.787184 0.083714
vn -0.615963 -0.787775 -0.000572
vn -0.587678 -0.804261 -0.088305
vn -0.519468 -0.833087 -0.190051
vn -0.415972 -0.860392 -0.294436
vn -0.294147 -0.874901 -0.384742
vn -0.175953 -0.875857 -0.449350
vn -0.074237 -0.871174 -0.485329
vn 0.018686 -0.867772 -0.496611
vn 0.121984 -0.864400 -0.487784
vn 0.224119 -0.857399 -0.463289
vn 0.316065 -0.850343 -0.420738
vn 0.394620 -0.848606 -0.352339
vn 0.456388 -0.853884 -0.250184
vn 0.494791 -0.861513 -0.113919
vn 0.510245 -0.855945 0.083720
vn 0.385618 -0.921928 0.036714
vn 0.356863 -0.913983 0.193091
vn 0.316441 -0.900562 0.298083
vn 0.302235 -0.892481 0.334862
vn 0.299154 -0.889452 0.345517
vn 0.256609 -0.892375 0.371238
vn 0.147737 -0.901511 0.406758
vn -0.000509 -0.908751 0.417338
vn -0.122392 -0.912022 0.391454
vn -0.212224 -0.918196 0.334480
vn -0.288948 -0.923042 0.253973
vn -0.353340 -0.919539 0.172042
vn -0.398714 -0.910830 0.106846
vn -0.423289 -0.904730 0.047861
vn -0.428299 -0.903630 0.003552
vn -0.416561 -0.908330 -0.037593
vn -0.381548 -0.919368 -0.095829
vn -0.317069 -0.933923 -0.165091
vn -0.223598 -0.946643 -0.232100
vn -0.128062 -0.951884 -0.278420
vn -0.050219 -0.952163 -0.301436
vn 0.012845 -0.950844 -0.309404
vn 0.075358 -0.948675 -0.307143
vn 0.141540 -0.945125 -0.294458
vn 0.213737 -0.938853 -0.269947
vn 0.273114 -0.929915 -0.246304
vn 0.329598 -0.925459 -0.186792
vn 0.372437 -0.922814 -0.098509
vn 0.385618 -0.921928 0.036714
vn 0.599759 -0.799527 0.032345
vn 0.563801 -0.798993 0.209140
vn 0.482395 -0.807124 0.340362
vn 0.400834 -0.820257 0.408057
vn 0.355002 -0.817676 0.453188
vn 0.304783 -0.803966 0.510633
vn 0.179339 -0.801591 0.570342
vn -0.000882 -0.799652 0.600464
vn -0.146269 -0.789318 0.596307
vn -0.245451 -0.795641 0.553813
vn -0.366074 -0.822006 0.436230
vn -0.482169 -0.828842 0.283785
vn -0.551930 -0.817149 0.166254
vn -0.582594 -0.809116 0.076918
vn -0.589696 -0.807576 0.008972
vn -0.578418 -0.813566 -0.059532
vn -0.545389 -0.823845 -0.154372
vn -0.483976 -0.835158 -0.261301
vn -0.376573 -0.854783 -0.357127
vn -0.234268 -0.879901 -0.413392
vn -0.097019 -0.899423 -0.426176
vn 0.032414 -0.902646 -0.429162
vn 0.143356 -0.885440 -0.442092
vn 0.242667 -0.866168 -0.436883
vn 0.342181 -0.860193 -0.378126
vn 0.428351 -0.852666 -0.299125
vn 0.507100 -0.834070 -0.217203
vn 0.573270 -0.811935 -0.110103
vn 0.599759 -0.799527 0.032345
vn 0.686920 -0.724873 0.051949
vn 0.679365 -0.700970 0.217034
vn 0.632828 -0.698196 0.334740
vn 0.520225 -0.733566 0.437319
vn 0.390950 -0.747232 0.537404
vn 0.318703 -0.737486 0.595435
vn 0.192114 -0.756722 0.624872
vn -0.025778 -0.768306 0.639564
vn -0.193472 -0.734804 0.650102
vn -0.269259 -0.709129 0.651641
vn -0.395467 -0.732135 0.554602
vn -0.548331 -0.751863 0.366107
vn -0.638641 -0.743031 0.200106
vn -0.680878 -0.726128 0.095621
vn -0.697296 -0.716680 0.012140
vn -0.692159 -0.716427 -0.087457
vn -0.662791 -0.712998 -0.228783
vn -0.604555 -0.700942 -0.378409
vn -0.515825 -0.697731 -0.497089
vn -0.391582 -0.733159 -0.556005
vn -0.199926 -0.803728 -0.560402
vn 0.046171 -0.835997 -0.546789
vn 0.243435 -0.798415 -0.550702
vn 0.349950 -0.749503 -0.561944
vn 0.437311 -0.737557 -0.514556
vn 0.532886 -0.752564 -0.386885
vn 0.611641 -0.757174 -0.229308
vn 0.662621 -0.743228 -0.092436
vn 0.686920 -0.724873 0.051949
vn 0.713445 -0.696532 0.076416
vn 0.702108 -0.664339 0.256316
vn 0.688228 -0.634965 0.350945
vn 0.613564 -0.642748 0.458710
vn 0.453022 -0.650249 0.609875
vn 0.363637 -0.637131 0.679583
vn 0.260671 -0.662174 0.702550
vn -0.024833 -0.706497 0.707280
vn -0.246886 -0.688531 0.681889
vn -0.311880 -0.666636 0.676999
vn -0.417050 -0.667591 0.616759
vn -0.586095 -0.683707 0.434784
vn -0.681901 -0.694944 0.228177
vn -0.712796 -0.695769 0.088475
vn -0.726792 -0.686844 -0.004240
vn -0.731888 -0.669932 -0.124620
vn -0.710009 -0.636611 -0.301020
vn -0.651329 -0.597795 -0.467345
vn -0.569963 -0.579025 -0.582986
vn -0.492837 -0.582781 -0.646125
vn -0.325300 -0.639277 -0.696782
vn 0.023757 -0.704271 -0.709533
vn 0.321831 -0.683351 -0.655329
vn 0.438396 -0.642274 -0.628724
vn 0.498989 -0.622238 -0.603184
vn 0.595039 -0.638632 -0.487933
vn 0.683382 -0.669128 -0.291986
vn 0.715312 -0.688917 -0.117139
vn 0.713445 -0.696532 0.076416
vn 0.778766 -0.624775 0.056395
vn 0.718817 -0.638093 0.275934
vn 0.682993 -0.622894 0.381476
vn 0.640918 -0.587508 0.494023
vn 0.494326 -0.568319 0.657765
vn 0.375203 -0.564703 0.735074
vn 0.283240 -0.546309 0.788240
vn 0.002680 -0.547395 0.836870
vn -0.260993 -0.561518 0.785226
vn -0.343204 -0.585822 0.734182
vn -0.459996 -0.595161 0.658928
vn -0.642467 -0.587428 0.492102
vn -0.751897 -0.588264 0.297651
vn -0.777520 -0.615300 0.129882
vn -0.774646 -0.632060 -0.020606
vn -0.775346 -0.605884 -0.178164
vn -0.732243 -0.575613 -0.363992
vn -0.651181 -0.558075 -0.514311
vn -0.571292 -0.539209 -0.618772
vn -0.499337 -0.505740 -0.703484
vn -0.354932 -0.468083 -0.809272
vn -0.023864 -0.480479 -0.876682
vn 0.323432 -0.531784 -0.782686
vn 0.464951 -0.571189 -0.676434
vn 0.526701 -0.577342 -0.623909
vn 0.624013 -0.569287 -0.535276
vn 0.728502 -0.584188 -0.357783
vn 0.781503 -0.602648 -0.161457
vn 0.778766 -0.624775 0.056395
vn 0.875788 -0.482304 0.019460
vn 0.811520 -0.522073 0.262441
vn 0.729098 -0.528253 0.435160
vn 0.662747 -0.478233 0.576246
vn 0.541353 -0.451793 0.709098
vn 0.399031 -0.482949 0.779445
vn 0.239076 -0.466469 0.851615
vn -0.005529 -0.393257 0.919412
vn -0.247318 -0.388170 0.887783
vn -0.354947 -0.423056 0.833689
vn -0.517675 -0.453273 0.725642
vn -0.719595 -0.446070 0.532170
vn -0.833355 -0.425688 0.352574
vn -0.871230 -0.449401 0.197475
vn -0.871658 -0.489632 -0.021729
vn -0.850876 -0.474860 -0.224763
vn -0.788725 -0.477334 -0.387382
vn -0.677418 -0.507757 -0.532247
vn -0.565435 -0.499538 -0.656311
vn -0.453051 -0.440866 -0.774843
vn -0.283086 -0.329734 -0.900632
vn -0.051573 -0.246834 -0.967685
vn 0.252740 -0.328800 -0.909952
vn 0.439837 -0.434340 -0.786061
vn 0.551694 -0.497721 -0.669259
vn 0.663535 -0.507912 -0.549315
vn 0.773325 -0.500761 -0.388853
vn 0.850539 -0.496942 -0.172142
vn 0.875788 -0.482304 0.019460
vn 0.926090 -0.375554 0.036274
vn 0.905656 -0.334031 0.261172
vn 0.813014 -0.312722 0.491134
vn 0.701024 -0.284266 0.654033
vn 0.596220 -0.262748 0.758608
vn 0.462599 -0.287553 0.838639
vn 0.236241 -0.334379 0.912349
vn -0.054056 -0.342158 0.938086
vn -0.249436 -0.306842 0.918493
vn -0.374470 -0.276206 0.885145
vn -0.560744 -0.250076 0.789321
vn -0.780914 -0.247977 0.573306
vn -0.888886 -0.247316 0.385638
vn -0.931713 -0.269156 0.243855
vn -0.951554 -0.307466 0.003157
vn -0.915364 -0.327204 -0.234621
vn -0.853300 -0.361546 -0.375717
vn -0.728253 -0.415521 -0.544968
vn -0.565139 -0.404318 -0.719129
vn -0.407325 -0.337230 -0.848742
vn -0.194950 -0.263850 -0.944657
vn -0.023786 -0.180475 -0.983292
vn 0.182956 -0.188111 -0.964957
vn 0.415661 -0.231675 -0.879518
vn 0.583515 -0.255515 -0.770858
vn 0.724178 -0.297730 -0.622032
vn 0.832967 -0.349453 -0.429009
vn 0.901221 -0.392888 -0.182867
vn 0.926090 -0.375554 0.036274
vn 0.963756 -0.257821 0.068578
vn 0.930059 -0.184721 0.317597
vn 0.843977 -0.115021 0.523902
vn 0.727767 -0.107345 0.677372
vn 0.608219 -0.106055 0.786652
vn 0.485474 -0.082147 0.870383
vn 0.309684 -0.105449 0.944974
vn -0.028570 -0.224556 0.974042
vn -0.270420 -0.245663 0.930872
vn -0.427704 -0.202623 0.880916
vn -0.603693 -0.124363 0.787457
vn -0.802876 -0.086114 0.589894
vn -0.905827 -0.089517 0.414082
vn -0.955965 -0.117009 0.269146
vn -0.990487 -0.134324 0.029885
vn -0.961883 -0.161535 -0.220655
vn -0.911014 -0.195621 -0.363023
vn -0.791461 -0.236889 -0.563448
vn -0.572413 -0.240218 -0.783989
vn -0.384755 -0.189926 -0.903267
vn -0.177511 -0.166428 -0.969944
vn 0.008024 -0.165768 -0.986132
vn 0.180356 -0.142880 -0.973168
vn 0.437345 -0.116048 -0.891775
vn 0.608727 -0.059004 -0.791183
vn 0.729296 -0.054002 -0.682064
vn 0.854949 -0.130945 -0.501912
vn 0.945259 -0.211033 -0.248899
vn 0.963756 -0.257821 0.068578
vn 0.996576 -0.056748 0.060137
vn 0.928505 -0.045629 0.368507
vn 0.840428 -0.013516 0.541754
vn 0.741298 -0.017739 0.670941
vn 0.602163 -0.032033 0.797730
vn 0.469350 -0.005821 0.882993
vn 0.347219 0.013647 0.937685
vn 0.038243 -0.038120 0.998541
vn -0.285254 -0.059512 0.956603
vn -0.470469 -0.030493 0.881889
vn -0.638897 0.012034 0.769198
vn -0.805872 0.015548 0.591886
vn -0.905589 -0.007726 0.424086
vn -0.960999 -0.008661 0.276417
vn -0.999264 0.005353 0.037996
vn -0.978790 -0.005777 -0.204785
vn -0.932348 -0.009561 -0.361435
vn -0.823448 0.003776 -0.567379
vn -0.591428 -0.009711 -0.806299
vn -0.373215 -0.015363 -0.927618
vn -0.193120 -0.014438 -0.981069
vn 0.005067 -0.045066 -0.998971
vn 0.200701 -0.038335 -0.978902
vn 0.463174 -0.020391 -0.886033
vn 0.635911 0.008361 -0.771717
vn 0.721094 0.027562 -0.692289
vn 0.838752 0.012823 -0.544363
vn 0.954264 -0.012199 -0.298715
vn 0.996576 -0.056748 0.060137
vn 0.986196 0.162309 0.032764
vn 0.923765 0.120965 0.363353
vn 0.840579 0.081081 0.535587
vn 0.751545 0.047523 0.657967
vn 0.602219 0.026748 0.797882
vn 0.455857 0.040306 0.889140
vn 0.337468 0.055136 0.939721
vn 0.050941 0.077879 0.995660
vn -0.302817 0.100108 0.947776
vn -0.489081 0.139912 0.860944
vn -0.638203 0.168396 0.751226
vn -0.777350 0.151168 0.610635
vn -0.892904 0.099077 0.439211
vn -0.959511 0.101964 0.262568
vn -0.990721 0.133078 0.027617
vn -0.972516 0.133351 -0.190868
vn -0.918274 0.131486 -0.373475
vn -0.802349 0.174846 -0.570671
vn -0.600757 0.178237 -0.779309
vn -0.377782 0.128624 -0.916917
vn -0.206373 0.112751 -0.971955
vn -0.011373 0.090027 -0.995874
vn 0.210180 0.091955 -0.973329
vn 0.466291 0.109597 -0.877816
vn 0.633771 0.111199 -0.765486
vn 0.718988 0.101815 -0.687525
vn 0.835387 0.124017 -0.535488
vn 0.940483 0.163385 -0.297989
vn 0.986196 0.162309 0.032764
vn 0.908832 0.417115 0.006224
vn 0.888735 0.342470 0.304735
vn 0.840659 0.241944 0.484515
vn 0.762663 0.166885 0.624896
vn 0.607260 0.124967 0.784613
vn 0.437065 0.122208 0.891089
vn 0.310348 0.170886 0.935137
vn 0.049264 0.222279 0.973738
vn -0.314980 0.197136 0.928399
vn -0.510639 0.205053 0.834986
vn -0.641267 0.237152 0.729750
vn -0.749344 0.262684 0.607849
vn -0.856042 0.272790 0.439064
vn -0.926150 0.290988 0.239941
vn -0.953146 0.301866 0.019738
vn -0.943890 0.285137 -0.166640
vn -0.892942 0.260984 -0.366800
vn -0.772262 0.272806 -0.573749
vn -0.602835 0.275490 -0.748796
vn -0.400175 0.240220 -0.884395
vn -0.210167 0.218052 -0.953039
vn -0.021662 0.213728 -0.976653
vn 0.214483 0.216603 -0.952408
vn 0.468187 0.224358 -0.854672
vn 0.623072 0.235991 -0.745714
vn 0.700478 0.268489 -0.661244
vn 0.808143 0.327644 -0.489443
vn 0.883650 0.392405 -0.255307
vn 0.908832 0.417115 0.006224
vn 0.778638 0.627129 -0.020777
vn 0.825935 0.533697 0.181657
vn 0.833287 0.396069 0.385697
vn 0.764189 0.324385 0.557485
vn 0.615477 0.278136 0.737447
vn 0.412324 0.248711 0.876431
vn 0.239516 0.305757 0.921490
vn 0.044420 0.391614 0.919057
vn -0.270104 0.346254 0.898416
vn -0.508339 0.296143 0.808635
vn -0.647049 0.310628 0.696303
vn -0.748341 0.339317 0.569955
vn -0.836408 0.392521 0.382556
vn -0.860348 0.470205 0.196742
vn -0.871078 0.489638 0.038437
vn -0.887832 0.445531 -0.115134
vn -0.855730 0.406726 -0.319845
vn -0.739569 0.393225 -0.546271
vn -0.584817 0.389375 -0.711601
vn -0.411663 0.370179 -0.832767
vn -0.213757 0.322275 -0.922197
vn -0.017594 0.307201 -0.951482
vn 0.208414 0.316248 -0.925500
vn 0.462397 0.314579 -0.828993
vn 0.627882 0.341932 -0.699176
vn 0.693250 0.427292 -0.580367
vn 0.752167 0.528767 -0.393255
vn 0.782573 0.598832 -0.170236
vn 0.778638 0.627129 -0.020777
vn 0.724510 0.687827 -0.044485
vn 0.771452 0.635912 0.021880
vn 0.795858 0.549785 0.253667
vn 0.714272 0.517595 0.471074
vn 0.584885 0.508249 0.632133
vn 0.381339 0.478812 0.790772
vn 0.157853 0.483822 0.860813
vn 0.011536 0.535530 0.844437
vn -0.190141 0.535638 0.822762
vn -0.458361 0.491327 0.740610
vn -0.621250 0.479521 0.619765
vn -0.703877 0.498042 0.506470
vn -0.801107 0.518627 0.298752
vn -0.810659 0.576166 0.104231
vn -0.775693 0.629530 0.044646
vn -0.791137 0.610674 -0.034345
vn -0.779613 0.581917 -0.231467
vn -0.675232 0.559806 -0.480291
vn -0.532772 0.552926 -0.640646
vn -0.413232 0.537360 -0.735176
vn -0.255155 0.479664 -0.839535
vn -0.027331 0.442451 -0.896376
vn 0.200294 0.459082 -0.865521
vn 0.438079 0.472622 -0.764667
vn 0.632663 0.480397 -0.607418
vn 0.703643 0.545509 -0.455308
vn 0.726705 0.626782 -0.281149
vn 0.737147 0.668852 -0.096187
vn 0.724510 0.687827 -0.044485
vn 0.756117 0.653316 -0.038268
vn 0.736725 0.675183 -0.036936
vn 0.690778 0.709370 0.140071
vn 0.584770 0.725943 0.362010
vn 0.479332 0.737271 0.476101
vn 0.330669 0.732968 0.594488
vn 0.127148 0.696105 0.706592
vn -0.025059 0.678447 0.734222
vn -0.158019 0.709736 0.686516
vn -0.365447 0.719553 0.590501
vn -0.528408 0.694252 0.488671
vn -0.600650 0.691346 0.401573
vn -0.687927 0.693223 0.214937
vn -0.729047 0.684313 0.014354
vn -0.702814 0.711309 0.009542
vn -0.689230 0.724107 0.025121
vn -0.676506 0.725953 -0.123825
vn -0.598013 0.708747 -0.374243
vn -0.475469 0.688882 -0.547147
vn -0.393247 0.683035 -0.615484
vn -0.283907 0.679143 -0.676877
vn -0.042567 0.676329 -0.735369
vn 0.200844 0.683102 -0.702163
vn 0.379473 0.693970 -0.611887
vn 0.560665 0.669788 -0.486867
vn 0.671084 0.653042 -0.350974
vn 0.716734 0.662255 -0.218427
vn 0.750154 0.656392 -0.080118
vn 0.756117 0.653316 -0.038268
vn 0.728976 0.684425 -0.012523
vn 0.679681 0.732940 0.028854
vn 0.574952 0.807936 0.129110
vn 0.463680 0.840013 0.281743
vn 0.372413 0.850387 0.371685
vn 0.276538 0.866400 0.415786
vn 0.143445 0.859684 0.490273
vn -0.019145 0.836308 0.547926
vn -0.175759 0.833872 0.523227
vn -0.312381 0.838983 0.445562
vn -0.422954 0.825924 0.372773
vn -0.490679 0.814750 0.308895
vn -0.579556 0.796435 0.172644
vn -0.662288 0.749230 0.005450
vn -0.686620 0.726716 -0.020896
vn -0.670285 0.741991 0.012913
vn -0.634158 0.770064 -0.069605
vn -0.562292 0.782643 -0.267017
vn -0.437161 0.774490 -0.457227
vn -0.327217 0.781381 -0.531387
vn -0.233553 0.819413 -0.523465
vn -0.041956 0.847579 -0.529008
vn 0.168693 0.837852 -0.519180
vn 0.306903 0.817694 -0.487018
vn 0.453847 0.786468 -0.418917
vn 0.593118 0.744342 -0.306865
vn 0.668760 0.716773 -0.197475
vn 0.711755 0.695862 -0.095815
vn 0.728976 0.684425 -0.012523
vn 0.601895 0.798526 0.008887
vn 0.562888 0.818689 0.113601
vn 0.473553 0.857455 0.201293
vn 0.380163 0.888157 0.258174
vn 0.294364 0.905162 0.306645
vn 0.201175 0.918703 0.339872
vn 0.111454 0.931914 0.345130
vn 0.006339 0.937141 0.348892
vn -0.125803 0.927059 0.353178
vn -0.243265 0.905650 0.347304
vn -0.348658 0.880116 0.322232
vn -0.421322 0.862725 0.279632
vn -0.493094 0.845510 0.204870
vn -0.589765 0.803624 0.079784
vn -0.638192 0.769877 0.000934
vn -0.628024 0.778077 -0.013524
vn -0.581903 0.810326 -0.069002
vn -0.495790 0.848098 -0.186874
vn -0.358184 0.870975 -0.336313
vn -0.217546 0.878815 -0.424687
vn -0.127473 0.901089 -0.414474
vn -0.030269 0.920204 -0.390267
vn 0.088069 0.915466 -0.392640
vn 0.199525 0.895748 -0.397272
vn 0.332508 0.873478 -0.355631
vn 0.466332 0.845437 -0.260327
vn 0.548758 0.819082 -0.167237
vn 0.588372 0.803485 -0.090717
vn 0.601895 0.798526 0.008887
vn 0.410370 0.911843 0.011734
vn 0.393949 0.911166 0.120746
vn 0.346181 0.911222 0.223234
vn 0.279813 0.915037 0.290539
vn 0.204266 0.927863 0.312003
vn 0.115454 0.937796 0.327428
vn 0.052812 0.945456 0.321440
vn 0.004451 0.950512 0.310655
vn -0.063051 0.947995 0.311977
vn -0.142483 0.938142 0.315575
vn -0.223029 0.925292 0.306746
vn -0.310741 0.909732 0.275369
vn -0.375450 0.898728 0.226551
vn -0.437194 0.889904 0.130123
vn -0.470158 0.882201 0.025939
vn -0.459406 0.887661 -0.031680
vn -0.414175 0.907142 -0.074508
vn -0.334944 0.932029 -0.138326
vn -0.228871 0.949640 -0.214016
vn -0.121384 0.952931 -0.277827
vn -0.050908 0.952746 -0.299473
vn -0.009567 0.954510 -0.298026
vn 0.032783 0.954678 -0.295831
vn 0.092824 0.953595 -0.286426
vn 0.174496 0.951608 -0.252969
vn 0.278065 0.941217 -0.191808
vn 0.355687 0.925804 -0.127963
vn 0.396904 0.915392 -0.067259
vn 0.410370 0.911843 0.011734
vn 0.217492 0.976061 0.001683
vn 0.212965 0.973749 0.080366
vn 0.188350 0.968555 0.162558
vn 0.151769 0.963321 0.221311
vn 0.108723 0.959036 0.261592
vn 0.065859 0.955715 0.286830
vn 0.030034 0.953466 0.300000
vn 0.001262 0.952479 0.304603
vn -0.033212 0.952497 0.302733
vn -0.080909 0.953095 0.291657
vn -0.131484 0.954098 0.269090
vn -0.180096 0.955783 0.232474
vn -0.220606 0.958545 0.180345
vn -0.248514 0.962275 0.110759
vn -0.261142 0.964844 0.029674
vn -0.253841 0.966872 -0.026882
vn -0.231680 0.971018 -0.058716
vn -0.192941 0.976271 -0.098330
vn -0.141029 0.979728 -0.142280
vn -0.085185 0.979783 -0.181021
vn -0.036962 0.977732 -0.206577
vn -0.004463 0.976195 -0.216849
vn 0.015143 0.976602 -0.214523
vn 0.043540 0.978442 -0.201878
vn 0.085546 0.980501 -0.176919
vn 0.133396 0.981109 -0.140111
vn 0.176012 0.979685 -0.096109
vn 0.205066 0.977437 -0.050654
vn 0.217492 0.976061 0.001683
vn -0.014811 0.999376 0.032081
vn -0.014811 0.999376 0.032081
vn -0.014811 0.999376 0.032081
vn -0.014811 0.999376 0.032081
vn -0.014811 0.999376 0.032081
vn -0.014811 0.999376 0.032081
vn -0.014811 0.999376 0.032081
vn -0.014811 0.999376 0.032081
vn -0.014811 0.999376 0.032081
vn -0.014811 0.999376 0.032081
vn -0.014811 0.999376 0.032081
vn -0.014811 0.999376 0.032081
vn -0.014811 0.999376 0.032081
vn -0.014811 0.999376 0.032081
vn -0.014811 0.999376 0.032081
vn -0.014811 0.999376 0.032081
vn -0.014811 0.999376 0.032081
vn -0.014811 0.999376 0.032081
vn -0.014811 0.999376 0.032081
vn -0.014811 0.999376 0.032081
vn -0.014811 0.999376 0.032081
vn -0.014811 0.999376 0.032081
vn -0.014811 0.999376 0.032081
vn -0.014811 0.999376 0.032081
vn -0.014811 0.999376 0.032081
vn -0.014811 0.999376 0.032081
vn -0.014811 0.999376 0.032081
vn -0.014811 0.999376 0.032081
vn -0.014811 0.999376 0.032081
vn 0.670500 0.046349 -0.740460
vn 0.625224 0.319667 -0.711974
vn 0.506755 0.546715 -0.666560
vn 0.343296 0.703816 -0.621926
vn 0.159408 0.789845 -0.592228
vn -0.030982 0.810752 -0.584569
vn -0.220222 0.768755 -0.600431
vn -0.399416 0.659843 -0.636454
vn -0.551374 0.478836 -0.683156
vn -0.648871 0.232696 -0.724444
vn -0.666678 -0.046084 -0.743920
vn -0.601984 -0.307785 -0.736806
vn -0.476763 -0.514358 -0.712835
vn -0.318788 -0.653571 -0.686454
vn -0.147169 -0.729200 -0.668287
vn 0.028566 -0.747551 -0.663590
vn 0.203571 -0.710631 -0.673470
vn 0.372122 -0.614752 -0.695418
vn 0.522071 -0.453388 -0.722413
vn 0.630926 -0.226260 -0.742118
vn 0.670500 0.046349 -0.740460
vn 0.988587 -0.005598 0.150547
vn 0.896212 0.389283 0.212751
vn 0.691975 0.675414 0.254924
vn 0.457144 0.844546 0.278856
vn 0.226783 0.929636 0.290423
vn 0.003943 0.956065 0.293130
vn -0.219120 0.932227 0.287991
vn -0.450234 0.849831 0.274001
vn -0.686632 0.683478 0.247780
vn -0.893674 0.399734 0.203862
vn -0.989971 0.005606 0.141161
vn -0.914688 -0.397308 0.074106
vn -0.715438 -0.698314 0.022509
vn -0.476010 -0.879401 -0.008285
vn -0.236935 -0.971251 -0.023074
vn -0.004123 -0.999633 -0.026774
vn 0.228764 -0.973253 -0.021107
vn 0.468147 -0.883641 -0.004226
vn 0.708439 -0.705185 0.028791
vn 0.909738 -0.406920 0.082421
vn 0.988587 -0.005598 0.150547
vn 0.946060 -0.020738 0.323328
vn 0.834067 0.357013 0.420563
vn 0.630272 0.616125 0.472386
vn 0.412768 0.764212 0.495583
vn 0.206703 0.837946 0.505095
vn 0.010331 0.861447 0.507743
vn -0.185659 0.842742 0.505288
vn -0.390938 0.775381 0.495936
vn -0.608842 0.636809 0.473060
vn -0.818270 0.390141 0.422166
vn -0.945178 0.020718 0.325898
vn -0.901724 -0.385973 0.194727
vn -0.713063 -0.697057 0.075183
vn -0.475228 -0.879852 -0.004375
vn -0.239245 -0.969870 -0.045983
vn -0.011972 -0.998241 -0.058061
vn 0.214933 -0.975624 -0.044297
vn 0.450202 -0.892924 -0.001975
vn 0.689034 -0.720685 0.076454
vn 0.885608 -0.422246 0.193406
vn 0.946060 -0.020738 0.323328
vn 0.872983 -0.041493 0.485983
vn 0.749898 0.300887 0.589169
vn 0.562584 0.530387 0.634184
vn 0.370923 0.663766 0.649486
vn 0.190384 0.732604 0.653487
vn 0.018158 0.756272 0.654006
vn -0.153251 0.741471 0.653249
vn -0.331689 0.683965 0.649749
vn -0.521782 0.567290 0.637122
vn -0.714065 0.361438 0.599561
vn -0.859572 0.040855 0.509379
vn -0.868281 -0.348387 0.353148
vn -0.716081 -0.675100 0.177390
vn -0.487360 -0.872130 0.043241
vn -0.251378 -0.967314 -0.033372
vn -0.023961 -0.997928 -0.059709
vn 0.202238 -0.978484 -0.040841
vn 0.436194 -0.899462 0.026492
vn 0.669314 -0.727689 0.149955
vn 0.845024 -0.427726 0.320912
vn 0.872983 -0.041493 0.485983
vn 0.785178 -0.067190 0.615614
vn 0.668597 0.234668 0.705627
vn 0.506274 0.439331 0.742075
vn 0.340339 0.563133 0.753027
vn 0.181784 0.630166 0.754881
vn 0.029196 0.655417 0.754703
vn -0.122241 0.644593 0.754690
vn -0.277743 0.595378 0.753912
vn -0.440789 0.496786 0.747602
vn -0.607270 0.327760 0.723738
vn -0.750060 0.064185 0.658248
vn -0.803506 -0.282019 0.524256
vn -0.710890 -0.616891 0.337758
vn -0.509994 -0.843847 0.166817
vn -0.276716 -0.959251 0.057148
vn -0.044497 -0.998911 0.014056
vn 0.186214 -0.981933 0.033648
vn 0.419822 -0.899942 0.117699
vn 0.639526 -0.720771 0.267387
vn 0.783322 -0.422780 0.455701
vn 0.785178 -0.067190 0.615614
vn 0.702341 -0.100116 0.704765
vn 0.607050 0.164248 0.777504
vn 0.472863 0.352198 0.807686
vn 0.329394 0.473601 0.816824
vn 0.186816 0.544026 0.818007
vn 0.046624 0.574021 0.817512
vn -0.092573 0.568244 0.817636
vn -0.232743 0.526079 0.817968
vn -0.374930 0.441433 0.815208
vn -0.516231 0.302002 0.801437
vn -0.642317 0.091560 0.760950
vn -0.715978 -0.193720 0.670707
vn -0.684554 -0.509869 0.520979
vn -0.535143 -0.769425 0.348724
vn -0.317224 -0.923787 0.214442
vn -0.080035 -0.985370 0.150466
vn 0.158641 -0.973787 0.163008
vn 0.391649 -0.885262 0.250844
vn 0.592878 -0.698039 0.401545
vn 0.707790 -0.414066 0.572349
vn 0.702341 -0.100116 0.704765
vn 0.000000 0.000000 -1.000000
vn 0.000000 -0.000000 1.000000
vn -0.000000 0.970296 -0.241922
vn -0.000000 0.970296 -0.241922
vn -0.000000 0.970296 -0.241922
vn -0.000000 0.970296 -0.241922
vn -0.000000 0.970296 -0.241922
vn -0.000000 0.970296 -0.241922
vn -0.000000 0.970296 -0.241922
vn -0.000000 0.970296 -0.241922
vn -0.000000 0.970296 -0.241922
vn -0.000000 0.970296 -0.241922
vn -0.000000 0.970296 -0.241922
vn -0.000000 0.970296 -0.241922
vn -0.000000 0.970296 -0.241922
vn -0.000000 0.970296 -0.241922
vn -0.000000 0.970296 -0.241922
vn -0.000000 0.970296 -0.241922
vn -0.000000 0.970296 -0.241922
vn -0.000000 0.970296 -0.241922
vn -0.000000 0.970296 -0.241922
vn 0.637008 -0.769794 -0.040469
vn 0.719511 -0.627520 0.297528
vn 0.679488 -0.487478 0.548326
vn 0.580625 -0.390892 0.714197
vn 0.452844 -0.340604 0.823967
vn 0.299089 -0.332835 0.894297
vn 0.108899 -0.368105 0.923385
vn -0.131283 -0.449283 0.883691
vn -0.409010 -0.564191 0.717217
vn -0.637008 -0.660689 0.397128
vn -0.719511 -0.693748 0.031901
vn -0.679488 -0.687841 -0.255285
vn -0.580625 -0.680433 -0.447086
vn -0.452844 -0.687565 -0.567615
vn -0.299089 -0.713723 -0.633361
vn -0.108899 -0.758520 -0.642486
vn 0.131283 -0.811561 -0.569327
vn 0.409010 -0.834864 -0.368393
vn 0.637008 -0.769794 -0.040469
vn 0.526618 -0.848353 -0.054499
vn 0.633355 -0.732603 0.249308
vn 0.627808 -0.600888 0.494762
vn 0.554362 -0.500287 0.665129
vn 0.444320 -0.443147 0.778589
vn 0.306414 -0.428994 0.849750
vn 0.136255 -0.457584 0.878664
vn -0.073746 -0.528990 0.845418
vn -0.314107 -0.631263 0.709115
vn -0.526618 -0.723465 0.446398
vn -0.633355 -0.763893 0.123811
vn -0.627808 -0.762830 -0.154749
vn -0.554362 -0.753986 -0.352404
vn -0.444320 -0.756801 -0.479408
vn -0.306414 -0.777713 -0.548884
vn -0.136255 -0.816531 -0.560992
vn 0.073746 -0.863970 -0.498114
vn 0.314107 -0.890281 -0.329751
vn 0.526618 -0.848353 -0.054499
vn 0.685743 -0.700867 -0.196323
vn 0.808169 -0.552246 0.204663
vn 0.766223 -0.396694 0.505506
vn 0.655417 -0.289173 0.697716
vn 0.519263 -0.229704 0.823166
vn 0.361970 -0.210451 0.908123
vn 0.170425 -0.230224 0.958098
vn -0.077636 -0.295149 0.952292
vn -0.390718 -0.407302 0.825496
vn -0.685743 -0.526661 0.502380
vn -0.808169 -0.583688 0.078557
vn -0.766223 -0.587581 -0.260098
vn -0.655417 -0.582882 -0.480288
vn -0.519263 -0.589270 -0.618973
vn -0.361970 -0.612156 -0.703024
vn -0.170425 -0.653076 -0.737867
vn 0.077636 -0.707675 -0.702260
vn 0.390718 -0.747174 -0.537653
vn 0.685743 -0.700867 -0.196323
vn 0.792475 -0.521380 -0.316458
vn 0.919147 -0.362554 0.154021
vn 0.844413 -0.212882 0.491577
vn 0.708092 -0.116739 0.696404
vn 0.557114 -0.063246 0.828024
vn 0.390500 -0.041182 0.919681
vn 0.189665 -0.048382 0.980656
vn -0.077043 -0.092366 0.992740
vn -0.435762 -0.186348 0.880560
vn -0.792475 -0.311783 0.524189
vn -0.919147 -0.392425 0.034217
vn -0.844413 -0.418745 -0.334095
vn -0.708092 -0.430016 -0.560082
vn -0.557114 -0.444576 -0.701410
vn -0.390500 -0.468126 -0.792697
vn -0.189665 -0.503109 -0.843154
vn 0.077043 -0.547617 -0.833174
vn 0.435762 -0.577933 -0.690003
vn 0.792475 -0.521380 -0.316458
vn 0.850818 -0.325556 -0.412459
vn 0.979470 -0.174319 0.101248
vn 0.884603 -0.048039 0.463865
vn 0.734337 0.029161 0.678158
vn 0.575963 0.073827 0.814136
vn 0.405185 0.097304 0.909042
vn 0.200669 0.102395 0.974293
vn -0.073955 0.082992 0.993802
vn -0.456244 0.020944 0.889608
vn -0.850818 -0.093811 0.517019
vn -0.979470 -0.201447 -0.007559
vn -0.884603 -0.260187 -0.387016
vn -0.734337 -0.292628 -0.612468
vn -0.575963 -0.317028 -0.753499
vn -0.405185 -0.340855 -0.848318
vn -0.200669 -0.366993 -0.908321
vn 0.073955 -0.393284 -0.916438
vn 0.456244 -0.399153 -0.795310
vn 0.850818 -0.325556 -0.412459
vn 0.866025 -0.120961 -0.485148
vn 0.998824 0.011731 0.047050
vn 0.898520 0.106187 0.425894
vn 0.743996 0.161648 0.648336
vn 0.583420 0.196482 0.788045
vn 0.411650 0.220474 0.884271
vn 0.206666 0.236699 0.949349
vn -0.069133 0.241343 0.967974
vn -0.457418 0.215130 0.862837
vn -0.866025 0.120961 0.485148
vn -0.998824 -0.011731 -0.047050
vn -0.898520 -0.106187 -0.425894
vn -0.743996 -0.161648 -0.648336
vn -0.583420 -0.196482 -0.788045
vn -0.411650 -0.220474 -0.884271
vn -0.206666 -0.236699 -0.949349
vn 0.069133 -0.241343 -0.967974
vn 0.457418 -0.215130 -0.862837
vn 0.866025 -0.120961 -0.485148
vn 0.840206 0.089364 -0.534853
vn 0.980048 0.198541 -0.009301
vn 0.889458 0.258721 0.376733
vn 0.739818 0.291688 0.606290
vn 0.581662 0.316206 0.749455
vn 0.411605 0.339985 0.845572
vn 0.208798 0.366032 0.906876
vn -0.062580 0.392484 0.917628
vn -0.441178 0.399875 0.803407
vn -0.840206 0.330003 0.430293
vn -0.980048 0.179668 -0.084997
vn -0.889458 0.051571 -0.454098
vn -0.739818 -0.027091 -0.672262
vn -0.581662 -0.072655 -0.810179
vn -0.411605 -0.096783 -0.906209
vn -0.208798 -0.102565 -0.972566
vn 0.062580 -0.084258 -0.994477
vn 0.441178 -0.024108 -0.897096
vn 0.840206 0.089364 -0.534853
vn 0.771392 0.302949 -0.559621
vn 0.918774 0.388740 -0.068808
vn 0.853370 0.417663 0.311957
vn 0.719077 0.429164 0.546577
vn 0.568931 0.443204 0.692740
vn 0.403982 0.465965 0.787194
vn 0.206684 0.500050 0.840971
vn -0.053735 0.544192 0.837238
vn -0.406109 0.577528 0.708193
vn -0.771392 0.530214 0.351890
vn -0.918774 0.375541 -0.121748
vn -0.853370 0.222320 -0.471522
vn -0.719077 0.122327 -0.684079
vn -0.568931 0.066104 -0.819725
vn -0.403982 0.041857 -0.913809
vn -0.206684 0.046706 -0.977292
vn 0.053735 0.087434 -0.994720
vn 0.406109 0.177451 -0.896430
vn 0.771392 0.302949 -0.559621
vn 0.654680 0.513645 -0.554583
vn 0.803690 0.580346 -0.131455
vn 0.777193 0.588278 0.223385
vn 0.671644 0.583069 0.457084
vn 0.538020 0.587566 0.604401
vn 0.383950 0.608170 0.694775
vn 0.197998 0.646771 0.736535
vn -0.041446 0.700391 0.712555
vn -0.347807 0.745148 0.569021
vn -0.654680 0.713883 0.248526
vn -0.803690 0.574130 -0.156388
vn -0.777193 0.414546 -0.473417
vn -0.671644 0.300231 -0.677315
vn -0.538020 0.235041 -0.809500
vn -0.383950 0.210805 -0.898968
vn -0.197998 0.225283 -0.953962
vn 0.041446 0.283884 -0.957963
vn 0.347807 0.390787 -0.852242
vn 0.654680 0.513645 -0.554583
vn 0.486844 0.706799 -0.513243
vn 0.620667 0.759718 -0.193910
vn 0.636449 0.764774 0.100262
vn 0.574346 0.755341 0.315573
vn 0.470960 0.754730 0.456705
vn 0.339245 0.771477 0.538272
vn 0.176912 0.806706 0.563851
vn -0.024047 0.853877 0.519919
vn -0.260672 0.888765 0.377024
vn -0.486844 0.865019 0.121344
vn -0.620667 0.761826 -0.185454
vn -0.636449 0.628185 -0.447566
vn -0.574346 0.518774 -0.633246
vn -0.470960 0.451977 -0.757571
vn -0.339245 0.428471 -0.837452
vn -0.176912 0.447567 -0.876576
vn 0.024047 0.509841 -0.859932
vn 0.260672 0.607731 -0.750142
vn 0.486844 0.706799 -0.513243
vn 0.281483 0.855130 -0.435340
vn 0.375168 0.893701 -0.246064
vn 0.412016 0.909446 -0.056123
vn 0.395484 0.912776 0.102140
vn 0.337805 0.916405 0.214686
vn 0.248949 0.927689 0.278241
vn 0.134402 0.947364 0.290582
vn -0.001214 0.969113 0.246612
vn -0.147317 0.978882 0.141731
vn -0.281483 0.959414 -0.017076
vn -0.375168 0.904611 -0.202305
vn -0.412016 0.829342 -0.377406
vn -0.395484 0.757982 -0.518706
vn -0.337805 0.708348 -0.619782
vn -0.248949 0.688474 -0.681196
vn -0.134402 0.700052 -0.701329
vn 0.001214 0.739899 -0.672717
vn 0.147317 0.797763 -0.584698
vn 0.281483 0.855130 -0.435340
vn -0.000000 0.970296 -0.241922
vn -0.000000 0.970296 -0.241922
vn -0.000000 0.970296 -0.241922
vn -0.000000 0.970296 -0.241922
vn -0.000000 0.970296 -0.241922
vn -0.000000 0.970296 -0.241922
vn -0.000000 0.970296 -0.241922
vn -0.000000 0.970296 -0.241922
vn -0.000000 0.970296 -0.241922
vn -0.000000 0.970296 -0.241922
vn -0.000000 0.970296 -0.241922
vn -0.000000 0.970296 -0.241922
vn -0.000000 0.970296 -0.241922
vn -0.000000 0.970296 -0.241922
vn -0.000000 0.970296 -0.241922
vn -0.000000 0.970296 -0.241922
vn -0.000000 0.970296 -0.241922
vn -0.000000 0.970296 -0.241922
vn -0.000000 0.970296 -0.241922
vn -0.000000 0.970296 -0.241922
vn -0.000000 0.970296 -0.241922
vn -0.000000 0.970296 -0.241922
vn -0.000000 0.970296 -0.241922
vn -0.000000 0.970296 -0.241922
vn -0.000000 0.970296 -0.241922
vn -0.000000 0.970296 -0.241922
vn -0.000000 0.970296 -0.241922
vn -0.000000 0.970296 -0.241922
vn -0.000000 0.970296 -0.241922
vn -0.000000 0.970296 -0.241922
vn -0.000000 0.970296 -0.241922
vn -0.000000 0.970296 -0.241922
vn -0.000000 0.970296 -0.241922
vn -0.000000 0.970296 -0.241922
vn -0.000000 0.970296 -0.241922
vn -0.000000 0.970296 -0.241922
vn -0.000000 0.970296 -0.241922
vn -0.000000 0.970296 -0.241922
vn 0.647346 -0.762195 0.000900
vn 0.730888 -0.549409 0.404910
vn 0.673127 -0.373868 0.638062
vn 0.579708 -0.272340 0.767964
vn 0.475318 -0.225664 0.850382
vn 0.354933 -0.222247 0.908091
vn 0.200152 -0.264144 0.943487
vn -0.022635 -0.366271 0.930233
vn -0.343243 -0.534838 0.772096
vn -0.647346 -0.673401 0.357034
vn -0.730888 -0.675193 -0.099582
vn -0.673127 -0.629658 -0.387855
vn -0.579708 -0.601000 -0.550216
vn -0.475318 -0.598479 -0.644900
vn -0.354933 -0.622555 -0.697458
vn -0.200152 -0.676166 -0.709041
vn 0.022635 -0.760116 -0.649393
vn 0.343243 -0.834711 -0.430629
vn 0.647346 -0.762195 0.000900
vn 0.525812 -0.849773 -0.037512
vn 0.654820 -0.673645 0.342656
vn 0.638231 -0.493796 0.590615
vn 0.565257 -0.377660 0.733387
vn 0.471995 -0.319780 0.821561
vn 0.360963 -0.309630 0.879679
vn 0.219824 -0.346910 0.911773
vn 0.024626 -0.441165 0.897088
vn -0.245772 -0.593679 0.766251
vn -0.525812 -0.732694 0.432066
vn -0.654820 -0.755661 0.013710
vn -0.638231 -0.713273 -0.289659
vn -0.565257 -0.677758 -0.470242
vn -0.471995 -0.668049 -0.575267
vn -0.360963 -0.686371 -0.631348
vn -0.219824 -0.734355 -0.642184
vn -0.024626 -0.810683 -0.584968
vn 0.245772 -0.883921 -0.397844
vn 0.525812 -0.849773 -0.037512
vn 0.684986 -0.705506 -0.181811
vn 0.814998 -0.484483 0.317890
vn 0.742557 -0.291837 0.602860
vn 0.634026 -0.183331 0.751266
vn 0.522795 -0.130442 0.842419
vn 0.402456 -0.116080 0.908050
vn 0.253935 -0.138635 0.957234
vn 0.040864 -0.211758 0.976467
vn -0.293250 -0.360727 0.885370
vn -0.684986 -0.537570 0.491744
vn -0.814998 -0.577013 -0.053229
vn -0.742557 -0.540702 -0.395284
vn -0.634026 -0.514570 -0.577260
vn -0.522795 -0.510665 -0.682574
vn -0.402456 -0.528796 -0.747264
vn -0.253935 -0.571802 -0.780102
vn -0.040864 -0.645395 -0.762755
vn 0.293250 -0.734159 -0.612385
vn 0.684986 -0.705506 -0.181811
vn 0.792881 -0.526721 -0.306440
vn 0.911835 -0.299181 0.281154
vn 0.795998 -0.128943 0.591406
vn 0.666378 -0.040786 0.744498
vn 0.546000 0.002965 0.837780
vn 0.421632 0.019355 0.906561
vn 0.270788 0.011003 0.962576
vn 0.051382 -0.032944 0.998136
vn -0.317243 -0.144036 0.937342
vn -0.792881 -0.321202 0.517851
vn -0.911835 -0.396155 -0.107787
vn -0.795998 -0.391498 -0.461645
vn -0.666378 -0.385533 -0.638204
vn -0.546000 -0.390696 -0.741108
vn -0.421632 -0.408515 -0.809532
vn -0.270788 -0.442187 -0.855070
vn -0.051382 -0.497684 -0.865835
vn 0.317243 -0.567232 -0.760003
vn 0.792881 -0.526721 -0.306440
vn 0.851808 -0.329025 -0.407634
vn 0.963450 -0.123188 0.237882
vn 0.822458 0.008631 0.568760
vn 0.681973 0.073643 0.727660
vn 0.557210 0.107795 0.823345
vn 0.431142 0.125130 0.893565
vn 0.279747 0.128832 0.951391
vn 0.058685 0.112845 0.991878
vn -0.325178 0.050781 0.944289
vn -0.851808 -0.099139 0.514388
vn -0.963450 -0.220447 -0.152204
vn -0.822458 -0.259396 -0.506237
vn -0.681973 -0.276593 -0.677059
vn -0.557210 -0.291360 -0.777577
vn -0.431142 -0.309020 -0.847717
vn -0.279747 -0.332899 -0.900511
vn -0.058685 -0.366022 -0.928754
vn 0.325178 -0.398480 -0.857597
vn 0.851808 -0.329025 -0.407634
vn 0.866025 -0.120961 -0.485148
vn 0.980801 0.047178 0.189220
vn 0.832159 0.134155 0.538065
vn 0.688064 0.175551 0.704095
vn 0.561883 0.200122 0.802645
vn 0.435449 0.217781 0.873473
vn 0.284400 0.231932 0.930228
vn 0.064164 0.241423 0.968296
vn -0.321514 0.229077 0.918778
vn -0.866025 0.120961 0.485148
vn -0.980801 -0.047178 -0.189220
vn -0.832159 -0.134155 -0.538065
vn -0.688064 -0.175551 -0.704095
vn -0.561883 -0.200122 -0.802645
vn -0.435449 -0.217781 -0.873473
vn -0.284400 -0.231932 -0.930228
vn -0.064164 -0.241423 -0.968296
vn 0.321514 -0.229077 -0.918778
vn 0.866025 -0.120961 -0.485148
vn 0.837374 0.093091 -0.538646
vn 0.966714 0.218037 0.133879
vn 0.827776 0.258600 0.497909
vn 0.686572 0.276077 0.672607
vn 0.561509 0.290811 0.774685
vn 0.435837 0.308312 0.845571
vn 0.285896 0.331915 0.898942
vn 0.068508 0.364703 0.928600
vn -0.307642 0.397985 0.864271
vn -0.837374 0.335073 0.431893
vn -0.966714 0.129663 -0.220570
vn -0.827776 -0.005423 -0.561033
vn -0.686572 -0.072009 -0.723487
vn -0.561509 -0.106922 -0.820534
vn -0.435837 -0.124748 -0.891339
vn -0.285896 -0.128964 -0.949543
vn -0.068508 -0.113938 -0.991123
vn 0.307642 -0.054350 -0.949949
vn 0.837374 0.093091 -0.538646
vn 0.764296 0.309224 -0.565891
vn 0.916094 0.394967 0.069087
vn 0.806141 0.392264 0.443019
vn 0.675765 0.385622 0.628202
vn 0.555023 0.389883 0.734806
vn 0.431608 0.406673 0.805190
vn 0.283868 0.438959 0.852487
vn 0.071944 0.492630 0.867260
vn -0.282345 0.562950 0.776768
vn -0.764296 0.538699 0.354480
vn -0.916094 0.316301 -0.246426
vn -0.806141 0.138364 -0.575319
vn -0.675765 0.045561 -0.735708
vn -0.555023 -0.000724 -0.831835
vn -0.431608 -0.018943 -0.901862
vn -0.283868 -0.012640 -0.958780
vn -0.071944 0.027812 -0.997021
vn 0.282345 0.132385 -0.950134
vn 0.764296 0.309224 -0.565891
vn 0.643080 0.520011 -0.562172
vn 0.815026 0.579362 -0.008472
vn 0.755729 0.545547 0.362288
vn 0.648352 0.516712 0.559150
vn 0.537487 0.509936 0.671620
vn 0.419159 0.525140 0.740630
vn 0.275867 0.564595 0.777901
vn 0.074162 0.634060 0.769720
vn -0.241880 0.724632 0.645293
vn -0.643080 0.723066 0.252239
vn -0.815026 0.515524 -0.264514
vn -0.755729 0.311606 -0.576000
vn -0.648352 0.193725 -0.736282
vn -0.537487 0.134941 -0.832406
vn -0.419159 0.115966 -0.900476
vn -0.275867 0.133306 -0.951907
vn -0.074162 0.198480 -0.977295
vn 0.241880 0.336865 -0.909954
vn 0.643080 0.520011 -0.562172
vn 0.472464 0.710340 -0.521722
vn 0.642386 0.759869 -0.099702
vn 0.649082 0.723463 0.235147
vn 0.583571 0.683549 0.438413
vn 0.493843 0.667811 0.556909
vn 0.387363 0.679869 0.622678
vn 0.254513 0.721161 0.644321
vn 0.073723 0.792120 0.605897
vn -0.180612 0.872348 0.454299
vn -0.472464 0.872127 0.127169
vn -0.642386 0.717732 -0.268705
vn -0.649082 0.528385 -0.547268
vn -0.583571 0.397716 -0.708003
vn -0.493843 0.328189 -0.805240
vn -0.387363 0.307959 -0.868971
vn -0.254513 0.334257 -0.907466
vn -0.073723 0.414949 -0.906853
vn 0.180612 0.556958 -0.810665
vn 0.472464 0.710340 -0.521722
vn 0.267765 0.854413 -0.445286
vn 0.393452 0.898648 -0.193976
vn 0.445038 0.894508 0.042396
vn 0.434780 0.873642 0.218440
vn 0.384862 0.861580 0.331000
vn 0.306956 0.868750 0.388653
vn 0.202335 0.896663 0.393772
vn 0.067135 0.938896 0.337590
vn -0.097666 0.974109 0.203893
vn -0.267765 0.963451 -0.007958
vn -0.393452 0.884525 -0.250619
vn -0.445038 0.769900 -0.457379
vn -0.434780 0.668829 -0.603021
vn -0.384862 0.605335 -0.696743
vn -0.306956 0.584599 -0.751014
vn -0.202335 0.606841 -0.768638
vn -0.067135 0.670507 -0.738860
vn 0.097666 0.764365 -0.637344
vn 0.267765 0.854413 -0.445286
vn -0.000000 0.970296 -0.241922
vn -0.000000 0.970296 -0.241922
vn -0.000000 0.970296 -0.241922
vn -0.000000 0.970296 -0.241922
vn -0.000000 0.970296 -0.241922
vn -0.000000 0.970296 -0.241922
vn -0.000000 0.970296 -0.241922
vn -0.000000 0.970296 -0.241922
vn -0.000000 0.970296 -0.241922
vn -0.000000 0.970296 -0.241922
vn -0.000000 0.970296 -0.241922
vn -0.000000 0.970296 -0.241922
vn -0.000000 0.970296 -0.241922
vn -0.000000 0.970296 -0.241922
vn -0.000000 0.970296 -0.241922
vn -0.000000 0.970296 -0.241922
vn -0.000000 0.970296 -0.241922
vn -0.000000 0.970296 -0.241922
vn -0.000000 0.970296 -0.241922
vn -0.000000 0.970296 -0.241922
vn -0.000000 0.970296 -0.241922
vn -0.000000 0.970296 -0.241922
vn -0.000000 0.970296 -0.241922
vn -0.000000 0.970296 -0.241922
vn -0.000000 0.970296 -0.241922
vn -0.000000 0.970296 -0.241922
vn -0.000000 0.970296 -0.241922
vn -0.000000 0.970296 -0.241922
vn -0.000000 0.970296 -0.241922
vn -0.000000 0.970296 -0.241922
vn -0.000000 0.970296 -0.241922
vn -0.000000 0.970296 -0.241922
vn -0.000000 0.970296 -0.241922
vn -0.000000 0.970296 -0.241922
vn 0.689974 -0.722648 -0.041421
vn 0.750006 -0.540293 0.381542
vn 0.642932 -0.390863 0.658684
vn 0.471522 -0.314605 0.823827
vn 0.254483 -0.306282 0.917295
vn -0.029723 -0.367270 0.929640
vn -0.389137 -0.494926 0.776930
vn -0.689974 -0.618614 0.375835
vn -0.750006 -0.656174 -0.083230
vn -0.642932 -0.654345 -0.398085
vn -0.471522 -0.664543 -0.579698
vn -0.254483 -0.701075 -0.666133
vn 0.029723 -0.760719 -0.648400
vn 0.389137 -0.801741 -0.453635
vn 0.689974 -0.722648 -0.041421
vn 0.565056 -0.821852 -0.072598
vn 0.673087 -0.669107 0.315037
vn 0.612665 -0.517606 0.597266
vn 0.470151 -0.429610 0.770969
vn 0.277976 -0.410698 0.868364
vn 0.029001 -0.460498 0.887187
vn -0.280344 -0.572788 0.770273
vn -0.565056 -0.691570 0.449936
vn -0.673087 -0.738688 0.035965
vn -0.612665 -0.737418 -0.284353
vn -0.470151 -0.741271 -0.479035
vn -0.277976 -0.770297 -0.573909
vn -0.029001 -0.823104 -0.567149
vn 0.280344 -0.867364 -0.411203
vn 0.565056 -0.821852 -0.072598
vn 0.735178 -0.635082 -0.237030
vn 0.851886 -0.445835 0.274810
vn 0.738244 -0.279111 0.614079
vn 0.555489 -0.188860 0.809793
vn 0.335617 -0.161852 0.927990
vn 0.051199 -0.195653 0.979336
vn -0.337755 -0.302445 0.891319
vn -0.735178 -0.449465 0.507438
vn -0.851886 -0.522665 -0.033336
vn -0.738244 -0.534733 -0.411164
vn -0.555489 -0.546928 -0.626340
vn -0.335617 -0.578571 -0.743381
vn -0.051199 -0.632521 -0.772849
vn 0.337755 -0.685492 -0.644999
vn 0.735178 -0.635082 -0.237030
vn 0.837687 -0.393852 -0.378367
vn 0.954034 -0.206432 0.217267
vn 0.802224 -0.063099 0.593680
vn 0.597103 0.012576 0.802066
vn 0.365010 0.043866 0.929970
vn 0.066536 0.035552 0.997150
vn -0.363380 -0.031394 0.931112
vn -0.837687 -0.170119 0.518980
vn -0.954034 -0.284270 -0.094922
vn -0.802224 -0.334429 -0.494565
vn -0.597103 -0.365444 -0.714086
vn -0.365010 -0.397863 -0.841708
vn -0.066536 -0.436743 -0.897122
vn 0.363380 -0.464850 -0.807384
vn 0.837687 -0.393852 -0.378367
vn 0.866025 -0.120961 -0.485148
vn 0.988358 0.036808 0.147628
vn 0.824821 0.136781 0.548599
vn 0.612878 0.191161 0.766706
vn 0.377874 0.223985 0.898355
vn 0.077235 0.241199 0.967397
vn -0.362416 0.225475 0.904332
vn -0.866025 0.120961 0.485148
vn -0.988358 -0.036808 -0.147628
vn -0.824821 -0.136781 -0.548599
vn -0.612878 -0.191161 -0.766706
vn -0.377874 -0.223985 -0.898355
vn -0.077235 -0.241199 -0.967397
vn 0.362416 -0.225475 -0.904332
vn 0.866025 -0.120961 -0.485148
vn 0.819301 0.162415 -0.549879
vn 0.957527 0.280354 0.067412
vn 0.812087 0.332609 0.479464
vn 0.608140 0.363905 0.705507
vn 0.378059 0.396038 0.836794
vn 0.084538 0.434671 0.896613
vn -0.337697 0.464690 0.818550
vn -0.819301 0.401556 0.409265
vn -0.957527 0.215890 -0.191139
vn -0.812087 0.068581 -0.579492
vn -0.608140 -0.009907 -0.793768
vn -0.378059 -0.043170 -0.924774
vn -0.084538 -0.037143 -0.995728
vn 0.337697 0.026012 -0.940895
vn 0.819301 0.162415 -0.549879
vn 0.699822 0.434650 -0.566858
vn 0.854488 0.518967 -0.022896
vn 0.756346 0.534031 0.377825
vn 0.578072 0.544707 0.607558
vn 0.363157 0.573792 0.734084
vn 0.088412 0.625498 0.775201
vn -0.288427 0.681936 0.672140
vn -0.699822 0.649897 0.296450
vn -0.854488 0.468969 -0.223424
vn -0.756346 0.294143 -0.584312
vn -0.578072 0.195716 -0.792167
vn -0.363157 0.161997 -0.917537
vn -0.088412 0.188347 -0.978115
vn 0.288427 0.286563 -0.913614
vn 0.699822 0.434650 -0.566858
vn 0.515719 0.670896 -0.532853
vn 0.667428 0.734985 -0.119739
vn 0.634525 0.738529 0.227934
vn 0.504653 0.738637 0.446924
vn 0.322762 0.761857 0.561603
vn 0.087107 0.810825 0.578771
vn -0.212003 0.862312 0.459863
vn -0.515719 0.842526 0.155514
vn -0.667428 0.705167 -0.239331
vn -0.634525 0.545073 -0.547972
vn -0.504653 0.442359 -0.741379
vn -0.322762 0.409024 -0.853536
vn -0.087107 0.444199 -0.891683
vn 0.212003 0.545484 -0.810865
vn 0.515719 0.670896 -0.532853
vn 0.292758 0.841645 -0.453791
vn 0.405860 0.889579 -0.209589
vn 0.422737 0.905907 0.025009
vn 0.359177 0.912595 0.195351
vn 0.239323 0.928021 0.285484
vn 0.077209 0.954178 0.289108
vn -0.112542 0.974281 0.195222
vn -0.292758 0.956171 0.005545
vn -0.405860 0.883847 -0.232576
vn -0.422737 0.788128 -0.447380
vn -0.359177 0.714062 -0.600922
vn -0.239323 0.685367 -0.687747
vn -0.077209 0.706761 -0.703226
vn 0.112542 0.768588 -0.629768
vn 0.292758 0.841645 -0.453791
vn -0.000000 0.970296 -0.241922
vn -0.000000 0.970296 -0.241922
vn -0.000000 0.970296 -0.241922
vn -0.000000 0.970296 -0.241922
vn -0.000000 0.970296 -0.241922
vn -0.000000 0.970296 -0.241922
vn -0.000000 0.970296 -0.241922
vn -0.000000 0.970296 -0.241922
vn -0.000000 0.970296 -0.241922
vn -0.000000 0.970296 -0.241922
vn -0.000000 0.970296 -0.241922
vn -0.000000 0.970296 -0.241922
vn -0.000000 0.970296 -0.241922
vn -0.000000 0.970296 -0.241922
vn -0.000000 0.970296 -0.241922
vn 0.000000 0.970296 -0.241922
vn 0.000000 0.970296 -0.241922
vn 0.000000 0.970296 -0.241922
vn 0.000000 0.970296 -0.241922
vn 0.000000 0.970296 -0.241922
vn 0.000000 0.970296 -0.241922
vn 0.000000 0.970296 -0.241922
vn 0.000000 0.970296 -0.241922
vn 0.000000 0.970296 -0.241922
vn 0.000000 0.970296 -0.241922
vn 0.000000 0.970296 -0.241922
vn 0.000000 0.970296 -0.241922
vn 0.000000 0.970296 -0.241922
vn 0.000000 0.970296 -0.241922
vn 0.000000 0.970296 -0.241922
vn 0.000000 0.970296 -0.241922
vn 0.000000 0.970296 -0.241922
vn 0.454788 -0.886786 0.082334
vn 0.542161 -0.750924 0.377059
vn 0.522800 -0.617323 0.587871
vn 0.443778 -0.532756 0.720578
vn 0.328293 -0.504440 0.798601
vn 0.176677 -0.531869 0.828191
vn -0.019851 -0.614030 0.789033
vn -0.253003 -0.731291 0.633406
vn -0.454788 -0.821639 0.343624
vn -0.542161 -0.840046 0.019614
vn -0.522800 -0.821053 -0.229243
vn -0.443778 -0.808686 -0.386119
vn -0.328293 -0.820315 -0.468302
vn -0.176677 -0.858425 -0.481552
vn 0.019851 -0.912585 -0.408405
vn 0.253003 -0.943058 -0.215944
vn 0.454788 -0.886786 0.082334
vn 0.344988 -0.936264 0.066288
vn 0.444357 -0.837550 0.317895
vn 0.455262 -0.724253 0.517875
vn 0.403196 -0.642092 0.652035
vn 0.309892 -0.607403 0.731457
vn 0.181943 -0.622683 0.761027
vn 0.018566 -0.684998 0.728308
vn -0.171152 -0.777450 0.605210
vn -0.344988 -0.857792 0.381021
vn -0.444357 -0.888755 0.112521
vn -0.455262 -0.882605 -0.117241
vn -0.403196 -0.873046 -0.274269
vn -0.309892 -0.879703 -0.360680
vn -0.181943 -0.907077 -0.379616
vn -0.018566 -0.946738 -0.321470
vn 0.171152 -0.970576 -0.169378
vn 0.344988 -0.936264 0.066288
vn 0.538163 -0.839207 -0.078181
vn 0.668912 -0.673810 0.313905
vn 0.638530 -0.501439 0.583814
vn 0.540486 -0.393120 0.743863
vn 0.412407 -0.348018 0.841905
vn 0.252064 -0.359967 0.898269
vn 0.038437 -0.433166 0.900494
vn -0.247269 -0.568251 0.784824
vn -0.538163 -0.704272 0.463013
vn -0.668912 -0.742309 0.039173
vn -0.638530 -0.716828 -0.280066
vn -0.540486 -0.696327 -0.472233
vn -0.412407 -0.702532 -0.579973
vn -0.252064 -0.739544 -0.624130
vn -0.038437 -0.805220 -0.591730
vn 0.247269 -0.870188 -0.426181
vn 0.538163 -0.839207 -0.078181
vn 0.754080 -0.594334 -0.279518
vn 0.883145 -0.382120 0.272101
vn 0.775426 -0.205311 0.597128
vn 0.629256 -0.110340 0.769326
vn 0.476115 -0.068435 0.876716
vn 0.298514 -0.066453 0.952089
vn 0.056072 -0.110650 0.992276
vn -0.315767 -0.225797 0.921579
vn -0.754080 -0.393540 0.525823
vn -0.883145 -0.465136 -0.060857
vn -0.775426 -0.461613 -0.430845
vn -0.629256 -0.458601 -0.627473
vn -0.476115 -0.472018 -0.741966
vn -0.298514 -0.505653 -0.809447
vn -0.056072 -0.563543 -0.824181
vn 0.315767 -0.632022 -0.707700
vn 0.754080 -0.594334 -0.279518
vn 0.866025 -0.120961 -0.485148
vn 0.984203 0.042831 0.171786
vn 0.830148 0.134882 0.540982
vn 0.662328 0.181251 0.726959
vn 0.500000 0.209511 0.840301
vn 0.317675 0.229390 0.920034
vn 0.067773 0.241366 0.968065
vn -0.338776 0.227616 0.912919
vn -0.866025 0.120961 0.485148
vn -0.984203 -0.042831 -0.171786
vn -0.830148 -0.134882 -0.540982
vn -0.662328 -0.181251 -0.726959
vn -0.500000 -0.209511 -0.840301
vn -0.317675 -0.229390 -0.920034
vn -0.067773 -0.241366 -0.968065
vn 0.338776 -0.227616 -0.912919
vn 0.866025 -0.120961 -0.485148
vn 0.736439 0.386148 -0.555471
vn 0.884980 0.464310 0.035042
vn 0.782592 0.462068 0.417184
vn 0.636861 0.458395 0.619904
vn 0.484310 0.470873 0.737375
vn 0.308720 0.503371 0.807037
vn 0.071040 0.559998 0.825443
vn -0.292984 0.629410 0.719724
vn -0.736439 0.601726 0.309166
vn -0.884980 0.393510 -0.248920
vn -0.782592 0.212125 -0.585280
vn -0.636861 0.113711 -0.762547
vn -0.484310 0.069580 -0.872125
vn -0.308720 0.065569 -0.948890
vn -0.071040 0.106926 -0.991726
vn 0.292984 0.217846 -0.930969
vn 0.736439 0.386148 -0.555471
vn 0.510600 0.692722 -0.509337
vn 0.664069 0.742898 -0.084350
vn 0.646715 0.720259 0.250972
vn 0.553367 0.697460 0.455340
vn 0.428336 0.700308 0.571050
vn 0.272463 0.733762 0.622380
vn 0.066257 0.796759 0.600653
vn -0.211851 0.865328 0.454231
vn -0.510600 0.850756 0.124504
vn -0.664069 0.695540 -0.274293
vn -0.646715 0.518127 -0.559736
vn -0.553367 0.402051 -0.729479
vn -0.428336 0.350243 -0.832981
vn -0.272463 0.355684 -0.894009
vn -0.066257 0.421507 -0.904401
vn 0.211851 0.550791 -0.807309
vn 0.510600 0.692722 -0.509337
vn 0.312949 0.844367 -0.434864
vn 0.431250 0.886437 -0.168088
vn 0.459200 0.885193 0.074627
vn 0.418062 0.874097 0.247342
vn 0.332440 0.876553 0.348048
vn 0.211783 0.899781 0.381499
vn 0.055802 0.938399 0.341019
vn -0.130527 0.969051 0.209528
vn -0.312949 0.949688 -0.012444
vn -0.431250 0.861589 -0.267744
vn -0.459200 0.746543 -0.481465
vn -0.418062 0.655662 -0.628754
vn -0.332440 0.610552 -0.718825
vn -0.211783 0.615357 -0.759265
vn -0.055802 0.668459 -0.741653
vn 0.130527 0.757254 -0.639945
vn 0.312949 0.844367 -0.434864
vn 0.157788 0.918252 -0.363203
vn 0.228771 0.947582 -0.223050
vn 0.260438 0.961736 -0.085060
vn 0.251374 0.967550 0.025669
vn 0.207362 0.973628 0.095130
vn 0.135395 0.983854 0.117046
vn 0.042587 0.995190 0.088228
vn -0.060712 0.998113 0.009138
vn -0.157788 0.981282 -0.110404
vn -0.228771 0.941381 -0.247921
vn -0.260438 0.889096 -0.376404
vn -0.251374 0.842245 -0.476901
vn -0.207362 0.815002 -0.541085
vn -0.135395 0.813742 -0.565237
vn -0.042587 0.837280 -0.545114
vn 0.060712 0.876992 -0.476654
vn 0.157788 0.918252 -0.363203
vn -0.000000 0.970296 -0.241922
vn -0.000000 0.970296 -0.241922
vn -0.000000 0.970296 -0.241922
vn -0.000000 0.970296 -0.241922
vn -0.000000 0.970296 -0.241922
vn -0.000000 0.970296 -0.241922
vn -0.000000 0.970296 -0.241922
vn -0.000000 0.970296 -0.241922
vn -0.000000 0.970296 -0.241922
vn -0.000000 0.970296 -0.241922
vn -0.000000 0.970296 -0.241922
vn -0.000000 0.970296 -0.241922
vn -0.000000 0.970296 -0.241922
vn -0.000000 0.970296 -0.241922
vn -0.000000 0.970296 -0.241922
vn -0.000000 0.970296 -0.241922
vn -0.000000 0.970296 -0.241922
vn 0.000000 0.970296 -0.241922
vn 0.000000 0.970296 -0.241922
vn 0.000000 0.970296 -0.241922
vn 0.000000 0.970296 -0.241922
vn 0.000000 0.970296 -0.241922
vn 0.000000 0.970296 -0.241922
vn 0.000000 0.970296 -0.241922
vn 0.000000 0.970296 -0.241922
vn 0.000000 0.970296 -0.241922
vn 0.000000 0.970296 -0.241922
vn 0.000000 0.970296 -0.241922
vn 0.000000 0.970296 -0.241922
vn 0.000000 0.970296 -0.241922
vn 0.000000 0.970296 -0.241922
vn 0.000000 0.970296 -0.241922
vn 0.000000 0.970296 -0.241922
vn 0.000000 0.970296 -0.241922
vn 0.000000 0.970296 -0.241922
vn 0.000000 0.970296 -0.241922
vn 0.513790 -0.609058 0.604209
vn 0.241215 -0.493332 0.835727
vn -0.018883 -0.395209 0.918397
vn -0.227932 -0.341631 0.911776
vn -0.394598 -0.332469 0.856596
vn -0.532202 -0.365395 0.763707
vn -0.644350 -0.442893 0.623425
vn -0.714079 -0.567357 0.410119
vn -0.688979 -0.717551 0.102123
vn -0.513790 -0.821425 -0.247549
vn -0.241215 -0.827936 -0.506298
vn 0.018883 -0.780110 -0.625357
vn 0.227932 -0.729695 -0.644665
vn 0.394598 -0.695700 -0.600245
vn 0.532202 -0.681163 -0.502771
vn 0.644350 -0.683732 -0.342526
vn 0.714079 -0.693486 -0.095755
vn 0.688979 -0.681504 0.246701
vn 0.513790 -0.609058 0.604209
vn 0.486844 -0.706799 0.513243
vn 0.260672 -0.607731 0.750142
vn 0.024047 -0.509841 0.859932
vn -0.176912 -0.447567 0.876576
vn -0.339245 -0.428471 0.837452
vn -0.470960 -0.451977 0.757571
vn -0.574346 -0.518774 0.633246
vn -0.636449 -0.628185 0.447566
vn -0.620667 -0.761826 0.185454
vn -0.486844 -0.865019 -0.121344
vn -0.260672 -0.888765 -0.377024
vn -0.024047 -0.853877 -0.519919
vn 0.176912 -0.806706 -0.563851
vn 0.339245 -0.771477 -0.538272
vn 0.470960 -0.754730 -0.456705
vn 0.574346 -0.755341 -0.315573
vn 0.636449 -0.764774 -0.100262
vn 0.620667 -0.759718 0.193910
vn 0.486844 -0.706799 0.513243
vn 0.654680 -0.513645 0.554583
vn 0.347807 -0.390787 0.852242
vn 0.041446 -0.283884 0.957963
vn -0.197998 -0.225283 0.953962
vn -0.383950 -0.210805 0.898968
vn -0.538020 -0.235041 0.809500
vn -0.671644 -0.300231 0.677315
vn -0.777193 -0.414546 0.473417
vn -0.803690 -0.574130 0.156388
vn -0.654680 -0.713883 -0.248526
vn -0.347807 -0.745148 -0.569021
vn -0.041446 -0.700391 -0.712555
vn 0.197998 -0.646771 -0.736535
vn 0.383950 -0.608170 -0.694775
vn 0.538020 -0.587566 -0.604401
vn 0.671644 -0.583069 -0.457084
vn 0.777193 -0.588278 -0.223385
vn 0.803690 -0.580346 0.131455
vn 0.654680 -0.513645 0.554583
vn 0.771392 -0.302949 0.559621
vn 0.406109 -0.177451 0.896430
vn 0.053735 -0.087434 0.994720
vn -0.206684 -0.046706 0.977292
vn -0.403982 -0.041857 0.913809
vn -0.568931 -0.066104 0.819725
vn -0.719077 -0.122327 0.684079
vn -0.853370 -0.222320 0.471522
vn -0.918774 -0.375541 0.121748
vn -0.771392 -0.530214 -0.351890
vn -0.406109 -0.577528 -0.708193
vn -0.053735 -0.544192 -0.837238
vn 0.206684 -0.500050 -0.840971
vn 0.403982 -0.465965 -0.787194
vn 0.568931 -0.443204 -0.692740
vn 0.719077 -0.429164 -0.546577
vn 0.853370 -0.417663 -0.311957
vn 0.918774 -0.388740 0.068808
vn 0.771392 -0.302949 0.559621
vn 0.840206 -0.089364 0.534853
vn 0.441178 0.024108 0.897096
vn 0.062580 0.084258 0.994477
vn -0.208798 0.102565 0.972566
vn -0.411605 0.096783 0.906209
vn -0.581662 0.072655 0.810179
vn -0.739818 0.027091 0.672262
vn -0.889458 -0.051571 0.454098
vn -0.980048 -0.179668 0.084997
vn -0.840206 -0.330003 -0.430293
vn -0.441178 -0.399875 -0.803407
vn -0.062580 -0.392484 -0.917628
vn 0.208798 -0.366032 -0.906876
vn 0.411605 -0.339985 -0.845572
vn 0.581662 -0.316206 -0.749455
vn 0.739818 -0.291688 -0.606290
vn 0.889458 -0.258721 -0.376733
vn 0.980048 -0.198541 0.009301
vn 0.840206 -0.089364 0.534853
vn 0.866025 0.120961 0.485148
vn 0.457418 0.215130 0.862837
vn 0.069133 0.241343 0.967974
vn -0.206666 0.236699 0.949349
vn -0.411650 0.220474 0.884271
vn -0.583420 0.196482 0.788045
vn -0.743996 0.161648 0.648336
vn -0.898520 0.106187 0.425894
vn -0.998824 0.011731 0.047050
vn -0.866025 -0.120961 -0.485148
vn -0.457418 -0.215130 -0.862837
vn -0.069133 -0.241343 -0.967974
vn 0.206666 -0.236699 -0.949349
vn 0.411650 -0.220474 -0.884271
vn 0.583420 -0.196482 -0.788045
vn 0.743996 -0.161648 -0.648336
vn 0.898520 -0.106187 -0.425894
vn 0.998824 -0.011731 -0.047050
vn 0.866025 0.120961 0.485148
vn 0.850818 0.325556 0.412459
vn 0.456244 0.399153 0.795310
vn 0.073955 0.393284 0.916438
vn -0.200669 0.366993 0.908321
vn -0.405185 0.340855 0.848318
vn -0.575963 0.317028 0.753499
vn -0.734337 0.292628 0.612468
vn -0.884603 0.260187 0.387016
vn -0.979470 0.201447 0.007559
vn -0.850818 0.093811 -0.517019
vn -0.456244 -0.020944 -0.889608
vn -0.073955 -0.082992 -0.993802
vn 0.200669 -0.102395 -0.974293
vn 0.405185 -0.097304 -0.909042
vn 0.575963 -0.073827 -0.814136
vn 0.734337 -0.029161 -0.678158
vn 0.884603 0.048039 -0.463865
vn 0.979470 0.174319 -0.101248
vn 0.850818 0.325556 0.412459
vn 0.792475 0.521380 0.316458
vn 0.435762 0.577933 0.690003
vn 0.077043 0.547617 0.833174
vn -0.189665 0.503109 0.843154
vn -0.390500 0.468126 0.792697
vn -0.557114 0.444576 0.701410
vn -0.708092 0.430016 0.560082
vn -0.844413 0.418745 0.334095
vn -0.919147 0.392425 -0.034217
vn -0.792475 0.311783 -0.524189
vn -0.435762 0.186348 -0.880560
vn -0.077043 0.092366 -0.992740
vn 0.189665 0.048382 -0.980656
vn 0.390500 0.041182 -0.919681
vn 0.557114 0.063246 -0.828024
vn 0.708092 0.116739 -0.696404
vn 0.844413 0.212882 -0.491577
vn 0.919147 0.362554 -0.154021
vn 0.792475 0.521380 0.316458
vn 0.685743 0.700867 0.196323
vn 0.390718 0.747174 0.537653
vn 0.077636 0.707675 0.702260
vn -0.170425 0.653076 0.737867
vn -0.361970 0.612156 0.703024
vn -0.519263 0.589270 0.618973
vn -0.655417 0.582882 0.480288
vn -0.766223 0.587581 0.260098
vn -0.808169 0.583688 -0.078557
vn -0.685743 0.526661 -0.502380
vn -0.390718 0.407302 -0.825496
vn -0.077636 0.295149 -0.952292
vn 0.170425 0.230224 -0.958098
vn 0.361970 0.210451 -0.908123
vn 0.519263 0.229704 -0.823166
vn 0.655417 0.289173 -0.697716
vn 0.766223 0.396694 -0.505506
vn 0.808169 0.552246 -0.204663
vn 0.685743 0.700867 0.196323
vn 0.526618 0.848353 0.054499
vn 0.314107 0.890281 0.329751
vn 0.073746 0.863970 0.498114
vn -0.136255 0.816531 0.560992
vn -0.306414 0.777713 0.548884
vn -0.444320 0.756801 0.479408
vn -0.554362 0.753986 0.352404
vn -0.627808 0.762830 0.154749
vn -0.633355 0.763893 -0.123811
vn -0.526618 0.723465 -0.446398
vn -0.314107 0.631263 -0.709115
vn -0.073746 0.528990 -0.845418
vn 0.136255 0.457584 -0.878664
vn 0.306414 0.428994 -0.849750
vn 0.444320 0.443147 -0.778589
vn 0.554362 0.500287 -0.665129
vn 0.627808 0.600888 -0.494762
vn 0.633355 0.732603 -0.249308
vn 0.526618 0.848353 0.054499
vn 0.327399 0.940174 -0.094244
vn 0.207112 0.975030 0.080129
vn 0.062629 0.975742 0.209774
vn -0.079322 0.956935 0.279253
vn -0.203494 0.935164 0.289927
vn -0.303692 0.920043 0.247574
vn -0.375458 0.913694 0.155542
vn -0.410875 0.911555 0.015760
vn -0.397841 0.902738 -0.163667
vn -0.327399 0.874370 -0.358172
vn -0.207112 0.823282 -0.528499
vn -0.062629 0.763046 -0.643303
vn 0.079322 0.713822 -0.695820
vn 0.203494 0.689589 -0.695023
vn 0.303692 0.696121 -0.650529
vn 0.375458 0.733722 -0.566289
vn 0.410875 0.797457 -0.441864
vn 0.397841 0.873907 -0.279300
vn 0.327399 0.940174 -0.094244
vn -0.000000 0.970296 -0.241922
vn -0.000000 0.970296 -0.241922
vn -0.000000 0.970296 -0.241922
vn -0.000000 0.970296 -0.241922
vn -0.000000 0.970296 -0.241922
vn -0.000000 0.970296 -0.241922
vn -0.000000 0.970296 -0.241922
vn -0.000000 0.970296 -0.241922
vn -0.000000 0.970296 -0.241922
vn -0.000000 0.970296 -0.241922
vn -0.000000 0.970296 -0.241922
vn -0.000000 0.970296 -0.241922
vn -0.000000 0.970296 -0.241922
vn -0.000000 0.970296 -0.241922
vn -0.000000 0.970296 -0.241922
vn -0.000000 0.970296 -0.241922
vn -0.000000 0.970296 -0.241922
vn -0.000000 0.970296 -0.241922
vn -0.000000 0.970296 -0.241922
vn 0.000000 0.970296 -0.241922
vn 0.000000 0.970296 -0.241922
vn 0.000000 0.970296 -0.241922
vn 0.000000 0.970296 -0.241922
vn 0.000000 0.970296 -0.241922
vn 0.000000 0.970296 -0.241922
vn 0.000000 0.970296 -0.241922
vn 0.000000 0.970296 -0.241922
vn 0.000000 0.970296 -0.241922
vn 0.000000 0.970296 -0.241922
vn 0.000000 0.970296 -0.241922
vn 0.000000 0.970296 -0.241922
vn 0.000000 0.970296 -0.241922
vn 0.000000 0.970296 -0.241922
vn 0.000000 0.970296 -0.241922
vn 0.000000 0.970296 -0.241922
vn 0.000000 0.970296 -0.241922
vn 0.000000 0.970296 -0.241922
vn 0.000000 0.970296 -0.241922
vn 0.482605 -0.604371 0.633899
vn 0.140305 -0.427726 0.892953
vn -0.121271 -0.296788 0.947212
vn -0.298408 -0.233050 0.925548
vn -0.429638 -0.219283 0.875971
vn -0.539040 -0.247962 0.804954
vn -0.637395 -0.325215 0.698543
vn -0.716255 -0.469474 0.516306
vn -0.708360 -0.681719 0.182988
vn -0.482605 -0.831226 -0.275965
vn -0.140305 -0.796876 -0.587625
vn 0.121271 -0.706737 -0.697005
vn 0.298408 -0.640290 -0.707800
vn 0.429638 -0.604859 -0.670489
vn 0.539040 -0.596840 -0.594321
vn 0.637395 -0.615094 -0.464097
vn 0.716255 -0.656912 -0.235467
vn 0.708360 -0.687830 0.158479
vn 0.482605 -0.604371 0.633899
vn 0.472464 -0.710340 0.521722
vn 0.180612 -0.556958 0.810665
vn -0.073723 -0.414949 0.906853
vn -0.254513 -0.334257 0.907466
vn -0.387363 -0.307959 0.868971
vn -0.493843 -0.328189 0.805240
vn -0.583571 -0.397716 0.708003
vn -0.649082 -0.528385 0.547268
vn -0.642386 -0.717732 0.268705
vn -0.472464 -0.872127 -0.127169
vn -0.180612 -0.872348 -0.454299
vn 0.073723 -0.792120 -0.605897
vn 0.254513 -0.721161 -0.644321
vn 0.387363 -0.679869 -0.622678
vn 0.493843 -0.667811 -0.556909
vn 0.583571 -0.683549 -0.438413
vn 0.649082 -0.723463 -0.235147
vn 0.642386 -0.759869 0.099702
vn 0.472464 -0.710340 0.521722
vn 0.643080 -0.520011 0.562172
vn 0.241880 -0.336865 0.909954
vn -0.074162 -0.198480 0.977295
vn -0.275867 -0.133306 0.951907
vn -0.419159 -0.115966 0.900476
vn -0.537487 -0.134941 0.832406
vn -0.648352 -0.193725 0.736282
vn -0.755729 -0.311606 0.576000
vn -0.815026 -0.515524 0.264514
vn -0.643080 -0.723066 -0.252239
vn -0.241880 -0.724632 -0.645293
vn 0.074162 -0.634060 -0.769720
vn 0.275867 -0.564595 -0.777901
vn 0.419159 -0.525140 -0.740630
vn 0.537487 -0.509936 -0.671620
vn 0.648352 -0.516712 -0.559150
vn 0.755729 -0.545547 -0.362288
vn 0.815026 -0.579362 0.008472
vn 0.643080 -0.520011 0.562172
vn 0.764296 -0.309224 0.565891
vn 0.282345 -0.132385 0.950134
vn -0.071944 -0.027812 0.997021
vn -0.283868 0.012640 0.958780
vn -0.431608 0.018943 0.901862
vn -0.555023 0.000724 0.831835
vn -0.675765 -0.045561 0.735708
vn -0.806141 -0.138364 0.575319
vn -0.916094 -0.316301 0.246426
vn -0.764296 -0.538699 -0.354480
vn -0.282345 -0.562950 -0.776768
vn 0.071944 -0.492630 -0.867260
vn 0.283868 -0.438959 -0.852487
vn 0.431608 -0.406673 -0.805190
vn 0.555023 -0.389883 -0.734806
vn 0.675765 -0.385622 -0.628202
vn 0.806141 -0.392264 -0.443019
vn 0.916094 -0.394967 -0.069087
vn 0.764296 -0.309224 0.565891
vn 0.837374 -0.093091 0.538646
vn 0.307642 0.054350 0.949949
vn -0.068508 0.113938 0.991123
vn -0.285896 0.128964 0.949543
vn -0.435837 0.124748 0.891339
vn -0.561509 0.106922 0.820534
vn -0.686572 0.072009 0.723487
vn -0.827776 0.005423 0.561033
vn -0.966714 -0.129663 0.220570
vn -0.837374 -0.335073 -0.431893
vn -0.307642 -0.397985 -0.864271
vn 0.068508 -0.364703 -0.928600
vn 0.285896 -0.331915 -0.898942
vn 0.435837 -0.308312 -0.845571
vn 0.561509 -0.290811 -0.774685
vn 0.686572 -0.276077 -0.672607
vn 0.827776 -0.258600 -0.497909
vn 0.966714 -0.218037 -0.133879
vn 0.837374 -0.093091 0.538646
vn 0.866025 0.120961 0.485148
vn 0.321514 0.229077 0.918778
vn -0.064164 0.241423 0.968296
vn -0.284400 0.231932 0.930228
vn -0.435449 0.217781 0.873473
vn -0.561883 0.200122 0.802645
vn -0.688064 0.175551 0.704095
vn -0.832159 0.134155 0.538065
vn -0.980801 0.047178 0.189220
vn -0.866025 -0.120961 -0.485148
vn -0.321514 -0.229077 -0.918778
vn 0.064164 -0.241423 -0.968296
vn 0.284400 -0.231932 -0.930228
vn 0.435449 -0.217781 -0.873473
vn 0.561883 -0.200122 -0.802645
vn 0.688064 -0.175551 -0.704095
vn 0.832159 -0.134155 -0.538065
vn 0.980801 -0.047178 -0.189220
vn 0.866025 0.120961 0.485148
vn 0.851808 0.329025 0.407634
vn 0.325178 0.398480 0.857597
vn -0.058685 0.366022 0.928754
vn -0.279747 0.332899 0.900511
vn -0.431142 0.309020 0.847717
vn -0.557210 0.291360 0.777577
vn -0.681973 0.276593 0.677059
vn -0.822458 0.259396 0.506237
vn -0.963450 0.220447 0.152204
vn -0.851808 0.099139 -0.514388
vn -0.325178 -0.050781 -0.944289
vn 0.058685 -0.112845 -0.991878
vn 0.279747 -0.128832 -0.951391
vn 0.431142 -0.125130 -0.893565
vn 0.557210 -0.107795 -0.823345
vn 0.681973 -0.073643 -0.727660
vn 0.822458 -0.008631 -0.568760
vn 0.963450 0.123188 -0.237882
vn 0.851808 0.329025 0.407634
vn 0.792881 0.526721 0.306440
vn 0.317243 0.567232 0.760003
vn -0.051382 0.497684 0.865835
vn -0.270788 0.442187 0.855070
vn -0.421632 0.408515 0.809532
vn -0.546000 0.390696 0.741108
vn -0.666378 0.385533 0.638204
vn -0.795998 0.391498 0.461645
vn -0.911835 0.396155 0.107787
vn -0.792881 0.321202 -0.517851
vn -0.317243 0.144036 -0.937342
vn 0.051382 0.032944 -0.998136
vn 0.270788 -0.011003 -0.962576
vn 0.421632 -0.019355 -0.906561
vn 0.546000 -0.002965 -0.837780
vn 0.666378 0.040786 -0.744498
vn 0.795998 0.128943 -0.591406
vn 0.911835 0.299181 -0.281154
vn 0.792881 0.526721 0.306440
vn 0.684986 0.705506 0.181811
vn 0.293250 0.734159 0.612385
vn -0.040864 0.645395 0.762755
vn -0.253935 0.571802 0.780102
vn -0.402456 0.528796 0.747264
vn -0.522795 0.510665 0.682574
vn -0.634026 0.514570 0.577260
vn -0.742557 0.540702 0.395284
vn -0.814998 0.577013 0.053229
vn -0.684986 0.537570 -0.491744
vn -0.293250 0.360727 -0.885370
vn 0.040864 0.211758 -0.976467
vn 0.253935 0.138635 -0.957234
vn 0.402456 0.116080 -0.908050
vn 0.522795 0.130442 -0.842419
vn 0.634026 0.183331 -0.751266
vn 0.742557 0.291837 -0.602860
vn 0.814998 0.484483 -0.317890
vn 0.684986 0.705506 0.181811
vn 0.525812 0.849773 0.037512
vn 0.245772 0.883921 0.397844
vn -0.024626 0.810683 0.584968
vn -0.219824 0.734355 0.642184
vn -0.360963 0.686371 0.631348
vn -0.471995 0.668049 0.575267
vn -0.565257 0.677758 0.470242
vn -0.638231 0.713273 0.289659
vn -0.654820 0.755661 -0.013710
vn -0.525812 0.732694 -0.432066
vn -0.245772 0.593679 -0.766251
vn 0.024626 0.441165 -0.897088
vn 0.219824 0.346910 -0.911773
vn 0.360963 0.309630 -0.879679
vn 0.471995 0.319780 -0.821561
vn 0.565257 0.377660 -0.733387
vn 0.638231 0.493796 -0.590615
vn 0.654820 0.673645 -0.342656
vn 0.525812 0.849773 0.037512
vn 0.329048 0.937772 -0.110952
vn 0.171448 0.977550 0.122482
vn -0.000515 0.956596 0.291417
vn -0.149202 0.913530 0.378420
vn -0.266219 0.878151 0.397464
vn -0.355120 0.862023 0.361672
vn -0.417580 0.866599 0.273192
vn -0.446819 0.885864 0.124891
vn -0.424251 0.901211 -0.088485
vn -0.329048 0.880092 -0.342293
vn -0.171448 0.805624 -0.567077
vn 0.000515 0.707812 -0.706401
vn 0.149202 0.628942 -0.763001
vn 0.266219 0.588764 -0.763207
vn 0.355120 0.591327 -0.724032
vn 0.417580 0.636905 -0.648058
vn 0.446819 0.723539 -0.526160
vn 0.424251 0.837263 -0.344966
vn 0.329048 0.937772 -0.110952
vn -0.000000 0.970296 -0.241922
vn -0.000000 0.970296 -0.241922
vn -0.000000 0.970296 -0.241922
vn -0.000000 0.970296 -0.241922
vn -0.000000 0.970296 -0.241922
vn -0.000000 0.970296 -0.241922
vn -0.000000 0.970296 -0.241922
vn -0.000000 0.970296 -0.241922
vn -0.000000 0.970296 -0.241922
vn -0.000000 0.970296 -0.241922
vn -0.000000 0.970296 -0.241922
vn -0.000000 0.970296 -0.241922
vn -0.000000 0.970296 -0.241922
vn -0.000000 0.970296 -0.241922
vn -0.000000 0.970296 -0.241922
vn -0.000000 0.970296 -0.241922
vn -0.000000 0.970296 -0.241922
vn -0.000000 0.970296 -0.241922
vn -0.000000 0.970296 -0.241922
vn 0.000000 0.970296 -0.241922
vn 0.000000 0.970296 -0.241922
vn 0.000000 0.970296 -0.241922
vn 0.000000 0.970296 -0.241922
vn 0.000000 0.970296 -0.241922
vn 0.000000 0.970296 -0.241922
vn 0.000000 0.970296 -0.241922
vn 0.000000 0.970296 -0.241922
vn 0.000000 0.970296 -0.241922
vn 0.000000 0.970296 -0.241922
vn 0.000000 0.970296 -0.241922
vn 0.000000 0.970296 -0.241922
vn 0.000000 0.970296 -0.241922
vn 0.000000 0.970296 -0.241922
vn 0.000000 0.970296 -0.241922
vn 0.531195 -0.552082 0.642679
vn 0.167590 -0.412129 0.895580
vn -0.150137 -0.322033 0.934748
vn -0.390588 -0.303301 0.869166
vn -0.579393 -0.351663 0.735280
vn -0.719091 -0.471859 0.510154
vn -0.743731 -0.653158 0.142296
vn -0.531195 -0.789180 -0.308265
vn -0.167590 -0.784338 -0.597267
vn 0.150137 -0.723175 -0.674148
vn 0.390588 -0.675847 -0.625037
vn 0.579393 -0.655693 -0.484118
vn 0.719091 -0.656129 -0.228914
vn 0.743731 -0.643509 0.180999
vn 0.531195 -0.552082 0.642679
vn 0.515719 -0.670896 0.532853
vn 0.212003 -0.545484 0.810865
vn -0.087107 -0.444199 0.891683
vn -0.322762 -0.409024 0.853536
vn -0.504653 -0.442359 0.741379
vn -0.634525 -0.545073 0.547972
vn -0.667428 -0.705167 0.239331
vn -0.515719 -0.842526 -0.155514
vn -0.212003 -0.862312 -0.459863
vn 0.087107 -0.810825 -0.578771
vn 0.322762 -0.761857 -0.561603
vn 0.504653 -0.738637 -0.446924
vn 0.634525 -0.738529 -0.227934
vn 0.667428 -0.734985 0.119739
vn 0.515719 -0.670896 0.532853
vn 0.699822 -0.434650 0.566858
vn 0.288427 -0.286563 0.913614
vn -0.088412 -0.188347 0.978115
vn -0.363157 -0.161997 0.917537
vn -0.578072 -0.195716 0.792167
vn -0.756346 -0.294143 0.584312
vn -0.854488 -0.468969 0.223424
vn -0.699822 -0.649897 -0.296450
vn -0.288427 -0.681936 -0.672140
vn 0.088412 -0.625498 -0.775201
vn 0.363157 -0.573792 -0.734084
vn 0.578072 -0.544707 -0.607558
vn 0.756346 -0.534031 -0.377825
vn 0.854488 -0.518967 0.022896
vn 0.699822 -0.434650 0.566858
vn 0.819301 -0.162415 0.549879
vn 0.337697 -0.026012 0.940895
vn -0.084538 0.037143 0.995728
vn -0.378059 0.043170 0.924774
vn -0.608140 0.009907 0.793768
vn -0.812087 -0.068581 0.579492
vn -0.957527 -0.215890 0.191139
vn -0.819301 -0.401556 -0.409265
vn -0.337697 -0.464690 -0.818550
vn 0.084538 -0.434671 -0.896613
vn 0.378059 -0.396038 -0.836794
vn 0.608140 -0.363905 -0.705507
vn 0.812087 -0.332609 -0.479464
vn 0.957527 -0.280354 -0.067412
vn 0.819301 -0.162415 0.549879
vn 0.866025 0.120961 0.485148
vn 0.362416 0.225475 0.904332
vn -0.077235 0.241199 0.967397
vn -0.377874 0.223985 0.898355
vn -0.612878 0.191161 0.766706
vn -0.824821 0.136781 0.548599
vn -0.988358 0.036808 0.147628
vn -0.866025 -0.120961 -0.485148
vn -0.362416 -0.225475 -0.904332
vn 0.077235 -0.241199 -0.967397
vn 0.377874 -0.223985 -0.898355
vn 0.612878 -0.191161 -0.766706
vn 0.824821 -0.136781 -0.548599
vn 0.988358 -0.036808 -0.147628
vn 0.866025 0.120961 0.485148
vn 0.837687 0.393852 0.378367
vn 0.363380 0.464850 0.807384
vn -0.066536 0.436743 0.897122
vn -0.365010 0.397863 0.841708
vn -0.597103 0.365444 0.714086
vn -0.802224 0.334429 0.494565
vn -0.954034 0.284270 0.094922
vn -0.837687 0.170119 -0.518980
vn -0.363380 0.031394 -0.931112
vn 0.066536 -0.035552 -0.997150
vn 0.365010 -0.043866 -0.929970
vn 0.597103 -0.012576 -0.802066
vn 0.802224 0.063099 -0.593680
vn 0.954034 0.206432 -0.217267
vn 0.837687 0.393852 0.378367
vn 0.735178 0.635082 0.237030
vn 0.337755 0.685492 0.644999
vn -0.051199 0.632521 0.772849
vn -0.335617 0.578571 0.743381
vn -0.555489 0.546928 0.626340
vn -0.738244 0.534733 0.411164
vn -0.851886 0.522665 0.033336
vn -0.735178 0.449465 -0.507438
vn -0.337755 0.302445 -0.891319
vn 0.051199 0.195653 -0.979336
vn 0.335617 0.161852 -0.927990
vn 0.555489 0.188860 -0.809793
vn 0.738244 0.279111 -0.614079
vn 0.851886 0.445835 -0.274810
vn 0.735178 0.635082 0.237030
vn 0.565056 0.821852 0.072598
vn 0.280344 0.867364 0.411203
vn -0.029001 0.823104 0.567149
vn -0.277976 0.770297 0.573909
vn -0.470151 0.741271 0.479035
vn -0.612665 0.737418 0.284353
vn -0.673087 0.738688 -0.035965
vn -0.565056 0.691570 -0.449936
vn -0.280344 0.572788 -0.770273
vn 0.029001 0.460498 -0.887187
vn 0.277976 0.410698 -0.868364
vn 0.470151 0.429610 -0.770969
vn 0.612665 0.517606 -0.597266
vn 0.673087 0.669107 -0.315037
vn 0.565056 0.821852 0.072598
vn 0.351366 0.931612 -0.092952
vn 0.192671 0.973178 0.125709
vn 0.000556 0.965030 0.262138
vn -0.175764 0.938213 0.298099
vn -0.314661 0.917498 0.243280
vn -0.404243 0.908500 0.105902
vn -0.424438 0.899279 -0.105594
vn -0.351366 0.866203 -0.355294
vn -0.192671 0.800248 -0.567874
vn -0.000556 0.729005 -0.684508
vn 0.175764 0.688444 -0.703670
vn 0.314661 0.695890 -0.645543
vn 0.404243 0.752440 -0.520021
vn 0.424438 0.843590 -0.328951
vn 0.351366 0.931612 -0.092952
vn 0.000000 0.970296 -0.241922
vn 0.000000 0.970296 -0.241922
vn 0.000000 0.970296 -0.241922
vn 0.000000 0.970296 -0.241922
vn 0.000000 0.970296 -0.241922
vn 0.000000 0.970296 -0.241922
vn 0.000000 0.970296 -0.241922
vn 0.000000 0.970296 -0.241922
vn 0.000000 0.970296 -0.241922
vn 0.000000 0.970296 -0.241922
vn 0.000000 0.970296 -0.241922
vn 0.000000 0.970296 -0.241922
vn 0.000000 0.970296 -0.241922
vn 0.000000 0.970296 -0.241922
vn 0.000000 0.970296 -0.241922
vn 0.000000 0.970296 -0.241922
vn 0.000000 0.970296 -0.241922
vn 0.000000 0.970296 -0.241922
vn 0.000000 0.970296 -0.241922
vn 0.000000 0.970296 -0.241922
vn 0.000000 0.970296 -0.241922
vn 0.000000 0.970296 -0.241922
vn 0.000000 0.970296 -0.241922
vn 0.000000 0.970296 -0.241922
vn 0.000000 0.970296 -0.241922
vn 0.000000 0.970296 -0.241922
vn 0.000000 0.970296 -0.241922
vn 0.000000 0.970296 -0.241922
vn 0.000000 0.970296 -0.241922
vn 0.000000 0.970296 -0.241922
vn 0.000000 0.970296 -0.241922
vn 0.000000 0.970296 -0.241922
vn 0.344000 -0.775216 0.529815
vn 0.111564 -0.659616 0.743277
vn -0.103253 -0.558724 0.822901
vn -0.271995 -0.508762 0.816811
vn -0.401233 -0.514628 0.757740
vn -0.496159 -0.576492 0.649217
vn -0.544304 -0.692828 0.472993
vn -0.505540 -0.837239 0.208470
vn -0.344000 -0.933208 -0.103857
vn -0.111564 -0.931354 -0.346603
vn 0.103253 -0.879653 -0.464274
vn 0.271995 -0.832680 -0.482352
vn 0.401233 -0.810127 -0.427442
vn 0.496159 -0.813801 -0.302578
vn 0.544304 -0.833787 -0.092365
vn 0.505540 -0.837109 0.208992
vn 0.344000 -0.775216 0.529815
vn 0.312949 -0.844367 0.434864
vn 0.130527 -0.757254 0.639945
vn -0.055802 -0.668459 0.741653
vn -0.211783 -0.615357 0.759265
vn -0.332440 -0.610552 0.718825
vn -0.418062 -0.655662 0.628754
vn -0.459200 -0.746543 0.481465
vn -0.431250 -0.861589 0.267744
vn -0.312949 -0.949688 0.012444
vn -0.130527 -0.969051 -0.209528
vn 0.055802 -0.938399 -0.341019
vn 0.211783 -0.899781 -0.381499
vn 0.332440 -0.876553 -0.348048
vn 0.418062 -0.874097 -0.247342
vn 0.459200 -0.885193 -0.074627
vn 0.431250 -0.886437 0.168088
vn 0.312949 -0.844367 0.434864
vn 0.510600 -0.692722 0.509337
vn 0.211851 -0.550791 0.807309
vn -0.066257 -0.421507 0.904401
vn -0.272463 -0.355684 0.894009
vn -0.428336 -0.350243 0.832981
vn -0.553367 -0.402051 0.729479
vn -0.646715 -0.518127 0.559736
vn -0.664069 -0.695540 0.274293
vn -0.510600 -0.850756 -0.124504
vn -0.211851 -0.865328 -0.454231
vn 0.066257 -0.796759 -0.600653
vn 0.272463 -0.733762 -0.622380
vn 0.428336 -0.700308 -0.571050
vn 0.553367 -0.697460 -0.455340
vn 0.646715 -0.720259 -0.250972
vn 0.664069 -0.742898 0.084350
vn 0.510600 -0.692722 0.509337
vn 0.736439 -0.386148 0.555471
vn 0.292984 -0.217846 0.930969
vn -0.071040 -0.106926 0.991726
vn -0.308720 -0.065569 0.948890
vn -0.484310 -0.069580 0.872125
vn -0.636861 -0.113711 0.762547
vn -0.782592 -0.212125 0.585280
vn -0.884980 -0.393510 0.248920
vn -0.736439 -0.601726 -0.309166
vn -0.292984 -0.629410 -0.719724
vn 0.071040 -0.559998 -0.825443
vn 0.308720 -0.503371 -0.807037
vn 0.484310 -0.470873 -0.737375
vn 0.636861 -0.458395 -0.619904
vn 0.782592 -0.462068 -0.417184
vn 0.884980 -0.464310 -0.035042
vn 0.736439 -0.386148 0.555471
vn 0.866025 0.120961 0.485148
vn 0.338776 0.227616 0.912919
vn -0.067773 0.241366 0.968065
vn -0.317675 0.229390 0.920034
vn -0.500000 0.209511 0.840301
vn -0.662328 0.181251 0.726959
vn -0.830148 0.134882 0.540982
vn -0.984203 0.042831 0.171786
vn -0.866025 -0.120961 -0.485148
vn -0.338776 -0.227616 -0.912919
vn 0.067773 -0.241366 -0.968065
vn 0.317675 -0.229390 -0.920034
vn 0.500000 -0.209511 -0.840301
vn 0.662328 -0.181251 -0.726959
vn 0.830148 -0.134882 -0.540982
vn 0.984203 -0.042831 -0.171786
vn 0.866025 0.120961 0.485148
vn 0.754080 0.594334 0.279518
vn 0.315767 0.632022 0.707700
vn -0.056072 0.563543 0.824181
vn -0.298514 0.505653 0.809447
vn -0.476115 0.472018 0.741966
vn -0.629256 0.458601 0.627473
vn -0.775426 0.461613 0.430845
vn -0.883145 0.465136 0.060857
vn -0.754080 0.393540 -0.525823
vn -0.315767 0.225797 -0.921579
vn 0.056072 0.110650 -0.992276
vn 0.298514 0.066453 -0.952089
vn 0.476115 0.068435 -0.876716
vn 0.629256 0.110340 -0.769326
vn 0.775426 0.205311 -0.597128
vn 0.883145 0.382120 -0.272101
vn 0.754080 0.594334 0.279518
vn 0.538163 0.839207 0.078181
vn 0.247269 0.870188 0.426181
vn -0.038437 0.805220 0.591730
vn -0.252064 0.739544 0.624130
vn -0.412407 0.702532 0.579973
vn -0.540486 0.696327 0.472233
vn -0.638530 0.716828 0.280066
vn -0.668912 0.742309 -0.039173
vn -0.538163 0.704272 -0.463013
vn -0.247269 0.568251 -0.784824
vn 0.038437 0.433166 -0.900494
vn 0.252064 0.359967 -0.898269
vn 0.412407 0.348018 -0.841905
vn 0.540486 0.393120 -0.743863
vn 0.638530 0.501439 -0.583814
vn 0.668912 0.673810 -0.313905
vn 0.538163 0.839207 0.078181
vn 0.344988 0.936264 -0.066288
vn 0.171152 0.970576 0.169378
vn -0.018566 0.946738 0.321470
vn -0.181943 0.907077 0.379616
vn -0.309892 0.879703 0.360680
vn -0.403196 0.873046 0.274269
vn -0.455262 0.882605 0.117241
vn -0.444357 0.888755 -0.112521
vn -0.344988 0.857792 -0.381021
vn -0.171152 0.777450 -0.605210
vn 0.018566 0.684998 -0.728308
vn 0.181943 0.622683 -0.761027
vn 0.309892 0.607403 -0.731457
vn 0.403196 0.642092 -0.652035
vn 0.455262 0.724253 -0.517875
vn 0.444357 0.837550 -0.317895
vn 0.344988 0.936264 -0.066288
vn 0.191710 0.967068 -0.167414
vn 0.103286 0.993962 -0.037031
vn 0.000201 0.998141 0.060951
vn -0.098594 0.988889 0.111256
vn -0.180242 0.977416 0.110322
vn -0.236784 0.969693 0.060248
vn -0.261347 0.964634 -0.034322
vn -0.247150 0.955113 -0.163327
vn -0.191710 0.932466 -0.306193
vn -0.103286 0.895002 -0.433940
vn -0.000201 0.852691 -0.522415
vn 0.098594 0.820906 -0.562489
vn 0.180242 0.811214 -0.556278
vn 0.236784 0.827903 -0.508439
vn 0.261347 0.867835 -0.422564
vn 0.247150 0.919992 -0.304190
vn 0.191710 0.967068 -0.167414
vn -0.000000 0.970296 -0.241922
vn -0.000000 0.970296 -0.241922
vn -0.000000 0.970296 -0.241922
vn -0.000000 0.970296 -0.241922
vn -0.000000 0.970296 -0.241922
vn -0.000000 0.970296 -0.241922
vn -0.000000 0.970296 -0.241922
vn -0.000000 0.970296 -0.241922
vn -0.000000 0.970296 -0.241922
vn -0.000000 0.970296 -0.241922
vn -0.000000 0.970296 -0.241922
vn -0.000000 0.970296 -0.241922
vn -0.000000 0.970296 -0.241922
vn -0.000000 0.970296 -0.241922
vn -0.000000 0.970296 -0.241922
vn -0.000000 0.970296 -0.241922
vn -0.000000 0.970296 -0.241922
vn 0.000000 -0.206010 -0.978550
vn 0.000000 -0.206010 -0.978550
vn 0.000000 -0.206010 -0.978550
vn 0.000000 -0.206010 -0.978550
vn 0.000000 -0.206010 -0.978550
vn 0.000000 -0.206010 -0.978550
vn -0.000000 -0.436904 0.899508
vn -0.000000 -0.436904 0.899508
vn -0.000000 -0.436904 0.899508
vn -0.000000 -0.436904 0.899508
vn -0.000000 -0.436904 0.899508
vn -0.000000 -0.436904 0.899508
vn 0.000000 -0.293002 -0.956112
vn 0.000000 -0.293002 -0.956112
vn 0.000000 -0.293002 -0.956112
vn 0.000000 -0.293002 -0.956112
vn 0.000000 -0.293002 -0.956112
vn 0.000000 -0.293002 -0.956112
vn -0.000000 -0.275762 0.961226
vn -0.000000 -0.275762 0.961226
vn -0.000000 -0.275762 0.961226
vn -0.000000 -0.275762 0.961226
vn -0.000000 -0.275762 0.961226
vn -0.000000 -0.275762 0.961226
vn 0.000000 -0.340799 -0.940136
vn 0.000000 -0.340799 -0.940136
vn 0.000000 -0.340799 -0.940136
vn 0.000000 -0.340799 -0.940136
vn 0.000000 -0.340799 -0.940136
vn 0.000000 -0.340799 -0.940136
vn -0.000000 -0.172001 0.985097
vn -0.000000 -0.172001 0.985097
vn -0.000000 -0.172001 0.985097
vn -0.000000 -0.172001 0.985097
vn -0.000000 -0.172001 0.985097
vn -0.000000 -0.172001 0.985097
vn 0.000000 1.000000 0.000000
vn 0.000000 1.000000 0.000000
vn 0.000000 1.000000 0.000000
vn 0.000000 1.000000 0.000000
vn 0.000000 1.000000 0.000000
vn 0.000000 1.000000 0.000000
vn 1.000000 0.000000 0.000000
vn 1.000000 0.000000 0.000000
vn 1.000000 0.000000 0.000000
vn -1.000000 0.000000 -0.000000
vn -1.000000 0.000000 -0.000000
vn -1.000000 0.000000 -0.000000
vn 1.000000 0.000000 0.000000
vn 1.000000 0.000000 0.000000
vn 1.000000 0.000000 0.000000
vn 1.000000 0.000000 0.000000
vn 1.000000 0.000000 0.000000
vn 1.000000 0.000000 0.000000
vn -1.000000 0.000000 -0.000000
vn -1.000000 0.000000 -0.000000
vn -1.000000 0.000000 -0.000000
vn 1.000000 0.000000 0.000000
vn 1.000000 0.000000 0.000000
vn 1.000000 0.000000 0.000000
vn 1.000000 0.000000 0.000000
vn 1.000000 0.000000 0.000000
vn 1.000000 0.000000 0.000000
vn -1.000000 0.000000 -0.000000
vn -1.000000 0.000000 -0.000000
vn -1.000000 0.000000 -0.000000
vn 1.000000 0.000000 0.000000
vn 1.000000 0.000000 0.000000
vn 1.000000 0.000000 0.000000
vn -1.000000 0.000000 -0.000000
vn -1.000000 0.000000 -0.000000
vn -1.000000 0.000000 -0.000000
vn -1.000000 0.000000 -0.000000
vn -1.000000 0.000000 -0.000000
vn -1.000000 0.000000 -0.000000
vn 1.000000 0.000000 0.000000
vn 1.000000 0.000000 0.000000
vn 1.000000 0.000000 0.000000
vn -1.000000 0.000000 -0.000000
vn -1.000000 0.000000 -0.000000
vn -1.000000 0.000000 -0.000000
vn -1.000000 0.000000 -0.000000
vn -1.000000 0.000000 -0.000000
vn -1.000000 0.000000 -0.000000
vn -0.000000 -0.951561 0.307459
vn -0.000000 -0.951561 0.307459
vn -0.000000 -0.951561 0.307459
vn -0.000000 -0.951561 0.307459
vn -0.000000 -0.951561 0.307459
vn -0.000000 -0.951561 0.307459
vn -0.000000 -0.049311 0.998783
vn -0.000000 -0.049311 0.998783
vn -0.000000 -0.049311 0.998783
vn -0.000000 -0.049311 0.998783
vn -0.000000 -0.049311 0.998783
vn -0.000000 -0.049311 0.998783
vn -0.000000 0.357922 0.933752
vn -0.000000 0.357922 0.933752
vn -0.000000 0.357922 0.933752
vn -0.000000 0.357922 0.933752
vn -0.000000 0.357922 0.933752
vn -0.000000 0.357922 0.933752
vn -0.000000 0.938036 0.346537
vn -0.000000 0.938036 0.346537
vn -0.000000 0.938036 0.346537
vn -0.000000 0.938036 0.346537
vn -0.000000 0.938036 0.346537
vn -0.000000 0.938036 0.346537
vn 0.000000 0.352156 -0.935941
vn 0.000000 0.352156 -0.935941
vn 0.000000 0.352156 -0.935941
vn 0.000000 0.352156 -0.935941
vn 0.000000 0.352156 -0.935941
vn 0.000000 0.352156 -0.935941
vn 0.000000 -0.101574 -0.994828
vn 0.000000 -0.101574 -0.994828
vn 0.000000 -0.101574 -0.994828
vn 0.000000 -0.101574 -0.994828
vn 0.000000 -0.101574 -0.994828
vn 0.000000 -0.101574 -0.994828
vn 0.000000 -0.463949 -0.885862
vn 0.000000 -0.463949 -0.885862
vn 0.000000 -0.463949 -0.885862
vn 0.000000 -0.463949 -0.885862
vn 0.000000 -0.463949 -0.885862
vn 0.000000 -0.463949 -0.885862
vn 1.000000 0.000000 0.000000
vn 1.000000 0.000000 0.000000
vn 1.000000 0.000000 0.000000
vn 1.000000 0.000000 0.000000
vn 1.000000 0.000000 0.000000
vn 1.000000 0.000000 0.000000
vn 1.000000 0.000000 0.000000
vn 1.000000 0.000000 0.000000
vn 1.000000 0.000000 0.000000
vn 1.000000 0.000000 0.000000
vn 1.000000 0.000000 0.000000
vn 1.000000 0.000000 0.000000
vn 1.000000 0.000000 0.000000
vn 1.000000 0.000000 0.000000
vn 1.000000 0.000000 0.000000
vn 1.000000 0.000000 0.000000
vn 1.000000 0.000000 0.000000
vn 1.000000 0.000000 0.000000
vn 1.000000 0.000000 0.000000
vn 1.000000 0.000000 0.000000
vn 1.000000 0.000000 0.000000
vn -1.000000 -0.000000 -0.000000
vn -1.000000 -0.000000 -0.000000
vn -1.000000 -0.000000 -0.000000
vn -1.000000 -0.000000 -0.000000
vn -1.000000 -0.000000 -0.000000
vn -1.000000 -0.000000 -0.000000
vn -1.000000 -0.000000 -0.000000
vn -1.000000 -0.000000 -0.000000
vn -1.000000 -0.000000 -0.000000
vn -1.000000 -0.000000 -0.000000
vn -1.000000 -0.000000 -0.000000
vn -1.000000 -0.000000 -0.000000
vn -1.000000 -0.000000 -0.000000
vn -1.000000 -0.000000 -0.000000
vn -1.000000 -0.000000 -0.000000
vn -1.000000 -0.000000 -0.000000
vn -1.000000 -0.000000 -0.000000
vn -1.000000 -0.000000 -0.000000
vn -1.000000 -0.000000 -0.000000
vn -1.000000 -0.000000 -0.000000
vn -1.000000 -0.000000 -0.000000
vn 0.504982 -0.174596 -0.845287
vn 0.430749 -0.443091 -0.786210
vn 0.376235 -0.615873 -0.692205
vn 0.353345 -0.657912 -0.665056
vn 0.397290 -0.725370 -0.562138
vn 0.452467 -0.770581 -0.448863
vn 0.554602 -0.738257 -0.383919
vn 0.634333 -0.683846 -0.360522
vn 0.705343 -0.612119 -0.357494
vn 0.817565 -0.456440 -0.351070
vn 0.914492 -0.206908 -0.347698
vn 0.932453 0.039827 -0.359088
vn 0.901149 0.196467 -0.386435
vn 0.875515 0.276172 -0.396488
vn 0.834896 0.338144 -0.434289
vn 0.759042 0.384951 -0.525041
vn 0.733644 0.410669 -0.541403
vn 0.689884 0.354650 -0.631097
vn 0.630809 0.238709 -0.738307
vn 0.580622 0.114845 -0.806032
vn 0.504982 -0.174596 -0.845287
vn -0.716835 0.217532 -0.662441
vn -0.736614 -0.431336 -0.520912
vn -0.589860 -0.735988 -0.332245
vn -0.516213 -0.832789 -0.199966
vn -0.425825 -0.901440 -0.077966
vn -0.272537 -0.960957 0.047807
vn -0.175478 -0.972981 0.150054
vn -0.053290 -0.968825 0.241948
vn 0.081944 -0.927212 0.365464
vn 0.313928 -0.760199 0.568812
vn 0.665636 -0.201058 0.718682
vn 0.694556 0.442414 0.567329
vn 0.544077 0.758556 0.358571
vn 0.424424 0.870427 0.249442
vn 0.345142 0.925360 0.156798
vn 0.254127 0.967140 0.007754
vn 0.158783 0.983498 -0.086715
vn 0.045484 0.987633 -0.150042
vn -0.131410 0.935192 -0.328857
vn -0.386317 0.760235 -0.522304
vn -0.716835 0.217532 -0.662441
vn -0.772062 0.263404 -0.578393
vn -0.823659 -0.343484 -0.451226
vn -0.678025 -0.678392 -0.282960
vn -0.520353 -0.840955 -0.148419
vn -0.463749 -0.885486 -0.029193
vn -0.336585 -0.938223 0.080303
vn -0.208756 -0.965806 0.153752
vn -0.079586 -0.969070 0.233602
vn 0.103702 -0.921672 0.373855
vn 0.353083 -0.726066 0.590051
vn 0.655076 -0.207838 0.726415
vn 0.743349 0.436874 0.506530
vn 0.626314 0.733099 0.265135
vn 0.521644 0.841736 0.139169
vn 0.448342 0.890703 0.075090
vn 0.337878 0.940692 -0.030607
vn 0.227269 0.961609 -0.153809
vn 0.088288 0.971974 -0.217879
vn -0.134795 0.939300 -0.315509
vn -0.420095 0.783914 -0.457165
vn -0.772062 0.263404 -0.578393
vn -0.769729 0.242887 -0.590358
vn -0.847161 -0.326083 -0.419509
vn -0.747783 -0.620901 -0.235164
vn -0.608392 -0.786917 -0.103052
vn -0.470802 -0.882079 -0.016782
vn -0.362084 -0.929978 0.063538
vn -0.236778 -0.960228 0.147979
vn -0.098029 -0.962424 0.253239
vn 0.073834 -0.895651 0.438586
vn 0.333624 -0.680487 0.652405
vn 0.632416 -0.199496 0.748499
vn 0.736189 0.386182 0.555777
vn 0.649446 0.709129 0.274510
vn 0.562516 0.818805 0.114602
vn 0.506311 0.861799 0.030841
vn 0.414493 0.905088 -0.094928
vn 0.291262 0.933707 -0.208227
vn 0.151433 0.937564 -0.313116
vn -0.069233 0.892196 -0.446310
vn -0.397725 0.729492 -0.556467
vn -0.769729 0.242887 -0.590358
vn -0.785494 0.215998 -0.579951
vn -0.855480 -0.340667 -0.390000
vn -0.770708 -0.601975 -0.208891
vn -0.664268 -0.741837 -0.091793
vn -0.528155 -0.849130 0.005628
vn -0.424903 -0.898558 0.109772
vn -0.328119 -0.922105 0.205084
vn -0.180976 -0.927501 0.327094
vn 0.031440 -0.862435 0.505191
vn 0.316988 -0.659732 0.681375
vn 0.624859 -0.198881 0.754982
vn 0.720954 0.374447 0.583108
vn 0.599122 0.736864 0.313185
vn 0.459318 0.868969 0.184172
vn 0.370403 0.918352 0.139393
vn 0.266698 0.962863 0.042047
vn 0.137722 0.986389 -0.089826
vn 0.009710 0.982581 -0.185581
vn -0.169617 0.924955 -0.340131
vn -0.443041 0.727631 -0.523706
vn -0.785494 0.215998 -0.579951
vn -0.789690 0.200223 -0.579914
vn -0.848950 -0.371999 -0.375366
vn -0.772120 -0.609264 -0.180631
vn -0.713896 -0.698352 -0.051545
vn -0.611801 -0.788176 0.066922
vn -0.496035 -0.848242 0.185565
vn -0.411042 -0.866553 0.283072
vn -0.298896 -0.864643 0.403800
vn -0.087527 -0.826295 0.556396
vn 0.235873 -0.665220 0.708411
vn 0.610675 -0.188654 0.769081
vn 0.737213 0.385155 0.555132
vn 0.671936 0.696887 0.250700
vn 0.587142 0.808929 0.029951
vn 0.517142 0.855346 -0.030784
vn 0.414504 0.906455 -0.080776
vn 0.276612 0.939887 -0.200246
vn 0.131253 0.947441 -0.291768
vn -0.063820 0.919285 -0.388385
vn -0.392412 0.749701 -0.532880
vn -0.789690 0.200223 -0.579914
vn -0.894787 0.263139 0.360713
vn -0.928835 0.065248 0.364704
vn -0.918165 -0.114842 0.379190
vn -0.899403 -0.181662 0.397585
vn -0.870342 -0.228303 0.436328
vn -0.801012 -0.305097 0.515068
vn -0.750537 -0.318718 0.578889
vn -0.702976 -0.259487 0.662187
vn -0.646154 -0.178414 0.742060
vn -0.610645 -0.103939 0.785054
vn -0.564675 0.049315 0.823839
vn -0.494111 0.263460 0.828519
vn -0.387732 0.491035 0.780096
vn -0.295570 0.711004 0.638053
vn -0.223371 0.847088 0.482231
vn -0.252456 0.878226 0.406184
vn -0.387339 0.857241 0.339274
vn -0.540491 0.785867 0.300472
vn -0.675023 0.666217 0.317015
vn -0.817256 0.465021 0.340364
vn -0.894787 0.263139 0.360713
vn 0.770572 -0.195036 -0.606779
vn -0.765356 0.201562 0.611231
vn -0.504982 -0.174596 -0.845287
vn -0.430749 -0.443091 -0.786210
vn -0.376235 -0.615873 -0.692205
vn -0.353345 -0.657912 -0.665056
vn -0.397290 -0.725370 -0.562138
vn -0.452467 -0.770581 -0.448863
vn -0.554602 -0.738257 -0.383919
vn -0.634333 -0.683846 -0.360522
vn -0.705343 -0.612119 -0.357494
vn -0.817565 -0.456440 -0.351070
vn -0.914492 -0.206908 -0.347698
vn -0.932453 0.039827 -0.359088
vn -0.901149 0.196467 -0.386435
vn -0.875515 0.276172 -0.396488
vn -0.834896 0.338144 -0.434289
vn -0.759042 0.384951 -0.525041
vn -0.733644 0.410669 -0.541403
vn -0.689884 0.354650 -0.631097
vn -0.630809 0.238709 -0.738307
vn -0.580622 0.114845 -0.806032
vn -0.504982 -0.174596 -0.845287
vn 0.716835 0.217532 -0.662441
vn 0.736614 -0.431336 -0.520912
vn 0.589860 -0.735988 -0.332245
vn 0.516213 -0.832789 -0.199966
vn 0.425825 -0.901440 -0.077966
vn 0.272537 -0.960957 0.047807
vn 0.175478 -0.972981 0.150054
vn 0.053290 -0.968825 0.241948
vn -0.081944 -0.927212 0.365464
vn -0.313928 -0.760199 0.568812
vn -0.665636 -0.201058 0.718682
vn -0.694556 0.442414 0.567329
vn -0.544077 0.758556 0.358571
vn -0.424424 0.870427 0.249442
vn -0.345142 0.925360 0.156798
vn -0.254127 0.967140 0.007754
vn -0.158783 0.983498 -0.086715
vn -0.045484 0.987633 -0.150042
vn 0.131410 0.935192 -0.328857
vn 0.386317 0.760235 -0.522304
vn 0.716835 0.217532 -0.662441
vn 0.772062 0.263404 -0.578393
vn 0.823659 -0.343484 -0.451226
vn 0.678025 -0.678392 -0.282960
vn 0.520353 -0.840955 -0.148419
vn 0.463749 -0.885486 -0.029193
vn 0.336585 -0.938223 0.080303
vn 0.208756 -0.965806 0.153752
vn 0.079586 -0.969070 0.233602
vn -0.103702 -0.921672 0.373855
vn -0.353083 -0.726066 0.590051
vn -0.655076 -0.207838 0.726415
vn -0.743349 0.436874 0.506530
vn -0.626314 0.733099 0.265135
vn -0.521644 0.841736 0.139169
vn -0.448342 0.890703 0.075090
vn -0.337878 0.940692 -0.030607
vn -0.227269 0.961609 -0.153809
vn -0.088288 0.971974 -0.217879
vn 0.134795 0.939300 -0.315509
vn 0.420095 0.783914 -0.457165
vn 0.772062 0.263404 -0.578393
vn 0.769729 0.242887 -0.590358
vn 0.847161 -0.326083 -0.419509
vn 0.747783 -0.620901 -0.235164
vn 0.608392 -0.786917 -0.103052
vn 0.470802 -0.882079 -0.016782
vn 0.362084 -0.929978 0.063538
vn 0.236778 -0.960228 0.147979
vn 0.098029 -0.962424 0.253239
vn -0.073834 -0.895651 0.438586
vn -0.333624 -0.680487 0.652405
vn -0.632416 -0.199496 0.748499
vn -0.736189 0.386182 0.555777
vn -0.649446 0.709129 0.274510
vn -0.562516 0.818805 0.114602
vn -0.506311 0.861799 0.030841
vn -0.414493 0.905088 -0.094928
vn -0.291262 0.933707 -0.208227
vn -0.151433 0.937564 -0.313116
vn 0.069233 0.892196 -0.446310
vn 0.397725 0.729492 -0.556467
vn 0.769729 0.242887 -0.590358
vn 0.785494 0.215998 -0.579951
vn 0.855480 -0.340667 -0.390000
vn 0.770708 -0.601975 -0.208891
vn 0.664268 -0.741837 -0.091793
vn 0.528155 -0.849130 0.005628
vn 0.424903 -0.898558 0.109772
vn 0.328119 -0.922105 0.205084
vn 0.180976 -0.927501 0.327094
vn -0.031440 -0.862435 0.505191
vn -0.316988 -0.659732 0.681375
vn -0.624859 -0.198881 0.754982
vn -0.720954 0.374447 0.583108
vn -0.599122 0.736864 0.313185
vn -0.459318 0.868969 0.184172
vn -0.370403 0.918352 0.139393
vn -0.266698 0.962863 0.042047
vn -0.137722 0.986389 -0.089826
vn -0.009710 0.982581 -0.185581
vn 0.169617 0.924955 -0.340131
vn 0.443041 0.727631 -0.523706
vn 0.785494 0.215998 -0.579951
vn 0.789690 0.200223 -0.579914
vn 0.848950 -0.371999 -0.375366
vn 0.772120 -0.609264 -0.180631
vn 0.713896 -0.698352 -0.051545
vn 0.611801 -0.788176 0.066922
vn 0.496035 -0.848242 0.185565
vn 0.411042 -0.866553 0.283072
vn 0.298896 -0.864643 0.403800
vn 0.087527 -0.826295 0.556396
vn -0.235873 -0.665220 0.708411
vn -0.610675 -0.188654 0.769081
vn -0.737213 0.385155 0.555132
vn -0.671936 0.696887 0.250700
vn -0.587142 0.808929 0.029951
vn -0.517142 0.855346 -0.030784
vn -0.414504 0.906455 -0.080776
vn -0.276612 0.939887 -0.200246
vn -0.131253 0.947441 -0.291768
vn 0.063820 0.919285 -0.388385
vn 0.392412 0.749701 -0.532880
vn 0.789690 0.200223 -0.579914
vn 0.894787 0.263139 0.360713
vn 0.928835 0.065248 0.364704
vn 0.918165 -0.114842 0.379190
vn 0.899403 -0.181662 0.397585
vn 0.870342 -0.228303 0.436328
vn 0.801012 -0.305097 0.515068
vn 0.750537 -0.318718 0.578889
vn 0.702976 -0.259487 0.662187
vn 0.646154 -0.178414 0.742060
vn 0.610645 -0.103939 0.785054
vn 0.564675 0.049315 0.823839
vn 0.494111 0.263460 0.828519
vn 0.387732 0.491035 0.780096
vn 0.295570 0.711004 0.638053
vn 0.223371 0.847088 0.482231
vn 0.252456 0.878226 0.406184
vn 0.387339 0.857241 0.339274
vn 0.540491 0.785867 0.300472
vn 0.675023 0.666217 0.317015
vn 0.817256 0.465021 0.340364
vn 0.894787 0.263139 0.360713
vn -0.770572 -0.195036 -0.606779
vn 0.765356 0.201562 0.611231
vn 0.469622 -0.208318 -0.857939
vn 0.371080 -0.436593 -0.819564
vn 0.290724 -0.605875 -0.740537
vn 0.203515 -0.723879 -0.659227
vn 0.204565 -0.837351 -0.506948
vn 0.276543 -0.885906 -0.372417
vn 0.368059 -0.875119 -0.314165
vn 0.539780 -0.795461 -0.275463
vn 0.743142 -0.605017 -0.285824
vn 0.854827 -0.419244 -0.305786
vn 0.919983 -0.258461 -0.294666
vn 0.948762 -0.065303 -0.309171
vn 0.911275 0.180633 -0.370066
vn 0.843295 0.308072 -0.440391
vn 0.824532 0.324747 -0.463343
vn 0.786617 0.362705 -0.499678
vn 0.707468 0.358657 -0.608979
vn 0.656240 0.309291 -0.688250
vn 0.608594 0.223074 -0.761479
vn 0.547217 0.058999 -0.834909
vn 0.469622 -0.208318 -0.857939
vn -0.841641 0.234882 -0.486283
vn -0.903121 -0.337689 -0.265215
vn -0.795953 -0.600515 -0.076425
vn -0.727386 -0.685733 0.026082
vn -0.646558 -0.753354 0.120087
vn -0.538942 -0.811903 0.224400
vn -0.443113 -0.838691 0.316621
vn -0.317434 -0.844222 0.431886
vn -0.158975 -0.805129 0.571397
vn 0.061775 -0.675919 0.734382
vn 0.475295 -0.207799 0.854935
vn 0.663005 0.392299 0.637593
vn 0.624801 0.686029 0.372812
vn 0.553704 0.820756 0.140615
vn 0.469139 0.882959 -0.017091
vn 0.375217 0.923145 -0.083759
vn 0.249672 0.949487 -0.190100
vn 0.105174 0.950922 -0.291009
vn -0.088238 0.916061 -0.391211
vn -0.439964 0.740055 -0.508675
vn -0.841641 0.234882 -0.486283
vn -0.850093 0.251118 -0.462905
vn -0.907508 -0.339642 -0.247127
vn -0.796942 -0.600727 -0.063332
vn -0.712710 -0.700372 0.039038
vn -0.651661 -0.747362 0.129569
vn -0.552020 -0.796494 0.246719
vn -0.475716 -0.814901 0.331105
vn -0.350805 -0.834112 0.425669
vn -0.157030 -0.807339 0.568810
vn 0.054676 -0.678450 0.732609
vn 0.449709 -0.229095 0.863295
vn 0.675451 0.393547 0.623608
vn 0.627599 0.693255 0.354285
vn 0.520493 0.834983 0.178578
vn 0.410438 0.911353 0.031247
vn 0.318568 0.945383 -0.069026
vn 0.208912 0.967353 -0.143473
vn 0.058732 0.966554 -0.249646
vn -0.131408 0.934754 -0.330101
vn -0.455162 0.770964 -0.445468
vn -0.850093 0.251118 -0.462905
vn -0.867508 0.228003 -0.442091
vn -0.922793 -0.320423 -0.213968
vn -0.808481 -0.587349 -0.037134
vn -0.724620 -0.686424 0.061221
vn -0.659175 -0.740653 0.130081
vn -0.530495 -0.814682 0.234241
vn -0.460885 -0.828956 0.316886
vn -0.383683 -0.831820 0.401077
vn -0.191856 -0.807592 0.557662
vn 0.084442 -0.649528 0.755634
vn 0.444172 -0.199609 0.873423
vn 0.670723 0.387403 0.632494
vn 0.656775 0.681372 0.323077
vn 0.576888 0.808320 0.117556
vn 0.500093 0.865707 -0.021395
vn 0.442516 0.884602 -0.147167
vn 0.356644 0.897871 -0.258134
vn 0.195026 0.907506 -0.372020
vn -0.054264 0.886019 -0.460463
vn -0.443431 0.733576 -0.515009
vn -0.867508 0.228003 -0.442091
vn -0.907396 0.190084 -0.374835
vn -0.940887 -0.303677 -0.150039
vn -0.830169 -0.557412 0.010553
vn -0.744257 -0.660740 0.097493
vn -0.693636 -0.704952 0.148027
vn -0.589102 -0.773890 0.232493
vn -0.459767 -0.824393 0.330137
vn -0.393596 -0.816884 0.421643
vn -0.275791 -0.765062 0.581910
vn -0.021093 -0.598262 0.801023
vn 0.357854 -0.136138 0.923800
vn 0.569780 0.444661 0.691106
vn 0.541873 0.739420 0.399539
vn 0.462938 0.861400 0.208996
vn 0.394036 0.915132 0.085265
vn 0.344305 0.938852 -0.003294
vn 0.263812 0.955306 -0.133389
vn 0.116298 0.955274 -0.271894
vn -0.136515 0.904791 -0.403382
vn -0.529680 0.700029 -0.478956
vn -0.907396 0.190084 -0.374835
vn -0.957513 0.152535 -0.244748
vn -0.948964 -0.310204 -0.056938
vn -0.851944 -0.519402 0.066426
vn -0.780741 -0.609350 0.138334
vn -0.732323 -0.654218 0.188947
vn -0.674949 -0.688083 0.266432
vn -0.560098 -0.733492 0.385072
vn -0.467266 -0.732651 0.494858
vn -0.343154 -0.673249 0.654967
vn -0.144182 -0.495148 0.856761
vn 0.195816 -0.050968 0.979315
vn 0.483515 0.527713 0.698379
vn 0.502762 0.775546 0.381784
vn 0.461478 0.864592 0.198794
vn 0.410820 0.908323 0.078592
vn 0.361060 0.932483 0.010543
vn 0.276829 0.958468 -0.068591
vn 0.102298 0.977014 -0.187028
vn -0.174117 0.940780 -0.290887
vn -0.605516 0.713656 -0.352201
vn -0.957513 0.152535 -0.244748
vn -0.970272 0.240619 0.025985
vn -0.977611 -0.173806 0.118608
vn -0.900573 -0.394871 0.181786
vn -0.828285 -0.510678 0.230547
vn -0.774361 -0.566051 0.282757
vn -0.724998 -0.587951 0.358736
vn -0.657503 -0.594066 0.463439
vn -0.585646 -0.567043 0.579207
vn -0.495288 -0.487294 0.719190
vn -0.356487 -0.311561 0.880822
vn -0.126308 0.038466 0.991245
vn 0.155570 0.491572 0.856829
vn 0.340799 0.764504 0.547165
vn 0.402160 0.864506 0.301491
vn 0.395604 0.908476 0.134793
vn 0.351683 0.935792 0.024754
vn 0.254901 0.966544 -0.028612
vn 0.017116 0.995380 -0.094474
vn -0.325770 0.938677 -0.112962
vn -0.719667 0.690784 -0.069974
vn -0.970272 0.240619 0.025985
vn -0.914579 0.354193 0.195175
vn -0.968642 0.037638 0.245595
vn -0.940369 -0.190312 0.281934
vn -0.890435 -0.330849 0.312514
vn -0.837423 -0.419643 0.350174
vn -0.768015 -0.485739 0.417385
vn -0.707072 -0.501015 0.499032
vn -0.639620 -0.465585 0.611651
vn -0.571334 -0.372439 0.731345
vn -0.484538 -0.210451 0.849078
vn -0.360419 0.029375 0.932328
vn -0.196279 0.318173 0.927491
vn -0.023363 0.587918 0.808583
vn 0.115149 0.790536 0.601493
vn 0.171316 0.905236 0.388842
vn 0.139634 0.962083 0.234306
vn 0.049623 0.984999 0.165273
vn -0.175253 0.978030 0.112891
vn -0.474578 0.873444 0.108956
vn -0.740348 0.656693 0.143663
vn -0.914579 0.354193 0.195175
vn 0.753092 -0.206395 -0.624703
vn -0.469622 -0.208318 -0.857939
vn -0.371080 -0.436593 -0.819564
vn -0.290724 -0.605875 -0.740537
vn -0.203515 -0.723879 -0.659227
vn -0.204565 -0.837351 -0.506948
vn -0.276543 -0.885906 -0.372417
vn -0.368059 -0.875119 -0.314165
vn -0.539780 -0.795461 -0.275463
vn -0.743142 -0.605017 -0.285824
vn -0.854827 -0.419244 -0.305786
vn -0.919983 -0.258461 -0.294666
vn -0.948762 -0.065303 -0.309171
vn -0.911275 0.180633 -0.370066
vn -0.843295 0.308072 -0.440391
vn -0.824532 0.324747 -0.463343
vn -0.786617 0.362705 -0.499678
vn -0.707468 0.358657 -0.608979
vn -0.656240 0.309291 -0.688250
vn -0.608594 0.223074 -0.761479
vn -0.547217 0.058999 -0.834909
vn -0.469622 -0.208318 -0.857939
vn 0.841641 0.234882 -0.486283
vn 0.903121 -0.337689 -0.265215
vn 0.795953 -0.600515 -0.076425
vn 0.727386 -0.685733 0.026082
vn 0.646558 -0.753354 0.120087
vn 0.538942 -0.811903 0.224400
vn 0.443113 -0.838691 0.316621
vn 0.317434 -0.844222 0.431886
vn 0.158975 -0.805129 0.571397
vn -0.061775 -0.675919 0.734382
vn -0.475295 -0.207799 0.854935
vn -0.663005 0.392299 0.637593
vn -0.624801 0.686029 0.372812
vn -0.553704 0.820756 0.140615
vn -0.469139 0.882959 -0.017091
vn -0.375217 0.923145 -0.083759
vn -0.249672 0.949487 -0.190100
vn -0.105174 0.950922 -0.291009
vn 0.088238 0.916061 -0.391211
vn 0.439964 0.740055 -0.508675
vn 0.841641 0.234882 -0.486283
vn 0.850093 0.251118 -0.462905
vn 0.907508 -0.339642 -0.247127
vn 0.796942 -0.600727 -0.063332
vn 0.712710 -0.700372 0.039038
vn 0.651661 -0.747362 0.129569
vn 0.552020 -0.796494 0.246719
vn 0.475716 -0.814901 0.331105
vn 0.350805 -0.834112 0.425669
vn 0.157030 -0.807339 0.568810
vn -0.054676 -0.678450 0.732609
vn -0.449709 -0.229095 0.863295
vn -0.675451 0.393547 0.623608
vn -0.627599 0.693255 0.354285
vn -0.520493 0.834983 0.178578
vn -0.410438 0.911353 0.031247
vn -0.318568 0.945383 -0.069026
vn -0.208912 0.967353 -0.143473
vn -0.058732 0.966554 -0.249646
vn 0.131408 0.934754 -0.330101
vn 0.455162 0.770964 -0.445468
vn 0.850093 0.251118 -0.462905
vn 0.867508 0.228003 -0.442091
vn 0.922793 -0.320423 -0.213968
vn 0.808481 -0.587349 -0.037134
vn 0.724620 -0.686424 0.061221
vn 0.659175 -0.740653 0.130081
vn 0.530495 -0.814682 0.234241
vn 0.460885 -0.828956 0.316886
vn 0.383683 -0.831820 0.401077
vn 0.191856 -0.807592 0.557662
vn -0.084442 -0.649528 0.755634
vn -0.444172 -0.199609 0.873423
vn -0.670723 0.387403 0.632494
vn -0.656775 0.681372 0.323077
vn -0.576888 0.808320 0.117556
vn -0.500093 0.865707 -0.021395
vn -0.442516 0.884602 -0.147167
vn -0.356644 0.897871 -0.258134
vn -0.195026 0.907506 -0.372020
vn 0.054264 0.886019 -0.460463
vn 0.443431 0.733576 -0.515009
vn 0.867508 0.228003 -0.442091
vn 0.907396 0.190084 -0.374835
vn 0.940887 -0.303677 -0.150039
vn 0.830169 -0.557412 0.010553
vn 0.744257 -0.660740 0.097493
vn 0.693636 -0.704952 0.148027
vn 0.589102 -0.773890 0.232493
vn 0.459767 -0.824393 0.330137
vn 0.393596 -0.816884 0.421643
vn 0.275791 -0.765062 0.581910
vn 0.021093 -0.598262 0.801023
vn -0.357854 -0.136138 0.923800
vn -0.569780 0.444661 0.691106
vn -0.541873 0.739420 0.399539
vn -0.462938 0.861400 0.208996
vn -0.394036 0.915132 0.085265
vn -0.344305 0.938852 -0.003294
vn -0.263812 0.955306 -0.133389
vn -0.116298 0.955274 -0.271894
vn 0.136515 0.904791 -0.403382
vn 0.529680 0.700029 -0.478956
vn 0.907396 0.190084 -0.374835
vn 0.957513 0.152535 -0.244748
vn 0.948964 -0.310204 -0.056938
vn 0.851944 -0.519402 0.066426
vn 0.780741 -0.609350 0.138334
vn 0.732323 -0.654218 0.188947
vn 0.674949 -0.688083 0.266432
vn 0.560098 -0.733492 0.385072
vn 0.467266 -0.732651 0.494858
vn 0.343154 -0.673249 0.654967
vn 0.144182 -0.495148 0.856761
vn -0.195816 -0.050968 0.979315
vn -0.483515 0.527713 0.698379
vn -0.502762 0.775546 0.381784
vn -0.461478 0.864592 0.198794
vn -0.410820 0.908323 0.078592
vn -0.361060 0.932483 0.010543
vn -0.276829 0.958468 -0.068591
vn -0.102298 0.977014 -0.187028
vn 0.174117 0.940780 -0.290887
vn 0.605516 0.713656 -0.352201
vn 0.957513 0.152535 -0.244748
vn 0.970272 0.240619 0.025985
vn 0.977611 -0.173806 0.118608
vn 0.900573 -0.394871 0.181786
vn 0.828285 -0.510678 0.230547
vn 0.774361 -0.566051 0.282757
vn 0.724998 -0.587951 0.358736
vn 0.657503 -0.594066 0.463439
vn 0.585646 -0.567043 0.579207
vn 0.495288 -0.487294 0.719190
vn 0.356487 -0.311561 0.880822
vn 0.126308 0.038466 0.991245
vn -0.155570 0.491572 0.856829
vn -0.340799 0.764504 0.547165
vn -0.402160 0.864506 0.301491
vn -0.395604 0.908476 0.134793
vn -0.351683 0.935792 0.024754
vn -0.254901 0.966544 -0.028612
vn -0.017116 0.995380 -0.094474
vn 0.325770 0.938677 -0.112962
vn 0.719667 0.690784 -0.069974
vn 0.970272 0.240619 0.025985
vn 0.914579 0.354193 0.195175
vn 0.968642 0.037638 0.245595
vn 0.940369 -0.190312 0.281934
vn 0.890435 -0.330849 0.312514
vn 0.837423 -0.419643 0.350174
vn 0.768015 -0.485739 0.417385
vn 0.707072 -0.501015 0.499032
vn 0.639620 -0.465585 0.611651
vn 0.571334 -0.372439 0.731345
vn 0.484538 -0.210451 0.849078
vn 0.360419 0.029375 0.932328
vn 0.196279 0.318173 0.927491
vn 0.023363 0.587918 0.808583
vn -0.115149 0.790536 0.601493
vn -0.171316 0.905236 0.388842
vn -0.139634 0.962083 0.234306
vn -0.049623 0.984999 0.165273
vn 0.175253 0.978030 0.112891
vn 0.474578 0.873444 0.108956
vn 0.740348 0.656693 0.143663
vn 0.914579 0.354193 0.195175
vn -0.753092 -0.206395 -0.624703
vn 0.308675 -0.951031 0.016114
vn 0.284548 -0.951031 0.120715
vn 0.226101 -0.951031 0.210756
vn 0.140382 -0.951031 0.275377
vn 0.037732 -0.951031 0.306783
vn -0.069470 -0.951031 0.301187
vn -0.168292 -0.951031 0.259263
vn -0.246816 -0.951031 0.186068
vn -0.295571 -0.951031 0.090431
vn -0.308675 -0.951031 -0.016114
vn -0.284548 -0.951031 -0.120715
vn -0.226101 -0.951031 -0.210756
vn -0.140382 -0.951031 -0.275377
vn -0.037732 -0.951031 -0.306783
vn 0.069470 -0.951031 -0.301187
vn 0.168292 -0.951031 -0.259263
vn 0.246816 -0.951031 -0.186068
vn 0.295571 -0.951031 -0.090431
vn 0.308675 -0.951031 0.016114
vn 0.993576 0.113157 -0.001259
vn 0.934087 0.113157 0.338640
vn 0.761933 0.113157 0.637694
vn 0.497879 0.113157 0.859833
vn 0.173773 0.113157 0.978263
vn -0.171292 0.113157 0.978700
vn -0.495697 0.113157 0.861092
vn -0.760314 0.113157 0.639623
vn -0.933226 0.113157 0.341007
vn -0.993576 0.113157 0.001259
vn -0.934087 0.113157 -0.338640
vn -0.761933 0.113157 -0.637694
vn -0.497879 0.113157 -0.859833
vn -0.173773 0.113157 -0.978263
vn 0.171292 0.113157 -0.978700
vn 0.495697 0.113157 -0.861092
vn 0.760314 0.113157 -0.639623
vn 0.933226 0.113157 -0.341007
vn 0.993576 0.113157 -0.001259
vn 0.750054 -0.661340 0.006988
vn 0.702430 -0.661340 0.263100
vn 0.570083 -0.661340 0.487478
vn 0.368975 -0.661340 0.653059
vn 0.123364 -0.661340 0.739872
vn -0.137127 -0.661340 0.737445
vn -0.381078 -0.661340 0.646072
vn -0.579066 -0.661340 0.476772
vn -0.707210 -0.661340 0.249967
vn -0.750054 -0.661340 -0.006988
vn -0.702430 -0.661340 -0.263100
vn -0.570083 -0.661340 -0.487478
vn -0.368975 -0.661340 -0.653059
vn -0.123364 -0.661340 -0.739872
vn 0.137127 -0.661340 -0.737445
vn 0.381078 -0.661340 -0.646072
vn 0.579066 -0.661340 -0.476772
vn 0.707210 -0.661340 -0.249967
vn 0.750054 -0.661340 0.006988
vn 0.956303 -0.292362 0.002863
vn 0.897652 -0.292362 0.329765
vn 0.730731 -0.292362 0.616893
vn 0.475672 -0.292362 0.829614
vn 0.163241 -0.292362 0.942272
vn -0.168880 -0.292362 0.941278
vn -0.480631 -0.292362 0.826751
vn -0.734411 -0.292362 0.612507
vn -0.899610 -0.292362 0.324385
vn -0.956303 -0.292362 -0.002863
vn -0.897652 -0.292362 -0.329765
vn -0.730731 -0.292362 -0.616893
vn -0.475672 -0.292362 -0.829614
vn -0.163241 -0.292362 -0.942272
vn 0.168880 -0.292362 -0.941278
vn 0.480631 -0.292362 -0.826751
vn 0.734411 -0.292362 -0.612507
vn 0.899610 -0.292362 -0.324385
vn 0.956303 -0.292362 0.002863
vn 0.789076 0.614264 -0.006197
vn 0.743609 0.614264 0.264057
vn 0.608451 0.614264 0.502461
vn 0.399905 0.614264 0.680262
vn 0.143124 0.614264 0.776012
vn -0.130919 0.614264 0.778165
vn -0.389171 0.614264 0.686459
vn -0.600484 0.614264 0.511956
vn -0.739370 0.614264 0.275703
vn -0.789076 0.614264 0.006197
vn -0.743609 0.614264 -0.264057
vn -0.608451 0.614264 -0.502461
vn -0.399905 0.614264 -0.680262
vn -0.143124 0.614264 -0.776012
vn 0.130919 0.614264 -0.778165
vn 0.389171 0.614264 -0.686459
vn 0.600484 0.614264 -0.511956
vn 0.739370 0.614264 -0.275703
vn 0.789076 0.614264 -0.006197
vn 0.882943 0.469451 -0.005163
vn 0.831461 0.469451 0.297133
vn 0.679692 0.469451 0.563590
vn 0.445943 0.469451 0.762070
vn 0.158406 0.469451 0.868633
vn -0.148237 0.469451 0.870426
vn -0.437000 0.469451 0.767233
vn -0.673055 0.469451 0.571500
vn -0.827929 0.469451 0.306836
vn -0.882943 0.469451 0.005163
vn -0.831461 0.469451 -0.297133
vn -0.679692 0.469451 -0.563590
vn -0.445943 0.469451 -0.762070
vn -0.158406 0.469451 -0.868633
vn 0.148237 0.469451 -0.870426
vn 0.437000 0.469451 -0.767233
vn 0.673055 0.469451 -0.571500
vn 0.827929 0.469451 -0.306836
vn 0.882943 0.469451 -0.005163
vn 0.821304 -0.570457 0.006204
vn 0.769652 -0.570457 0.286733
vn 0.625167 -0.570457 0.532677
vn 0.405279 -0.570457 0.714373
vn 0.136508 -0.570457 0.809904
vn -0.148728 -0.570457 0.807749
vn -0.416025 -0.570457 0.708168
vn -0.633144 -0.570457 0.523171
vn -0.773896 -0.570457 0.275072
vn -0.821304 -0.570457 -0.006204
vn -0.769652 -0.570457 -0.286733
vn -0.625167 -0.570457 -0.532677
vn -0.405279 -0.570457 -0.714373
vn -0.136508 -0.570457 -0.809904
vn 0.148728 -0.570457 -0.807749
vn 0.416025 -0.570457 -0.708168
vn 0.633144 -0.570457 -0.523171
vn 0.773896 -0.570457 -0.275072
vn 0.821304 -0.570457 0.006204
vn 0.837459 -0.546472 0.005444
vn 0.785093 -0.546472 0.291543
vn 0.638032 -0.546472 0.542479
vn 0.414015 -0.546472 0.727983
vn 0.140062 -0.546472 0.825682
vn -0.150784 -0.546472 0.823791
vn -0.423444 -0.546472 0.722539
vn -0.645030 -0.546472 0.534138
vn -0.788816 -0.546472 0.281313
vn -0.837459 -0.546472 -0.005444
vn -0.785093 -0.546472 -0.291543
vn -0.638032 -0.546472 -0.542479
vn -0.414015 -0.546472 -0.727983
vn -0.140062 -0.546472 -0.825682
vn 0.150784 -0.546472 -0.823791
vn 0.423444 -0.546472 -0.722539
vn 0.645030 -0.546472 -0.534138
vn 0.788816 -0.546472 -0.281313
vn 0.837459 -0.546472 0.005444
vn 0.897281 0.441438 -0.004353
vn 0.844658 0.441438 0.302798
vn 0.690156 0.441438 0.573427
vn 0.452411 0.441438 0.774892
vn 0.160098 0.441438 0.882894
vn -0.151524 0.441438 0.884406
vn -0.444871 0.441438 0.779245
vn -0.684559 0.441438 0.580096
vn -0.841680 0.441438 0.310979
vn -0.897281 0.441438 0.004353
vn -0.844658 0.441438 -0.302798
vn -0.690156 0.441438 -0.573427
vn -0.452411 0.441438 -0.774892
vn -0.160098 0.441438 -0.882894
vn 0.151524 0.441438 -0.884406
vn 0.444871 0.441438 -0.779245
vn 0.684559 0.441438 -0.580096
vn 0.841680 0.441438 -0.310979
vn 0.897281 0.441438 -0.004353
vn 0.775826 0.630910 -0.006769
vn 0.731353 0.630910 0.258988
vn 0.598668 0.630910 0.493506
vn 0.393775 0.630910 0.668501
vn 0.141387 0.630910 0.762864
vn -0.128055 0.630910 0.765215
vn -0.382051 0.630910 0.675270
vn -0.589967 0.630910 0.503877
vn -0.726723 0.630910 0.271709
vn -0.775826 0.630910 0.006769
vn -0.731353 0.630910 -0.258988
vn -0.598668 0.630910 -0.493506
vn -0.393775 0.630910 -0.668501
vn -0.141387 0.630910 -0.762864
vn 0.128055 0.630910 -0.765215
vn 0.382051 0.630910 -0.675270
vn 0.589967 0.630910 -0.503877
vn 0.726723 0.630910 -0.271709
vn 0.775826 0.630910 -0.006769
vn 0.948499 -0.316761 0.003511
vn 0.890096 -0.316761 0.327705
vn 0.724335 -0.316761 0.612373
vn 0.471209 -0.316761 0.823180
vn 0.161247 -0.316761 0.934699
vn -0.168163 -0.316761 0.933479
vn -0.477290 -0.316761 0.819668
vn -0.728849 -0.316761 0.606994
vn -0.892498 -0.316761 0.321106
vn -0.948499 -0.316761 -0.003511
vn -0.890096 -0.316761 -0.327705
vn -0.724335 -0.316761 -0.612373
vn -0.471209 -0.316761 -0.823180
vn -0.161247 -0.316761 -0.934699
vn 0.168163 -0.316761 -0.933479
vn 0.477290 -0.316761 -0.819668
vn 0.728849 -0.316761 -0.606994
vn 0.892498 -0.316761 -0.321106
vn 0.948499 -0.316761 0.003511
vn 0.757366 -0.652956 0.006684
vn 0.709405 -0.652956 0.265315
vn 0.575880 -0.652956 0.491946
vn 0.372895 -0.652956 0.659240
vn 0.124933 -0.652956 0.747021
vn -0.138098 -0.652956 0.744700
vn -0.384472 -0.652956 0.652556
vn -0.584473 -0.652956 0.481705
vn -0.713978 -0.652956 0.252754
vn -0.757366 -0.652956 -0.006684
vn -0.709405 -0.652956 -0.265315
vn -0.575880 -0.652956 -0.491946
vn -0.372895 -0.652956 -0.659240
vn -0.124933 -0.652956 -0.747021
vn 0.138098 -0.652956 -0.744700
vn 0.384472 -0.652956 -0.652556
vn 0.584473 -0.652956 -0.481705
vn 0.713978 -0.652956 -0.252754
vn 0.757366 -0.652956 0.006684
vn 0.994667 0.103129 -0.001006
vn 0.935026 0.103129 0.339251
vn 0.762606 0.103129 0.638589
vn 0.498205 0.103129 0.860904
vn 0.173713 0.103129 0.979381
vn -0.171731 0.103129 0.979731
vn -0.496462 0.103129 0.861910
vn -0.761313 0.103129 0.640131
vn -0.934337 0.103129 0.341142
vn -0.994667 0.103129 0.001006
vn -0.935026 0.103129 -0.339251
vn -0.762606 0.103129 -0.638589
vn -0.498205 0.103129 -0.860904
vn -0.173713 0.103129 -0.979381
vn 0.171731 0.103129 -0.979731
vn 0.496462 0.103129 -0.861910
vn 0.761313 0.103129 -0.640131
vn 0.934337 0.103129 -0.341142
vn 0.994667 0.103129 -0.001006
vn 0.744107 0.668025 -0.006947
vn 0.701607 0.668025 0.247972
vn 0.574484 0.668025 0.472981
vn 0.378069 0.668025 0.640942
vn 0.136054 0.668025 0.731596
vn -0.122372 0.668025 0.734008
vn -0.366037 0.668025 0.647889
vn -0.565554 0.668025 0.483624
vn -0.696856 0.668025 0.261027
vn -0.744107 0.668025 0.006947
vn -0.701607 0.668025 -0.247972
vn -0.574484 0.668025 -0.472981
vn -0.378069 0.668025 -0.640942
vn -0.136054 0.668025 -0.731596
vn 0.122372 0.668025 -0.734008
vn 0.366037 0.668025 -0.647889
vn 0.565554 0.668025 -0.483624
vn 0.696856 0.668025 -0.261027
vn 0.744107 0.668025 -0.006947
vn 0.993576 0.113157 -0.001259
vn 0.934087 0.113157 0.338640
vn 0.761933 0.113157 0.637694
vn 0.497879 0.113157 0.859833
vn 0.173773 0.113157 0.978263
vn -0.171292 0.113157 0.978700
vn -0.495697 0.113157 0.861092
vn -0.760314 0.113157 0.639623
vn -0.933226 0.113157 0.341007
vn -0.993576 0.113157 0.001259
vn -0.934087 0.113157 -0.338640
vn -0.761933 0.113157 -0.637694
vn -0.497879 0.113157 -0.859833
vn -0.173773 0.113157 -0.978263
vn 0.171292 0.113157 -0.978700
vn 0.495697 0.113157 -0.861092
vn 0.760314 0.113157 -0.639623
vn 0.933226 0.113157 -0.341007
vn 0.993576 0.113157 -0.001259
vn 0.750054 -0.661340 0.006988
vn 0.702430 -0.661340 0.263100
vn 0.570083 -0.661340 0.487478
vn 0.368975 -0.661340 0.653059
vn 0.123364 -0.661340 0.739872
vn -0.137127 -0.661340 0.737445
vn -0.381078 -0.661340 0.646072
vn -0.579066 -0.661340 0.476772
vn -0.707210 -0.661340 0.249967
vn -0.750054 -0.661340 -0.006988
vn -0.702430 -0.661340 -0.263100
vn -0.570083 -0.661340 -0.487478
vn -0.368975 -0.661340 -0.653059
vn -0.123364 -0.661340 -0.739872
vn 0.137127 -0.661340 -0.737445
vn 0.381078 -0.661340 -0.646072
vn 0.579066 -0.661340 -0.476772
vn 0.707210 -0.661340 -0.249967
vn 0.750054 -0.661340 0.006988
vn 0.956303 -0.292362 0.002863
vn 0.897652 -0.292362 0.329765
vn 0.730731 -0.292362 0.616893
vn 0.475672 -0.292362 0.829614
vn 0.163241 -0.292362 0.942272
vn -0.168880 -0.292362 0.941278
vn -0.480631 -0.292362 0.826751
vn -0.734411 -0.292362 0.612507
vn -0.899610 -0.292362 0.324385
vn -0.956303 -0.292362 -0.002863
vn -0.897652 -0.292362 -0.329765
vn -0.730731 -0.292362 -0.616893
vn -0.475672 -0.292362 -0.829614
vn -0.163241 -0.292362 -0.942272
vn 0.168880 -0.292362 -0.941278
vn 0.480631 -0.292362 -0.826751
vn 0.734411 -0.292362 -0.612507
vn 0.899610 -0.292362 -0.324385
vn 0.956303 -0.292362 0.002863
vn 0.789076 0.614264 -0.006197
vn 0.743609 0.614264 0.264057
vn 0.608451 0.614264 0.502461
vn 0.399905 0.614264 0.680262
vn 0.143125 0.614264 0.776013
vn -0.130919 0.614264 0.778165
vn -0.389172 0.614264 0.686459
vn -0.600484 0.614264 0.511956
vn -0.739370 0.614264 0.275703
vn -0.789076 0.614264 0.006197
vn -0.743609 0.614264 -0.264057
vn -0.608451 0.614264 -0.502461
vn -0.399905 0.614264 -0.680262
vn -0.143125 0.614264 -0.776013
vn 0.130919 0.614264 -0.778165
vn 0.389172 0.614264 -0.686459
vn 0.600484 0.614264 -0.511956
vn 0.739370 0.614264 -0.275703
vn 0.789076 0.614264 -0.006197
vn 0.882950 0.469439 -0.005163
vn 0.831467 0.469439 0.297135
vn 0.679697 0.469439 0.563594
vn 0.445946 0.469439 0.762076
vn 0.158407 0.469439 0.868639
vn -0.148238 0.469439 0.870432
vn -0.437004 0.469439 0.767238
vn -0.673060 0.469439 0.571504
vn -0.827936 0.469439 0.306838
vn -0.882950 0.469439 0.005163
vn -0.831467 0.469439 -0.297135
vn -0.679697 0.469439 -0.563594
vn -0.445946 0.469439 -0.762076
vn -0.158407 0.469439 -0.868639
vn 0.148238 0.469439 -0.870432
vn 0.437004 0.469439 -0.767238
vn 0.673060 0.469439 -0.571504
vn 0.827936 0.469439 -0.306838
vn 0.882950 0.469439 -0.005163
vn 0.821132 -0.570705 0.006207
vn 0.769489 -0.570705 0.286676
vn 0.625034 -0.570705 0.532568
vn 0.405191 -0.570705 0.714224
vn 0.136476 -0.570705 0.809735
vn -0.148700 -0.570705 0.807579
vn -0.415941 -0.570705 0.708018
vn -0.633013 -0.570705 0.523059
vn -0.773734 -0.570705 0.275011
vn -0.821132 -0.570705 -0.006207
vn -0.769489 -0.570705 -0.286676
vn -0.625034 -0.570705 -0.532568
vn -0.405191 -0.570705 -0.714224
vn -0.136476 -0.570705 -0.809735
vn 0.148700 -0.570705 -0.807579
vn 0.415941 -0.570705 -0.708018
vn 0.633013 -0.570705 -0.523059
vn 0.773734 -0.570705 -0.275011
vn 0.821132 -0.570705 0.006207
vn 0.835545 -0.549395 0.005469
vn 0.783285 -0.549395 0.290913
vn 0.636549 -0.549395 0.541268
vn 0.413036 -0.549395 0.726338
vn 0.139705 -0.549395 0.823801
vn -0.150477 -0.549395 0.821901
vn -0.422509 -0.549395 0.720869
vn -0.643580 -0.549395 0.532888
vn -0.787026 -0.549395 0.280634
vn -0.835545 -0.549395 -0.005469
vn -0.783285 -0.549395 -0.290913
vn -0.636549 -0.549395 -0.541268
vn -0.413036 -0.549395 -0.726338
vn -0.139705 -0.549395 -0.823801
vn 0.150477 -0.549395 -0.821901
vn 0.422509 -0.549395 -0.720869
vn 0.643580 -0.549395 -0.532888
vn 0.787026 -0.549395 -0.280634
vn 0.835545 -0.549395 0.005469
vn 0.906792 0.421559 -0.004141
vn 0.853522 0.421559 0.306250
vn 0.697305 0.421559 0.579702
vn 0.456982 0.421559 0.783234
vn 0.161541 0.421559 0.892296
vn -0.153384 0.421559 0.893735
vn -0.449809 0.421559 0.787375
vn -0.691981 0.421559 0.586047
vn -0.850689 0.421559 0.314033
vn -0.906792 0.421559 0.004141
vn -0.853522 0.421559 -0.306250
vn -0.697305 0.421559 -0.579702
vn -0.456982 0.421559 -0.783234
vn -0.161541 0.421559 -0.892296
vn 0.153384 0.421559 -0.893735
vn 0.449809 0.421559 -0.787375
vn 0.691981 0.421559 -0.586047
vn 0.850689 0.421559 -0.314033
vn 0.906792 0.421559 -0.004141
vn 0.818448 0.574549 -0.006054
vn 0.771160 0.574549 0.274237
vn 0.630858 0.574549 0.521451
vn 0.414466 0.574549 0.705770
vn 0.148084 0.574549 0.804962
vn -0.136160 0.574549 0.807065
vn -0.403981 0.574549 0.711823
vn -0.623076 0.574549 0.530725
vn -0.767019 0.574549 0.285614
vn -0.818448 0.574549 0.006054
vn -0.771160 0.574549 -0.274237
vn -0.630858 0.574549 -0.521451
vn -0.414466 0.574549 -0.705770
vn -0.148084 0.574549 -0.804962
vn 0.136160 0.574549 -0.807065
vn 0.403981 0.574549 -0.711823
vn 0.623076 0.574549 -0.530725
vn 0.767019 0.574549 -0.285614
vn 0.818448 0.574549 -0.006054
vn 0.817865 -0.575379 0.005986
vn 0.766495 -0.575379 0.285351
vn 0.622674 -0.575379 0.530299
vn 0.403749 -0.575379 0.711285
vn 0.136126 -0.575379 0.806479
vn -0.147916 -0.575379 0.804401
vn -0.414116 -0.575379 0.705299
vn -0.630369 -0.575379 0.521128
vn -0.770589 -0.575379 0.274102
vn -0.817865 -0.575379 -0.005986
vn -0.766495 -0.575379 -0.285351
vn -0.622674 -0.575379 -0.530299
vn -0.403749 -0.575379 -0.711285
vn -0.136126 -0.575379 -0.806479
vn 0.147916 -0.575379 -0.804401
vn 0.414116 -0.575379 -0.705299
vn 0.630369 -0.575379 -0.521128
vn 0.770589 -0.575379 -0.274102
vn 0.817865 -0.575379 0.005986
vn 0.574226 -0.818664 0.007376
vn 0.537073 -0.818664 0.203328
vn 0.435141 -0.818664 0.374755
vn 0.280725 -0.818664 0.500982
vn 0.092449 -0.818664 0.566783
vn -0.106977 -0.818664 0.564221
vn -0.293500 -0.818664 0.493606
vn -0.444623 -0.818664 0.363455
vn -0.542118 -0.818664 0.189466
vn -0.574226 -0.818664 -0.007376
vn -0.537073 -0.818664 -0.203328
vn -0.435141 -0.818664 -0.374755
vn -0.280725 -0.818664 -0.500982
vn -0.092449 -0.818664 -0.566783
vn 0.106977 -0.818664 -0.564221
vn 0.293500 -0.818664 -0.493606
vn 0.444623 -0.818664 -0.363455
vn 0.542118 -0.818664 -0.189466
vn 0.574226 -0.818664 0.007376
vn 0.995785 -0.091717 0.000758
vn 0.935473 -0.091717 0.341290
vn 0.762328 -0.091717 0.640658
vn 0.497236 -0.091717 0.862754
vn 0.172170 -0.091717 0.980788
vn -0.173662 -0.091717 0.980525
vn -0.498548 -0.091717 0.861996
vn -0.763302 -0.091717 0.639498
vn -0.935991 -0.091717 0.339867
vn -0.995785 -0.091717 -0.000758
vn -0.935473 -0.091717 -0.341290
vn -0.762328 -0.091717 -0.640658
vn -0.497236 -0.091717 -0.862754
vn -0.172170 -0.091717 -0.980788
vn 0.173662 -0.091717 -0.980525
vn 0.498548 -0.091717 -0.861996
vn 0.763302 -0.091717 -0.639498
vn 0.935991 -0.091717 -0.339867
vn 0.995785 -0.091717 0.000758
vn 0.181804 0.983264 -0.011773
vn 0.174866 0.983264 0.051118
vn 0.146837 0.983264 0.107843
vn 0.101098 0.983264 0.151560
vn 0.043164 0.983264 0.176998
vn -0.019976 0.983264 0.181086
vn -0.080706 0.983264 0.163333
vn -0.131702 0.983264 0.125880
vn -0.166813 0.983264 0.073243
vn -0.181804 0.983264 0.011773
vn -0.174866 0.983264 -0.051118
vn -0.146837 0.983264 -0.107843
vn -0.101098 0.983264 -0.151560
vn -0.043164 0.983264 -0.176998
vn 0.019976 0.983264 -0.181086
vn 0.080706 0.983264 -0.163333
vn 0.131702 0.983264 -0.125880
vn 0.166813 0.983264 -0.073243
vn 0.181804 0.983264 -0.011773
vn 0.000000 -1.000000 0.000000
vn 0.308675 -0.951031 0.016114
vn 0.284548 -0.951031 0.120715
vn 0.226101 -0.951031 0.210756
vn 0.140382 -0.951031 0.275377
vn 0.037732 -0.951031 0.306783
vn -0.069470 -0.951031 0.301187
vn -0.168292 -0.951031 0.259263
vn -0.246816 -0.951031 0.186068
vn -0.295571 -0.951031 0.090431
vn -0.308675 -0.951031 -0.016114
vn -0.284548 -0.951031 -0.120715
vn -0.226101 -0.951031 -0.210756
vn -0.140382 -0.951031 -0.275377
vn -0.037732 -0.951031 -0.306783
vn 0.069470 -0.951031 -0.301187
vn 0.168292 -0.951031 -0.259263
vn 0.246816 -0.951031 -0.186068
vn 0.295571 -0.951031 -0.090431
vn 0.308675 -0.951031 0.016114
vn 0.000000 1.000000 0.000000
vn 0.181804 0.983264 -0.011773
vn 0.174866 0.983264 0.051118
vn 0.146837 0.983264 0.107843
vn 0.101098 0.983264 0.151560
vn 0.043164 0.983264 0.176998
vn -0.019976 0.983264 0.181086
vn -0.080706 0.983264 0.163333
vn -0.131702 0.983264 0.125880
vn -0.166813 0.983264 0.073243
vn -0.181804 0.983264 0.011773
vn -0.174866 0.983264 -0.051118
vn -0.146837 0.983264 -0.107843
vn -0.101098 0.983264 -0.151560
vn -0.043164 0.983264 -0.176998
vn 0.019976 0.983264 -0.181086
vn 0.080706 0.983264 -0.163333
vn 0.131702 0.983264 -0.125880
vn 0.166813 0.983264 -0.073243
vn 0.181804 0.983264 -0.011773
vn -0.308675 -0.951031 0.016114
vn -0.284548 -0.951031 0.120715
vn -0.226101 -0.951031 0.210756
vn -0.140382 -0.951031 0.275377
vn -0.037732 -0.951031 0.306783
vn 0.069470 -0.951031 0.301187
vn 0.168292 -0.951031 0.259263
vn 0.246816 -0.951031 0.186068
vn 0.295571 -0.951031 0.090431
vn 0.308675 -0.951031 -0.016114
vn 0.284548 -0.951031 -0.120715
vn 0.226101 -0.951031 -0.210756
vn 0.140382 -0.951031 -0.275377
vn 0.037732 -0.951031 -0.306783
vn -0.069470 -0.951031 -0.301187
vn -0.168292 -0.951031 -0.259263
vn -0.246816 -0.951031 -0.186068
vn -0.295571 -0.951031 -0.090431
vn -0.308675 -0.951031 0.016114
vn -0.993576 0.113157 -0.001259
vn -0.934087 0.113157 0.338640
vn -0.761933 0.113157 0.637694
vn -0.497879 0.113157 0.859833
vn -0.173773 0.113157 0.978263
vn 0.171292 0.113157 0.978700
vn 0.495697 0.113157 0.861092
vn 0.760314 0.113157 0.639623
vn 0.933226 0.113157 0.341007
vn 0.993576 0.113157 0.001259
vn 0.934087 0.113157 -0.338640
vn 0.761933 0.113157 -0.637694
vn 0.497879 0.113157 -0.859833
vn 0.173773 0.113157 -0.978263
vn -0.171292 0.113157 -0.978700
vn -0.495697 0.113157 -0.861092
vn -0.760314 0.113157 -0.639623
vn -0.933226 0.113157 -0.341007
vn -0.993576 0.113157 -0.001259
vn -0.750054 -0.661340 0.006988
vn -0.702430 -0.661340 0.263100
vn -0.570083 -0.661340 0.487478
vn -0.368975 -0.661340 0.653059
vn -0.123364 -0.661340 0.739872
vn 0.137127 -0.661340 0.737445
vn 0.381078 -0.661340 0.646072
vn 0.579066 -0.661340 0.476772
vn 0.707210 -0.661340 0.249967
vn 0.750054 -0.661340 -0.006988
vn 0.702430 -0.661340 -0.263100
vn 0.570083 -0.661340 -0.487478
vn 0.368975 -0.661340 -0.653059
vn 0.123364 -0.661340 -0.739872
vn -0.137127 -0.661340 -0.737445
vn -0.381078 -0.661340 -0.646072
vn -0.579066 -0.661340 -0.476772
vn -0.707210 -0.661340 -0.249967
vn -0.750054 -0.661340 0.006988
vn -0.956303 -0.292362 0.002863
vn -0.897652 -0.292362 0.329765
vn -0.730731 -0.292362 0.616893
vn -0.475672 -0.292362 0.829614
vn -0.163241 -0.292362 0.942272
vn 0.168880 -0.292362 0.941278
vn 0.480631 -0.292362 0.826751
vn 0.734411 -0.292362 0.612507
vn 0.899610 -0.292362 0.324385
vn 0.956303 -0.292362 -0.002863
vn 0.897652 -0.292362 -0.329765
vn 0.730731 -0.292362 -0.616893
vn 0.475672 -0.292362 -0.829614
vn 0.163241 -0.292362 -0.942272
vn -0.168880 -0.292362 -0.941278
vn -0.480631 -0.292362 -0.826751
vn -0.734411 -0.292362 -0.612507
vn -0.899610 -0.292362 -0.324385
vn -0.956303 -0.292362 0.002863
vn -0.789076 0.614264 -0.006197
vn -0.743609 0.614264 0.264057
vn -0.608451 0.614264 0.502461
vn -0.399905 0.614264 0.680262
vn -0.143124 0.614264 0.776012
vn 0.130919 0.614264 0.778165
vn 0.389171 0.614264 0.686459
vn 0.600484 0.614264 0.511956
vn 0.739370 0.614264 0.275703
vn 0.789076 0.614264 0.006197
vn 0.743609 0.614264 -0.264057
vn 0.608451 0.614264 -0.502461
vn 0.399905 0.614264 -0.680262
vn 0.143124 0.614264 -0.776012
vn -0.130919 0.614264 -0.778165
vn -0.389171 0.614264 -0.686459
vn -0.600484 0.614264 -0.511956
vn -0.739370 0.614264 -0.275703
vn -0.789076 0.614264 -0.006197
vn -0.882943 0.469451 -0.005163
vn -0.831461 0.469451 0.297133
vn -0.679692 0.469451 0.563590
vn -0.445943 0.469451 0.762070
vn -0.158406 0.469451 0.868633
vn 0.148237 0.469451 0.870426
vn 0.437000 0.469451 0.767233
vn 0.673055 0.469451 0.571500
vn 0.827929 0.469451 0.306836
vn 0.882943 0.469451 0.005163
vn 0.831461 0.469451 -0.297133
vn 0.679692 0.469451 -0.563590
vn 0.445943 0.469451 -0.762070
vn 0.158406 0.469451 -0.868633
vn -0.148237 0.469451 -0.870426
vn -0.437000 0.469451 -0.767233
vn -0.673055 0.469451 -0.571500
vn -0.827929 0.469451 -0.306836
vn -0.882943 0.469451 -0.005163
vn -0.821304 -0.570457 0.006204
vn -0.769652 -0.570457 0.286733
vn -0.625167 -0.570457 0.532677
vn -0.405279 -0.570457 0.714373
vn -0.136508 -0.570457 0.809904
vn 0.148728 -0.570457 0.807749
vn 0.416025 -0.570457 0.708168
vn 0.633144 -0.570457 0.523171
vn 0.773896 -0.570457 0.275072
vn 0.821304 -0.570457 -0.006204
vn 0.769652 -0.570457 -0.286733
vn 0.625167 -0.570457 -0.532677
vn 0.405279 -0.570457 -0.714373
vn 0.136508 -0.570457 -0.809904
vn -0.148728 -0.570457 -0.807749
vn -0.416025 -0.570457 -0.708168
vn -0.633144 -0.570457 -0.523171
vn -0.773896 -0.570457 -0.275072
vn -0.821304 -0.570457 0.006204
vn -0.837459 -0.546472 0.005444
vn -0.785093 -0.546472 0.291543
vn -0.638032 -0.546472 0.542479
vn -0.414015 -0.546472 0.727983
vn -0.140062 -0.546472 0.825682
vn 0.150784 -0.546472 0.823791
vn 0.423444 -0.546472 0.722539
vn 0.645030 -0.546472 0.534138
vn 0.788816 -0.546472 0.281313
vn 0.837459 -0.546472 -0.005444
vn 0.785093 -0.546472 -0.291543
vn 0.638032 -0.546472 -0.542479
vn 0.414015 -0.546472 -0.727983
vn 0.140062 -0.546472 -0.825682
vn -0.150784 -0.546472 -0.823791
vn -0.423444 -0.546472 -0.722539
vn -0.645030 -0.546472 -0.534138
vn -0.788816 -0.546472 -0.281313
vn -0.837459 -0.546472 0.005444
vn -0.897281 0.441438 -0.004353
vn -0.844658 0.441438 0.302798
vn -0.690156 0.441438 0.573427
vn -0.452411 0.441438 0.774892
vn -0.160098 0.441438 0.882894
vn 0.151524 0.441438 0.884406
vn 0.444871 0.441438 0.779245
vn 0.684559 0.441438 0.580096
vn 0.841680 0.441438 0.310979
vn 0.897281 0.441438 0.004353
vn 0.844658 0.441438 -0.302798
vn 0.690156 0.441438 -0.573427
vn 0.452411 0.441438 -0.774892
vn 0.160098 0.441438 -0.882894
vn -0.151524 0.441438 -0.884406
vn -0.444871 0.441438 -0.779245
vn -0.684559 0.441438 -0.580096
vn -0.841680 0.441438 -0.310979
vn -0.897281 0.441438 -0.004353
vn -0.775826 0.630910 -0.006769
vn -0.731353 0.630910 0.258988
vn -0.598668 0.630910 0.493506
vn -0.393775 0.630910 0.668501
vn -0.141387 0.630910 0.762864
vn 0.128055 0.630910 0.765215
vn 0.382051 0.630910 0.675270
vn 0.589967 0.630910 0.503877
vn 0.726723 0.630910 0.271709
vn 0.775826 0.630910 0.006769
vn 0.731353 0.630910 -0.258988
vn 0.598668 0.630910 -0.493506
vn 0.393775 0.630910 -0.668501
vn 0.141387 0.630910 -0.762864
vn -0.128055 0.630910 -0.765215
vn -0.382051 0.630910 -0.675270
vn -0.589967 0.630910 -0.503877
vn -0.726723 0.630910 -0.271709
vn -0.775826 0.630910 -0.006769
vn -0.948499 -0.316761 0.003511
vn -0.890096 -0.316761 0.327705
vn -0.724335 -0.316761 0.612373
vn -0.471209 -0.316761 0.823180
vn -0.161247 -0.316761 0.934699
vn 0.168163 -0.316761 0.933479
vn 0.477290 -0.316761 0.819668
vn 0.728849 -0.316761 0.606994
vn 0.892498 -0.316761 0.321106
vn 0.948499 -0.316761 -0.003511
vn 0.890096 -0.316761 -0.327705
vn 0.724335 -0.316761 -0.612373
vn 0.471209 -0.316761 -0.823180
vn 0.161247 -0.316761 -0.934699
vn -0.168163 -0.316761 -0.933479
vn -0.477290 -0.316761 -0.819668
vn -0.728849 -0.316761 -0.606994
vn -0.892498 -0.316761 -0.321106
vn -0.948499 -0.316761 0.003511
vn -0.757366 -0.652956 0.006684
vn -0.709405 -0.652956 0.265315
vn -0.575880 -0.652956 0.491946
vn -0.372895 -0.652956 0.659240
vn -0.124933 -0.652956 0.747021
vn 0.138098 -0.652956 0.744700
vn 0.384472 -0.652956 0.652556
vn 0.584473 -0.652956 0.481705
vn 0.713978 -0.652956 0.252754
vn 0.757366 -0.652956 -0.006684
vn 0.709405 -0.652956 -0.265315
vn 0.575880 -0.652956 -0.491946
vn 0.372895 -0.652956 -0.659240
vn 0.124933 -0.652956 -0.747021
vn -0.138098 -0.652956 -0.744700
vn -0.384472 -0.652956 -0.652556
vn -0.584473 -0.652956 -0.481705
vn -0.713978 -0.652956 -0.252754
vn -0.757366 -0.652956 0.006684
vn -0.994667 0.103129 -0.001006
vn -0.935026 0.103129 0.339251
vn -0.762606 0.103129 0.638589
vn -0.498205 0.103129 0.860904
vn -0.173713 0.103129 0.979381
vn 0.171731 0.103129 0.979731
vn 0.496462 0.103129 0.861910
vn 0.761313 0.103129 0.640131
vn 0.934337 0.103129 0.341142
vn 0.994667 0.103129 0.001006
vn 0.935026 0.103129 -0.339251
vn 0.762606 0.103129 -0.638589
vn 0.498205 0.103129 -0.860904
vn 0.173713 0.103129 -0.979381
vn -0.171731 0.103129 -0.979731
vn -0.496462 0.103129 -0.861910
vn -0.761313 0.103129 -0.640131
vn -0.934337 0.103129 -0.341142
vn -0.994667 0.103129 -0.001006
vn -0.744107 0.668025 -0.006947
vn -0.701607 0.668025 0.247972
vn -0.574484 0.668025 0.472981
vn -0.378069 0.668025 0.640942
vn -0.136054 0.668025 0.731596
vn 0.122372 0.668025 0.734008
vn 0.366037 0.668025 0.647889
vn 0.565554 0.668025 0.483624
vn 0.696856 0.668025 0.261027
vn 0.744107 0.668025 0.006947
vn 0.701607 0.668025 -0.247972
vn 0.574484 0.668025 -0.472981
vn 0.378069 0.668025 -0.640942
vn 0.136054 0.668025 -0.731596
vn -0.122372 0.668025 -0.734008
vn -0.366037 0.668025 -0.647889
vn -0.565554 0.668025 -0.483624
vn -0.696856 0.668025 -0.261027
vn -0.744107 0.668025 -0.006947
vn -0.993576 0.113157 -0.001259
vn -0.934087 0.113157 0.338640
vn -0.761933 0.113157 0.637694
vn -0.497879 0.113157 0.859833
vn -0.173773 0.113157 0.978263
vn 0.171292 0.113157 0.978700
vn 0.495697 0.113157 0.861092
vn 0.760314 0.113157 0.639623
vn 0.933226 0.113157 0.341007
vn 0.993576 0.113157 0.001259
vn 0.934087 0.113157 -0.338640
vn 0.761933 0.113157 -0.637694
vn 0.497879 0.113157 -0.859833
vn 0.173773 0.113157 -0.978263
vn -0.171292 0.113157 -0.978700
vn -0.495697 0.113157 -0.861092
vn -0.760314 0.113157 -0.639623
vn -0.933226 0.113157 -0.341007
vn -0.993576 0.113157 -0.001259
vn -0.750054 -0.661340 0.006988
vn -0.702430 -0.661340 0.263100
vn -0.570083 -0.661340 0.487478
vn -0.368975 -0.661340 0.653059
vn -0.123364 -0.661340 0.739872
vn 0.137127 -0.661340 0.737445
vn 0.381078 -0.661340 0.646072
vn 0.579066 -0.661340 0.476772
vn 0.707210 -0.661340 0.249967
vn 0.750054 -0.661340 -0.006988
vn 0.702430 -0.661340 -0.263100
vn 0.570083 -0.661340 -0.487478
vn 0.368975 -0.661340 -0.653059
vn 0.123364 -0.661340 -0.739872
vn -0.137127 -0.661340 -0.737445
vn -0.381078 -0.661340 -0.646072
vn -0.579066 -0.661340 -0.476772
vn -0.707210 -0.661340 -0.249967
vn -0.750054 -0.661340 0.006988
vn -0.956303 -0.292362 0.002863
vn -0.897652 -0.292362 0.329765
vn -0.730731 -0.292362 0.616893
vn -0.475672 -0.292362 0.829614
vn -0.163241 -0.292362 0.942272
vn 0.168880 -0.292362 0.941278
vn 0.480631 -0.292362 0.826751
vn 0.734411 -0.292362 0.612507
vn 0.899610 -0.292362 0.324385
vn 0.956303 -0.292362 -0.002863
vn 0.897652 -0.292362 -0.329765
vn 0.730731 -0.292362 -0.616893
vn 0.475672 -0.292362 -0.829614
vn 0.163241 -0.292362 -0.942272
vn -0.168880 -0.292362 -0.941278
vn -0.480631 -0.292362 -0.826751
vn -0.734411 -0.292362 -0.612507
vn -0.899610 -0.292362 -0.324385
vn -0.956303 -0.292362 0.002863
vn -0.789076 0.614264 -0.006197
vn -0.743609 0.614264 0.264057
vn -0.608451 0.614264 0.502461
vn -0.399905 0.614264 0.680262
vn -0.143125 0.614264 0.776013
vn 0.130919 0.614264 0.778165
vn 0.389172 0.614264 0.686459
vn 0.600484 0.614264 0.511956
vn 0.739370 0.614264 0.275703
vn 0.789076 0.614264 0.006197
vn 0.743609 0.614264 -0.264057
vn 0.608451 0.614264 -0.502461
vn 0.399905 0.614264 -0.680262
vn 0.143125 0.614264 -0.776013
vn -0.130919 0.614264 -0.778165
vn -0.389172 0.614264 -0.686459
vn -0.600484 0.614264 -0.511956
vn -0.739370 0.614264 -0.275703
vn -0.789076 0.614264 -0.006197
vn -0.882950 0.469439 -0.005163
vn -0.831467 0.469439 0.297135
vn -0.679697 0.469439 0.563594
vn -0.445946 0.469439 0.762076
vn -0.158407 0.469439 0.868639
vn 0.148238 0.469439 0.870432
vn 0.437004 0.469439 0.767238
vn 0.673060 0.469439 0.571504
vn 0.827936 0.469439 0.306838
vn 0.882950 0.469439 0.005163
vn 0.831467 0.469439 -0.297135
vn 0.679697 0.469439 -0.563594
vn 0.445946 0.469439 -0.762076
vn 0.158407 0.469439 -0.868639
vn -0.148238 0.469439 -0.870432
vn -0.437004 0.469439 -0.767238
vn -0.673060 0.469439 -0.571504
vn -0.827936 0.469439 -0.306838
vn -0.882950 0.469439 -0.005163
vn -0.821132 -0.570705 0.006207
vn -0.769489 -0.570705 0.286676
vn -0.625034 -0.570705 0.532568
vn -0.405191 -0.570705 0.714224
vn -0.136476 -0.570705 0.809735
vn 0.148700 -0.570705 0.807579
vn 0.415941 -0.570705 0.708018
vn 0.633013 -0.570705 0.523059
vn 0.773734 -0.570705 0.275011
vn 0.821132 -0.570705 -0.006207
vn 0.769489 -0.570705 -0.286676
vn 0.625034 -0.570705 -0.532568
vn 0.405191 -0.570705 -0.714224
vn 0.136476 -0.570705 -0.809735
vn -0.148700 -0.570705 -0.807579
vn -0.415941 -0.570705 -0.708018
vn -0.633013 -0.570705 -0.523059
vn -0.773734 -0.570705 -0.275011
vn -0.821132 -0.570705 0.006207
vn -0.835545 -0.549395 0.005469
vn -0.783285 -0.549395 0.290913
vn -0.636549 -0.549395 0.541268
vn -0.413036 -0.549395 0.726338
vn -0.139705 -0.549395 0.823801
vn 0.150477 -0.549395 0.821901
vn 0.422509 -0.549395 0.720869
vn 0.643580 -0.549395 0.532888
vn 0.787026 -0.549395 0.280634
vn 0.835545 -0.549395 -0.005469
vn 0.783285 -0.549395 -0.290913
vn 0.636549 -0.549395 -0.541268
vn 0.413036 -0.549395 -0.726338
vn 0.139705 -0.549395 -0.823801
vn -0.150477 -0.549395 -0.821901
vn -0.422509 -0.549395 -0.720869
vn -0.643580 -0.549395 -0.532888
vn -0.787026 -0.549395 -0.280634
vn -0.835545 -0.549395 0.005469
vn -0.906792 0.421559 -0.004141
vn -0.853522 0.421559 0.306250
vn -0.697305 0.421559 0.579702
vn -0.456982 0.421559 0.783234
vn -0.161541 0.421559 0.892296
vn 0.153384 0.421559 0.893735
vn 0.449809 0.421559 0.787375
vn 0.691981 0.421559 0.586047
vn 0.850689 0.421559 0.314033
vn 0.906792 0.421559 0.004141
vn 0.853522 0.421559 -0.306250
vn 0.697305 0.421559 -0.579702
vn 0.456982 0.421559 -0.783234
vn 0.161541 0.421559 -0.892296
vn -0.153384 0.421559 -0.893735
vn -0.449809 0.421559 -0.787375
vn -0.691981 0.421559 -0.586047
vn -0.850689 0.421559 -0.314033
vn -0.906792 0.421559 -0.004141
vn -0.818448 0.574549 -0.006054
vn -0.771160 0.574549 0.274237
vn -0.630858 0.574549 0.521451
vn -0.414466 0.574549 0.705770
vn -0.148084 0.574549 0.804962
vn 0.136160 0.574549 0.807065
vn 0.403981 0.574549 0.711823
vn 0.623076 0.574549 0.530725
vn 0.767019 0.574549 0.285614
vn 0.818448 0.574549 0.006054
vn 0.771160 0.574549 -0.274237
vn 0.630858 0.574549 -0.521451
vn 0.414466 0.574549 -0.705770
vn 0.148084 0.574549 -0.804962
vn -0.136160 0.574549 -0.807065
vn -0.403981 0.574549 -0.711823
vn -0.623076 0.574549 -0.530725
vn -0.767019 0.574549 -0.285614
vn -0.818448 0.574549 -0.006054
vn -0.817865 -0.575379 0.005986
vn -0.766495 -0.575379 0.285351
vn -0.622674 -0.575379 0.530299
vn -0.403749 -0.575379 0.711285
vn -0.136126 -0.575379 0.806479
vn 0.147916 -0.575379 0.804401
vn 0.414116 -0.575379 0.705299
vn 0.630369 -0.575379 0.521128
vn 0.770589 -0.575379 0.274102
vn 0.817865 -0.575379 -0.005986
vn 0.766495 -0.575379 -0.285351
vn 0.622674 -0.575379 -0.530299
vn 0.403749 -0.575379 -0.711285
vn 0.136126 -0.575379 -0.806479
vn -0.147916 -0.575379 -0.804401
vn -0.414116 -0.575379 -0.705299
vn -0.630369 -0.575379 -0.521128
vn -0.770589 -0.575379 -0.274102
vn -0.817865 -0.575379 0.005986
vn -0.574226 -0.818664 0.007376
vn -0.537073 -0.818664 0.203328
vn -0.435141 -0.818664 0.374755
vn -0.280725 -0.818664 0.500982
vn -0.092449 -0.818664 0.566783
vn 0.106977 -0.818664 0.564221
vn 0.293500 -0.818664 0.493606
vn 0.444623 -0.818664 0.363455
vn 0.542118 -0.818664 0.189466
vn 0.574226 -0.818664 -0.007376
vn 0.537073 -0.818664 -0.203328
vn 0.435141 -0.818664 -0.374755
vn 0.280725 -0.818664 -0.500982
vn 0.092449 -0.818664 -0.566783
vn -0.106977 -0.818664 -0.564221
vn -0.293500 -0.818664 -0.493606
vn -0.444623 -0.818664 -0.363455
vn -0.542118 -0.818664 -0.189466
vn -0.574226 -0.818664 0.007376
vn -0.995785 -0.091717 0.000758
vn -0.935473 -0.091717 0.341290
vn -0.762328 -0.091717 0.640658
vn -0.497236 -0.091717 0.862754
vn -0.172170 -0.091717 0.980788
vn 0.173662 -0.091717 0.980525
vn 0.498548 -0.091717 0.861996
vn 0.763302 -0.091717 0.639498
vn 0.935991 -0.091717 0.339867
vn 0.995785 -0.091717 -0.000758
vn 0.935473 -0.091717 -0.341290
vn 0.762328 -0.091717 -0.640658
vn 0.497236 -0.091717 -0.862754
vn 0.172170 -0.091717 -0.980788
vn -0.173662 -0.091717 -0.980525
vn -0.498548 -0.091717 -0.861996
vn -0.763302 -0.091717 -0.639498
vn -0.935991 -0.091717 -0.339867
vn -0.995785 -0.091717 0.000758
vn -0.181804 0.983264 -0.011773
vn -0.174866 0.983264 0.051118
vn -0.146837 0.983264 0.107843
vn -0.101098 0.983264 0.151560
vn -0.043164 0.983264 0.176998
vn 0.019976 0.983264 0.181086
vn 0.080706 0.983264 0.163333
vn 0.131702 0.983264 0.125880
vn 0.166813 0.983264 0.073243
vn 0.181804 0.983264 0.011773
vn 0.174866 0.983264 -0.051118
vn 0.146837 0.983264 -0.107843
vn 0.101098 0.983264 -0.151560
vn 0.043164 0.983264 -0.176998
vn -0.019976 0.983264 -0.181086
vn -0.080706 0.983264 -0.163333
vn -0.131702 0.983264 -0.125880
vn -0.166813 0.983264 -0.073243
vn -0.181804 0.983264 -0.011773
vn 0.000000 -1.000000 0.000000
vn -0.308675 -0.951031 0.016114
vn -0.284548 -0.951031 0.120715
vn -0.226101 -0.951031 0.210756
vn -0.140382 -0.951031 0.275377
vn -0.037732 -0.951031 0.306783
vn 0.069470 -0.951031 0.301187
vn 0.168292 -0.951031 0.259263
vn 0.246816 -0.951031 0.186068
vn 0.295571 -0.951031 0.090431
vn 0.308675 -0.951031 -0.016114
vn 0.284548 -0.951031 -0.120715
vn 0.226101 -0.951031 -0.210756
vn 0.140382 -0.951031 -0.275377
vn 0.037732 -0.951031 -0.306783
vn -0.069470 -0.951031 -0.301187
vn -0.168292 -0.951031 -0.259263
vn -0.246816 -0.951031 -0.186068
vn -0.295571 -0.951031 -0.090431
vn -0.308675 -0.951031 0.016114
vn 0.000000 1.000000 0.000000
vn -0.181804 0.983264 -0.011773
vn -0.174866 0.983264 0.051118
vn -0.146837 0.983264 0.107843
vn -0.101098 0.983264 0.151560
vn -0.043164 0.983264 0.176998
vn 0.019976 0.983264 0.181086
vn 0.080706 0.983264 0.163333
vn 0.131702 0.983264 0.125880
vn 0.166813 0.983264 0.073243
vn 0.181804 0.983264 0.011773
vn 0.174866 0.983264 -0.051118
vn 0.146837 0.983264 -0.107843
vn 0.101098 0.983264 -0.151560
vn 0.043164 0.983264 -0.176998
vn -0.019976 0.983264 -0.181086
vn -0.080706 0.983264 -0.163333
vn -0.131702 0.983264 -0.125880
vn -0.166813 0.983264 -0.073243
vn -0.181804 0.983264 -0.011773
vn -0.045499 0.924275 0.379006
vn -0.359925 0.892117 0.273095
vn -0.511317 0.845618 0.153246
vn -0.534509 0.840965 0.084130
vn -0.455123 0.882917 -0.115416
vn -0.243825 0.915868 -0.318958
vn -0.108087 0.919076 -0.378968
vn 0.029489 0.915581 -0.401051
vn 0.146096 0.906813 -0.395405
vn 0.339876 0.904849 -0.256384
vn 0.503475 0.863829 -0.017694
vn 0.545147 0.831578 0.106268
vn 0.491181 0.849246 0.193710
vn 0.238544 0.911241 0.335764
vn -0.045499 0.924275 0.379006
vn -0.006834 0.084099 0.996434
vn -0.706730 0.075332 0.703461
vn -0.943597 0.069072 0.323810
vn -0.982119 0.075949 0.172261
vn -0.985381 0.092216 -0.143248
vn -0.698820 0.149272 -0.699548
vn -0.305112 0.186355 -0.933905
vn 0.004137 0.173317 -0.984857
vn 0.311076 0.150727 -0.938357
vn 0.708199 0.162152 -0.687140
vn 0.984194 0.119364 -0.130821
vn 0.981869 0.074460 0.174323
vn 0.941688 0.074023 0.328245
vn 0.693776 0.085661 0.715078
vn -0.006834 0.084099 0.996434
vn 0.032434 -0.396296 0.917550
vn -0.615965 -0.391229 0.683759
vn -0.870459 -0.405983 0.278352
vn -0.851730 -0.501386 0.152209
vn -0.806100 -0.586696 -0.077398
vn -0.568053 -0.655526 -0.497597
vn -0.253229 -0.641923 -0.723748
vn -0.016726 -0.660131 -0.750964
vn 0.228595 -0.677203 -0.699385
vn 0.502191 -0.685973 -0.526541
vn 0.787346 -0.600807 -0.138268
vn 0.875609 -0.469034 0.115392
vn 0.891898 -0.341785 0.296143
vn 0.680614 -0.372126 0.631100
vn 0.032434 -0.396296 0.917550
vn 0.055526 -0.736405 0.674259
vn -0.423891 -0.730867 0.534929
vn -0.707186 -0.689866 0.154828
vn -0.646725 -0.761968 0.033936
vn -0.548149 -0.836169 -0.018838
vn -0.368667 -0.899366 -0.235001
vn -0.168507 -0.908983 -0.381255
vn -0.025695 -0.912773 -0.407659
vn 0.146627 -0.909987 -0.387844
vn 0.307955 -0.902415 -0.301347
vn 0.511474 -0.853578 -0.098996
vn 0.591963 -0.805963 -0.001594
vn 0.666101 -0.735276 0.125214
vn 0.541831 -0.710665 0.448747
vn 0.055526 -0.736405 0.674259
vn 0.059703 -0.935596 0.347989
vn -0.188487 -0.931340 0.311574
vn -0.442258 -0.888150 0.124893
vn -0.501711 -0.862509 -0.066067
vn -0.485598 -0.874166 0.005315
vn -0.314701 -0.938685 -0.140830
vn -0.129542 -0.965310 -0.226705
vn -0.036910 -0.970998 -0.236222
vn 0.090383 -0.969410 -0.228200
vn 0.194782 -0.960869 -0.196952
vn 0.395838 -0.914425 -0.084499
vn 0.507307 -0.861754 -0.004324
vn 0.456152 -0.889646 -0.021331
vn 0.334173 -0.915079 0.225739
vn 0.059703 -0.935596 0.347989
vn 0.000000 1.000000 0.000000
vn 0.000000 -1.000000 0.000000
vn 0.045499 0.924275 0.379006
vn 0.359925 0.892117 0.273095
vn 0.511317 0.845618 0.153246
vn 0.534509 0.840965 0.084130
vn 0.455123 0.882917 -0.115416
vn 0.243825 0.915868 -0.318958
vn 0.108087 0.919076 -0.378968
vn -0.029489 0.915581 -0.401051
vn -0.146096 0.906813 -0.395405
vn -0.339876 0.904849 -0.256384
vn -0.503475 0.863829 -0.017694
vn -0.545147 0.831578 0.106268
vn -0.491181 0.849246 0.193710
vn -0.238544 0.911241 0.335764
vn 0.045499 0.924275 0.379006
vn 0.006834 0.084099 0.996434
vn 0.706730 0.075332 0.703461
vn 0.943597 0.069072 0.323810
vn 0.982119 0.075949 0.172261
vn 0.985381 0.092216 -0.143248
vn 0.698820 0.149272 -0.699548
vn 0.305112 0.186355 -0.933905
vn -0.004137 0.173317 -0.984857
vn -0.311076 0.150727 -0.938357
vn -0.708199 0.162152 -0.687140
vn -0.984194 0.119364 -0.130821
vn -0.981869 0.074460 0.174323
vn -0.941688 0.074023 0.328245
vn -0.693776 0.085661 0.715078
vn 0.006834 0.084099 0.996434
vn -0.032434 -0.396296 0.917550
vn 0.615965 -0.391229 0.683759
vn 0.870459 -0.405983 0.278352
vn 0.851730 -0.501386 0.152209
vn 0.806100 -0.586696 -0.077398
vn 0.568053 -0.655526 -0.497597
vn 0.253229 -0.641923 -0.723748
vn 0.016726 -0.660131 -0.750964
vn -0.228595 -0.677203 -0.699385
vn -0.502191 -0.685973 -0.526541
vn -0.787346 -0.600807 -0.138268
vn -0.875609 -0.469034 0.115392
vn -0.891898 -0.341785 0.296143
vn -0.680614 -0.372126 0.631100
vn -0.032434 -0.396296 0.917550
vn -0.055526 -0.736405 0.674259
vn 0.423891 -0.730867 0.534929
vn 0.707186 -0.689866 0.154828
vn 0.646725 -0.761968 0.033936
vn 0.548149 -0.836169 -0.018838
vn 0.368667 -0.899366 -0.235001
vn 0.168507 -0.908983 -0.381255
vn 0.025695 -0.912773 -0.407659
vn -0.146627 -0.909987 -0.387844
vn -0.307955 -0.902415 -0.301347
vn -0.511474 -0.853578 -0.098996
vn -0.591963 -0.805963 -0.001594
vn -0.666101 -0.735276 0.125214
vn -0.541831 -0.710665 0.448747
vn -0.055526 -0.736405 0.674259
vn -0.059703 -0.935596 0.347989
vn 0.188487 -0.931340 0.311574
vn 0.442258 -0.888150 0.124893
vn 0.501711 -0.862509 -0.066067
vn 0.485598 -0.874166 0.005315
vn 0.314701 -0.938685 -0.140830
vn 0.129542 -0.965310 -0.226705
vn 0.036910 -0.970998 -0.236222
vn -0.090383 -0.969410 -0.228200
vn -0.194782 -0.960869 -0.196952
vn -0.395838 -0.914425 -0.084499
vn -0.507307 -0.861754 -0.004324
vn -0.456152 -0.889646 -0.021331
vn -0.334173 -0.915079 0.225739
vn -0.059703 -0.935596 0.347989
vn 0.000000 1.000000 0.000000
vn 0.000000 -1.000000 0.000000
vn -0.387372 -0.080615 -0.918392
vn -0.291046 -0.206211 -0.934221
vn -0.297848 -0.198452 -0.933758
vn -0.177847 -0.243366 -0.953490
vn 0.035298 -0.273694 -0.961169
vn 0.118384 -0.278740 -0.953042
vn 0.250873 -0.214223 -0.944019
vn 0.386216 -0.062685 -0.920276
vn 0.412965 0.062247 -0.908617
vn 0.404161 0.117707 -0.907083
vn 0.341191 0.217526 -0.914479
vn 0.134808 0.317333 -0.938683
vn -0.029688 0.343654 -0.938627
vn -0.159623 0.325807 -0.931864
vn -0.344151 0.206205 -0.915991
vn -0.415204 0.108139 -0.903278
vn -0.387372 -0.080615 -0.918392
vn -0.993257 -0.037411 0.109728
vn -0.941254 -0.337597 -0.008264
vn -0.812783 -0.558849 -0.164534
vn -0.479737 -0.790179 -0.381405
vn 0.021542 -0.885795 -0.463576
vn 0.416893 -0.822417 -0.387079
vn 0.752432 -0.610868 -0.246346
vn 0.966423 -0.254843 -0.032901
vn 0.981593 0.039867 0.186780
vn 0.925647 0.255875 0.278757
vn 0.791118 0.554562 0.258057
vn 0.487572 0.841725 0.231888
vn 0.006197 0.978088 0.208101
vn -0.459266 0.858037 0.229887
vn -0.793165 0.569259 0.216410
vn -0.935868 0.285180 0.206938
vn -0.993257 -0.037411 0.109728
vn -0.995166 -0.032034 0.092838
vn -0.940358 -0.335086 -0.058692
vn -0.818700 -0.538120 -0.200392
vn -0.493075 -0.786415 -0.372059
vn 0.037012 -0.905798 -0.422090
vn 0.440172 -0.831102 -0.339879
vn 0.752707 -0.627610 -0.198840
vn 0.971502 -0.236792 -0.010622
vn 0.982215 0.074682 0.172270
vn 0.940847 0.232096 0.246859
vn 0.829629 0.511797 0.223112
vn 0.516543 0.828601 0.215881
vn -0.003838 0.977840 0.209320
vn -0.500305 0.831870 0.240183
vn -0.796813 0.549904 0.250390
vn -0.946760 0.265541 0.182027
vn -0.995166 -0.032034 0.092838
vn -0.992416 -0.030876 0.118985
vn -0.945913 -0.321218 -0.045474
vn -0.821956 -0.539734 -0.181869
vn -0.517928 -0.795703 -0.314018
vn 0.049959 -0.905530 -0.421331
vn 0.471576 -0.814929 -0.336907
vn 0.758939 -0.634236 -0.147500
vn 0.967569 -0.250732 0.030724
vn 0.983289 0.093553 0.156174
vn 0.945582 0.226262 0.233836
vn 0.850682 0.451014 0.270051
vn 0.535065 0.801160 0.268046
vn 0.003238 0.959818 0.280604
vn -0.540035 0.798587 0.265745
vn -0.799230 0.533744 0.276313
vn -0.942967 0.259476 0.208531
vn -0.992416 -0.030876 0.118985
vn -0.982021 -0.017669 0.187943
vn -0.954595 -0.297907 0.000779
vn -0.826405 -0.547378 -0.132029
vn -0.544323 -0.807324 -0.227905
vn 0.016820 -0.937074 -0.348725
vn 0.508109 -0.798335 -0.323244
vn 0.794673 -0.594441 -0.123022
vn 0.957715 -0.274461 0.086334
vn 0.985357 0.079651 0.150758
vn 0.947142 0.249435 0.201753
vn 0.845773 0.421132 0.327591
vn 0.538518 0.734129 0.413587
vn 0.011601 0.899317 0.437143
vn -0.537013 0.751759 0.382722
vn -0.798319 0.496075 0.341461
vn -0.923362 0.248057 0.293035
vn -0.982021 -0.017669 0.187943
vn -0.976029 0.002491 0.217626
vn -0.960074 -0.269438 0.075247
vn -0.828079 -0.560018 -0.025795
vn -0.558255 -0.826724 -0.069846
vn -0.020375 -0.990212 -0.138077
vn 0.533978 -0.838317 -0.109965
vn 0.827967 -0.560277 -0.023678
vn 0.955465 -0.277457 0.100520
vn 0.988723 0.030570 0.146602
vn 0.945782 0.270557 0.179708
vn 0.815504 0.450601 0.363197
vn 0.500920 0.667612 0.550794
vn 0.024108 0.773749 0.633034
vn -0.471964 0.674028 0.568275
vn -0.773218 0.457180 0.439454
vn -0.908790 0.244439 0.338157
vn -0.976029 0.002491 0.217626
vn -0.979439 0.013779 0.201270
vn -0.951536 -0.264510 0.156890
vn -0.806642 -0.563986 0.176770
vn -0.521858 -0.821196 0.230872
vn -0.044418 -0.954919 0.293525
vn 0.506384 -0.833085 0.222586
vn 0.811582 -0.566049 0.144653
vn 0.948897 -0.283233 0.139186
vn 0.980945 -0.019442 0.193309
vn 0.925519 0.261831 0.273605
vn 0.727425 0.490777 0.479573
vn 0.372476 0.611471 0.698115
vn 0.004304 0.627327 0.778744
vn -0.384533 0.581938 0.716577
vn -0.706097 0.447576 0.548729
vn -0.889322 0.268792 0.369943
vn -0.979439 0.013779 0.201270
vn -0.647424 0.049054 0.760549
vn -0.643540 -0.217117 0.733973
vn -0.483574 -0.402606 0.777216
vn -0.260563 -0.506519 0.821915
vn -0.033851 -0.519255 0.853949
vn 0.184327 -0.494945 0.849148
vn 0.413015 -0.420131 0.808027
vn 0.613146 -0.237846 0.753313
vn 0.660325 -0.034591 0.750183
vn 0.585400 0.129331 0.800363
vn 0.383644 0.305751 0.871398
vn 0.121966 0.386352 0.914252
vn -0.028365 0.379409 0.924794
vn -0.163089 0.363111 0.917362
vn -0.368858 0.313364 0.875069
vn -0.526398 0.232030 0.817965
vn -0.647424 0.049054 0.760549
vn -0.311595 0.128188 0.941529
vn -0.339865 -0.098606 0.935291
vn -0.279443 -0.224483 0.933552
vn -0.157992 -0.316385 0.935382
vn -0.060483 -0.342921 0.937415
vn 0.078291 -0.338692 0.937634
vn 0.150134 -0.308770 0.939213
vn 0.274834 -0.199755 0.940513
vn 0.339159 -0.039165 0.939914
vn 0.321615 0.033496 0.946278
vn 0.248525 0.122009 0.960911
vn 0.061173 0.236689 0.969658
vn -0.054050 0.268805 0.961677
vn -0.049168 0.270219 0.961543
vn -0.169942 0.239518 0.955903
vn -0.283075 0.172145 0.943522
vn -0.311595 0.128188 0.941529
vn -0.002439 -0.014720 -0.999889
vt 0.000000 0.000000
vt 0.434437 0.000000
vt 0.868875 0.000000
vt 1.303312 0.000000
vt 1.737750 0.000000
vt 2.172187 0.000000
vt 2.606624 0.000000
vt 3.041062 0.000000
vt 3.475499 0.000000
vt 3.909936 0.000000
vt 4.344374 0.000000
vt 4.778811 0.000000
vt 5.213249 0.000000
vt 5.647686 0.000000
vt 6.082123 0.000000
vt 6.516561 0.000000
vt 6.950998 0.000000
vt 7.385436 0.000000
vt 7.819873 0.000000
vt 8.254310 0.000000
vt 8.688748 0.000000
vt 9.123185 0.000000
vt 9.557622 0.000000
vt 9.992060 0.000000
vt 10.426497 0.000000
vt 10.860935 0.000000
vt 11.295372 0.000000
vt 11.729809 0.000000
vt 12.164247 0.000000
vt 0.000000 0.689162
vt 0.434437 0.689162
vt 0.868875 0.689162
vt 1.303312 0.689162
vt 1.737750 0.689162
vt 2.172187 0.689162
vt 2.606624 0.689162
vt 3.041062 0.689162
vt 3.475499 0.689162
vt 3.909936 0.689162
vt 4.344374 0.689162
vt 4.778811 0.689162
vt 5.213249 0.689162
vt 5.647686 0.689162
vt 6.082123 0.689162
vt 6.516561 0.689162
vt 6.950998 0.689162
vt 7.385436 0.689162
vt 7.819873 0.689162
vt 8.254310 0.689162
vt 8.688748 0.689162
vt 9.123185 0.689162
vt 9.557622 0.689162
vt 9.992060 0.689162
vt 10.426497 0.689162
vt 10.860935 0.689162
vt 11.295372 0.689162
vt 11.729809 0.689162
vt 12.164247 0.689162
vt 0.000000 1.204464
vt 0.434437 1.204464
vt 0.868875 1.204464
vt 1.303312 1.204464
vt 1.737750 1.204464
vt 2.172187 1.204464
vt 2.606624 1.204464
vt 3.041062 1.204464
vt 3.475499 1.204464
vt 3.909936 1.204464
vt 4.344374 1.204464
vt 4.778811 1.204464
vt 5.213249 1.204464
vt 5.647686 1.204464
vt 6.082123 1.204464
vt 6.516561 1.204464
vt 6.950998 1.204464
vt 7.385436 1.204464
vt 7.819873 1.204464
vt 8.254310 1.204464
vt 8.688748 1.204464
vt 9.123185 1.204464
vt 9.557622 1.204464
vt 9.992060 1.204464
vt 10.426497 1.204464
vt 10.860935 1.204464
vt 11.295372 1.204464
vt 11.729809 1.204464
vt 12.164247 1.204464
vt 0.000000 1.781574
vt 0.434437 1.781574
vt 0.868875 1.781574
vt 1.303312 1.781574
vt 1.737750 1.781574
vt 2.172187 1.781574
vt 2.606624 1.781574
vt 3.041062 1.781574
vt 3.475499 1.781574
vt 3.909936 1.781574
vt 4.344374 1.781574
vt 4.778811 1.781574
vt 5.213249 1.781574
vt 5.647686 1.781574
vt 6.082123 1.781574
vt 6.516561 1.781574
vt 6.950998 1.781574
vt 7.385436 1.781574
vt 7.819873 1.781574
vt 8.254310 1.781574
vt 8.688748 1.781574
vt 9.123185 1.781574
vt 9.557622 1.781574
vt 9.992060 1.781574
vt 10.426497 1.781574
vt 10.860935 1.781574
vt 11.295372 1.781574
vt 11.729809 1.781574
vt 12.164247 1.781574
vt 0.000000 2.347259
vt 0.434437 2.347259
vt 0.868875 2.347259
vt 1.303312 2.347259
vt 1.737750 2.347259
vt 2.172187 2.347259
vt 2.606624 2.347259
vt 3.041062 2.347259
vt 3.475499 2.347259
vt 3.909936 2.347259
vt 4.344374 2.347259
vt 4.778811 2.347259
vt 5.213249 2.347259
vt 5.647686 2.347259
vt 6.082123 2.347259
vt 6.516561 2.347259
vt 6.950998 2.347259
vt 7.385436 2.347259
vt 7.819873 2.347259
vt 8.254310 2.347259
vt 8.688748 2.347259
vt 9.123185 2.347259
vt 9.557622 2.347259
vt 9.992060 2.347259
vt 10.426497 2.347259
vt 10.860935 2.347259
vt 11.295372 2.347259
vt 11.729809 2.347259
vt 12.164247 2.347259
vt 0.000000 2.859509
vt 0.434437 2.859509
vt 0.868875 2.859509
vt 1.303312 2.859509
vt 1.737750 2.859509
vt 2.172187 2.859509
vt 2.606624 2.859509
vt 3.041062 2.859509
vt 3.475499 2.859509
vt 3.909936 2.859509
vt 4.344374 2.859509
vt 4.778811 2.859509
vt 5.213249 2.859509
vt 5.647686 2.859509
vt 6.082123 2.859509
vt 6.516561 2.859509
vt 6.950998 2.859509
vt 7.385436 2.859509
vt 7.819873 2.859509
vt 8.254310 2.859509
vt 8.688748 2.859509
vt 9.123185 2.859509
vt 9.557622 2.859509
vt 9.992060 2.859509
vt 10.426497 2.859509
vt 10.860935 2.859509
vt 11.295372 2.859509
vt 11.729809 2.859509
vt 12.164247 2.859509
vt 0.000000 3.339576
vt 0.434437 3.339576
vt 0.868875 3.339576
vt 1.303312 3.339576
vt 1.737750 3.339576
vt 2.172187 3.339576
vt 2.606624 3.339576
vt 3.041062 3.339576
vt 3.475499 3.339576
vt 3.909936 3.339576
vt 4.344374 3.339576
vt 4.778811 3.339576
vt 5.213249 3.339576
vt 5.647686 3.339576
vt 6.082123 3.339576
vt 6.516561 3.339576
vt 6.950998 3.339576
vt 7.385436 3.339576
vt 7.819873 3.339576
vt 8.254310 3.339576
vt 8.688748 3.339576
vt 9.123185 3.339576
vt 9.557622 3.339576
vt 9.992060 3.339576
vt 10.426497 3.339576
vt 10.860935 3.339576
vt 11.295372 3.339576
vt 11.729809 3.339576
vt 12.164247 3.339576
vt 0.000000 3.843068
vt 0.434437 3.843068
vt 0.868875 3.843068
vt 1.303312 3.843068
vt 1.737750 3.843068
vt 2.172187 3.843068
vt 2.606624 3.843068
vt 3.041062 3.843068
vt 3.475499 3.843068
vt 3.909936 3.843068
vt 4.344374 3.843068
vt 4.778811 3.843068
vt 5.213249 3.843068
vt 5.647686 3.843068
vt 6.082123 3.843068
vt 6.516561 3.843068
vt 6.950998 3.843068
vt 7.385436 3.843068
vt 7.819873 3.843068
vt 8.254310 3.843068
vt 8.688748 3.843068
vt 9.123185 3.843068
vt 9.557622 3.843068
vt 9.992060 3.843068
vt 10.426497 3.843068
vt 10.860935 3.843068
vt 11.295372 3.843068
vt 11.729809 3.843068
vt 12.164247 3.843068
vt 0.000000 4.353565
vt 0.434437 4.353565
vt 0.868875 4.353565
vt 1.303312 4.353565
vt 1.737750 4.353565
vt 2.172187 4.353565
vt 2.606624 4.353565
vt 3.041062 4.353565
vt 3.475499 4.353565
vt 3.909936 4.353565
vt 4.344374 4.353565
vt 4.778811 4.353565
vt 5.213249 4.353565
vt 5.647686 4.353565
vt 6.082123 4.353565
vt 6.516561 4.353565
vt 6.950998 4.353565
vt 7.385436 4.353565
vt 7.819873 4.353565
vt 8.254310 4.353565
vt 8.688748 4.353565
vt 9.123185 4.353565
vt 9.557622 4.353565
vt 9.992060 4.353565
vt 10.426497 4.353565
vt 10.860935 4.353565
vt 11.295372 4.353565
vt 11.729809 4.353565
vt 12.164247 4.353565
vt 0.000000 4.829280
vt 0.434437 4.829280
vt 0.868875 4.829280
vt 1.303312 4.829280
vt 1.737750 4.829280
vt 2.172187 4.829280
vt 2.606624 4.829280
vt 3.041062 4.829280
vt 3.475499 4.829280
vt 3.909936 4.829280
vt 4.344374 4.829280
vt 4.778811 4.829280
vt 5.213249 4.829280
vt 5.647686 4.829280
vt 6.082123 4.829280
vt 6.516561 4.829280
vt 6.950998 4.829280
vt 7.385436 4.829280
vt 7.819873 4.829280
vt 8.254310 4.829280
vt 8.688748 4.829280
vt 9.123185 4.829280
vt 9.557622 4.829280
vt 9.992060 4.829280
vt 10.426497 4.829280
vt 10.860935 4.829280
vt 11.295372 4.829280
vt 11.729809 4.829280
vt 12.164247 4.829280
vt 0.000000 5.204172
vt 0.434437 5.204172
vt 0.868875 5.204172
vt 1.303312 5.204172
vt 1.737750 5.204172
vt 2.172187 5.204172
vt 2.606624 5.204172
vt 3.041062 5.204172
vt 3.475499 5.204172
vt 3.909936 5.204172
vt 4.344374 5.204172
vt 4.778811 5.204172
vt 5.213249 5.204172
vt 5.647686 5.204172
vt 6.082123 5.204172
vt 6.516561 5.204172
vt 6.950998 5.204172
vt 7.385436 5.204172
vt 7.819873 5.204172
vt 8.254310 5.204172
vt 8.688748 5.204172
vt 9.123185 5.204172
vt 9.557622 5.204172
vt 9.992060 5.204172
vt 10.426497 5.204172
vt 10.860935 5.204172
vt 11.295372 5.204172
vt 11.729809 5.204172
vt 12.164247 5.204172
vt 0.000000 5.419430
vt 0.434437 5.419430
vt 0.868875 5.419430
vt 1.303312 5.419430
vt 1.737750 5.419430
vt 2.172187 5.419430
vt 2.606624 5.419430
vt 3.041062 5.419430
vt 3.475499 5.419430
vt 3.909936 5.419430
vt 4.344374 5.419430
vt 4.778811 5.419430
vt 5.213249 5.419430
vt 5.647686 5.419430
vt 6.082123 5.419430
vt 6.516561 5.419430
vt 6.950998 5.419430
vt 7.385436 5.419430
vt 7.819873 5.419430
vt 8.254310 5.419430
vt 8.688748 5.419430
vt 9.123185 5.419430
vt 9.557622 5.419430
vt 9.992060 5.419430
vt 10.426497 5.419430
vt 10.860935 5.419430
vt 11.295372 5.419430
vt 11.729809 5.419430
vt 12.164247 5.419430
vt 0.000000 5.541282
vt 0.434437 5.541282
vt 0.868875 5.541282
vt 1.303312 5.541282
vt 1.737750 5.541282
vt 2.172187 5.541282
vt 2.606624 5.541282
vt 3.041062 5.541282
vt 3.475499 5.541282
vt 3.909936 5.541282
vt 4.344374 5.541282
vt 4.778811 5.541282
vt 5.213249 5.541282
vt 5.647686 5.541282
vt 6.082123 5.541282
vt 6.516561 5.541282
vt 6.950998 5.541282
vt 7.385436 5.541282
vt 7.819873 5.541282
vt 8.254310 5.541282
vt 8.688748 5.541282
vt 9.123185 5.541282
vt 9.557622 5.541282
vt 9.992060 5.541282
vt 10.426497 5.541282
vt 10.860935 5.541282
vt 11.295372 5.541282
vt 11.729809 5.541282
vt 12.164247 5.541282
vt 0.000000 0.000000
vt 0.688000 0.000000
vt 0.670750 0.153094
vt 0.619867 0.298512
vt 0.537900 0.428961
vt 0.428961 0.537900
vt 0.298512 0.619867
vt 0.153094 0.670750
vt 0.000000 0.688000
vt -0.153094 0.670750
vt -0.298512 0.619867
vt -0.428961 0.537900
vt -0.537900 0.428961
vt -0.619867 0.298512
vt -0.670750 0.153094
vt -0.688000 0.000000
vt -0.670750 -0.153094
vt -0.619867 -0.298512
vt -0.537900 -0.428961
vt -0.428961 -0.537900
vt -0.298512 -0.619867
vt -0.153094 -0.670750
vt -0.000000 -0.688000
vt 0.153094 -0.670750
vt 0.298512 -0.619867
vt 0.428961 -0.537900
vt 0.537900 -0.428961
vt 0.619867 -0.298512
vt 0.670750 -0.153094
vt 0.688000 -0.000000
vt 0.000000 0.000000
vt 0.263894 0.000000
vt 0.527788 0.000000
vt 0.791681 0.000000
vt 1.055575 0.000000
vt 1.319469 0.000000
vt 1.583363 0.000000
vt 1.847256 0.000000
vt 2.111150 0.000000
vt 2.375044 0.000000
vt 2.638938 0.000000
vt 2.902832 0.000000
vt 3.166725 0.000000
vt 3.430619 0.000000
vt 3.694513 0.000000
vt 3.958407 0.000000
vt 4.222301 0.000000
vt 4.486194 0.000000
vt 4.750088 0.000000
vt 5.013982 0.000000
vt 5.277876 0.000000
vt 5.541769 0.000000
vt 5.805663 0.000000
vt 6.069557 0.000000
vt 6.333451 0.000000
vt 0.000000 0.301569
vt 0.263894 0.301569
vt 0.527788 0.301569
vt 0.791681 0.301569
vt 1.055575 0.301569
vt 1.319469 0.301569
vt 1.583363 0.301569
vt 1.847256 0.301569
vt 2.111150 0.301569
vt 2.375044 0.301569
vt 2.638938 0.301569
vt 2.902832 0.301569
vt 3.166725 0.301569
vt 3.430619 0.301569
vt 3.694513 0.301569
vt 3.958407 0.301569
vt 4.222301 0.301569
vt 4.486194 0.301569
vt 4.750088 0.301569
vt 5.013982 0.301569
vt 5.277876 0.301569
vt 5.541769 0.301569
vt 5.805663 0.301569
vt 6.069557 0.301569
vt 6.333451 0.301569
vt 0.000000 0.569778
vt 0.263894 0.569778
vt 0.527788 0.569778
vt 0.791681 0.569778
vt 1.055575 0.569778
vt 1.319469 0.569778
vt 1.583363 0.569778
vt 1.847256 0.569778
vt 2.111150 0.569778
vt 2.375044 0.569778
vt 2.638938 0.569778
vt 2.902832 0.569778
vt 3.166725 0.569778
vt 3.430619 0.569778
vt 3.694513 0.569778
vt 3.958407 0.569778
vt 4.222301 0.569778
vt 4.486194 0.569778
vt 4.750088 0.569778
vt 5.013982 0.569778
vt 5.277876 0.569778
vt 5.541769 0.569778
vt 5.805663 0.569778
vt 6.069557 0.569778
vt 6.333451 0.569778
vt 0.000000 0.796052
vt 0.263894 0.796052
vt 0.527788 0.796052
vt 0.791681 0.796052
vt 1.055575 0.796052
vt 1.319469 0.796052
vt 1.583363 0.796052
vt 1.847256 0.796052
vt 2.111150 0.796052
vt 2.375044 0.796052
vt 2.638938 0.796052
vt 2.902832 0.796052
vt 3.166725 0.796052
vt 3.430619 0.796052
vt 3.694513 0.796052
vt 3.958407 0.796052
vt 4.222301 0.796052
vt 4.486194 0.796052
vt 4.750088 0.796052
vt 5.013982 0.796052
vt 5.277876 0.796052
vt 5.541769 0.796052
vt 5.805663 0.796052
vt 6.069557 0.796052
vt 6.333451 0.796052
vt 0.000000 0.000000
vt 0.280051 0.000000
vt 0.560101 0.000000
vt 0.840152 0.000000
vt 1.120202 0.000000
vt 1.400253 0.000000
vt 1.680303 0.000000
vt 1.960354 0.000000
vt 2.240404 0.000000
vt 2.520455 0.000000
vt 2.800505 0.000000
vt 3.080556 0.000000
vt 3.360607 0.000000
vt 3.640657 0.000000
vt 3.920708 0.000000
vt 4.200758 0.000000
vt 4.480809 0.000000
vt 4.760859 0.000000
vt 5.040910 0.000000
vt 5.320960 0.000000
vt 5.601011 0.000000
vt 5.881061 0.000000
vt 6.161112 0.000000
vt 6.441163 0.000000
vt 6.721213 0.000000
vt 7.001264 0.000000
vt 7.281314 0.000000
vt 7.561365 0.000000
vt 7.841415 0.000000
vt 0.000000 0.195834
vt 0.280051 0.195834
vt 0.560101 0.195834
vt 0.840152 0.195834
vt 1.120202 0.195834
vt 1.400253 0.195834
vt 1.680303 0.195834
vt 1.960354 0.195834
vt 2.240404 0.195834
vt 2.520455 0.195834
vt 2.800505 0.195834
vt 3.080556 0.195834
vt 3.360607 0.195834
vt 3.640657 0.195834
vt 3.920708 0.195834
vt 4.200758 0.195834
vt 4.480809 0.195834
vt 4.760859 0.195834
vt 5.040910 0.195834
vt 5.320960 0.195834
vt 5.601011 0.195834
vt 5.881061 0.195834
vt 6.161112 0.195834
vt 6.441163 0.195834
vt 6.721213 0.195834
vt 7.001264 0.195834
vt 7.281314 0.195834
vt 7.561365 0.195834
vt 7.841415 0.195834
vt 0.000000 0.391668
vt 0.280051 0.391668
vt 0.560101 0.391668
vt 0.840152 0.391668
vt 1.120202 0.391668
vt 1.400253 0.391668
vt 1.680303 0.391668
vt 1.960354 0.391668
vt 2.240404 0.391668
vt 2.520455 0.391668
vt 2.800505 0.391668
vt 3.080556 0.391668
vt 3.360607 0.391668
vt 3.640657 0.391668
vt 3.920708 0.391668
vt 4.200758 0.391668
vt 4.480809 0.391668
vt 4.760859 0.391668
vt 5.040910 0.391668
vt 5.320960 0.391668
vt 5.601011 0.391668
vt 5.881061 0.391668
vt 6.161112 0.391668
vt 6.441163 0.391668
vt 6.721213 0.391668
vt 7.001264 0.391668
vt 7.281314 0.391668
vt 7.561365 0.391668
vt 7.841415 0.391668
vt 0.000000 0.587502
vt 0.280051 0.587502
vt 0.560101 0.587502
vt 0.840152 0.587502
vt 1.120202 0.587502
vt 1.400253 0.587502
vt 1.680303 0.587502
vt 1.960354 0.587502
vt 2.240404 0.587502
vt 2.520455 0.587502
vt 2.800505 0.587502
vt 3.080556 0.587502
vt 3.360607 0.587502
vt 3.640657 0.587502
vt 3.920708 0.587502
vt 4.200758 0.587502
vt 4.480809 0.587502
vt 4.760859 0.587502
vt 5.040910 0.587502
vt 5.320960 0.587502
vt 5.601011 0.587502
vt 5.881061 0.587502
vt 6.161112 0.587502
vt 6.441163 0.587502
vt 6.721213 0.587502
vt 7.001264 0.587502
vt 7.281314 0.587502
vt 7.561365 0.587502
vt 7.841415 0.587502
vt 0.000000 0.783336
vt 0.280051 0.783336
vt 0.560101 0.783336
vt 0.840152 0.783336
vt 1.120202 0.783336
vt 1.400253 0.783336
vt 1.680303 0.783336
vt 1.960354 0.783336
vt 2.240404 0.783336
vt 2.520455 0.783336
vt 2.800505 0.783336
vt 3.080556 0.783336
vt 3.360607 0.783336
vt 3.640657 0.783336
vt 3.920708 0.783336
vt 4.200758 0.783336
vt 4.480809 0.783336
vt 4.760859 0.783336
vt 5.040910 0.783336
vt 5.320960 0.783336
vt 5.601011 0.783336
vt 5.881061 0.783336
vt 6.161112 0.783336
vt 6.441163 0.783336
vt 6.721213 0.783336
vt 7.001264 0.783336
vt 7.281314 0.783336
vt 7.561365 0.783336
vt 7.841415 0.783336
vt 0.000000 0.979170
vt 0.280051 0.979170
vt 0.560101 0.979170
vt 0.840152 0.979170
vt 1.120202 0.979170
vt 1.400253 0.979170
vt 1.680303 0.979170
vt 1.960354 0.979170
vt 2.240404 0.979170
vt 2.520455 0.979170
vt 2.800505 0.979170
vt 3.080556 0.979170
vt 3.360607 0.979170
vt 3.640657 0.979170
vt 3.920708 0.979170
vt 4.200758 0.979170
vt 4.480809 0.979170
vt 4.760859 0.979170
vt 5.040910 0.979170
vt 5.320960 0.979170
vt 5.601011 0.979170
vt 5.881061 0.979170
vt 6.161112 0.979170
vt 6.441163 0.979170
vt 6.721213 0.979170
vt 7.001264 0.979170
vt 7.281314 0.979170
vt 7.561365 0.979170
vt 7.841415 0.979170
vt 0.000000 1.175003
vt 0.280051 1.175003
vt 0.560101 1.175003
vt 0.840152 1.175003
vt 1.120202 1.175003
vt 1.400253 1.175003
vt 1.680303 1.175003
vt 1.960354 1.175003
vt 2.240404 1.175003
vt 2.520455 1.175003
vt 2.800505 1.175003
vt 3.080556 1.175003
vt 3.360607 1.175003
vt 3.640657 1.175003
vt 3.920708 1.175003
vt 4.200758 1.175003
vt 4.480809 1.175003
vt 4.760859 1.175003
vt 5.040910 1.175003
vt 5.320960 1.175003
vt 5.601011 1.175003
vt 5.881061 1.175003
vt 6.161112 1.175003
vt 6.441163 1.175003
vt 6.721213 1.175003
vt 7.001264 1.175003
vt 7.281314 1.175003
vt 7.561365 1.175003
vt 7.841415 1.175003
vt 0.000000 1.370837
vt 0.280051 1.370837
vt 0.560101 1.370837
vt 0.840152 1.370837
vt 1.120202 1.370837
vt 1.400253 1.370837
vt 1.680303 1.370837
vt 1.960354 1.370837
vt 2.240404 1.370837
vt 2.520455 1.370837
vt 2.800505 1.370837
vt 3.080556 1.370837
vt 3.360607 1.370837
vt 3.640657 1.370837
vt 3.920708 1.370837
vt 4.200758 1.370837
vt 4.480809 1.370837
vt 4.760859 1.370837
vt 5.040910 1.370837
vt 5.320960 1.370837
vt 5.601011 1.370837
vt 5.881061 1.370837
vt 6.161112 1.370837
vt 6.441163 1.370837
vt 6.721213 1.370837
vt 7.001264 1.370837
vt 7.281314 1.370837
vt 7.561365 1.370837
vt 7.841415 1.370837
vt 0.000000 1.566671
vt 0.280051 1.566671
vt 0.560101 1.566671
vt 0.840152 1.566671
vt 1.120202 1.566671
vt 1.400253 1.566671
vt 1.680303 1.566671
vt 1.960354 1.566671
vt 2.240404 1.566671
vt 2.520455 1.566671
vt 2.800505 1.566671
vt 3.080556 1.566671
vt 3.360607 1.566671
vt 3.640657 1.566671
vt 3.920708 1.566671
vt 4.200758 1.566671
vt 4.480809 1.566671
vt 4.760859 1.566671
vt 5.040910 1.566671
vt 5.320960 1.566671
vt 5.601011 1.566671
vt 5.881061 1.566671
vt 6.161112 1.566671
vt 6.441163 1.566671
vt 6.721213 1.566671
vt 7.001264 1.566671
vt 7.281314 1.566671
vt 7.561365 1.566671
vt 7.841415 1.566671
vt 0.000000 1.762505
vt 0.280051 1.762505
vt 0.560101 1.762505
vt 0.840152 1.762505
vt 1.120202 1.762505
vt 1.400253 1.762505
vt 1.680303 1.762505
vt 1.960354 1.762505
vt 2.240404 1.762505
vt 2.520455 1.762505
vt 2.800505 1.762505
vt 3.080556 1.762505
vt 3.360607 1.762505
vt 3.640657 1.762505
vt 3.920708 1.762505
vt 4.200758 1.762505
vt 4.480809 1.762505
vt 4.760859 1.762505
vt 5.040910 1.762505
vt 5.320960 1.762505
vt 5.601011 1.762505
vt 5.881061 1.762505
vt 6.161112 1.762505
vt 6.441163 1.762505
vt 6.721213 1.762505
vt 7.001264 1.762505
vt 7.281314 1.762505
vt 7.561365 1.762505
vt 7.841415 1.762505
vt 0.000000 1.958339
vt 0.280051 1.958339
vt 0.560101 1.958339
vt 0.840152 1.958339
vt 1.120202 1.958339
vt 1.400253 1.958339
vt 1.680303 1.958339
vt 1.960354 1.958339
vt 2.240404 1.958339
vt 2.520455 1.958339
vt 2.800505 1.958339
vt 3.080556 1.958339
vt 3.360607 1.958339
vt 3.640657 1.958339
vt 3.920708 1.958339
vt 4.200758 1.958339
vt 4.480809 1.958339
vt 4.760859 1.958339
vt 5.040910 1.958339
vt 5.320960 1.958339
vt 5.601011 1.958339
vt 5.881061 1.958339
vt 6.161112 1.958339
vt 6.441163 1.958339
vt 6.721213 1.958339
vt 7.001264 1.958339
vt 7.281314 1.958339
vt 7.561365 1.958339
vt 7.841415 1.958339
vt 0.000000 2.154173
vt 0.280051 2.154173
vt 0.560101 2.154173
vt 0.840152 2.154173
vt 1.120202 2.154173
vt 1.400253 2.154173
vt 1.680303 2.154173
vt 1.960354 2.154173
vt 2.240404 2.154173
vt 2.520455 2.154173
vt 2.800505 2.154173
vt 3.080556 2.154173
vt 3.360607 2.154173
vt 3.640657 2.154173
vt 3.920708 2.154173
vt 4.200758 2.154173
vt 4.480809 2.154173
vt 4.760859 2.154173
vt 5.040910 2.154173
vt 5.320960 2.154173
vt 5.601011 2.154173
vt 5.881061 2.154173
vt 6.161112 2.154173
vt 6.441163 2.154173
vt 6.721213 2.154173
vt 7.001264 2.154173
vt 7.281314 2.154173
vt 7.561365 2.154173
vt 7.841415 2.154173
vt 0.000000 2.350007
vt 0.280051 2.350007
vt 0.560101 2.350007
vt 0.840152 2.350007
vt 1.120202 2.350007
vt 1.400253 2.350007
vt 1.680303 2.350007
vt 1.960354 2.350007
vt 2.240404 2.350007
vt 2.520455 2.350007
vt 2.800505 2.350007
vt 3.080556 2.350007
vt 3.360607 2.350007
vt 3.640657 2.350007
vt 3.920708 2.350007
vt 4.200758 2.350007
vt 4.480809 2.350007
vt 4.760859 2.350007
vt 5.040910 2.350007
vt 5.320960 2.350007
vt 5.601011 2.350007
vt 5.881061 2.350007
vt 6.161112 2.350007
vt 6.441163 2.350007
vt 6.721213 2.350007
vt 7.001264 2.350007
vt 7.281314 2.350007
vt 7.561365 2.350007
vt 7.841415 2.350007
vt 0.000000 2.545841
vt 0.280051 2.545841
vt 0.560101 2.545841
vt 0.840152 2.545841
vt 1.120202 2.545841
vt 1.400253 2.545841
vt 1.680303 2.545841
vt 1.960354 2.545841
vt 2.240404 2.545841
vt 2.520455 2.545841
vt 2.800505 2.545841
vt 3.080556 2.545841
vt 3.360607 2.545841
vt 3.640657 2.545841
vt 3.920708 2.545841
vt 4.200758 2.545841
vt 4.480809 2.545841
vt 4.760859 2.545841
vt 5.040910 2.545841
vt 5.320960 2.545841
vt 5.601011 2.545841
vt 5.881061 2.545841
vt 6.161112 2.545841
vt 6.441163 2.545841
vt 6.721213 2.545841
vt 7.001264 2.545841
vt 7.281314 2.545841
vt 7.561365 2.545841
vt 7.841415 2.545841
vt 0.000000 2.741675
vt 0.280051 2.741675
vt 0.560101 2.741675
vt 0.840152 2.741675
vt 1.120202 2.741675
vt 1.400253 2.741675
vt 1.680303 2.741675
vt 1.960354 2.741675
vt 2.240404 2.741675
vt 2.520455 2.741675
vt 2.800505 2.741675
vt 3.080556 2.741675
vt 3.360607 2.741675
vt 3.640657 2.741675
vt 3.920708 2.741675
vt 4.200758 2.741675
vt 4.480809 2.741675
vt 4.760859 2.741675
vt 5.040910 2.741675
vt 5.320960 2.741675
vt 5.601011 2.741675
vt 5.881061 2.741675
vt 6.161112 2.741675
vt 6.441163 2.741675
vt 6.721213 2.741675
vt 7.001264 2.741675
vt 7.281314 2.741675
vt 7.561365 2.741675
vt 7.841415 2.741675
vt 0.000000 2.937509
vt 0.280051 2.937509
vt 0.560101 2.937509
vt 0.840152 2.937509
vt 1.120202 2.937509
vt 1.400253 2.937509
vt 1.680303 2.937509
vt 1.960354 2.937509
vt 2.240404 2.937509
vt 2.520455 2.937509
vt 2.800505 2.937509
vt 3.080556 2.937509
vt 3.360607 2.937509
vt 3.640657 2.937509
vt 3.920708 2.937509
vt 4.200758 2.937509
vt 4.480809 2.937509
vt 4.760859 2.937509
vt 5.040910 2.937509
vt 5.320960 2.937509
vt 5.601011 2.937509
vt 5.881061 2.937509
vt 6.161112 2.937509
vt 6.441163 2.937509
vt 6.721213 2.937509
vt 7.001264 2.937509
vt 7.281314 2.937509
vt 7.561365 2.937509
vt 7.841415 2.937509
vt 0.000000 3.133342
vt 0.280051 3.133342
vt 0.560101 3.133342
vt 0.840152 3.133342
vt 1.120202 3.133342
vt 1.400253 3.133342
vt 1.680303 3.133342
vt 1.960354 3.133342
vt 2.240404 3.133342
vt 2.520455 3.133342
vt 2.800505 3.133342
vt 3.080556 3.133342
vt 3.360607 3.133342
vt 3.640657 3.133342
vt 3.920708 3.133342
vt 4.200758 3.133342
vt 4.480809 3.133342
vt 4.760859 3.133342
vt 5.040910 3.133342
vt 5.320960 3.133342
vt 5.601011 3.133342
vt 5.881061 3.133342
vt 6.161112 3.133342
vt 6.441163 3.133342
vt 6.721213 3.133342
vt 7.001264 3.133342
vt 7.281314 3.133342
vt 7.561365 3.133342
vt 7.841415 3.133342
vt 0.000000 3.329176
vt 0.280051 3.329176
vt 0.560101 3.329176
vt 0.840152 3.329176
vt 1.120202 3.329176
vt 1.400253 3.329176
vt 1.680303 3.329176
vt 1.960354 3.329176
vt 2.240404 3.329176
vt 2.520455 3.329176
vt 2.800505 3.329176
vt 3.080556 3.329176
vt 3.360607 3.329176
vt 3.640657 3.329176
vt 3.920708 3.329176
vt 4.200758 3.329176
vt 4.480809 3.329176
vt 4.760859 3.329176
vt 5.040910 3.329176
vt 5.320960 3.329176
vt 5.601011 3.329176
vt 5.881061 3.329176
vt 6.161112 3.329176
vt 6.441163 3.329176
vt 6.721213 3.329176
vt 7.001264 3.329176
vt 7.281314 3.329176
vt 7.561365 3.329176
vt 7.841415 3.329176
vt 0.000000 3.525010
vt 0.280051 3.525010
vt 0.560101 3.525010
vt 0.840152 3.525010
vt 1.120202 3.525010
vt 1.400253 3.525010
vt 1.680303 3.525010
vt 1.960354 3.525010
vt 2.240404 3.525010
vt 2.520455 3.525010
vt 2.800505 3.525010
vt 3.080556 3.525010
vt 3.360607 3.525010
vt 3.640657 3.525010
vt 3.920708 3.525010
vt 4.200758 3.525010
vt 4.480809 3.525010
vt 4.760859 3.525010
vt 5.040910 3.525010
vt 5.320960 3.525010
vt 5.601011 3.525010
vt 5.881061 3.525010
vt 6.161112 3.525010
vt 6.441163 3.525010
vt 6.721213 3.525010
vt 7.001264 3.525010
vt 7.281314 3.525010
vt 7.561365 3.525010
vt 7.841415 3.525010
vt 0.000000 3.720844
vt 0.280051 3.720844
vt 0.560101 3.720844
vt 0.840152 3.720844
vt 1.120202 3.720844
vt 1.400253 3.720844
vt 1.680303 3.720844
vt 1.960354 3.720844
vt 2.240404 3.720844
vt 2.520455 3.720844
vt 2.800505 3.720844
vt 3.080556 3.720844
vt 3.360607 3.720844
vt 3.640657 3.720844
vt 3.920708 3.720844
vt 4.200758 3.720844
vt 4.480809 3.720844
vt 4.760859 3.720844
vt 5.040910 3.720844
vt 5.320960 3.720844
vt 5.601011 3.720844
vt 5.881061 3.720844
vt 6.161112 3.720844
vt 6.441163 3.720844
vt 6.721213 3.720844
vt 7.001264 3.720844
vt 7.281314 3.720844
vt 7.561365 3.720844
vt 7.841415 3.720844
vt 0.000000 3.916678
vt 0.280051 3.916678
vt 0.560101 3.916678
vt 0.840152 3.916678
vt 1.120202 3.916678
vt 1.400253 3.916678
vt 1.680303 3.916678
vt 1.960354 3.916678
vt 2.240404 3.916678
vt 2.520455 3.916678
vt 2.800505 3.916678
vt 3.080556 3.916678
vt 3.360607 3.916678
vt 3.640657 3.916678
vt 3.920708 3.916678
vt 4.200758 3.916678
vt 4.480809 3.916678
vt 4.760859 3.916678
vt 5.040910 3.916678
vt 5.320960 3.916678
vt 5.601011 3.916678
vt 5.881061 3.916678
vt 6.161112 3.916678
vt 6.441163 3.916678
vt 6.721213 3.916678
vt 7.001264 3.916678
vt 7.281314 3.916678
vt 7.561365 3.916678
vt 7.841415 3.916678
vt 0.000000 0.000000
vt 0.202079 0.000000
vt 0.417343 0.000000
vt 0.652381 0.000000
vt 0.905653 0.000000
vt 1.169565 0.000000
vt 1.433477 0.000000
vt 1.686749 0.000000
vt 1.921786 0.000000
vt 2.137051 0.000000
vt 2.339130 0.000000
vt 2.541209 0.000000
vt 2.756473 0.000000
vt 2.991511 0.000000
vt 3.244783 0.000000
vt 3.508695 0.000000
vt 3.772607 0.000000
vt 4.025878 0.000000
vt 4.260916 0.000000
vt 4.476180 0.000000
vt 4.678259 0.000000
vt 0.000000 0.497719
vt 0.202079 0.497719
vt 0.417343 0.497719
vt 0.652381 0.497719
vt 0.905653 0.497719
vt 1.169565 0.497719
vt 1.433477 0.497719
vt 1.686749 0.497719
vt 1.921786 0.497719
vt 2.137051 0.497719
vt 2.339130 0.497719
vt 2.541209 0.497719
vt 2.756473 0.497719
vt 2.991511 0.497719
vt 3.244783 0.497719
vt 3.508695 0.497719
vt 3.772607 0.497719
vt 4.025878 0.497719
vt 4.260916 0.497719
vt 4.476180 0.497719
vt 4.678259 0.497719
vt 0.000000 1.025812
vt 0.202079 1.025812
vt 0.417343 1.025812
vt 0.652381 1.025812
vt 0.905653 1.025812
vt 1.169565 1.025812
vt 1.433477 1.025812
vt 1.686749 1.025812
vt 1.921786 1.025812
vt 2.137051 1.025812
vt 2.339130 1.025812
vt 2.541209 1.025812
vt 2.756473 1.025812
vt 2.991511 1.025812
vt 3.244783 1.025812
vt 3.508695 1.025812
vt 3.772607 1.025812
vt 4.025878 1.025812
vt 4.260916 1.025812
vt 4.476180 1.025812
vt 4.678259 1.025812
vt 0.000000 1.528477
vt 0.202079 1.528477
vt 0.417343 1.528477
vt 0.652381 1.528477
vt 0.905653 1.528477
vt 1.169565 1.528477
vt 1.433477 1.528477
vt 1.686749 1.528477
vt 1.921786 1.528477
vt 2.137051 1.528477
vt 2.339130 1.528477
vt 2.541209 1.528477
vt 2.756473 1.528477
vt 2.991511 1.528477
vt 3.244783 1.528477
vt 3.508695 1.528477
vt 3.772607 1.528477
vt 4.025878 1.528477
vt 4.260916 1.528477
vt 4.476180 1.528477
vt 4.678259 1.528477
vt 0.000000 1.912117
vt 0.202079 1.912117
vt 0.417343 1.912117
vt 0.652381 1.912117
vt 0.905653 1.912117
vt 1.169565 1.912117
vt 1.433477 1.912117
vt 1.686749 1.912117
vt 1.921786 1.912117
vt 2.137051 1.912117
vt 2.339130 1.912117
vt 2.541209 1.912117
vt 2.756473 1.912117
vt 2.991511 1.912117
vt 3.244783 1.912117
vt 3.508695 1.912117
vt 3.772607 1.912117
vt 4.025878 1.912117
vt 4.260916 1.912117
vt 4.476180 1.912117
vt 4.678259 1.912117
vt 0.000000 2.111193
vt 0.202079 2.111193
vt 0.417343 2.111193
vt 0.652381 2.111193
vt 0.905653 2.111193
vt 1.169565 2.111193
vt 1.433477 2.111193
vt 1.686749 2.111193
vt 1.921786 2.111193
vt 2.137051 2.111193
vt 2.339130 2.111193
vt 2.541209 2.111193
vt 2.756473 2.111193
vt 2.991511 2.111193
vt 3.244783 2.111193
vt 3.508695 2.111193
vt 3.772607 2.111193
vt 4.025878 2.111193
vt 4.260916 2.111193
vt 4.476180 2.111193
vt 4.678259 2.111193
vt -0.000000 0.000000
vt -0.000000 1.976000
vt 0.000000 0.000000
vt 0.153589 0.000000
vt 0.307178 0.000000
vt 0.460767 0.000000
vt 0.614356 0.000000
vt 0.767945 0.000000
vt 0.921534 0.000000
vt 1.075123 0.000000
vt 1.228712 0.000000
vt 1.382301 0.000000
vt 1.535890 0.000000
vt 1.689479 0.000000
vt 1.843068 0.000000
vt 1.996657 0.000000
vt 2.150246 0.000000
vt 2.303835 0.000000
vt 2.457424 0.000000
vt 2.611013 0.000000
vt 2.764602 0.000000
vt 0.000000 0.114863
vt 0.153589 0.114863
vt 0.307178 0.114863
vt 0.460767 0.114863
vt 0.614356 0.114863
vt 0.767945 0.114863
vt 0.921534 0.114863
vt 1.075123 0.114863
vt 1.228712 0.114863
vt 1.382301 0.114863
vt 1.535890 0.114863
vt 1.689479 0.114863
vt 1.843068 0.114863
vt 1.996657 0.114863
vt 2.150246 0.114863
vt 2.303835 0.114863
vt 2.457424 0.114863
vt 2.611013 0.114863
vt 2.764602 0.114863
vt 0.000000 0.229726
vt 0.153589 0.229726
vt 0.307178 0.229726
vt 0.460767 0.229726
vt 0.614356 0.229726
vt 0.767945 0.229726
vt 0.921534 0.229726
vt 1.075123 0.229726
vt 1.228712 0.229726
vt 1.382301 0.229726
vt 1.535890 0.229726
vt 1.689479 0.229726
vt 1.843068 0.229726
vt 1.996657 0.229726
vt 2.150246 0.229726
vt 2.303835 0.229726
vt 2.457424 0.229726
vt 2.611013 0.229726
vt 2.764602 0.229726
vt 0.000000 0.344589
vt 0.153589 0.344589
vt 0.307178 0.344589
vt 0.460767 0.344589
vt 0.614356 0.344589
vt 0.767945 0.344589
vt 0.921534 0.344589
vt 1.075123 0.344589
vt 1.228712 0.344589
vt 1.382301 0.344589
vt 1.535890 0.344589
vt 1.689479 0.344589
vt 1.843068 0.344589
vt 1.996657 0.344589
vt 2.150246 0.344589
vt 2.303835 0.344589
vt 2.457424 0.344589
vt 2.611013 0.344589
vt 2.764602 0.344589
vt 0.000000 0.459452
vt 0.153589 0.459452
vt 0.307178 0.459452
vt 0.460767 0.459452
vt 0.614356 0.459452
vt 0.767945 0.459452
vt 0.921534 0.459452
vt 1.075123 0.459452
vt 1.228712 0.459452
vt 1.382301 0.459452
vt 1.535890 0.459452
vt 1.689479 0.459452
vt 1.843068 0.459452
vt 1.996657 0.459452
vt 2.150246 0.459452
vt 2.303835 0.459452
vt 2.457424 0.459452
vt 2.611013 0.459452
vt 2.764602 0.459452
vt 0.000000 0.574315
vt 0.153589 0.574315
vt 0.307178 0.574315
vt 0.460767 0.574315
vt 0.614356 0.574315
vt 0.767945 0.574315
vt 0.921534 0.574315
vt 1.075123 0.574315
vt 1.228712 0.574315
vt 1.382301 0.574315
vt 1.535890 0.574315
vt 1.689479 0.574315
vt 1.843068 0.574315
vt 1.996657 0.574315
vt 2.150246 0.574315
vt 2.303835 0.574315
vt 2.457424 0.574315
vt 2.611013 0.574315
vt 2.764602 0.574315
vt 0.000000 0.689178
vt 0.153589 0.689178
vt 0.307178 0.689178
vt 0.460767 0.689178
vt 0.614356 0.689178
vt 0.767945 0.689178
vt 0.921534 0.689178
vt 1.075123 0.689178
vt 1.228712 0.689178
vt 1.382301 0.689178
vt 1.535890 0.689178
vt 1.689479 0.689178
vt 1.843068 0.689178
vt 1.996657 0.689178
vt 2.150246 0.689178
vt 2.303835 0.689178
vt 2.457424 0.689178
vt 2.611013 0.689178
vt 2.764602 0.689178
vt 0.000000 0.804041
vt 0.153589 0.804041
vt 0.307178 0.804041
vt 0.460767 0.804041
vt 0.614356 0.804041
vt 0.767945 0.804041
vt 0.921534 0.804041
vt 1.075123 0.804041
vt 1.228712 0.804041
vt 1.382301 0.804041
vt 1.535890 0.804041
vt 1.689479 0.804041
vt 1.843068 0.804041
vt 1.996657 0.804041
vt 2.150246 0.804041
vt 2.303835 0.804041
vt 2.457424 0.804041
vt 2.611013 0.804041
vt 2.764602 0.804041
vt 0.000000 0.918904
vt 0.153589 0.918904
vt 0.307178 0.918904
vt 0.460767 0.918904
vt 0.614356 0.918904
vt 0.767945 0.918904
vt 0.921534 0.918904
vt 1.075123 0.918904
vt 1.228712 0.918904
vt 1.382301 0.918904
vt 1.535890 0.918904
vt 1.689479 0.918904
vt 1.843068 0.918904
vt 1.996657 0.918904
vt 2.150246 0.918904
vt 2.303835 0.918904
vt 2.457424 0.918904
vt 2.611013 0.918904
vt 2.764602 0.918904
vt 0.000000 1.033767
vt 0.153589 1.033767
vt 0.307178 1.033767
vt 0.460767 1.033767
vt 0.614356 1.033767
vt 0.767945 1.033767
vt 0.921534 1.033767
vt 1.075123 1.033767
vt 1.228712 1.033767
vt 1.382301 1.033767
vt 1.535890 1.033767
vt 1.689479 1.033767
vt 1.843068 1.033767
vt 1.996657 1.033767
vt 2.150246 1.033767
vt 2.303835 1.033767
vt 2.457424 1.033767
vt 2.611013 1.033767
vt 2.764602 1.033767
vt 0.000000 1.148630
vt 0.153589 1.148630
vt 0.307178 1.148630
vt 0.460767 1.148630
vt 0.614356 1.148630
vt 0.767945 1.148630
vt 0.921534 1.148630
vt 1.075123 1.148630
vt 1.228712 1.148630
vt 1.382301 1.148630
vt 1.535890 1.148630
vt 1.689479 1.148630
vt 1.843068 1.148630
vt 1.996657 1.148630
vt 2.150246 1.148630
vt 2.303835 1.148630
vt 2.457424 1.148630
vt 2.611013 1.148630
vt 2.764602 1.148630
vt 0.000000 1.263494
vt 0.153589 1.263494
vt 0.307178 1.263494
vt 0.460767 1.263494
vt 0.614356 1.263494
vt 0.767945 1.263494
vt 0.921534 1.263494
vt 1.075123 1.263494
vt 1.228712 1.263494
vt 1.382301 1.263494
vt 1.535890 1.263494
vt 1.689479 1.263494
vt 1.843068 1.263494
vt 1.996657 1.263494
vt 2.150246 1.263494
vt 2.303835 1.263494
vt 2.457424 1.263494
vt 2.611013 1.263494
vt 2.764602 1.263494
vt 0.000000 1.378357
vt 0.153589 1.378357
vt 0.307178 1.378357
vt 0.460767 1.378357
vt 0.614356 1.378357
vt 0.767945 1.378357
vt 0.921534 1.378357
vt 1.075123 1.378357
vt 1.228712 1.378357
vt 1.382301 1.378357
vt 1.535890 1.378357
vt 1.689479 1.378357
vt 1.843068 1.378357
vt 1.996657 1.378357
vt 2.150246 1.378357
vt 2.303835 1.378357
vt 2.457424 1.378357
vt 2.611013 1.378357
vt 2.764602 1.378357
vt 0.000000 0.000000
vt 0.153589 0.000000
vt 0.307178 0.000000
vt 0.460767 0.000000
vt 0.614356 0.000000
vt 0.767945 0.000000
vt 0.921534 0.000000
vt 1.075123 0.000000
vt 1.228712 0.000000
vt 1.382301 0.000000
vt 1.535890 0.000000
vt 1.689479 0.000000
vt 1.843068 0.000000
vt 1.996657 0.000000
vt 2.150246 0.000000
vt 2.303835 0.000000
vt 2.457424 0.000000
vt 2.611013 0.000000
vt 2.764602 0.000000
vt 0.000000 0.114863
vt 0.153589 0.114863
vt 0.307178 0.114863
vt 0.460767 0.114863
vt 0.614356 0.114863
vt 0.767945 0.114863
vt 0.921534 0.114863
vt 1.075123 0.114863
vt 1.228712 0.114863
vt 1.382301 0.114863
vt 1.535890 0.114863
vt 1.689479 0.114863
vt 1.843068 0.114863
vt 1.996657 0.114863
vt 2.150246 0.114863
vt 2.303835 0.114863
vt 2.457424 0.114863
vt 2.611013 0.114863
vt 2.764602 0.114863
vt 0.000000 0.229726
vt 0.153589 0.229726
vt 0.307178 0.229726
vt 0.460767 0.229726
vt 0.614356 0.229726
vt 0.767945 0.229726
vt 0.921534 0.229726
vt 1.075123 0.229726
vt 1.228712 0.229726
vt 1.382301 0.229726
vt 1.535890 0.229726
vt 1.689479 0.229726
vt 1.843068 0.229726
vt 1.996657 0.229726
vt 2.150246 0.229726
vt 2.303835 0.229726
vt 2.457424 0.229726
vt 2.611013 0.229726
vt 2.764602 0.229726
vt 0.000000 0.344589
vt 0.153589 0.344589
vt 0.307178 0.344589
vt 0.460767 0.344589
vt 0.614356 0.344589
vt 0.767945 0.344589
vt 0.921534 0.344589
vt 1.075123 0.344589
vt 1.228712 0.344589
vt 1.382301 0.344589
vt 1.535890 0.344589
vt 1.689479 0.344589
vt 1.843068 0.344589
vt 1.996657 0.344589
vt 2.150246 0.344589
vt 2.303835 0.344589
vt 2.457424 0.344589
vt 2.611013 0.344589
vt 2.764602 0.344589
vt 0.000000 0.459452
vt 0.153589 0.459452
vt 0.307178 0.459452
vt 0.460767 0.459452
vt 0.614356 0.459452
vt 0.767945 0.459452
vt 0.921534 0.459452
vt 1.075123 0.459452
vt 1.228712 0.459452
vt 1.382301 0.459452
vt 1.535890 0.459452
vt 1.689479 0.459452
vt 1.843068 0.459452
vt 1.996657 0.459452
vt 2.150246 0.459452
vt 2.303835 0.459452
vt 2.457424 0.459452
vt 2.611013 0.459452
vt 2.764602 0.459452
vt 0.000000 0.574315
vt 0.153589 0.574315
vt 0.307178 0.574315
vt 0.460767 0.574315
vt 0.614356 0.574315
vt 0.767945 0.574315
vt 0.921534 0.574315
vt 1.075123 0.574315
vt 1.228712 0.574315
vt 1.382301 0.574315
vt 1.535890 0.574315
vt 1.689479 0.574315
vt 1.843068 0.574315
vt 1.996657 0.574315
vt 2.150246 0.574315
vt 2.303835 0.574315
vt 2.457424 0.574315
vt 2.611013 0.574315
vt 2.764602 0.574315
vt 0.000000 0.689178
vt 0.153589 0.689178
vt 0.307178 0.689178
vt 0.460767 0.689178
vt 0.614356 0.689178
vt 0.767945 0.689178
vt 0.921534 0.689178
vt 1.075123 0.689178
vt 1.228712 0.689178
vt 1.382301 0.689178
vt 1.535890 0.689178
vt 1.689479 0.689178
vt 1.843068 0.689178
vt 1.996657 0.689178
vt 2.150246 0.689178
vt 2.303835 0.689178
vt 2.457424 0.689178
vt 2.611013 0.689178
vt 2.764602 0.689178
vt 0.000000 0.804041
vt 0.153589 0.804041
vt 0.307178 0.804041
vt 0.460767 0.804041
vt 0.614356 0.804041
vt 0.767945 0.804041
vt 0.921534 0.804041
vt 1.075123 0.804041
vt 1.228712 0.804041
vt 1.382301 0.804041
vt 1.535890 0.804041
vt 1.689479 0.804041
vt 1.843068 0.804041
vt 1.996657 0.804041
vt 2.150246 0.804041
vt 2.303835 0.804041
vt 2.457424 0.804041
vt 2.611013 0.804041
vt 2.764602 0.804041
vt 0.000000 0.918904
vt 0.153589 0.918904
vt 0.307178 0.918904
vt 0.460767 0.918904
vt 0.614356 0.918904
vt 0.767945 0.918904
vt 0.921534 0.918904
vt 1.075123 0.918904
vt 1.228712 0.918904
vt 1.382301 0.918904
vt 1.535890 0.918904
vt 1.689479 0.918904
vt 1.843068 0.918904
vt 1.996657 0.918904
vt 2.150246 0.918904
vt 2.303835 0.918904
vt 2.457424 0.918904
vt 2.611013 0.918904
vt 2.764602 0.918904
vt 0.000000 1.033767
vt 0.153589 1.033767
vt 0.307178 1.033767
vt 0.460767 1.033767
vt 0.614356 1.033767
vt 0.767945 1.033767
vt 0.921534 1.033767
vt 1.075123 1.033767
vt 1.228712 1.033767
vt 1.382301 1.033767
vt 1.535890 1.033767
vt 1.689479 1.033767
vt 1.843068 1.033767
vt 1.996657 1.033767
vt 2.150246 1.033767
vt 2.303835 1.033767
vt 2.457424 1.033767
vt 2.611013 1.033767
vt 2.764602 1.033767
vt 0.000000 1.148630
vt 0.153589 1.148630
vt 0.307178 1.148630
vt 0.460767 1.148630
vt 0.614356 1.148630
vt 0.767945 1.148630
vt 0.921534 1.148630
vt 1.075123 1.148630
vt 1.228712 1.148630
vt 1.382301 1.148630
vt 1.535890 1.148630
vt 1.689479 1.148630
vt 1.843068 1.148630
vt 1.996657 1.148630
vt 2.150246 1.148630
vt 2.303835 1.148630
vt 2.457424 1.148630
vt 2.611013 1.148630
vt 2.764602 1.148630
vt 0.000000 1.263494
vt 0.153589 1.263494
vt 0.307178 1.263494
vt 0.460767 1.263494
vt 0.614356 1.263494
vt 0.767945 1.263494
vt 0.921534 1.263494
vt 1.075123 1.263494
vt 1.228712 1.263494
vt 1.382301 1.263494
vt 1.535890 1.263494
vt 1.689479 1.263494
vt 1.843068 1.263494
vt 1.996657 1.263494
vt 2.150246 1.263494
vt 2.303835 1.263494
vt 2.457424 1.263494
vt 2.611013 1.263494
vt 2.764602 1.263494
vt 0.000000 1.378357
vt 0.153589 1.378357
vt 0.307178 1.378357
vt 0.460767 1.378357
vt 0.614356 1.378357
vt 0.767945 1.378357
vt 0.921534 1.378357
vt 1.075123 1.378357
vt 1.228712 1.378357
vt 1.382301 1.378357
vt 1.535890 1.378357
vt 1.689479 1.378357
vt 1.843068 1.378357
vt 1.996657 1.378357
vt 2.150246 1.378357
vt 2.303835 1.378357
vt 2.457424 1.378357
vt 2.611013 1.378357
vt 2.764602 1.378357
vt 0.000000 0.000000
vt 0.093350 0.000000
vt 0.186700 0.000000
vt 0.280051 0.000000
vt 0.373401 0.000000
vt 0.466751 0.000000
vt 0.560101 0.000000
vt 0.653451 0.000000
vt 0.746801 0.000000
vt 0.840152 0.000000
vt 0.933502 0.000000
vt 1.026852 0.000000
vt 1.120202 0.000000
vt 1.213552 0.000000
vt 1.306903 0.000000
vt 0.000000 0.065077
vt 0.093350 0.065077
vt 0.186700 0.065077
vt 0.280051 0.065077
vt 0.373401 0.065077
vt 0.466751 0.065077
vt 0.560101 0.065077
vt 0.653451 0.065077
vt 0.746801 0.065077
vt 0.840152 0.065077
vt 0.933502 0.065077
vt 1.026852 0.065077
vt 1.120202 0.065077
vt 1.213552 0.065077
vt 1.306903 0.065077
vt 0.000000 0.130153
vt 0.093350 0.130153
vt 0.186700 0.130153
vt 0.280051 0.130153
vt 0.373401 0.130153
vt 0.466751 0.130153
vt 0.560101 0.130153
vt 0.653451 0.130153
vt 0.746801 0.130153
vt 0.840152 0.130153
vt 0.933502 0.130153
vt 1.026852 0.130153
vt 1.120202 0.130153
vt 1.213552 0.130153
vt 1.306903 0.130153
vt 0.000000 0.195230
vt 0.093350 0.195230
vt 0.186700 0.195230
vt 0.280051 0.195230
vt 0.373401 0.195230
vt 0.466751 0.195230
vt 0.560101 0.195230
vt 0.653451 0.195230
vt 0.746801 0.195230
vt 0.840152 0.195230
vt 0.933502 0.195230
vt 1.026852 0.195230
vt 1.120202 0.195230
vt 1.213552 0.195230
vt 1.306903 0.195230
vt 0.000000 0.260307
vt 0.093350 0.260307
vt 0.186700 0.260307
vt 0.280051 0.260307
vt 0.373401 0.260307
vt 0.466751 0.260307
vt 0.560101 0.260307
vt 0.653451 0.260307
vt 0.746801 0.260307
vt 0.840152 0.260307
vt 0.933502 0.260307
vt 1.026852 0.260307
vt 1.120202 0.260307
vt 1.213552 0.260307
vt 1.306903 0.260307
vt 0.000000 0.325384
vt 0.093350 0.325384
vt 0.186700 0.325384
vt 0.280051 0.325384
vt 0.373401 0.325384
vt 0.466751 0.325384
vt 0.560101 0.325384
vt 0.653451 0.325384
vt 0.746801 0.325384
vt 0.840152 0.325384
vt 0.933502 0.325384
vt 1.026852 0.325384
vt 1.120202 0.325384
vt 1.213552 0.325384
vt 1.306903 0.325384
vt 0.000000 0.390460
vt 0.093350 0.390460
vt 0.186700 0.390460
vt 0.280051 0.390460
vt 0.373401 0.390460
vt 0.466751 0.390460
vt 0.560101 0.390460
vt 0.653451 0.390460
vt 0.746801 0.390460
vt 0.840152 0.390460
vt 0.933502 0.390460
vt 1.026852 0.390460
vt 1.120202 0.390460
vt 1.213552 0.390460
vt 1.306903 0.390460
vt 0.000000 0.455537
vt 0.093350 0.455537
vt 0.186700 0.455537
vt 0.280051 0.455537
vt 0.373401 0.455537
vt 0.466751 0.455537
vt 0.560101 0.455537
vt 0.653451 0.455537
vt 0.746801 0.455537
vt 0.840152 0.455537
vt 0.933502 0.455537
vt 1.026852 0.455537
vt 1.120202 0.455537
vt 1.213552 0.455537
vt 1.306903 0.455537
vt 0.000000 0.520614
vt 0.093350 0.520614
vt 0.186700 0.520614
vt 0.280051 0.520614
vt 0.373401 0.520614
vt 0.466751 0.520614
vt 0.560101 0.520614
vt 0.653451 0.520614
vt 0.746801 0.520614
vt 0.840152 0.520614
vt 0.933502 0.520614
vt 1.026852 0.520614
vt 1.120202 0.520614
vt 1.213552 0.520614
vt 1.306903 0.520614
vt 0.000000 0.585691
vt 0.093350 0.585691
vt 0.186700 0.585691
vt 0.280051 0.585691
vt 0.373401 0.585691
vt 0.466751 0.585691
vt 0.560101 0.585691
vt 0.653451 0.585691
vt 0.746801 0.585691
vt 0.840152 0.585691
vt 0.933502 0.585691
vt 1.026852 0.585691
vt 1.120202 0.585691
vt 1.213552 0.585691
vt 1.306903 0.585691
vt 0.000000 0.650767
vt 0.093350 0.650767
vt 0.186700 0.650767
vt 0.280051 0.650767
vt 0.373401 0.650767
vt 0.466751 0.650767
vt 0.560101 0.650767
vt 0.653451 0.650767
vt 0.746801 0.650767
vt 0.840152 0.650767
vt 0.933502 0.650767
vt 1.026852 0.650767
vt 1.120202 0.650767
vt 1.213552 0.650767
vt 1.306903 0.650767
vt 0.000000 0.000000
vt 0.163363 0.000000
vt 0.326726 0.000000
vt 0.490088 0.000000
vt 0.653451 0.000000
vt 0.816814 0.000000
vt 0.980177 0.000000
vt 1.143540 0.000000
vt 1.306903 0.000000
vt 1.470265 0.000000
vt 1.633628 0.000000
vt 1.796991 0.000000
vt 1.960354 0.000000
vt 2.123717 0.000000
vt 2.287079 0.000000
vt 2.450442 0.000000
vt 2.613805 0.000000
vt 0.000000 0.130153
vt 0.163363 0.130153
vt 0.326726 0.130153
vt 0.490088 0.130153
vt 0.653451 0.130153
vt 0.816814 0.130153
vt 0.980177 0.130153
vt 1.143540 0.130153
vt 1.306903 0.130153
vt 1.470265 0.130153
vt 1.633628 0.130153
vt 1.796991 0.130153
vt 1.960354 0.130153
vt 2.123717 0.130153
vt 2.287079 0.130153
vt 2.450442 0.130153
vt 2.613805 0.130153
vt 0.000000 0.260307
vt 0.163363 0.260307
vt 0.326726 0.260307
vt 0.490088 0.260307
vt 0.653451 0.260307
vt 0.816814 0.260307
vt 0.980177 0.260307
vt 1.143540 0.260307
vt 1.306903 0.260307
vt 1.470265 0.260307
vt 1.633628 0.260307
vt 1.796991 0.260307
vt 1.960354 0.260307
vt 2.123717 0.260307
vt 2.287079 0.260307
vt 2.450442 0.260307
vt 2.613805 0.260307
vt 0.000000 0.390460
vt 0.163363 0.390460
vt 0.326726 0.390460
vt 0.490088 0.390460
vt 0.653451 0.390460
vt 0.816814 0.390460
vt 0.980177 0.390460
vt 1.143540 0.390460
vt 1.306903 0.390460
vt 1.470265 0.390460
vt 1.633628 0.390460
vt 1.796991 0.390460
vt 1.960354 0.390460
vt 2.123717 0.390460
vt 2.287079 0.390460
vt 2.450442 0.390460
vt 2.613805 0.390460
vt 0.000000 0.520614
vt 0.163363 0.520614
vt 0.326726 0.520614
vt 0.490088 0.520614
vt 0.653451 0.520614
vt 0.816814 0.520614
vt 0.980177 0.520614
vt 1.143540 0.520614
vt 1.306903 0.520614
vt 1.470265 0.520614
vt 1.633628 0.520614
vt 1.796991 0.520614
vt 1.960354 0.520614
vt 2.123717 0.520614
vt 2.287079 0.520614
vt 2.450442 0.520614
vt 2.613805 0.520614
vt 0.000000 0.650767
vt 0.163363 0.650767
vt 0.326726 0.650767
vt 0.490088 0.650767
vt 0.653451 0.650767
vt 0.816814 0.650767
vt 0.980177 0.650767
vt 1.143540 0.650767
vt 1.306903 0.650767
vt 1.470265 0.650767
vt 1.633628 0.650767
vt 1.796991 0.650767
vt 1.960354 0.650767
vt 2.123717 0.650767
vt 2.287079 0.650767
vt 2.450442 0.650767
vt 2.613805 0.650767
vt 0.000000 0.780921
vt 0.163363 0.780921
vt 0.326726 0.780921
vt 0.490088 0.780921
vt 0.653451 0.780921
vt 0.816814 0.780921
vt 0.980177 0.780921
vt 1.143540 0.780921
vt 1.306903 0.780921
vt 1.470265 0.780921
vt 1.633628 0.780921
vt 1.796991 0.780921
vt 1.960354 0.780921
vt 2.123717 0.780921
vt 2.287079 0.780921
vt 2.450442 0.780921
vt 2.613805 0.780921
vt 0.000000 0.911074
vt 0.163363 0.911074
vt 0.326726 0.911074
vt 0.490088 0.911074
vt 0.653451 0.911074
vt 0.816814 0.911074
vt 0.980177 0.911074
vt 1.143540 0.911074
vt 1.306903 0.911074
vt 1.470265 0.911074
vt 1.633628 0.911074
vt 1.796991 0.911074
vt 1.960354 0.911074
vt 2.123717 0.911074
vt 2.287079 0.911074
vt 2.450442 0.911074
vt 2.613805 0.911074
vt 0.000000 1.041228
vt 0.163363 1.041228
vt 0.326726 1.041228
vt 0.490088 1.041228
vt 0.653451 1.041228
vt 0.816814 1.041228
vt 0.980177 1.041228
vt 1.143540 1.041228
vt 1.306903 1.041228
vt 1.470265 1.041228
vt 1.633628 1.041228
vt 1.796991 1.041228
vt 1.960354 1.041228
vt 2.123717 1.041228
vt 2.287079 1.041228
vt 2.450442 1.041228
vt 2.613805 1.041228
vt 0.000000 1.171381
vt 0.163363 1.171381
vt 0.326726 1.171381
vt 0.490088 1.171381
vt 0.653451 1.171381
vt 0.816814 1.171381
vt 0.980177 1.171381
vt 1.143540 1.171381
vt 1.306903 1.171381
vt 1.470265 1.171381
vt 1.633628 1.171381
vt 1.796991 1.171381
vt 1.960354 1.171381
vt 2.123717 1.171381
vt 2.287079 1.171381
vt 2.450442 1.171381
vt 2.613805 1.171381
vt 0.000000 1.301535
vt 0.163363 1.301535
vt 0.326726 1.301535
vt 0.490088 1.301535
vt 0.653451 1.301535
vt 0.816814 1.301535
vt 0.980177 1.301535
vt 1.143540 1.301535
vt 1.306903 1.301535
vt 1.470265 1.301535
vt 1.633628 1.301535
vt 1.796991 1.301535
vt 1.960354 1.301535
vt 2.123717 1.301535
vt 2.287079 1.301535
vt 2.450442 1.301535
vt 2.613805 1.301535
vt 0.000000 0.000000
vt 0.153589 0.000000
vt 0.307178 0.000000
vt 0.460767 0.000000
vt 0.614356 0.000000
vt 0.767945 0.000000
vt 0.921534 0.000000
vt 1.075123 0.000000
vt 1.228712 0.000000
vt 1.382301 0.000000
vt 1.535890 0.000000
vt 1.689479 0.000000
vt 1.843068 0.000000
vt 1.996657 0.000000
vt 2.150246 0.000000
vt 2.303835 0.000000
vt 2.457424 0.000000
vt 2.611013 0.000000
vt 2.764602 0.000000
vt 0.000000 0.114863
vt 0.153589 0.114863
vt 0.307178 0.114863
vt 0.460767 0.114863
vt 0.614356 0.114863
vt 0.767945 0.114863
vt 0.921534 0.114863
vt 1.075123 0.114863
vt 1.228712 0.114863
vt 1.382301 0.114863
vt 1.535890 0.114863
vt 1.689479 0.114863
vt 1.843068 0.114863
vt 1.996657 0.114863
vt 2.150246 0.114863
vt 2.303835 0.114863
vt 2.457424 0.114863
vt 2.611013 0.114863
vt 2.764602 0.114863
vt 0.000000 0.229726
vt 0.153589 0.229726
vt 0.307178 0.229726
vt 0.460767 0.229726
vt 0.614356 0.229726
vt 0.767945 0.229726
vt 0.921534 0.229726
vt 1.075123 0.229726
vt 1.228712 0.229726
vt 1.382301 0.229726
vt 1.535890 0.229726
vt 1.689479 0.229726
vt 1.843068 0.229726
vt 1.996657 0.229726
vt 2.150246 0.229726
vt 2.303835 0.229726
vt 2.457424 0.229726
vt 2.611013 0.229726
vt 2.764602 0.229726
vt 0.000000 0.344589
vt 0.153589 0.344589
vt 0.307178 0.344589
vt 0.460767 0.344589
vt 0.614356 0.344589
vt 0.767945 0.344589
vt 0.921534 0.344589
vt 1.075123 0.344589
vt 1.228712 0.344589
vt 1.382301 0.344589
vt 1.535890 0.344589
vt 1.689479 0.344589
vt 1.843068 0.344589
vt 1.996657 0.344589
vt 2.150246 0.344589
vt 2.303835 0.344589
vt 2.457424 0.344589
vt 2.611013 0.344589
vt 2.764602 0.344589
vt 0.000000 0.459452
vt 0.153589 0.459452
vt 0.307178 0.459452
vt 0.460767 0.459452
vt 0.614356 0.459452
vt 0.767945 0.459452
vt 0.921534 0.459452
vt 1.075123 0.459452
vt 1.228712 0.459452
vt 1.382301 0.459452
vt 1.535890 0.459452
vt 1.689479 0.459452
vt 1.843068 0.459452
vt 1.996657 0.459452
vt 2.150246 0.459452
vt 2.303835 0.459452
vt 2.457424 0.459452
vt 2.611013 0.459452
vt 2.764602 0.459452
vt 0.000000 0.574315
vt 0.153589 0.574315
vt 0.307178 0.574315
vt 0.460767 0.574315
vt 0.614356 0.574315
vt 0.767945 0.574315
vt 0.921534 0.574315
vt 1.075123 0.574315
vt 1.228712 0.574315
vt 1.382301 0.574315
vt 1.535890 0.574315
vt 1.689479 0.574315
vt 1.843068 0.574315
vt 1.996657 0.574315
vt 2.150246 0.574315
vt 2.303835 0.574315
vt 2.457424 0.574315
vt 2.611013 0.574315
vt 2.764602 0.574315
vt 0.000000 0.689178
vt 0.153589 0.689178
vt 0.307178 0.689178
vt 0.460767 0.689178
vt 0.614356 0.689178
vt 0.767945 0.689178
vt 0.921534 0.689178
vt 1.075123 0.689178
vt 1.228712 0.689178
vt 1.382301 0.689178
vt 1.535890 0.689178
vt 1.689479 0.689178
vt 1.843068 0.689178
vt 1.996657 0.689178
vt 2.150246 0.689178
vt 2.303835 0.689178
vt 2.457424 0.689178
vt 2.611013 0.689178
vt 2.764602 0.689178
vt 0.000000 0.804041
vt 0.153589 0.804041
vt 0.307178 0.804041
vt 0.460767 0.804041
vt 0.614356 0.804041
vt 0.767945 0.804041
vt 0.921534 0.804041
vt 1.075123 0.804041
vt 1.228712 0.804041
vt 1.382301 0.804041
vt 1.535890 0.804041
vt 1.689479 0.804041
vt 1.843068 0.804041
vt 1.996657 0.804041
vt 2.150246 0.804041
vt 2.303835 0.804041
vt 2.457424 0.804041
vt 2.611013 0.804041
vt 2.764602 0.804041
vt 0.000000 0.918904
vt 0.153589 0.918904
vt 0.307178 0.918904
vt 0.460767 0.918904
vt 0.614356 0.918904
vt 0.767945 0.918904
vt 0.921534 0.918904
vt 1.075123 0.918904
vt 1.228712 0.918904
vt 1.382301 0.918904
vt 1.535890 0.918904
vt 1.689479 0.918904
vt 1.843068 0.918904
vt 1.996657 0.918904
vt 2.150246 0.918904
vt 2.303835 0.918904
vt 2.457424 0.918904
vt 2.611013 0.918904
vt 2.764602 0.918904
vt 0.000000 1.033767
vt 0.153589 1.033767
vt 0.307178 1.033767
vt 0.460767 1.033767
vt 0.614356 1.033767
vt 0.767945 1.033767
vt 0.921534 1.033767
vt 1.075123 1.033767
vt 1.228712 1.033767
vt 1.382301 1.033767
vt 1.535890 1.033767
vt 1.689479 1.033767
vt 1.843068 1.033767
vt 1.996657 1.033767
vt 2.150246 1.033767
vt 2.303835 1.033767
vt 2.457424 1.033767
vt 2.611013 1.033767
vt 2.764602 1.033767
vt 0.000000 1.148630
vt 0.153589 1.148630
vt 0.307178 1.148630
vt 0.460767 1.148630
vt 0.614356 1.148630
vt 0.767945 1.148630
vt 0.921534 1.148630
vt 1.075123 1.148630
vt 1.228712 1.148630
vt 1.382301 1.148630
vt 1.535890 1.148630
vt 1.689479 1.148630
vt 1.843068 1.148630
vt 1.996657 1.148630
vt 2.150246 1.148630
vt 2.303835 1.148630
vt 2.457424 1.148630
vt 2.611013 1.148630
vt 2.764602 1.148630
vt 0.000000 1.263494
vt 0.153589 1.263494
vt 0.307178 1.263494
vt 0.460767 1.263494
vt 0.614356 1.263494
vt 0.767945 1.263494
vt 0.921534 1.263494
vt 1.075123 1.263494
vt 1.228712 1.263494
vt 1.382301 1.263494
vt 1.535890 1.263494
vt 1.689479 1.263494
vt 1.843068 1.263494
vt 1.996657 1.263494
vt 2.150246 1.263494
vt 2.303835 1.263494
vt 2.457424 1.263494
vt 2.611013 1.263494
vt 2.764602 1.263494
vt 0.000000 1.378357
vt 0.153589 1.378357
vt 0.307178 1.378357
vt 0.460767 1.378357
vt 0.614356 1.378357
vt 0.767945 1.378357
vt 0.921534 1.378357
vt 1.075123 1.378357
vt 1.228712 1.378357
vt 1.382301 1.378357
vt 1.535890 1.378357
vt 1.689479 1.378357
vt 1.843068 1.378357
vt 1.996657 1.378357
vt 2.150246 1.378357
vt 2.303835 1.378357
vt 2.457424 1.378357
vt 2.611013 1.378357
vt 2.764602 1.378357
vt 0.000000 0.000000
vt 0.153589 0.000000
vt 0.307178 0.000000
vt 0.460767 0.000000
vt 0.614356 0.000000
vt 0.767945 0.000000
vt 0.921534 0.000000
vt 1.075123 0.000000
vt 1.228712 0.000000
vt 1.382301 0.000000
vt 1.535890 0.000000
vt 1.689479 0.000000
vt 1.843068 0.000000
vt 1.996657 0.000000
vt 2.150246 0.000000
vt 2.303835 0.000000
vt 2.457424 0.000000
vt 2.611013 0.000000
vt 2.764602 0.000000
vt 0.000000 0.114863
vt 0.153589 0.114863
vt 0.307178 0.114863
vt 0.460767 0.114863
vt 0.614356 0.114863
vt 0.767945 0.114863
vt 0.921534 0.114863
vt 1.075123 0.114863
vt 1.228712 0.114863
vt 1.382301 0.114863
vt 1.535890 0.114863
vt 1.689479 0.114863
vt 1.843068 0.114863
vt 1.996657 0.114863
vt 2.150246 0.114863
vt 2.303835 0.114863
vt 2.457424 0.114863
vt 2.611013 0.114863
vt 2.764602 0.114863
vt 0.000000 0.229726
vt 0.153589 0.229726
vt 0.307178 0.229726
vt 0.460767 0.229726
vt 0.614356 0.229726
vt 0.767945 0.229726
vt 0.921534 0.229726
vt 1.075123 0.229726
vt 1.228712 0.229726
vt 1.382301 0.229726
vt 1.535890 0.229726
vt 1.689479 0.229726
vt 1.843068 0.229726
vt 1.996657 0.229726
vt 2.150246 0.229726
vt 2.303835 0.229726
vt 2.457424 0.229726
vt 2.611013 0.229726
vt 2.764602 0.229726
vt 0.000000 0.344589
vt 0.153589 0.344589
vt 0.307178 0.344589
vt 0.460767 0.344589
vt 0.614356 0.344589
vt 0.767945 0.344589
vt 0.921534 0.344589
vt 1.075123 0.344589
vt 1.228712 0.344589
vt 1.382301 0.344589
vt 1.535890 0.344589
vt 1.689479 0.344589
vt 1.843068 0.344589
vt 1.996657 0.344589
vt 2.150246 0.344589
vt 2.303835 0.344589
vt 2.457424 0.344589
vt 2.611013 0.344589
vt 2.764602 0.344589
vt 0.000000 0.459452
vt 0.153589 0.459452
vt 0.307178 0.459452
vt 0.460767 0.459452
vt 0.614356 0.459452
vt 0.767945 0.459452
vt 0.921534 0.459452
vt 1.075123 0.459452
vt 1.228712 0.459452
vt 1.382301 0.459452
vt 1.535890 0.459452
vt 1.689479 0.459452
vt 1.843068 0.459452
vt 1.996657 0.459452
vt 2.150246 0.459452
vt 2.303835 0.459452
vt 2.457424 0.459452
vt 2.611013 0.459452
vt 2.764602 0.459452
vt 0.000000 0.574315
vt 0.153589 0.574315
vt 0.307178 0.574315
vt 0.460767 0.574315
vt 0.614356 0.574315
vt 0.767945 0.574315
vt 0.921534 0.574315
vt 1.075123 0.574315
vt 1.228712 0.574315
vt 1.382301 0.574315
vt 1.535890 0.574315
vt 1.689479 0.574315
vt 1.843068 0.574315
vt 1.996657 0.574315
vt 2.150246 0.574315
vt 2.303835 0.574315
vt 2.457424 0.574315
vt 2.611013 0.574315
vt 2.764602 0.574315
vt 0.000000 0.689178
vt 0.153589 0.689178
vt 0.307178 0.689178
vt 0.460767 0.689178
vt 0.614356 0.689178
vt 0.767945 0.689178
vt 0.921534 0.689178
vt 1.075123 0.689178
vt 1.228712 0.689178
vt 1.382301 0.689178
vt 1.535890 0.689178
vt 1.689479 0.689178
vt 1.843068 0.689178
vt 1.996657 0.689178
vt 2.150246 0.689178
vt 2.303835 0.689178
vt 2.457424 0.689178
vt 2.611013 0.689178
vt 2.764602 0.689178
vt 0.000000 0.804041
vt 0.153589 0.804041
vt 0.307178 0.804041
vt 0.460767 0.804041
vt 0.614356 0.804041
vt 0.767945 0.804041
vt 0.921534 0.804041
vt 1.075123 0.804041
vt 1.228712 0.804041
vt 1.382301 0.804041
vt 1.535890 0.804041
vt 1.689479 0.804041
vt 1.843068 0.804041
vt 1.996657 0.804041
vt 2.150246 0.804041
vt 2.303835 0.804041
vt 2.457424 0.804041
vt 2.611013 0.804041
vt 2.764602 0.804041
vt 0.000000 0.918904
vt 0.153589 0.918904
vt 0.307178 0.918904
vt 0.460767 0.918904
vt 0.614356 0.918904
vt 0.767945 0.918904
vt 0.921534 0.918904
vt 1.075123 0.918904
vt 1.228712 0.918904
vt 1.382301 0.918904
vt 1.535890 0.918904
vt 1.689479 0.918904
vt 1.843068 0.918904
vt 1.996657 0.918904
vt 2.150246 0.918904
vt 2.303835 0.918904
vt 2.457424 0.918904
vt 2.611013 0.918904
vt 2.764602 0.918904
vt 0.000000 1.033767
vt 0.153589 1.033767
vt 0.307178 1.033767
vt 0.460767 1.033767
vt 0.614356 1.033767
vt 0.767945 1.033767
vt 0.921534 1.033767
vt 1.075123 1.033767
vt 1.228712 1.033767
vt 1.382301 1.033767
vt 1.535890 1.033767
vt 1.689479 1.033767
vt 1.843068 1.033767
vt 1.996657 1.033767
vt 2.150246 1.033767
vt 2.303835 1.033767
vt 2.457424 1.033767
vt 2.611013 1.033767
vt 2.764602 1.033767
vt 0.000000 1.148630
vt 0.153589 1.148630
vt 0.307178 1.148630
vt 0.460767 1.148630
vt 0.614356 1.148630
vt 0.767945 1.148630
vt 0.921534 1.148630
vt 1.075123 1.148630
vt 1.228712 1.148630
vt 1.382301 1.148630
vt 1.535890 1.148630
vt 1.689479 1.148630
vt 1.843068 1.148630
vt 1.996657 1.148630
vt 2.150246 1.148630
vt 2.303835 1.148630
vt 2.457424 1.148630
vt 2.611013 1.148630
vt 2.764602 1.148630
vt 0.000000 1.263494
vt 0.153589 1.263494
vt 0.307178 1.263494
vt 0.460767 1.263494
vt 0.614356 1.263494
vt 0.767945 1.263494
vt 0.921534 1.263494
vt 1.075123 1.263494
vt 1.228712 1.263494
vt 1.382301 1.263494
vt 1.535890 1.263494
vt 1.689479 1.263494
vt 1.843068 1.263494
vt 1.996657 1.263494
vt 2.150246 1.263494
vt 2.303835 1.263494
vt 2.457424 1.263494
vt 2.611013 1.263494
vt 2.764602 1.263494
vt 0.000000 1.378357
vt 0.153589 1.378357
vt 0.307178 1.378357
vt 0.460767 1.378357
vt 0.614356 1.378357
vt 0.767945 1.378357
vt 0.921534 1.378357
vt 1.075123 1.378357
vt 1.228712 1.378357
vt 1.382301 1.378357
vt 1.535890 1.378357
vt 1.689479 1.378357
vt 1.843068 1.378357
vt 1.996657 1.378357
vt 2.150246 1.378357
vt 2.303835 1.378357
vt 2.457424 1.378357
vt 2.611013 1.378357
vt 2.764602 1.378357
vt 0.000000 0.000000
vt 0.093350 0.000000
vt 0.186700 0.000000
vt 0.280051 0.000000
vt 0.373401 0.000000
vt 0.466751 0.000000
vt 0.560101 0.000000
vt 0.653451 0.000000
vt 0.746801 0.000000
vt 0.840152 0.000000
vt 0.933502 0.000000
vt 1.026852 0.000000
vt 1.120202 0.000000
vt 1.213552 0.000000
vt 1.306903 0.000000
vt 0.000000 0.065077
vt 0.093350 0.065077
vt 0.186700 0.065077
vt 0.280051 0.065077
vt 0.373401 0.065077
vt 0.466751 0.065077
vt 0.560101 0.065077
vt 0.653451 0.065077
vt 0.746801 0.065077
vt 0.840152 0.065077
vt 0.933502 0.065077
vt 1.026852 0.065077
vt 1.120202 0.065077
vt 1.213552 0.065077
vt 1.306903 0.065077
vt 0.000000 0.130153
vt 0.093350 0.130153
vt 0.186700 0.130153
vt 0.280051 0.130153
vt 0.373401 0.130153
vt 0.466751 0.130153
vt 0.560101 0.130153
vt 0.653451 0.130153
vt 0.746801 0.130153
vt 0.840152 0.130153
vt 0.933502 0.130153
vt 1.026852 0.130153
vt 1.120202 0.130153
vt 1.213552 0.130153
vt 1.306903 0.130153
vt 0.000000 0.195230
vt 0.093350 0.195230
vt 0.186700 0.195230
vt 0.280051 0.195230
vt 0.373401 0.195230
vt 0.466751 0.195230
vt 0.560101 0.195230
vt 0.653451 0.195230
vt 0.746801 0.195230
vt 0.840152 0.195230
vt 0.933502 0.195230
vt 1.026852 0.195230
vt 1.120202 0.195230
vt 1.213552 0.195230
vt 1.306903 0.195230
vt 0.000000 0.260307
vt 0.093350 0.260307
vt 0.186700 0.260307
vt 0.280051 0.260307
vt 0.373401 0.260307
vt 0.466751 0.260307
vt 0.560101 0.260307
vt 0.653451 0.260307
vt 0.746801 0.260307
vt 0.840152 0.260307
vt 0.933502 0.260307
vt 1.026852 0.260307
vt 1.120202 0.260307
vt 1.213552 0.260307
vt 1.306903 0.260307
vt 0.000000 0.325384
vt 0.093350 0.325384
vt 0.186700 0.325384
vt 0.280051 0.325384
vt 0.373401 0.325384
vt 0.466751 0.325384
vt 0.560101 0.325384
vt 0.653451 0.325384
vt 0.746801 0.325384
vt 0.840152 0.325384
vt 0.933502 0.325384
vt 1.026852 0.325384
vt 1.120202 0.325384
vt 1.213552 0.325384
vt 1.306903 0.325384
vt 0.000000 0.390460
vt 0.093350 0.390460
vt 0.186700 0.390460
vt 0.280051 0.390460
vt 0.373401 0.390460
vt 0.466751 0.390460
vt 0.560101 0.390460
vt 0.653451 0.390460
vt 0.746801 0.390460
vt 0.840152 0.390460
vt 0.933502 0.390460
vt 1.026852 0.390460
vt 1.120202 0.390460
vt 1.213552 0.390460
vt 1.306903 0.390460
vt 0.000000 0.455537
vt 0.093350 0.455537
vt 0.186700 0.455537
vt 0.280051 0.455537
vt 0.373401 0.455537
vt 0.466751 0.455537
vt 0.560101 0.455537
vt 0.653451 0.455537
vt 0.746801 0.455537
vt 0.840152 0.455537
vt 0.933502 0.455537
vt 1.026852 0.455537
vt 1.120202 0.455537
vt 1.213552 0.455537
vt 1.306903 0.455537
vt 0.000000 0.520614
vt 0.093350 0.520614
vt 0.186700 0.520614
vt 0.280051 0.520614
vt 0.373401 0.520614
vt 0.466751 0.520614
vt 0.560101 0.520614
vt 0.653451 0.520614
vt 0.746801 0.520614
vt 0.840152 0.520614
vt 0.933502 0.520614
vt 1.026852 0.520614
vt 1.120202 0.520614
vt 1.213552 0.520614
vt 1.306903 0.520614
vt 0.000000 0.585691
vt 0.093350 0.585691
vt 0.186700 0.585691
vt 0.280051 0.585691
vt 0.373401 0.585691
vt 0.466751 0.585691
vt 0.560101 0.585691
vt 0.653451 0.585691
vt 0.746801 0.585691
vt 0.840152 0.585691
vt 0.933502 0.585691
vt 1.026852 0.585691
vt 1.120202 0.585691
vt 1.213552 0.585691
vt 1.306903 0.585691
vt 0.000000 0.650767
vt 0.093350 0.650767
vt 0.186700 0.650767
vt 0.280051 0.650767
vt 0.373401 0.650767
vt 0.466751 0.650767
vt 0.560101 0.650767
vt 0.653451 0.650767
vt 0.746801 0.650767
vt 0.840152 0.650767
vt 0.933502 0.650767
vt 1.026852 0.650767
vt 1.120202 0.650767
vt 1.213552 0.650767
vt 1.306903 0.650767
vt 0.000000 0.000000
vt 0.163363 0.000000
vt 0.326726 0.000000
vt 0.490088 0.000000
vt 0.653451 0.000000
vt 0.816814 0.000000
vt 0.980177 0.000000
vt 1.143540 0.000000
vt 1.306903 0.000000
vt 1.470265 0.000000
vt 1.633628 0.000000
vt 1.796991 0.000000
vt 1.960354 0.000000
vt 2.123717 0.000000
vt 2.287079 0.000000
vt 2.450442 0.000000
vt 2.613805 0.000000
vt 0.000000 0.130153
vt 0.163363 0.130153
vt 0.326726 0.130153
vt 0.490088 0.130153
vt 0.653451 0.130153
vt 0.816814 0.130153
vt 0.980177 0.130153
vt 1.143540 0.130153
vt 1.306903 0.130153
vt 1.470265 0.130153
vt 1.633628 0.130153
vt 1.796991 0.130153
vt 1.960354 0.130153
vt 2.123717 0.130153
vt 2.287079 0.130153
vt 2.450442 0.130153
vt 2.613805 0.130153
vt 0.000000 0.260307
vt 0.163363 0.260307
vt 0.326726 0.260307
vt 0.490088 0.260307
vt 0.653451 0.260307
vt 0.816814 0.260307
vt 0.980177 0.260307
vt 1.143540 0.260307
vt 1.306903 0.260307
vt 1.470265 0.260307
vt 1.633628 0.260307
vt 1.796991 0.260307
vt 1.960354 0.260307
vt 2.123717 0.260307
vt 2.287079 0.260307
vt 2.450442 0.260307
vt 2.613805 0.260307
vt 0.000000 0.390460
vt 0.163363 0.390460
vt 0.326726 0.390460
vt 0.490088 0.390460
vt 0.653451 0.390460
vt 0.816814 0.390460
vt 0.980177 0.390460
vt 1.143540 0.390460
vt 1.306903 0.390460
vt 1.470265 0.390460
vt 1.633628 0.390460
vt 1.796991 0.390460
vt 1.960354 0.390460
vt 2.123717 0.390460
vt 2.287079 0.390460
vt 2.450442 0.390460
vt 2.613805 0.390460
vt 0.000000 0.520614
vt 0.163363 0.520614
vt 0.326726 0.520614
vt 0.490088 0.520614
vt 0.653451 0.520614
vt 0.816814 0.520614
vt 0.980177 0.520614
vt 1.143540 0.520614
vt 1.306903 0.520614
vt 1.470265 0.520614
vt 1.633628 0.520614
vt 1.796991 0.520614
vt 1.960354 0.520614
vt 2.123717 0.520614
vt 2.287079 0.520614
vt 2.450442 0.520614
vt 2.613805 0.520614
vt 0.000000 0.650767
vt 0.163363 0.650767
vt 0.326726 0.650767
vt 0.490088 0.650767
vt 0.653451 0.650767
vt 0.816814 0.650767
vt 0.980177 0.650767
vt 1.143540 0.650767
vt 1.306903 0.650767
vt 1.470265 0.650767
vt 1.633628 0.650767
vt 1.796991 0.650767
vt 1.960354 0.650767
vt 2.123717 0.650767
vt 2.287079 0.650767
vt 2.450442 0.650767
vt 2.613805 0.650767
vt 0.000000 0.780921
vt 0.163363 0.780921
vt 0.326726 0.780921
vt 0.490088 0.780921
vt 0.653451 0.780921
vt 0.816814 0.780921
vt 0.980177 0.780921
vt 1.143540 0.780921
vt 1.306903 0.780921
vt 1.470265 0.780921
vt 1.633628 0.780921
vt 1.796991 0.780921
vt 1.960354 0.780921
vt 2.123717 0.780921
vt 2.287079 0.780921
vt 2.450442 0.780921
vt 2.613805 0.780921
vt 0.000000 0.911074
vt 0.163363 0.911074
vt 0.326726 0.911074
vt 0.490088 0.911074
vt 0.653451 0.911074
vt 0.816814 0.911074
vt 0.980177 0.911074
vt 1.143540 0.911074
vt 1.306903 0.911074
vt 1.470265 0.911074
vt 1.633628 0.911074
vt 1.796991 0.911074
vt 1.960354 0.911074
vt 2.123717 0.911074
vt 2.287079 0.911074
vt 2.450442 0.911074
vt 2.613805 0.911074
vt 0.000000 1.041228
vt 0.163363 1.041228
vt 0.326726 1.041228
vt 0.490088 1.041228
vt 0.653451 1.041228
vt 0.816814 1.041228
vt 0.980177 1.041228
vt 1.143540 1.041228
vt 1.306903 1.041228
vt 1.470265 1.041228
vt 1.633628 1.041228
vt 1.796991 1.041228
vt 1.960354 1.041228
vt 2.123717 1.041228
vt 2.287079 1.041228
vt 2.450442 1.041228
vt 2.613805 1.041228
vt 0.000000 1.171381
vt 0.163363 1.171381
vt 0.326726 1.171381
vt 0.490088 1.171381
vt 0.653451 1.171381
vt 0.816814 1.171381
vt 0.980177 1.171381
vt 1.143540 1.171381
vt 1.306903 1.171381
vt 1.470265 1.171381
vt 1.633628 1.171381
vt 1.796991 1.171381
vt 1.960354 1.171381
vt 2.123717 1.171381
vt 2.287079 1.171381
vt 2.450442 1.171381
vt 2.613805 1.171381
vt 0.000000 1.301535
vt 0.163363 1.301535
vt 0.326726 1.301535
vt 0.490088 1.301535
vt 0.653451 1.301535
vt 0.816814 1.301535
vt 0.980177 1.301535
vt 1.143540 1.301535
vt 1.306903 1.301535
vt 1.470265 1.301535
vt 1.633628 1.301535
vt 1.796991 1.301535
vt 1.960354 1.301535
vt 2.123717 1.301535
vt 2.287079 1.301535
vt 2.450442 1.301535
vt 2.613805 1.301535
vt 0.000000 0.000000
vt 0.931991 0.000000
vt 0.931991 0.288000
vt 0.000000 0.000000
vt 0.931991 0.288000
vt 0.000000 0.288000
vt 0.931991 0.000000
vt 1.554554 0.000000
vt 1.554554 0.288000
vt 0.931991 0.000000
vt 1.554554 0.288000
vt 0.931991 0.288000
vt 1.554554 0.000000
vt 2.592089 0.000000
vt 2.592089 0.288000
vt 1.554554 0.000000
vt 2.592089 0.288000
vt 1.554554 0.288000
vt 2.592089 0.000000
vt 3.607459 0.000000
vt 3.607459 0.288000
vt 2.592089 0.000000
vt 3.607459 0.288000
vt 2.592089 0.288000
vt 3.607459 0.000000
vt 4.288212 0.000000
vt 4.288212 0.288000
vt 3.607459 0.000000
vt 4.288212 0.288000
vt 3.607459 0.288000
vt 4.288212 0.000000
vt 5.311462 0.000000
vt 5.311462 0.288000
vt 4.288212 0.000000
vt 5.311462 0.288000
vt 4.288212 0.288000
vt 5.311462 0.000000
vt 6.767462 0.000000
vt 6.767462 0.288000
vt 5.311462 0.000000
vt 6.767462 0.288000
vt 5.311462 0.288000
vt 0.056000 0.393143
vt -0.496000 0.736000
vt -0.688000 -0.176000
vt 0.056000 0.393143
vt -0.224000 0.176000
vt -0.496000 0.736000
vt 0.056000 0.393143
vt 0.080000 1.168000
vt -0.224000 0.176000
vt 0.056000 0.393143
vt 0.360000 0.192000
vt 0.080000 1.168000
vt 0.056000 0.393143
vt 0.592000 0.832000
vt 0.360000 0.192000
vt 0.056000 0.393143
vt 0.768000 -0.176000
vt 0.592000 0.832000
vt 0.056000 0.393143
vt -0.688000 -0.176000
vt 0.768000 -0.176000
vt 0.056000 0.393143
vt -0.688000 -0.176000
vt -0.496000 0.736000
vt 0.056000 0.393143
vt -0.496000 0.736000
vt -0.224000 0.176000
vt 0.056000 0.393143
vt -0.224000 0.176000
vt 0.080000 1.168000
vt 0.056000 0.393143
vt 0.080000 1.168000
vt 0.360000 0.192000
vt 0.056000 0.393143
vt 0.360000 0.192000
vt 0.592000 0.832000
vt 0.056000 0.393143
vt 0.592000 0.832000
vt 0.768000 -0.176000
vt 0.056000 0.393143
vt 0.768000 -0.176000
vt -0.688000 -0.176000
vt 0.000000 0.000000
vt 0.466476 0.000000
vt 0.466476 0.240000
vt 0.000000 0.000000
vt 0.466476 0.240000
vt 0.000000 0.240000
vt 0.466476 0.000000
vt 1.029212 0.000000
vt 1.029212 0.240000
vt 0.466476 0.000000
vt 1.029212 0.240000
vt 0.466476 0.240000
vt 1.029212 0.000000
vt 1.644745 0.000000
vt 1.644745 0.240000
vt 1.029212 0.000000
vt 1.644745 0.240000
vt 1.029212 0.240000
vt 1.644745 0.000000
vt 2.004300 0.000000
vt 2.004300 0.240000
vt 1.644745 0.000000
vt 2.004300 0.240000
vt 1.644745 0.240000
vt 2.004300 0.000000
vt 2.479206 0.000000
vt 2.479206 0.240000
vt 2.004300 0.000000
vt 2.479206 0.240000
vt 2.004300 0.240000
vt 2.479206 0.000000
vt 3.074656 0.000000
vt 3.074656 0.240000
vt 2.479206 0.000000
vt 3.074656 0.240000
vt 2.479206 0.240000
vt 3.074656 0.000000
vt 3.490040 0.000000
vt 3.490040 0.240000
vt 3.074656 0.000000
vt 3.490040 0.240000
vt 3.074656 0.240000
vt 0.025143 -0.356571
vt 0.256000 0.256000
vt -0.208000 0.304000
vt 0.025143 -0.356571
vt 0.400000 -0.288000
vt 0.256000 0.256000
vt 0.025143 -0.356571
vt 0.304000 -0.896000
vt 0.400000 -0.288000
vt 0.025143 -0.356571
vt 0.000000 -1.088000
vt 0.304000 -0.896000
vt 0.025143 -0.356571
vt -0.256000 -0.688000
vt 0.000000 -1.088000
vt 0.025143 -0.356571
vt -0.320000 -0.096000
vt -0.256000 -0.688000
vt 0.025143 -0.356571
vt -0.208000 0.304000
vt -0.320000 -0.096000
vt 0.025143 -0.356571
vt -0.208000 0.304000
vt 0.256000 0.256000
vt 0.025143 -0.356571
vt 0.256000 0.256000
vt 0.400000 -0.288000
vt 0.025143 -0.356571
vt 0.400000 -0.288000
vt 0.304000 -0.896000
vt 0.025143 -0.356571
vt 0.304000 -0.896000
vt 0.000000 -1.088000
vt 0.025143 -0.356571
vt 0.000000 -1.088000
vt -0.256000 -0.688000
vt 0.025143 -0.356571
vt -0.256000 -0.688000
vt -0.320000 -0.096000
vt 0.025143 -0.356571
vt -0.320000 -0.096000
vt -0.208000 0.304000
vt 0.000000 0.000000
vt 0.137693 0.000000
vt 0.321942 0.000000
vt 0.563188 0.000000
vt 0.850332 0.000000
vt 1.162486 0.000000
vt 1.474640 0.000000
vt 1.761783 0.000000
vt 2.003030 0.000000
vt 2.187279 0.000000
vt 2.324972 0.000000
vt 2.462665 0.000000
vt 2.646914 0.000000
vt 2.888160 0.000000
vt 3.175304 0.000000
vt 3.487458 0.000000
vt 3.799611 0.000000
vt 4.086755 0.000000
vt 4.328001 0.000000
vt 4.512251 0.000000
vt 4.649943 0.000000
vt 0.000000 0.216322
vt 0.137693 0.216322
vt 0.321942 0.216322
vt 0.563188 0.216322
vt 0.850332 0.216322
vt 1.162486 0.216322
vt 1.474640 0.216322
vt 1.761783 0.216322
vt 2.003030 0.216322
vt 2.187279 0.216322
vt 2.324972 0.216322
vt 2.462665 0.216322
vt 2.646914 0.216322
vt 2.888160 0.216322
vt 3.175304 0.216322
vt 3.487458 0.216322
vt 3.799611 0.216322
vt 4.086755 0.216322
vt 4.328001 0.216322
vt 4.512251 0.216322
vt 4.649943 0.216322
vt 0.000000 0.432501
vt 0.137693 0.432501
vt 0.321942 0.432501
vt 0.563188 0.432501
vt 0.850332 0.432501
vt 1.162486 0.432501
vt 1.474640 0.432501
vt 1.761783 0.432501
vt 2.003030 0.432501
vt 2.187279 0.432501
vt 2.324972 0.432501
vt 2.462665 0.432501
vt 2.646914 0.432501
vt 2.888160 0.432501
vt 3.175304 0.432501
vt 3.487458 0.432501
vt 3.799611 0.432501
vt 4.086755 0.432501
vt 4.328001 0.432501
vt 4.512251 0.432501
vt 4.649943 0.432501
vt 0.000000 0.652363
vt 0.137693 0.652363
vt 0.321942 0.652363
vt 0.563188 0.652363
vt 0.850332 0.652363
vt 1.162486 0.652363
vt 1.474640 0.652363
vt 1.761783 0.652363
vt 2.003030 0.652363
vt 2.187279 0.652363
vt 2.324972 0.652363
vt 2.462665 0.652363
vt 2.646914 0.652363
vt 2.888160 0.652363
vt 3.175304 0.652363
vt 3.487458 0.652363
vt 3.799611 0.652363
vt 4.086755 0.652363
vt 4.328001 0.652363
vt 4.512251 0.652363
vt 4.649943 0.652363
vt 0.000000 0.869051
vt 0.137693 0.869051
vt 0.321942 0.869051
vt 0.563188 0.869051
vt 0.850332 0.869051
vt 1.162486 0.869051
vt 1.474640 0.869051
vt 1.761783 0.869051
vt 2.003030 0.869051
vt 2.187279 0.869051
vt 2.324972 0.869051
vt 2.462665 0.869051
vt 2.646914 0.869051
vt 2.888160 0.869051
vt 3.175304 0.869051
vt 3.487458 0.869051
vt 3.799611 0.869051
vt 4.086755 0.869051
vt 4.328001 0.869051
vt 4.512251 0.869051
vt 4.649943 0.869051
vt 0.000000 1.086588
vt 0.137693 1.086588
vt 0.321942 1.086588
vt 0.563188 1.086588
vt 0.850332 1.086588
vt 1.162486 1.086588
vt 1.474640 1.086588
vt 1.761783 1.086588
vt 2.003030 1.086588
vt 2.187279 1.086588
vt 2.324972 1.086588
vt 2.462665 1.086588
vt 2.646914 1.086588
vt 2.888160 1.086588
vt 3.175304 1.086588
vt 3.487458 1.086588
vt 3.799611 1.086588
vt 4.086755 1.086588
vt 4.328001 1.086588
vt 4.512251 1.086588
vt 4.649943 1.086588
vt 0.000000 1.311479
vt 0.137693 1.311479
vt 0.321942 1.311479
vt 0.563188 1.311479
vt 0.850332 1.311479
vt 1.162486 1.311479
vt 1.474640 1.311479
vt 1.761783 1.311479
vt 2.003030 1.311479
vt 2.187279 1.311479
vt 2.324972 1.311479
vt 2.462665 1.311479
vt 2.646914 1.311479
vt 2.888160 1.311479
vt 3.175304 1.311479
vt 3.487458 1.311479
vt 3.799611 1.311479
vt 4.086755 1.311479
vt 4.328001 1.311479
vt 4.512251 1.311479
vt 4.649943 1.311479
vt -0.200000 -0.000000
vt 1.080000 -0.200000
vt 0.000000 0.000000
vt 0.137693 0.000000
vt 0.321942 0.000000
vt 0.563188 0.000000
vt 0.850332 0.000000
vt 1.162486 0.000000
vt 1.474640 0.000000
vt 1.761783 0.000000
vt 2.003030 0.000000
vt 2.187279 0.000000
vt 2.324972 0.000000
vt 2.462665 0.000000
vt 2.646914 0.000000
vt 2.888160 0.000000
vt 3.175304 0.000000
vt 3.487458 0.000000
vt 3.799611 0.000000
vt 4.086755 0.000000
vt 4.328001 0.000000
vt 4.512251 0.000000
vt 4.649943 0.000000
vt 0.000000 0.216322
vt 0.137693 0.216322
vt 0.321942 0.216322
vt 0.563188 0.216322
vt 0.850332 0.216322
vt 1.162486 0.216322
vt 1.474640 0.216322
vt 1.761783 0.216322
vt 2.003030 0.216322
vt 2.187279 0.216322
vt 2.324972 0.216322
vt 2.462665 0.216322
vt 2.646914 0.216322
vt 2.888160 0.216322
vt 3.175304 0.216322
vt 3.487458 0.216322
vt 3.799611 0.216322
vt 4.086755 0.216322
vt 4.328001 0.216322
vt 4.512251 0.216322
vt 4.649943 0.216322
vt 0.000000 0.432501
vt 0.137693 0.432501
vt 0.321942 0.432501
vt 0.563188 0.432501
vt 0.850332 0.432501
vt 1.162486 0.432501
vt 1.474640 0.432501
vt 1.761783 0.432501
vt 2.003030 0.432501
vt 2.187279 0.432501
vt 2.324972 0.432501
vt 2.462665 0.432501
vt 2.646914 0.432501
vt 2.888160 0.432501
vt 3.175304 0.432501
vt 3.487458 0.432501
vt 3.799611 0.432501
vt 4.086755 0.432501
vt 4.328001 0.432501
vt 4.512251 0.432501
vt 4.649943 0.432501
vt 0.000000 0.652363
vt 0.137693 0.652363
vt 0.321942 0.652363
vt 0.563188 0.652363
vt 0.850332 0.652363
vt 1.162486 0.652363
vt 1.474640 0.652363
vt 1.761783 0.652363
vt 2.003030 0.652363
vt 2.187279 0.652363
vt 2.324972 0.652363
vt 2.462665 0.652363
vt 2.646914 0.652363
vt 2.888160 0.652363
vt 3.175304 0.652363
vt 3.487458 0.652363
vt 3.799611 0.652363
vt 4.086755 0.652363
vt 4.328001 0.652363
vt 4.512251 0.652363
vt 4.649943 0.652363
vt 0.000000 0.869051
vt 0.137693 0.869051
vt 0.321942 0.869051
vt 0.563188 0.869051
vt 0.850332 0.869051
vt 1.162486 0.869051
vt 1.474640 0.869051
vt 1.761783 0.869051
vt 2.003030 0.869051
vt 2.187279 0.869051
vt 2.324972 0.869051
vt 2.462665 0.869051
vt 2.646914 0.869051
vt 2.888160 0.869051
vt 3.175304 0.869051
vt 3.487458 0.869051
vt 3.799611 0.869051
vt 4.086755 0.869051
vt 4.328001 0.869051
vt 4.512251 0.869051
vt 4.649943 0.869051
vt 0.000000 1.086588
vt 0.137693 1.086588
vt 0.321942 1.086588
vt 0.563188 1.086588
vt 0.850332 1.086588
vt 1.162486 1.086588
vt 1.474640 1.086588
vt 1.761783 1.086588
vt 2.003030 1.086588
vt 2.187279 1.086588
vt 2.324972 1.086588
vt 2.462665 1.086588
vt 2.646914 1.086588
vt 2.888160 1.086588
vt 3.175304 1.086588
vt 3.487458 1.086588
vt 3.799611 1.086588
vt 4.086755 1.086588
vt 4.328001 1.086588
vt 4.512251 1.086588
vt 4.649943 1.086588
vt 0.000000 1.311479
vt 0.137693 1.311479
vt 0.321942 1.311479
vt 0.563188 1.311479
vt 0.850332 1.311479
vt 1.162486 1.311479
vt 1.474640 1.311479
vt 1.761783 1.311479
vt 2.003030 1.311479
vt 2.187279 1.311479
vt 2.324972 1.311479
vt 2.462665 1.311479
vt 2.646914 1.311479
vt 2.888160 1.311479
vt 3.175304 1.311479
vt 3.487458 1.311479
vt 3.799611 1.311479
vt 4.086755 1.311479
vt 4.328001 1.311479
vt 4.512251 1.311479
vt 4.649943 1.311479
vt -0.200000 -0.000000
vt 1.080000 -0.200000
vt 0.000000 0.000000
vt 0.126695 0.000000
vt 0.296684 0.000000
vt 0.519571 0.000000
vt 0.785017 0.000000
vt 1.073644 0.000000
vt 1.362272 0.000000
vt 1.627718 0.000000
vt 1.850605 0.000000
vt 2.020593 0.000000
vt 2.147289 0.000000
vt 2.266224 0.000000
vt 2.431588 0.000000
vt 2.652273 0.000000
vt 2.916959 0.000000
vt 3.205504 0.000000
vt 3.494049 0.000000
vt 3.758735 0.000000
vt 3.979420 0.000000
vt 4.144783 0.000000
vt 4.263719 0.000000
vt 0.000000 0.224891
vt 0.126695 0.224891
vt 0.296684 0.224891
vt 0.519571 0.224891
vt 0.785017 0.224891
vt 1.073644 0.224891
vt 1.362272 0.224891
vt 1.627718 0.224891
vt 1.850605 0.224891
vt 2.020593 0.224891
vt 2.147289 0.224891
vt 2.266224 0.224891
vt 2.431588 0.224891
vt 2.652273 0.224891
vt 2.916959 0.224891
vt 3.205504 0.224891
vt 3.494049 0.224891
vt 3.758735 0.224891
vt 3.979420 0.224891
vt 4.144783 0.224891
vt 4.263719 0.224891
vt 0.000000 0.443068
vt 0.126695 0.443068
vt 0.296684 0.443068
vt 0.519571 0.443068
vt 0.785017 0.443068
vt 1.073644 0.443068
vt 1.362272 0.443068
vt 1.627718 0.443068
vt 1.850605 0.443068
vt 2.020593 0.443068
vt 2.147289 0.443068
vt 2.266224 0.443068
vt 2.431588 0.443068
vt 2.652273 0.443068
vt 2.916959 0.443068
vt 3.205504 0.443068
vt 3.494049 0.443068
vt 3.758735 0.443068
vt 3.979420 0.443068
vt 4.144783 0.443068
vt 4.263719 0.443068
vt 0.000000 0.668863
vt 0.126695 0.668863
vt 0.296684 0.668863
vt 0.519571 0.668863
vt 0.785017 0.668863
vt 1.073644 0.668863
vt 1.362272 0.668863
vt 1.627718 0.668863
vt 1.850605 0.668863
vt 2.020593 0.668863
vt 2.147289 0.668863
vt 2.266224 0.668863
vt 2.431588 0.668863
vt 2.652273 0.668863
vt 2.916959 0.668863
vt 3.205504 0.668863
vt 3.494049 0.668863
vt 3.758735 0.668863
vt 3.979420 0.668863
vt 4.144783 0.668863
vt 4.263719 0.668863
vt 0.000000 0.896600
vt 0.126695 0.896600
vt 0.296684 0.896600
vt 0.519571 0.896600
vt 0.785017 0.896600
vt 1.073644 0.896600
vt 1.362272 0.896600
vt 1.627718 0.896600
vt 1.850605 0.896600
vt 2.020593 0.896600
vt 2.147289 0.896600
vt 2.266224 0.896600
vt 2.431588 0.896600
vt 2.652273 0.896600
vt 2.916959 0.896600
vt 3.205504 0.896600
vt 3.494049 0.896600
vt 3.758735 0.896600
vt 3.979420 0.896600
vt 4.144783 0.896600
vt 4.263719 0.896600
vt 0.000000 1.120766
vt 0.126695 1.120766
vt 0.296684 1.120766
vt 0.519571 1.120766
vt 0.785017 1.120766
vt 1.073644 1.120766
vt 1.362272 1.120766
vt 1.627718 1.120766
vt 1.850605 1.120766
vt 2.020593 1.120766
vt 2.147289 1.120766
vt 2.266224 1.120766
vt 2.431588 1.120766
vt 2.652273 1.120766
vt 2.916959 1.120766
vt 3.205504 1.120766
vt 3.494049 1.120766
vt 3.758735 1.120766
vt 3.979420 1.120766
vt 4.144783 1.120766
vt 4.263719 1.120766
vt 0.000000 1.355751
vt 0.126695 1.355751
vt 0.296684 1.355751
vt 0.519571 1.355751
vt 0.785017 1.355751
vt 1.073644 1.355751
vt 1.362272 1.355751
vt 1.627718 1.355751
vt 1.850605 1.355751
vt 2.020593 1.355751
vt 2.147289 1.355751
vt 2.266224 1.355751
vt 2.431588 1.355751
vt 2.652273 1.355751
vt 2.916959 1.355751
vt 3.205504 1.355751
vt 3.494049 1.355751
vt 3.758735 1.355751
vt 3.979420 1.355751
vt 4.144783 1.355751
vt 4.263719 1.355751
vt 0.000000 1.588081
vt 0.126695 1.588081
vt 0.296684 1.588081
vt 0.519571 1.588081
vt 0.785017 1.588081
vt 1.073644 1.588081
vt 1.362272 1.588081
vt 1.627718 1.588081
vt 1.850605 1.588081
vt 2.020593 1.588081
vt 2.147289 1.588081
vt 2.266224 1.588081
vt 2.431588 1.588081
vt 2.652273 1.588081
vt 2.916959 1.588081
vt 3.205504 1.588081
vt 3.494049 1.588081
vt 3.758735 1.588081
vt 3.979420 1.588081
vt 4.144783 1.588081
vt 4.263719 1.588081
vt 0.866667 -0.166667
vt 0.000000 0.000000
vt 0.126695 0.000000
vt 0.296684 0.000000
vt 0.519571 0.000000
vt 0.785017 0.000000
vt 1.073644 0.000000
vt 1.362272 0.000000
vt 1.627718 0.000000
vt 1.850605 0.000000
vt 2.020593 0.000000
vt 2.147289 0.000000
vt 2.266224 0.000000
vt 2.431588 0.000000
vt 2.652273 0.000000
vt 2.916959 0.000000
vt 3.205504 0.000000
vt 3.494049 0.000000
vt 3.758735 0.000000
vt 3.979420 0.000000
vt 4.144783 0.000000
vt 4.263719 0.000000
vt 0.000000 0.224891
vt 0.126695 0.224891
vt 0.296684 0.224891
vt 0.519571 0.224891
vt 0.785017 0.224891
vt 1.073644 0.224891
vt 1.362272 0.224891
vt 1.627718 0.224891
vt 1.850605 0.224891
vt 2.020593 0.224891
vt 2.147289 0.224891
vt 2.266224 0.224891
vt 2.431588 0.224891
vt 2.652273 0.224891
vt 2.916959 0.224891
vt 3.205504 0.224891
vt 3.494049 0.224891
vt 3.758735 0.224891
vt 3.979420 0.224891
vt 4.144783 0.224891
vt 4.263719 0.224891
vt 0.000000 0.443068
vt 0.126695 0.443068
vt 0.296684 0.443068
vt 0.519571 0.443068
vt 0.785017 0.443068
vt 1.073644 0.443068
vt 1.362272 0.443068
vt 1.627718 0.443068
vt 1.850605 0.443068
vt 2.020593 0.443068
vt 2.147289 0.443068
vt 2.266224 0.443068
vt 2.431588 0.443068
vt 2.652273 0.443068
vt 2.916959 0.443068
vt 3.205504 0.443068
vt 3.494049 0.443068
vt 3.758735 0.443068
vt 3.979420 0.443068
vt 4.144783 0.443068
vt 4.263719 0.443068
vt 0.000000 0.668863
vt 0.126695 0.668863
vt 0.296684 0.668863
vt 0.519571 0.668863
vt 0.785017 0.668863
vt 1.073644 0.668863
vt 1.362272 0.668863
vt 1.627718 0.668863
vt 1.850605 0.668863
vt 2.020593 0.668863
vt 2.147289 0.668863
vt 2.266224 0.668863
vt 2.431588 0.668863
vt 2.652273 0.668863
vt 2.916959 0.668863
vt 3.205504 0.668863
vt 3.494049 0.668863
vt 3.758735 0.668863
vt 3.979420 0.668863
vt 4.144783 0.668863
vt 4.263719 0.668863
vt 0.000000 0.896600
vt 0.126695 0.896600
vt 0.296684 0.896600
vt 0.519571 0.896600
vt 0.785017 0.896600
vt 1.073644 0.896600
vt 1.362272 0.896600
vt 1.627718 0.896600
vt 1.850605 0.896600
vt 2.020593 0.896600
vt 2.147289 0.896600
vt 2.266224 0.896600
vt 2.431588 0.896600
vt 2.652273 0.896600
vt 2.916959 0.896600
vt 3.205504 0.896600
vt 3.494049 0.896600
vt 3.758735 0.896600
vt 3.979420 0.896600
vt 4.144783 0.896600
vt 4.263719 0.896600
vt 0.000000 1.120766
vt 0.126695 1.120766
vt 0.296684 1.120766
vt 0.519571 1.120766
vt 0.785017 1.120766
vt 1.073644 1.120766
vt 1.362272 1.120766
vt 1.627718 1.120766
vt 1.850605 1.120766
vt 2.020593 1.120766
vt 2.147289 1.120766
vt 2.266224 1.120766
vt 2.431588 1.120766
vt 2.652273 1.120766
vt 2.916959 1.120766
vt 3.205504 1.120766
vt 3.494049 1.120766
vt 3.758735 1.120766
vt 3.979420 1.120766
vt 4.144783 1.120766
vt 4.263719 1.120766
vt 0.000000 1.355751
vt 0.126695 1.355751
vt 0.296684 1.355751
vt 0.519571 1.355751
vt 0.785017 1.355751
vt 1.073644 1.355751
vt 1.362272 1.355751
vt 1.627718 1.355751
vt 1.850605 1.355751
vt 2.020593 1.355751
vt 2.147289 1.355751
vt 2.266224 1.355751
vt 2.431588 1.355751
vt 2.652273 1.355751
vt 2.916959 1.355751
vt 3.205504 1.355751
vt 3.494049 1.355751
vt 3.758735 1.355751
vt 3.979420 1.355751
vt 4.144783 1.355751
vt 4.263719 1.355751
vt 0.000000 1.588081
vt 0.126695 1.588081
vt 0.296684 1.588081
vt 0.519571 1.588081
vt 0.785017 1.588081
vt 1.073644 1.588081
vt 1.362272 1.588081
vt 1.627718 1.588081
vt 1.850605 1.588081
vt 2.020593 1.588081
vt 2.147289 1.588081
vt 2.266224 1.588081
vt 2.431588 1.588081
vt 2.652273 1.588081
vt 2.916959 1.588081
vt 3.205504 1.588081
vt 3.494049 1.588081
vt 3.758735 1.588081
vt 3.979420 1.588081
vt 4.144783 1.588081
vt 4.263719 1.588081
vt 0.866667 -0.166667
vt 0.000000 0.000000
vt 0.214978 0.000000
vt 0.429956 0.000000
vt 0.644935 0.000000
vt 0.859913 0.000000
vt 1.074891 0.000000
vt 1.289869 0.000000
vt 1.504848 0.000000
vt 1.719826 0.000000
vt 1.934804 0.000000
vt 2.149782 0.000000
vt 2.364761 0.000000
vt 2.579739 0.000000
vt 2.794717 0.000000
vt 3.009695 0.000000
vt 3.224674 0.000000
vt 3.439652 0.000000
vt 3.654630 0.000000
vt 3.869608 0.000000
vt 0.000000 0.104614
vt 0.214978 0.104614
vt 0.429956 0.104614
vt 0.644935 0.104614
vt 0.859913 0.104614
vt 1.074891 0.104614
vt 1.289869 0.104614
vt 1.504848 0.104614
vt 1.719826 0.104614
vt 1.934804 0.104614
vt 2.149782 0.104614
vt 2.364761 0.104614
vt 2.579739 0.104614
vt 2.794717 0.104614
vt 3.009695 0.104614
vt 3.224674 0.104614
vt 3.439652 0.104614
vt 3.654630 0.104614
vt 3.869608 0.104614
vt 0.000000 0.198812
vt 0.214978 0.198812
vt 0.429956 0.198812
vt 0.644935 0.198812
vt 0.859913 0.198812
vt 1.074891 0.198812
vt 1.289869 0.198812
vt 1.504848 0.198812
vt 1.719826 0.198812
vt 1.934804 0.198812
vt 2.149782 0.198812
vt 2.364761 0.198812
vt 2.579739 0.198812
vt 2.794717 0.198812
vt 3.009695 0.198812
vt 3.224674 0.198812
vt 3.439652 0.198812
vt 3.654630 0.198812
vt 3.869608 0.198812
vt 0.000000 0.312367
vt 0.214978 0.312367
vt 0.429956 0.312367
vt 0.644935 0.312367
vt 0.859913 0.312367
vt 1.074891 0.312367
vt 1.289869 0.312367
vt 1.504848 0.312367
vt 1.719826 0.312367
vt 1.934804 0.312367
vt 2.149782 0.312367
vt 2.364761 0.312367
vt 2.579739 0.312367
vt 2.794717 0.312367
vt 3.009695 0.312367
vt 3.224674 0.312367
vt 3.439652 0.312367
vt 3.654630 0.312367
vt 3.869608 0.312367
vt 0.000000 0.396962
vt 0.214978 0.396962
vt 0.429956 0.396962
vt 0.644935 0.396962
vt 0.859913 0.396962
vt 1.074891 0.396962
vt 1.289869 0.396962
vt 1.504848 0.396962
vt 1.719826 0.396962
vt 1.934804 0.396962
vt 2.149782 0.396962
vt 2.364761 0.396962
vt 2.579739 0.396962
vt 2.794717 0.396962
vt 3.009695 0.396962
vt 3.224674 0.396962
vt 3.439652 0.396962
vt 3.654630 0.396962
vt 3.869608 0.396962
vt 0.000000 0.516453
vt 0.214978 0.516453
vt 0.429956 0.516453
vt 0.644935 0.516453
vt 0.859913 0.516453
vt 1.074891 0.516453
vt 1.289869 0.516453
vt 1.504848 0.516453
vt 1.719826 0.516453
vt 1.934804 0.516453
vt 2.149782 0.516453
vt 2.364761 0.516453
vt 2.579739 0.516453
vt 2.794717 0.516453
vt 3.009695 0.516453
vt 3.224674 0.516453
vt 3.439652 0.516453
vt 3.654630 0.516453
vt 3.869608 0.516453
vt 0.000000 0.595109
vt 0.214978 0.595109
vt 0.429956 0.595109
vt 0.644935 0.595109
vt 0.859913 0.595109
vt 1.074891 0.595109
vt 1.289869 0.595109
vt 1.504848 0.595109
vt 1.719826 0.595109
vt 1.934804 0.595109
vt 2.149782 0.595109
vt 2.364761 0.595109
vt 2.579739 0.595109
vt 2.794717 0.595109
vt 3.009695 0.595109
vt 3.224674 0.595109
vt 3.439652 0.595109
vt 3.654630 0.595109
vt 3.869608 0.595109
vt 0.000000 0.716672
vt 0.214978 0.716672
vt 0.429956 0.716672
vt 0.644935 0.716672
vt 0.859913 0.716672
vt 1.074891 0.716672
vt 1.289869 0.716672
vt 1.504848 0.716672
vt 1.719826 0.716672
vt 1.934804 0.716672
vt 2.149782 0.716672
vt 2.364761 0.716672
vt 2.579739 0.716672
vt 2.794717 0.716672
vt 3.009695 0.716672
vt 3.224674 0.716672
vt 3.439652 0.716672
vt 3.654630 0.716672
vt 3.869608 0.716672
vt 0.000000 0.795327
vt 0.214978 0.795327
vt 0.429956 0.795327
vt 0.644935 0.795327
vt 0.859913 0.795327
vt 1.074891 0.795327
vt 1.289869 0.795327
vt 1.504848 0.795327
vt 1.719826 0.795327
vt 1.934804 0.795327
vt 2.149782 0.795327
vt 2.364761 0.795327
vt 2.579739 0.795327
vt 2.794717 0.795327
vt 3.009695 0.795327
vt 3.224674 0.795327
vt 3.439652 0.795327
vt 3.654630 0.795327
vt 3.869608 0.795327
vt 0.000000 0.914819
vt 0.214978 0.914819
vt 0.429956 0.914819
vt 0.644935 0.914819
vt 0.859913 0.914819
vt 1.074891 0.914819
vt 1.289869 0.914819
vt 1.504848 0.914819
vt 1.719826 0.914819
vt 1.934804 0.914819
vt 2.149782 0.914819
vt 2.364761 0.914819
vt 2.579739 0.914819
vt 2.794717 0.914819
vt 3.009695 0.914819
vt 3.224674 0.914819
vt 3.439652 0.914819
vt 3.654630 0.914819
vt 3.869608 0.914819
vt 0.000000 0.999413
vt 0.214978 0.999413
vt 0.429956 0.999413
vt 0.644935 0.999413
vt 0.859913 0.999413
vt 1.074891 0.999413
vt 1.289869 0.999413
vt 1.504848 0.999413
vt 1.719826 0.999413
vt 1.934804 0.999413
vt 2.149782 0.999413
vt 2.364761 0.999413
vt 2.579739 0.999413
vt 2.794717 0.999413
vt 3.009695 0.999413
vt 3.224674 0.999413
vt 3.439652 0.999413
vt 3.654630 0.999413
vt 3.869608 0.999413
vt 0.000000 1.112969
vt 0.214978 1.112969
vt 0.429956 1.112969
vt 0.644935 1.112969
vt 0.859913 1.112969
vt 1.074891 1.112969
vt 1.289869 1.112969
vt 1.504848 1.112969
vt 1.719826 1.112969
vt 1.934804 1.112969
vt 2.149782 1.112969
vt 2.364761 1.112969
vt 2.579739 1.112969
vt 2.794717 1.112969
vt 3.009695 1.112969
vt 3.224674 1.112969
vt 3.439652 1.112969
vt 3.654630 1.112969
vt 3.869608 1.112969
vt 0.000000 1.207166
vt 0.214978 1.207166
vt 0.429956 1.207166
vt 0.644935 1.207166
vt 0.859913 1.207166
vt 1.074891 1.207166
vt 1.289869 1.207166
vt 1.504848 1.207166
vt 1.719826 1.207166
vt 1.934804 1.207166
vt 2.149782 1.207166
vt 2.364761 1.207166
vt 2.579739 1.207166
vt 2.794717 1.207166
vt 3.009695 1.207166
vt 3.224674 1.207166
vt 3.439652 1.207166
vt 3.654630 1.207166
vt 3.869608 1.207166
vt 0.000000 1.311781
vt 0.214978 1.311781
vt 0.429956 1.311781
vt 0.644935 1.311781
vt 0.859913 1.311781
vt 1.074891 1.311781
vt 1.289869 1.311781
vt 1.504848 1.311781
vt 1.719826 1.311781
vt 1.934804 1.311781
vt 2.149782 1.311781
vt 2.364761 1.311781
vt 2.579739 1.311781
vt 2.794717 1.311781
vt 3.009695 1.311781
vt 3.224674 1.311781
vt 3.439652 1.311781
vt 3.654630 1.311781
vt 3.869608 1.311781
vt 0.000000 1.416395
vt 0.214978 1.416395
vt 0.429956 1.416395
vt 0.644935 1.416395
vt 0.859913 1.416395
vt 1.074891 1.416395
vt 1.289869 1.416395
vt 1.504848 1.416395
vt 1.719826 1.416395
vt 1.934804 1.416395
vt 2.149782 1.416395
vt 2.364761 1.416395
vt 2.579739 1.416395
vt 2.794717 1.416395
vt 3.009695 1.416395
vt 3.224674 1.416395
vt 3.439652 1.416395
vt 3.654630 1.416395
vt 3.869608 1.416395
vt 0.000000 1.510592
vt 0.214978 1.510592
vt 0.429956 1.510592
vt 0.644935 1.510592
vt 0.859913 1.510592
vt 1.074891 1.510592
vt 1.289869 1.510592
vt 1.504848 1.510592
vt 1.719826 1.510592
vt 1.934804 1.510592
vt 2.149782 1.510592
vt 2.364761 1.510592
vt 2.579739 1.510592
vt 2.794717 1.510592
vt 3.009695 1.510592
vt 3.224674 1.510592
vt 3.439652 1.510592
vt 3.654630 1.510592
vt 3.869608 1.510592
vt 0.000000 1.624148
vt 0.214978 1.624148
vt 0.429956 1.624148
vt 0.644935 1.624148
vt 0.859913 1.624148
vt 1.074891 1.624148
vt 1.289869 1.624148
vt 1.504848 1.624148
vt 1.719826 1.624148
vt 1.934804 1.624148
vt 2.149782 1.624148
vt 2.364761 1.624148
vt 2.579739 1.624148
vt 2.794717 1.624148
vt 3.009695 1.624148
vt 3.224674 1.624148
vt 3.439652 1.624148
vt 3.654630 1.624148
vt 3.869608 1.624148
vt 0.000000 1.708742
vt 0.214978 1.708742
vt 0.429956 1.708742
vt 0.644935 1.708742
vt 0.859913 1.708742
vt 1.074891 1.708742
vt 1.289869 1.708742
vt 1.504848 1.708742
vt 1.719826 1.708742
vt 1.934804 1.708742
vt 2.149782 1.708742
vt 2.364761 1.708742
vt 2.579739 1.708742
vt 2.794717 1.708742
vt 3.009695 1.708742
vt 3.224674 1.708742
vt 3.439652 1.708742
vt 3.654630 1.708742
vt 3.869608 1.708742
vt 0.000000 1.828234
vt 0.214978 1.828234
vt 0.429956 1.828234
vt 0.644935 1.828234
vt 0.859913 1.828234
vt 1.074891 1.828234
vt 1.289869 1.828234
vt 1.504848 1.828234
vt 1.719826 1.828234
vt 1.934804 1.828234
vt 2.149782 1.828234
vt 2.364761 1.828234
vt 2.579739 1.828234
vt 2.794717 1.828234
vt 3.009695 1.828234
vt 3.224674 1.828234
vt 3.439652 1.828234
vt 3.654630 1.828234
vt 3.869608 1.828234
vt 0.000000 1.906890
vt 0.214978 1.906890
vt 0.429956 1.906890
vt 0.644935 1.906890
vt 0.859913 1.906890
vt 1.074891 1.906890
vt 1.289869 1.906890
vt 1.504848 1.906890
vt 1.719826 1.906890
vt 1.934804 1.906890
vt 2.149782 1.906890
vt 2.364761 1.906890
vt 2.579739 1.906890
vt 2.794717 1.906890
vt 3.009695 1.906890
vt 3.224674 1.906890
vt 3.439652 1.906890
vt 3.654630 1.906890
vt 3.869608 1.906890
vt 0.000000 2.028501
vt 0.214978 2.028501
vt 0.429956 2.028501
vt 0.644935 2.028501
vt 0.859913 2.028501
vt 1.074891 2.028501
vt 1.289869 2.028501
vt 1.504848 2.028501
vt 1.719826 2.028501
vt 1.934804 2.028501
vt 2.149782 2.028501
vt 2.364761 2.028501
vt 2.579739 2.028501
vt 2.794717 2.028501
vt 3.009695 2.028501
vt 3.224674 2.028501
vt 3.439652 2.028501
vt 3.654630 2.028501
vt 3.869608 2.028501
vt 0.000000 2.107261
vt 0.214978 2.107261
vt 0.429956 2.107261
vt 0.644935 2.107261
vt 0.859913 2.107261
vt 1.074891 2.107261
vt 1.289869 2.107261
vt 1.504848 2.107261
vt 1.719826 2.107261
vt 1.934804 2.107261
vt 2.149782 2.107261
vt 2.364761 2.107261
vt 2.579739 2.107261
vt 2.794717 2.107261
vt 3.009695 2.107261
vt 3.224674 2.107261
vt 3.439652 2.107261
vt 3.654630 2.107261
vt 3.869608 2.107261
vt 0.000000 2.223935
vt 0.214978 2.223935
vt 0.429956 2.223935
vt 0.644935 2.223935
vt 0.859913 2.223935
vt 1.074891 2.223935
vt 1.289869 2.223935
vt 1.504848 2.223935
vt 1.719826 2.223935
vt 1.934804 2.223935
vt 2.149782 2.223935
vt 2.364761 2.223935
vt 2.579739 2.223935
vt 2.794717 2.223935
vt 3.009695 2.223935
vt 3.224674 2.223935
vt 3.439652 2.223935
vt 3.654630 2.223935
vt 3.869608 2.223935
vt 0.000000 2.304202
vt 0.214978 2.304202
vt 0.429956 2.304202
vt 0.644935 2.304202
vt 0.859913 2.304202
vt 1.074891 2.304202
vt 1.289869 2.304202
vt 1.504848 2.304202
vt 1.719826 2.304202
vt 1.934804 2.304202
vt 2.149782 2.304202
vt 2.364761 2.304202
vt 2.579739 2.304202
vt 2.794717 2.304202
vt 3.009695 2.304202
vt 3.224674 2.304202
vt 3.439652 2.304202
vt 3.654630 2.304202
vt 3.869608 2.304202
vt 0.000000 2.449911
vt 0.214978 2.449911
vt 0.429956 2.449911
vt 0.644935 2.449911
vt 0.859913 2.449911
vt 1.074891 2.449911
vt 1.289869 2.449911
vt 1.504848 2.449911
vt 1.719826 2.449911
vt 1.934804 2.449911
vt 2.149782 2.449911
vt 2.364761 2.449911
vt 2.579739 2.449911
vt 2.794717 2.449911
vt 3.009695 2.449911
vt 3.224674 2.449911
vt 3.439652 2.449911
vt 3.654630 2.449911
vt 3.869608 2.449911
vt 0.000000 2.576996
vt 0.214978 2.576996
vt 0.429956 2.576996
vt 0.644935 2.576996
vt 0.859913 2.576996
vt 1.074891 2.576996
vt 1.289869 2.576996
vt 1.504848 2.576996
vt 1.719826 2.576996
vt 1.934804 2.576996
vt 2.149782 2.576996
vt 2.364761 2.576996
vt 2.579739 2.576996
vt 2.794717 2.576996
vt 3.009695 2.576996
vt 3.224674 2.576996
vt 3.439652 2.576996
vt 3.654630 2.576996
vt 3.869608 2.576996
vt 0.000000 2.692486
vt 0.214978 2.692486
vt 0.429956 2.692486
vt 0.644935 2.692486
vt 0.859913 2.692486
vt 1.074891 2.692486
vt 1.289869 2.692486
vt 1.504848 2.692486
vt 1.719826 2.692486
vt 1.934804 2.692486
vt 2.149782 2.692486
vt 2.364761 2.692486
vt 2.579739 2.692486
vt 2.794717 2.692486
vt 3.009695 2.692486
vt 3.224674 2.692486
vt 3.439652 2.692486
vt 3.654630 2.692486
vt 3.869608 2.692486
vt 0.000000 0.000000
vt 0.440000 0.000000
vt 0.413465 0.150489
vt 0.337060 0.282827
vt 0.220000 0.381051
vt 0.076405 0.433315
vt -0.076405 0.433315
vt -0.220000 0.381051
vt -0.337060 0.282827
vt -0.413465 0.150489
vt -0.440000 0.000000
vt -0.413465 -0.150489
vt -0.337060 -0.282827
vt -0.220000 -0.381051
vt -0.076405 -0.433315
vt 0.076405 -0.433315
vt 0.220000 -0.381051
vt 0.337060 -0.282827
vt 0.413465 -0.150489
vt 0.440000 -0.000000
vt 0.000000 0.000000
vt 0.530557 0.000000
vt 0.498561 0.181461
vt 0.406430 0.341036
vt 0.265279 0.459476
vt 0.092130 0.522497
vt -0.092130 0.522497
vt -0.265279 0.459476
vt -0.406430 0.341036
vt -0.498561 0.181461
vt -0.530557 0.000000
vt -0.498561 -0.181461
vt -0.406430 -0.341036
vt -0.265279 -0.459476
vt -0.092130 -0.522497
vt 0.092130 -0.522497
vt 0.265279 -0.459476
vt 0.406430 -0.341036
vt 0.498561 -0.181461
vt 0.530557 -0.000000
vt 0.000000 0.000000
vt 0.214978 0.000000
vt 0.429956 0.000000
vt 0.644935 0.000000
vt 0.859913 0.000000
vt 1.074891 0.000000
vt 1.289869 0.000000
vt 1.504848 0.000000
vt 1.719826 0.000000
vt 1.934804 0.000000
vt 2.149782 0.000000
vt 2.364761 0.000000
vt 2.579739 0.000000
vt 2.794717 0.000000
vt 3.009695 0.000000
vt 3.224674 0.000000
vt 3.439652 0.000000
vt 3.654630 0.000000
vt 3.869608 0.000000
vt 0.000000 0.104614
vt 0.214978 0.104614
vt 0.429956 0.104614
vt 0.644935 0.104614
vt 0.859913 0.104614
vt 1.074891 0.104614
vt 1.289869 0.104614
vt 1.504848 0.104614
vt 1.719826 0.104614
vt 1.934804 0.104614
vt 2.149782 0.104614
vt 2.364761 0.104614
vt 2.579739 0.104614
vt 2.794717 0.104614
vt 3.009695 0.104614
vt 3.224674 0.104614
vt 3.439652 0.104614
vt 3.654630 0.104614
vt 3.869608 0.104614
vt 0.000000 0.198812
vt 0.214978 0.198812
vt 0.429956 0.198812
vt 0.644935 0.198812
vt 0.859913 0.198812
vt 1.074891 0.198812
vt 1.289869 0.198812
vt 1.504848 0.198812
vt 1.719826 0.198812
vt 1.934804 0.198812
vt 2.149782 0.198812
vt 2.364761 0.198812
vt 2.579739 0.198812
vt 2.794717 0.198812
vt 3.009695 0.198812
vt 3.224674 0.198812
vt 3.439652 0.198812
vt 3.654630 0.198812
vt 3.869608 0.198812
vt 0.000000 0.312367
vt 0.214978 0.312367
vt 0.429956 0.312367
vt 0.644935 0.312367
vt 0.859913 0.312367
vt 1.074891 0.312367
vt 1.289869 0.312367
vt 1.504848 0.312367
vt 1.719826 0.312367
vt 1.934804 0.312367
vt 2.149782 0.312367
vt 2.364761 0.312367
vt 2.579739 0.312367
vt 2.794717 0.312367
vt 3.009695 0.312367
vt 3.224674 0.312367
vt 3.439652 0.312367
vt 3.654630 0.312367
vt 3.869608 0.312367
vt 0.000000 0.396962
vt 0.214978 0.396962
vt 0.429956 0.396962
vt 0.644935 0.396962
vt 0.859913 0.396962
vt 1.074891 0.396962
vt 1.289869 0.396962
vt 1.504848 0.396962
vt 1.719826 0.396962
vt 1.934804 0.396962
vt 2.149782 0.396962
vt 2.364761 0.396962
vt 2.579739 0.396962
vt 2.794717 0.396962
vt 3.009695 0.396962
vt 3.224674 0.396962
vt 3.439652 0.396962
vt 3.654630 0.396962
vt 3.869608 0.396962
vt 0.000000 0.516453
vt 0.214978 0.516453
vt 0.429956 0.516453
vt 0.644935 0.516453
vt 0.859913 0.516453
vt 1.074891 0.516453
vt 1.289869 0.516453
vt 1.504848 0.516453
vt 1.719826 0.516453
vt 1.934804 0.516453
vt 2.149782 0.516453
vt 2.364761 0.516453
vt 2.579739 0.516453
vt 2.794717 0.516453
vt 3.009695 0.516453
vt 3.224674 0.516453
vt 3.439652 0.516453
vt 3.654630 0.516453
vt 3.869608 0.516453
vt 0.000000 0.595109
vt 0.214978 0.595109
vt 0.429956 0.595109
vt 0.644935 0.595109
vt 0.859913 0.595109
vt 1.074891 0.595109
vt 1.289869 0.595109
vt 1.504848 0.595109
vt 1.719826 0.595109
vt 1.934804 0.595109
vt 2.149782 0.595109
vt 2.364761 0.595109
vt 2.579739 0.595109
vt 2.794717 0.595109
vt 3.009695 0.595109
vt 3.224674 0.595109
vt 3.439652 0.595109
vt 3.654630 0.595109
vt 3.869608 0.595109
vt 0.000000 0.716672
vt 0.214978 0.716672
vt 0.429956 0.716672
vt 0.644935 0.716672
vt 0.859913 0.716672
vt 1.074891 0.716672
vt 1.289869 0.716672
vt 1.504848 0.716672
vt 1.719826 0.716672
vt 1.934804 0.716672
vt 2.149782 0.716672
vt 2.364761 0.716672
vt 2.579739 0.716672
vt 2.794717 0.716672
vt 3.009695 0.716672
vt 3.224674 0.716672
vt 3.439652 0.716672
vt 3.654630 0.716672
vt 3.869608 0.716672
vt 0.000000 0.795327
vt 0.214978 0.795327
vt 0.429956 0.795327
vt 0.644935 0.795327
vt 0.859913 0.795327
vt 1.074891 0.795327
vt 1.289869 0.795327
vt 1.504848 0.795327
vt 1.719826 0.795327
vt 1.934804 0.795327
vt 2.149782 0.795327
vt 2.364761 0.795327
vt 2.579739 0.795327
vt 2.794717 0.795327
vt 3.009695 0.795327
vt 3.224674 0.795327
vt 3.439652 0.795327
vt 3.654630 0.795327
vt 3.869608 0.795327
vt 0.000000 0.914819
vt 0.214978 0.914819
vt 0.429956 0.914819
vt 0.644935 0.914819
vt 0.859913 0.914819
vt 1.074891 0.914819
vt 1.289869 0.914819
vt 1.504848 0.914819
vt 1.719826 0.914819
vt 1.934804 0.914819
vt 2.149782 0.914819
vt 2.364761 0.914819
vt 2.579739 0.914819
vt 2.794717 0.914819
vt 3.009695 0.914819
vt 3.224674 0.914819
vt 3.439652 0.914819
vt 3.654630 0.914819
vt 3.869608 0.914819
vt 0.000000 0.999413
vt 0.214978 0.999413
vt 0.429956 0.999413
vt 0.644935 0.999413
vt 0.859913 0.999413
vt 1.074891 0.999413
vt 1.289869 0.999413
vt 1.504848 0.999413
vt 1.719826 0.999413
vt 1.934804 0.999413
vt 2.149782 0.999413
vt 2.364761 0.999413
vt 2.579739 0.999413
vt 2.794717 0.999413
vt 3.009695 0.999413
vt 3.224674 0.999413
vt 3.439652 0.999413
vt 3.654630 0.999413
vt 3.869608 0.999413
vt 0.000000 1.112969
vt 0.214978 1.112969
vt 0.429956 1.112969
vt 0.644935 1.112969
vt 0.859913 1.112969
vt 1.074891 1.112969
vt 1.289869 1.112969
vt 1.504848 1.112969
vt 1.719826 1.112969
vt 1.934804 1.112969
vt 2.149782 1.112969
vt 2.364761 1.112969
vt 2.579739 1.112969
vt 2.794717 1.112969
vt 3.009695 1.112969
vt 3.224674 1.112969
vt 3.439652 1.112969
vt 3.654630 1.112969
vt 3.869608 1.112969
vt 0.000000 1.207166
vt 0.214978 1.207166
vt 0.429956 1.207166
vt 0.644935 1.207166
vt 0.859913 1.207166
vt 1.074891 1.207166
vt 1.289869 1.207166
vt 1.504848 1.207166
vt 1.719826 1.207166
vt 1.934804 1.207166
vt 2.149782 1.207166
vt 2.364761 1.207166
vt 2.579739 1.207166
vt 2.794717 1.207166
vt 3.009695 1.207166
vt 3.224674 1.207166
vt 3.439652 1.207166
vt 3.654630 1.207166
vt 3.869608 1.207166
vt 0.000000 1.311781
vt 0.214978 1.311781
vt 0.429956 1.311781
vt 0.644935 1.311781
vt 0.859913 1.311781
vt 1.074891 1.311781
vt 1.289869 1.311781
vt 1.504848 1.311781
vt 1.719826 1.311781
vt 1.934804 1.311781
vt 2.149782 1.311781
vt 2.364761 1.311781
vt 2.579739 1.311781
vt 2.794717 1.311781
vt 3.009695 1.311781
vt 3.224674 1.311781
vt 3.439652 1.311781
vt 3.654630 1.311781
vt 3.869608 1.311781
vt 0.000000 1.416395
vt 0.214978 1.416395
vt 0.429956 1.416395
vt 0.644935 1.416395
vt 0.859913 1.416395
vt 1.074891 1.416395
vt 1.289869 1.416395
vt 1.504848 1.416395
vt 1.719826 1.416395
vt 1.934804 1.416395
vt 2.149782 1.416395
vt 2.364761 1.416395
vt 2.579739 1.416395
vt 2.794717 1.416395
vt 3.009695 1.416395
vt 3.224674 1.416395
vt 3.439652 1.416395
vt 3.654630 1.416395
vt 3.869608 1.416395
vt 0.000000 1.510592
vt 0.214978 1.510592
vt 0.429956 1.510592
vt 0.644935 1.510592
vt 0.859913 1.510592
vt 1.074891 1.510592
vt 1.289869 1.510592
vt 1.504848 1.510592
vt 1.719826 1.510592
vt 1.934804 1.510592
vt 2.149782 1.510592
vt 2.364761 1.510592
vt 2.579739 1.510592
vt 2.794717 1.510592
vt 3.009695 1.510592
vt 3.224674 1.510592
vt 3.439652 1.510592
vt 3.654630 1.510592
vt 3.869608 1.510592
vt 0.000000 1.624148
vt 0.214978 1.624148
vt 0.429956 1.624148
vt 0.644935 1.624148
vt 0.859913 1.624148
vt 1.074891 1.624148
vt 1.289869 1.624148
vt 1.504848 1.624148
vt 1.719826 1.624148
vt 1.934804 1.624148
vt 2.149782 1.624148
vt 2.364761 1.624148
vt 2.579739 1.624148
vt 2.794717 1.624148
vt 3.009695 1.624148
vt 3.224674 1.624148
vt 3.439652 1.624148
vt 3.654630 1.624148
vt 3.869608 1.624148
vt 0.000000 1.708742
vt 0.214978 1.708742
vt 0.429956 1.708742
vt 0.644935 1.708742
vt 0.859913 1.708742
vt 1.074891 1.708742
vt 1.289869 1.708742
vt 1.504848 1.708742
vt 1.719826 1.708742
vt 1.934804 1.708742
vt 2.149782 1.708742
vt 2.364761 1.708742
vt 2.579739 1.708742
vt 2.794717 1.708742
vt 3.009695 1.708742
vt 3.224674 1.708742
vt 3.439652 1.708742
vt 3.654630 1.708742
vt 3.869608 1.708742
vt 0.000000 1.828234
vt 0.214978 1.828234
vt 0.429956 1.828234
vt 0.644935 1.828234
vt 0.859913 1.828234
vt 1.074891 1.828234
vt 1.289869 1.828234
vt 1.504848 1.828234
vt 1.719826 1.828234
vt 1.934804 1.828234
vt 2.149782 1.828234
vt 2.364761 1.828234
vt 2.579739 1.828234
vt 2.794717 1.828234
vt 3.009695 1.828234
vt 3.224674 1.828234
vt 3.439652 1.828234
vt 3.654630 1.828234
vt 3.869608 1.828234
vt 0.000000 1.906890
vt 0.214978 1.906890
vt 0.429956 1.906890
vt 0.644935 1.906890
vt 0.859913 1.906890
vt 1.074891 1.906890
vt 1.289869 1.906890
vt 1.504848 1.906890
vt 1.719826 1.906890
vt 1.934804 1.906890
vt 2.149782 1.906890
vt 2.364761 1.906890
vt 2.579739 1.906890
vt 2.794717 1.906890
vt 3.009695 1.906890
vt 3.224674 1.906890
vt 3.439652 1.906890
vt 3.654630 1.906890
vt 3.869608 1.906890
vt 0.000000 2.028501
vt 0.214978 2.028501
vt 0.429956 2.028501
vt 0.644935 2.028501
vt 0.859913 2.028501
vt 1.074891 2.028501
vt 1.289869 2.028501
vt 1.504848 2.028501
vt 1.719826 2.028501
vt 1.934804 2.028501
vt 2.149782 2.028501
vt 2.364761 2.028501
vt 2.579739 2.028501
vt 2.794717 2.028501
vt 3.009695 2.028501
vt 3.224674 2.028501
vt 3.439652 2.028501
vt 3.654630 2.028501
vt 3.869608 2.028501
vt 0.000000 2.107261
vt 0.214978 2.107261
vt 0.429956 2.107261
vt 0.644935 2.107261
vt 0.859913 2.107261
vt 1.074891 2.107261
vt 1.289869 2.107261
vt 1.504848 2.107261
vt 1.719826 2.107261
vt 1.934804 2.107261
vt 2.149782 2.107261
vt 2.364761 2.107261
vt 2.579739 2.107261
vt 2.794717 2.107261
vt 3.009695 2.107261
vt 3.224674 2.107261
vt 3.439652 2.107261
vt 3.654630 2.107261
vt 3.869608 2.107261
vt 0.000000 2.223935
vt 0.214978 2.223935
vt 0.429956 2.223935
vt 0.644935 2.223935
vt 0.859913 2.223935
vt 1.074891 2.223935
vt 1.289869 2.223935
vt 1.504848 2.223935
vt 1.719826 2.223935
vt 1.934804 2.223935
vt 2.149782 2.223935
vt 2.364761 2.223935
vt 2.579739 2.223935
vt 2.794717 2.223935
vt 3.009695 2.223935
vt 3.224674 2.223935
vt 3.439652 2.223935
vt 3.654630 2.223935
vt 3.869608 2.223935
vt 0.000000 2.304202
vt 0.214978 2.304202
vt 0.429956 2.304202
vt 0.644935 2.304202
vt 0.859913 2.304202
vt 1.074891 2.304202
vt 1.289869 2.304202
vt 1.504848 2.304202
vt 1.719826 2.304202
vt 1.934804 2.304202
vt 2.149782 2.304202
vt 2.364761 2.304202
vt 2.579739 2.304202
vt 2.794717 2.304202
vt 3.009695 2.304202
vt 3.224674 2.304202
vt 3.439652 2.304202
vt 3.654630 2.304202
vt 3.869608 2.304202
vt 0.000000 2.449911
vt 0.214978 2.449911
vt 0.429956 2.449911
vt 0.644935 2.449911
vt 0.859913 2.449911
vt 1.074891 2.449911
vt 1.289869 2.449911
vt 1.504848 2.449911
vt 1.719826 2.449911
vt 1.934804 2.449911
vt 2.149782 2.449911
vt 2.364761 2.449911
vt 2.579739 2.449911
vt 2.794717 2.449911
vt 3.009695 2.449911
vt 3.224674 2.449911
vt 3.439652 2.449911
vt 3.654630 2.449911
vt 3.869608 2.449911
vt 0.000000 2.576996
vt 0.214978 2.576996
vt 0.429956 2.576996
vt 0.644935 2.576996
vt 0.859913 2.576996
vt 1.074891 2.576996
vt 1.289869 2.576996
vt 1.504848 2.576996
vt 1.719826 2.576996
vt 1.934804 2.576996
vt 2.149782 2.576996
vt 2.364761 2.576996
vt 2.579739 2.576996
vt 2.794717 2.576996
vt 3.009695 2.576996
vt 3.224674 2.576996
vt 3.439652 2.576996
vt 3.654630 2.576996
vt 3.869608 2.576996
vt 0.000000 2.692486
vt 0.214978 2.692486
vt 0.429956 2.692486
vt 0.644935 2.692486
vt 0.859913 2.692486
vt 1.074891 2.692486
vt 1.289869 2.692486
vt 1.504848 2.692486
vt 1.719826 2.692486
vt 1.934804 2.692486
vt 2.149782 2.692486
vt 2.364761 2.692486
vt 2.579739 2.692486
vt 2.794717 2.692486
vt 3.009695 2.692486
vt 3.224674 2.692486
vt 3.439652 2.692486
vt 3.654630 2.692486
vt 3.869608 2.692486
vt 0.000000 0.000000
vt 0.440000 0.000000
vt 0.413465 0.150489
vt 0.337060 0.282827
vt 0.220000 0.381051
vt 0.076405 0.433315
vt -0.076405 0.433315
vt -0.220000 0.381051
vt -0.337060 0.282827
vt -0.413465 0.150489
vt -0.440000 0.000000
vt -0.413465 -0.150489
vt -0.337060 -0.282827
vt -0.220000 -0.381051
vt -0.076405 -0.433315
vt 0.076405 -0.433315
vt 0.220000 -0.381051
vt 0.337060 -0.282827
vt 0.413465 -0.150489
vt 0.440000 -0.000000
vt 0.000000 0.000000
vt 0.530557 0.000000
vt 0.498561 0.181461
vt 0.406430 0.341036
vt 0.265279 0.459476
vt 0.092130 0.522497
vt -0.092130 0.522497
vt -0.265279 0.459476
vt -0.406430 0.341036
vt -0.498561 0.181461
vt -0.530557 0.000000
vt -0.498561 -0.181461
vt -0.406430 -0.341036
vt -0.265279 -0.459476
vt -0.092130 -0.522497
vt 0.092130 -0.522497
vt 0.265279 -0.459476
vt 0.406430 -0.341036
vt 0.498561 -0.181461
vt 0.530557 -0.000000
vt 0.000000 0.000000
vt 0.354637 0.000000
vt 0.828509 0.000000
vt 1.329239 0.000000
vt 1.779813 0.000000
vt 2.161389 0.000000
vt 2.491127 0.000000
vt 2.736696 0.000000
vt 2.982265 0.000000
vt 3.312003 0.000000
vt 3.693579 0.000000
vt 4.144154 0.000000
vt 4.644884 0.000000
vt 5.118755 0.000000
vt 5.473392 0.000000
vt 0.000000 0.345062
vt 0.354637 0.345062
vt 0.828509 0.345062
vt 1.329239 0.345062
vt 1.779813 0.345062
vt 2.161389 0.345062
vt 2.491127 0.345062
vt 2.736696 0.345062
vt 2.982265 0.345062
vt 3.312003 0.345062
vt 3.693579 0.345062
vt 4.144154 0.345062
vt 4.644884 0.345062
vt 5.118755 0.345062
vt 5.473392 0.345062
vt 0.000000 0.698668
vt 0.354637 0.698668
vt 0.828509 0.698668
vt 1.329239 0.698668
vt 1.779813 0.698668
vt 2.161389 0.698668
vt 2.491127 0.698668
vt 2.736696 0.698668
vt 2.982265 0.698668
vt 3.312003 0.698668
vt 3.693579 0.698668
vt 4.144154 0.698668
vt 4.644884 0.698668
vt 5.118755 0.698668
vt 5.473392 0.698668
vt 0.000000 1.024594
vt 0.354637 1.024594
vt 0.828509 1.024594
vt 1.329239 1.024594
vt 1.779813 1.024594
vt 2.161389 1.024594
vt 2.491127 1.024594
vt 2.736696 1.024594
vt 2.982265 1.024594
vt 3.312003 1.024594
vt 3.693579 1.024594
vt 4.144154 1.024594
vt 4.644884 1.024594
vt 5.118755 1.024594
vt 5.473392 1.024594
vt 0.000000 1.273593
vt 0.354637 1.273593
vt 0.828509 1.273593
vt 1.329239 1.273593
vt 1.779813 1.273593
vt 2.161389 1.273593
vt 2.491127 1.273593
vt 2.736696 1.273593
vt 2.982265 1.273593
vt 3.312003 1.273593
vt 3.693579 1.273593
vt 4.144154 1.273593
vt 4.644884 1.273593
vt 5.118755 1.273593
vt 5.473392 1.273593
vt 0.000000 0.482583
vt 0.000000 0.157120
vt 0.000000 0.000000
vt 0.354637 0.000000
vt 0.828509 0.000000
vt 1.329239 0.000000
vt 1.779813 0.000000
vt 2.161389 0.000000
vt 2.491127 0.000000
vt 2.736696 0.000000
vt 2.982265 0.000000
vt 3.312003 0.000000
vt 3.693579 0.000000
vt 4.144154 0.000000
vt 4.644884 0.000000
vt 5.118755 0.000000
vt 5.473392 0.000000
vt 0.000000 0.345062
vt 0.354637 0.345062
vt 0.828509 0.345062
vt 1.329239 0.345062
vt 1.779813 0.345062
vt 2.161389 0.345062
vt 2.491127 0.345062
vt 2.736696 0.345062
vt 2.982265 0.345062
vt 3.312003 0.345062
vt 3.693579 0.345062
vt 4.144154 0.345062
vt 4.644884 0.345062
vt 5.118755 0.345062
vt 5.473392 0.345062
vt 0.000000 0.698668
vt 0.354637 0.698668
vt 0.828509 0.698668
vt 1.329239 0.698668
vt 1.779813 0.698668
vt 2.161389 0.698668
vt 2.491127 0.698668
vt 2.736696 0.698668
vt 2.982265 0.698668
vt 3.312003 0.698668
vt 3.693579 0.698668
vt 4.144154 0.698668
vt 4.644884 0.698668
vt 5.118755 0.698668
vt 5.473392 0.698668
vt 0.000000 1.024594
vt 0.354637 1.024594
vt 0.828509 1.024594
vt 1.329239 1.024594
vt 1.779813 1.024594
vt 2.161389 1.024594
vt 2.491127 1.024594
vt 2.736696 1.024594
vt 2.982265 1.024594
vt 3.312003 1.024594
vt 3.693579 1.024594
vt 4.144154 1.024594
vt 4.644884 1.024594
vt 5.118755 1.024594
vt 5.473392 1.024594
vt 0.000000 1.273593
vt 0.354637 1.273593
vt 0.828509 1.273593
vt 1.329239 1.273593
vt 1.779813 1.273593
vt 2.161389 1.273593
vt 2.491127 1.273593
vt 2.736696 1.273593
vt 2.982265 1.273593
vt 3.312003 1.273593
vt 3.693579 1.273593
vt 4.144154 1.273593
vt 4.644884 1.273593
vt 5.118755 1.273593
vt 5.473392 1.273593
vt 0.000000 0.482583
vt 0.000000 0.157120
vt 0.000000 0.000000
vt 0.371903 0.000000
vt 0.724239 0.000000
vt 1.046883 0.000000
vt 1.346762 0.000000
vt 1.646642 0.000000
vt 1.969285 0.000000
vt 2.321621 0.000000
vt 2.693524 0.000000
vt 3.065428 0.000000
vt 3.417764 0.000000
vt 3.740407 0.000000
vt 4.040287 0.000000
vt 4.340166 0.000000
vt 4.662810 0.000000
vt 5.015146 0.000000
vt 5.387049 0.000000
vt 0.000000 0.199625
vt 0.371903 0.199625
vt 0.724239 0.199625
vt 1.046883 0.199625
vt 1.346762 0.199625
vt 1.646642 0.199625
vt 1.969285 0.199625
vt 2.321621 0.199625
vt 2.693524 0.199625
vt 3.065428 0.199625
vt 3.417764 0.199625
vt 3.740407 0.199625
vt 4.040287 0.199625
vt 4.340166 0.199625
vt 4.662810 0.199625
vt 5.015146 0.199625
vt 5.387049 0.199625
vt 0.000000 0.399249
vt 0.371903 0.399249
vt 0.724239 0.399249
vt 1.046883 0.399249
vt 1.346762 0.399249
vt 1.646642 0.399249
vt 1.969285 0.399249
vt 2.321621 0.399249
vt 2.693524 0.399249
vt 3.065428 0.399249
vt 3.417764 0.399249
vt 3.740407 0.399249
vt 4.040287 0.399249
vt 4.340166 0.399249
vt 4.662810 0.399249
vt 5.015146 0.399249
vt 5.387049 0.399249
vt 0.000000 0.598874
vt 0.371903 0.598874
vt 0.724239 0.598874
vt 1.046883 0.598874
vt 1.346762 0.598874
vt 1.646642 0.598874
vt 1.969285 0.598874
vt 2.321621 0.598874
vt 2.693524 0.598874
vt 3.065428 0.598874
vt 3.417764 0.598874
vt 3.740407 0.598874
vt 4.040287 0.598874
vt 4.340166 0.598874
vt 4.662810 0.598874
vt 5.015146 0.598874
vt 5.387049 0.598874
vt 0.000000 0.798499
vt 0.371903 0.798499
vt 0.724239 0.798499
vt 1.046883 0.798499
vt 1.346762 0.798499
vt 1.646642 0.798499
vt 1.969285 0.798499
vt 2.321621 0.798499
vt 2.693524 0.798499
vt 3.065428 0.798499
vt 3.417764 0.798499
vt 3.740407 0.798499
vt 4.040287 0.798499
vt 4.340166 0.798499
vt 4.662810 0.798499
vt 5.015146 0.798499
vt 5.387049 0.798499
vt 0.000000 0.998123
vt 0.371903 0.998123
vt 0.724239 0.998123
vt 1.046883 0.998123
vt 1.346762 0.998123
vt 1.646642 0.998123
vt 1.969285 0.998123
vt 2.321621 0.998123
vt 2.693524 0.998123
vt 3.065428 0.998123
vt 3.417764 0.998123
vt 3.740407 0.998123
vt 4.040287 0.998123
vt 4.340166 0.998123
vt 4.662810 0.998123
vt 5.015146 0.998123
vt 5.387049 0.998123
vt 0.000000 1.197748
vt 0.371903 1.197748
vt 0.724239 1.197748
vt 1.046883 1.197748
vt 1.346762 1.197748
vt 1.646642 1.197748
vt 1.969285 1.197748
vt 2.321621 1.197748
vt 2.693524 1.197748
vt 3.065428 1.197748
vt 3.417764 1.197748
vt 3.740407 1.197748
vt 4.040287 1.197748
vt 4.340166 1.197748
vt 4.662810 1.197748
vt 5.015146 1.197748
vt 5.387049 1.197748
vt 0.000000 1.397373
vt 0.371903 1.397373
vt 0.724239 1.397373
vt 1.046883 1.397373
vt 1.346762 1.397373
vt 1.646642 1.397373
vt 1.969285 1.397373
vt 2.321621 1.397373
vt 2.693524 1.397373
vt 3.065428 1.397373
vt 3.417764 1.397373
vt 3.740407 1.397373
vt 4.040287 1.397373
vt 4.340166 1.397373
vt 4.662810 1.397373
vt 5.015146 1.397373
vt 5.387049 1.397373
vt 0.000000 1.596997
vt 0.371903 1.596997
vt 0.724239 1.596997
vt 1.046883 1.596997
vt 1.346762 1.596997
vt 1.646642 1.596997
vt 1.969285 1.596997
vt 2.321621 1.596997
vt 2.693524 1.596997
vt 3.065428 1.596997
vt 3.417764 1.596997
vt 3.740407 1.596997
vt 4.040287 1.596997
vt 4.340166 1.596997
vt 4.662810 1.596997
vt 5.015146 1.596997
vt 5.387049 1.596997
vt -0.000000 0.000000
g plush_grey
usemtl plush_grey
f 1/1/1 31/31/31 30/30/30
f 2/2/2 32/32/32 31/31/31
f 3/3/3 33/33/33 32/32/32
f 4/4/4 34/34/34 33/33/33
f 5/5/5 35/35/35 34/34/34
f 6/6/6 36/36/36 35/35/35
f 7/7/7 37/37/37 36/36/36
f 8/8/8 38/38/38 37/37/37
f 9/9/9 39/39/39 38/38/38
f 10/10/10 40/40/40 39/39/39
f 11/11/11 41/41/41 40/40/40
f 12/12/12 42/42/42 41/41/41
f 13/13/13 43/43/43 42/42/42
f 14/14/14 44/44/44 43/43/43
f 15/15/15 45/45/45 44/44/44
f 16/16/16 46/46/46 45/45/45
f 17/17/17 47/47/47 46/46/46
f 18/18/18 48/48/48 47/47/47
f 19/19/19 49/49/49 48/48/48
f 20/20/20 50/50/50 49/49/49
f 21/21/21 51/51/51 50/50/50
f 22/22/22 52/52/52 51/51/51
f 23/23/23 53/53/53 52/52/52
f 24/24/24 54/54/54 53/53/53
f 25/25/25 55/55/55 54/54/54
f 26/26/26 56/56/56 55/55/55
f 27/27/27 57/57/57 56/56/56
f 28/28/28 58/58/58 57/57/57
f 30/30/30 60/60/60 31/31/31
f 30/30/30 59/59/59 60/60/60
f 31/31/31 61/61/61 32/32/32
f 31/31/31 60/60/60 61/61/61
f 32/32/32 62/62/62 33/33/33
f 32/32/32 61/61/61 62/62/62
f 33/33/33 63/63/63 34/34/34
f 33/33/33 62/62/62 63/63/63
f 34/34/34 64/64/64 35/35/35
f 34/34/34 63/63/63 64/64/64
f 35/35/35 65/65/65 36/36/36
f 35/35/35 64/64/64 65/65/65
f 36/36/36 66/66/66 37/37/37
f 36/36/36 65/65/65 66/66/66
f 37/37/37 67/67/67 38/38/38
f 37/37/37 66/66/66 67/67/67
f 38/38/38 68/68/68 39/39/39
f 38/38/38 67/67/67 68/68/68
f 39/39/39 69/69/69 40/40/40
f 39/39/39 68/68/68 69/69/69
f 40/40/40 70/70/70 41/41/41
f 40/40/40 69/69/69 70/70/70
f 41/41/41 71/71/71 42/42/42
f 41/41/41 70/70/70 71/71/71
f 42/42/42 72/72/72 43/43/43
f 42/42/42 71/71/71 72/72/72
f 43/43/43 73/73/73 44/44/44
f 43/43/43 72/72/72 73/73/73
f 44/44/44 74/74/74 45/45/45
f 44/44/44 73/73/73 74/74/74
f 45/45/45 75/75/75 46/46/46
f 45/45/45 74/74/74 75/75/75
f 46/46/46 76/76/76 47/47/47
f 46/46/46 75/75/75 76/76/76
f 47/47/47 77/77/77 48/48/48
f 47/47/47 76/76/76 77/77/77
f 48/48/48 78/78/78 49/49/49
f 48/48/48 77/77/77 78/78/78
f 49/49/49 79/79/79 50/50/50
f 49/49/49 78/78/78 79/79/79
f 50/50/50 80/80/80 51/51/51
f 50/50/50 79/79/79 80/80/80
f 51/51/51 81/81/81 52/52/52
f 51/51/51 80/80/80 81/81/81
f 52/52/52 82/82/82 53/53/53
f 52/52/52 81/81/81 82/82/82
f 53/53/53 83/83/83 54/54/54
f 53/53/53 82/82/82 83/83/83
f 54/54/54 84/84/84 55/55/55
f 54/54/54 83/83/83 84/84/84
f 55/55/55 85/85/85 56/56/56
f 55/55/55 84/84/84 85/85/85
f 56/56/56 86/86/86 57/57/57
f 56/56/56 85/85/85 86/86/86
f 57/57/57 87/87/87 58/58/58
f 57/57/57 86/86/86 87/87/87
f 59/59/59 89/89/89 60/60/60
f 59/59/59 88/88/88 89/89/89
f 60/60/60 90/90/90 61/61/61
f 60/60/60 89/89/89 90/90/90
f 61/61/61 91/91/91 62/62/62
f 61/61/61 90/90/90 91/91/91
f 62/62/62 92/92/92 63/63/63
f 62/62/62 91/91/91 92/92/92
f 63/63/63 93/93/93 64/64/64
f 63/63/63 92/92/92 93/93/93
f 64/64/64 94/94/94 65/65/65
f 64/64/64 93/93/93 94/94/94
f 65/65/65 95/95/95 66/66/66
f 65/65/65 94/94/94 95/95/95
f 66/66/66 96/96/96 67/67/67
f 66/66/66 95/95/95 96/96/96
f 67/67/67 97/97/97 68/68/68
f 67/67/67 96/96/96 97/97/97
f 68/68/68 98/98/98 69/69/69
f 68/68/68 97/97/97 98/98/98
f 69/69/69 99/99/99 70/70/70
f 69/69/69 98/98/98 99/99/99
f 70/70/70 100/100/100 71/71/71
f 70/70/70 99/99/99 100/100/100
f 71/71/71 101/101/101 72/72/72
f 71/71/71 100/100/100 101/101/101
f 72/72/72 102/102/102 73/73/73
f 72/72/72 101/101/101 102/102/102
f 73/73/73 103/103/103 74/74/74
f 73/73/73 102/102/102 103/103/103
f 74/74/74 104/104/104 75/75/75
f 74/74/74 103/103/103 104/104/104
f 75/75/75 105/105/105 76/76/76
f 75/75/75 104/104/104 105/105/105
f 76/76/76 106/106/106 77/77/77
f 76/76/76 105/105/105 106/106/106
f 77/77/77 107/107/107 78/78/78
f 77/77/77 106/106/106 107/107/107
f 78/78/78 108/108/108 79/79/79
f 78/78/78 107/107/107 108/108/108
f 79/79/79 109/109/109 80/80/80
f 79/79/79 108/108/108 109/109/109
f 80/80/80 110/110/110 81/81/81
f 80/80/80 109/109/109 110/110/110
f 81/81/81 111/111/111 82/82/82
f 81/81/81 110/110/110 111/111/111
f 82/82/82 112/112/112 83/83/83
f 82/82/82 111/111/111 112/112/112
f 83/83/83 113/113/113 84/84/84
f 83/83/83 112/112/112 113/113/113
f 84/84/84 114/114/114 85/85/85
f 84/84/84 113/113/113 114/114/114
f 85/85/85 115/115/115 86/86/86
f 85/85/85 114/114/114 115/115/115
f 86/86/86 116/116/116 87/87/87
f 86/86/86 115/115/115 116/116/116
f 88/88/88 118/118/118 89/89/89
f 88/88/88 117/117/117 118/118/118
f 89/89/89 119/119/119 90/90/90
f 89/89/89 118/118/118 119/119/119
f 90/90/90 120/120/120 91/91/91
f 90/90/90 119/119/119 120/120/120
f 91/91/91 121/121/121 92/92/92
f 91/91/91 120/120/120 121/121/121
f 92/92/92 122/122/122 93/93/93
f 92/92/92 121/121/121 122/122/122
f 93/93/93 123/123/123 94/94/94
f 93/93/93 122/122/122 123/123/123
f 94/94/94 124/124/124 95/95/95
f 94/94/94 123/123/123 124/124/124
f 95/95/95 125/125/125 96/96/96
f 95/95/95 124/124/124 125/125/125
f 96/96/96 126/126/126 97/97/97
f 96/96/96 125/125/125 126/126/126
f 97/97/97 127/127/127 98/98/98
f 97/97/97 126/126/126 127/127/127
f 98/98/98 128/128/128 99/99/99
f 98/98/98 127/127/127 128/128/128
f 99/99/99 129/129/129 100/100/100
f 99/99/99 128/128/128 129/129/129
f 100/100/100 130/130/130 101/101/101
f 100/100/100 129/129/129 130/130/130
f 101/101/101 131/131/131 102/102/102
f 101/101/101 130/130/130 131/131/131
f 102/102/102 132/132/132 103/103/103
f 102/102/102 131/131/131 132/132/132
f 103/103/103 133/133/133 104/104/104
f 103/103/103 132/132/132 133/133/133
f 104/104/104 134/134/134 105/105/105
f 104/104/104 133/133/133 134/134/134
f 105/105/105 135/135/135 106/106/106
f 105/105/105 134/134/134 135/135/135
f 106/106/106 136/136/136 107/107/107
f 106/106/106 135/135/135 136/136/136
f 107/107/107 137/137/137 108/108/108
f 107/107/107 136/136/136 137/137/137
f 108/108/108 138/138/138 109/109/109
f 108/108/108 137/137/137 138/138/138
f 109/109/109 139/139/139 110/110/110
f 109/109/109 138/138/138 139/139/139
f 110/110/110 140/140/140 111/111/111
f 110/110/110 139/139/139 140/140/140
f 111/111/111 141/141/141 112/112/112
f 111/111/111 140/140/140 141/141/141
f 112/112/112 142/142/142 113/113/113
f 112/112/112 141/141/141 142/142/142
f 113/113/113 143/143/143 114/114/114
f 113/113/113 142/142/142 143/143/143
f 114/114/114 144/144/144 115/115/115
f 114/114/114 143/143/143 144/144/144
f 115/115/115 145/145/145 116/116/116
f 115/115/115 144/144/144 145/145/145
f 117/117/117 147/147/147 118/118/118
f 117/117/117 146/146/146 147/147/147
f 118/118/118 148/148/148 119/119/119
f 118/118/118 147/147/147 148/148/148
f 119/119/119 149/149/149 120/120/120
f 119/119/119 148/148/148 149/149/149
f 120/120/120 150/150/150 121/121/121
f 120/120/120 149/149/149 150/150/150
f 121/121/121 151/151/151 122/122/122
f 121/121/121 150/150/150 151/151/151
f 122/122/122 152/152/152 123/123/123
f 122/122/122 151/151/151 152/152/152
f 123/123/123 153/153/153 124/124/124
f 123/123/123 152/152/152 153/153/153
f 124/124/124 154/154/154 125/125/125
f 124/124/124 153/153/153 154/154/154
f 125/125/125 155/155/155 126/126/126
f 125/125/125 154/154/154 155/155/155
f 126/126/126 156/156/156 127/127/127
f 126/126/126 155/155/155 156/156/156
f 127/127/127 157/157/157 128/128/128
f 127/127/127 156/156/156 157/157/157
f 128/128/128 158/158/158 129/129/129
f 128/128/128 157/157/157 158/158/158
f 129/129/129 159/159/159 130/130/130
f 129/129/129 158/158/158 159/159/159
f 130/130/130 160/160/160 131/131/131
f 130/130/130 159/159/159 160/160/160
f 131/131/131 161/161/161 132/132/132
f 131/131/131 160/160/160 161/161/161
f 132/132/132 162/162/162 133/133/133
f 132/132/132 161/161/161 162/162/162
f 133/133/133 163/163/163 134/134/134
f 133/133/133 162/162/162 163/163/163
f 134/134/134 164/164/164 135/135/135
f 134/134/134 163/163/163 164/164/164
f 135/135/135 165/165/165 136/136/136
f 135/135/135 164/164/164 165/165/165
f 136/136/136 166/166/166 137/137/137
f 136/136/136 165/165/165 166/166/166
f 137/137/137 167/167/167 138/138/138
f 137/137/137 166/166/166 167/167/167
f 138/138/138 168/168/168 139/139/139
f 138/138/138 167/167/167 168/168/168
f 139/139/139 169/169/169 140/140/140
f 139/139/139 168/168/168 169/169/169
f 140/140/140 170/170/170 141/141/141
f 140/140/140 169/169/169 170/170/170
f 141/141/141 171/171/171 142/142/142
f 141/141/141 170/170/170 171/171/171
f 142/142/142 172/172/172 143/143/143
f 142/142/142 171/171/171 172/172/172
f 143/143/143 173/173/173 144/144/144
f 143/143/143 172/172/172 173/173/173
f 144/144/144 174/174/174 145/145/145
f 144/144/144 173/173/173 174/174/174
f 146/146/146 176/176/176 147/147/147
f 146/146/146 175/175/175 176/176/176
f 147/147/147 177/177/177 148/148/148
f 147/147/147 176/176/176 177/177/177
f 148/148/148 178/178/178 149/149/149
f 148/148/148 177/177/177 178/178/178
f 149/149/149 179/179/179 150/150/150
f 149/149/149 178/178/178 179/179/179
f 150/150/150 180/180/180 151/151/151
f 150/150/150 179/179/179 180/180/180
f 151/151/151 181/181/181 152/152/152
f 151/151/151 180/180/180 181/181/181
f 152/152/152 182/182/182 153/153/153
f 152/152/152 181/181/181 182/182/182
f 153/153/153 183/183/183 154/154/154
f 153/153/153 182/182/182 183/183/183
f 154/154/154 184/184/184 155/155/155
f 154/154/154 183/183/183 184/184/184
f 155/155/155 185/185/185 156/156/156
f 155/155/155 184/184/184 185/185/185
f 156/156/156 186/186/186 157/157/157
f 156/156/156 185/185/185 186/186/186
f 157/157/157 187/187/187 158/158/158
f 157/157/157 186/186/186 187/187/187
f 158/158/158 188/188/188 159/159/159
f 158/158/158 187/187/187 188/188/188
f 159/159/159 189/189/189 160/160/160
f 159/159/159 188/188/188 189/189/189
f 160/160/160 190/190/190 161/161/161
f 160/160/160 189/189/189 190/190/190
f 161/161/161 191/191/191 162/162/162
f 161/161/161 190/190/190 191/191/191
f 162/162/162 192/192/192 163/163/163
f 162/162/162 191/191/191 192/192/192
f 163/163/163 193/193/193 164/164/164
f 163/163/163 192/192/192 193/193/193
f 164/164/164 194/194/194 165/165/165
f 164/164/164 193/193/193 194/194/194
f 165/165/165 195/195/195 166/166/166
f 165/165/165 194/194/194 195/195/195
f 166/166/166 196/196/196 167/167/167
f 166/166/166 195/195/195 196/196/196
f 167/167/167 197/197/197 168/168/168
f 167/167/167 196/196/196 197/197/197
f 168/168/168 198/198/198 169/169/169
f 168/168/168 197/197/197 198/198/198
f 169/169/169 199/199/199 170/170/170
f 169/169/169 198/198/198 199/199/199
f 170/170/170 200/200/200 171/171/171
f 170/170/170 199/199/199 200/200/200
f 171/171/171 201/201/201 172/172/172
f 171/171/171 200/200/200 201/201/201
f 172/172/172 202/202/202 173/173/173
f 172/172/172 201/201/201 202/202/202
f 173/173/173 203/203/203 174/174/174
f 173/173/173 202/202/202 203/203/203
f 175/175/175 205/205/205 176/176/176
f 175/175/175 204/204/204 205/205/205
f 176/176/176 206/206/206 177/177/177
f 176/176/176 205/205/205 206/206/206
f 177/177/177 207/207/207 178/178/178
f 177/177/177 206/206/206 207/207/207
f 178/178/178 208/208/208 179/179/179
f 178/178/178 207/207/207 208/208/208
f 179/179/179 209/209/209 180/180/180
f 179/179/179 208/208/208 209/209/209
f 180/180/180 210/210/210 181/181/181
f 180/180/180 209/209/209 210/210/210
f 181/181/181 211/211/211 182/182/182
f 181/181/181 210/210/210 211/211/211
f 182/182/182 212/212/212 183/183/183
f 182/182/182 211/211/211 212/212/212
f 183/183/183 213/213/213 184/184/184
f 183/183/183 212/212/212 213/213/213
f 184/184/184 214/214/214 185/185/185
f 184/184/184 213/213/213 214/214/214
f 185/185/185 215/215/215 186/186/186
f 185/185/185 214/214/214 215/215/215
f 186/186/186 216/216/216 187/187/187
f 186/186/186 215/215/215 216/216/216
f 187/187/187 217/217/217 188/188/188
f 187/187/187 216/216/216 217/217/217
f 188/188/188 218/218/218 189/189/189
f 188/188/188 217/217/217 218/218/218
f 189/189/189 219/219/219 190/190/190
f 189/189/189 218/218/218 219/219/219
f 190/190/190 220/220/220 191/191/191
f 190/190/190 219/219/219 220/220/220
f 191/191/191 221/221/221 192/192/192
f 191/191/191 220/220/220 221/221/221
f 192/192/192 222/222/222 193/193/193
f 192/192/192 221/221/221 222/222/222
f 193/193/193 223/223/223 194/194/194
f 193/193/193 222/222/222 223/223/223
f 194/194/194 224/224/224 195/195/195
f 194/194/194 223/223/223 224/224/224
f 195/195/195 225/225/225 196/196/196
f 195/195/195 224/224/224 225/225/225
f 196/196/196 226/226/226 197/197/197
f 196/196/196 225/225/225 226/226/226
f 197/197/197 227/227/227 198/198/198
f 197/197/197 226/226/226 227/227/227
f 198/198/198 228/228/228 199/199/199
f 198/198/198 227/227/227 228/228/228
f 199/199/199 229/229/229 200/200/200
f 199/199/199 228/228/228 229/229/229
f 200/200/200 230/230/230 201/201/201
f 200/200/200 229/229/229 230/230/230
f 201/201/201 231/231/231 202/202/202
f 201/201/201 230/230/230 231/231/231
f 202/202/202 232/232/232 203/203/203
f 202/202/202 231/231/231 232/232/232
f 204/204/204 234/234/234 205/205/205
f 204/204/204 233/233/233 234/234/234
f 205/205/205 235/235/235 206/206/206
f 205/205/205 234/234/234 235/235/235
f 206/206/206 236/236/236 207/207/207
f 206/206/206 235/235/235 236/236/236
f 207/207/207 237/237/237 208/208/208
f 207/207/207 236/236/236 237/237/237
f 208/208/208 238/238/238 209/209/209
f 208/208/208 237/237/237 238/238/238
f 209/209/209 239/239/239 210/210/210
f 209/209/209 238/238/238 239/239/239
f 210/210/210 240/240/240 211/211/211
f 210/210/210 239/239/239 240/240/240
f 211/211/211 241/241/241 212/212/212
f 211/211/211 240/240/240 241/241/241
f 212/212/212 242/242/242 213/213/213
f 212/212/212 241/241/241 242/242/242
f 213/213/213 243/243/243 214/214/214
f 213/213/213 242/242/242 243/243/243
f 214/214/214 244/244/244 215/215/215
f 214/214/214 243/243/243 244/244/244
f 215/215/215 245/245/245 216/216/216
f 215/215/215 244/244/244 245/245/245
f 216/216/216 246/246/246 217/217/217
f 216/216/216 245/245/245 246/246/246
f 217/217/217 247/247/247 218/218/218
f 217/217/217 246/246/246 247/247/247
f 218/218/218 248/248/248 219/219/219
f 218/218/218 247/247/247 248/248/248
f 219/219/219 249/249/249 220/220/220
f 219/219/219 248/248/248 249/249/249
f 220/220/220 250/250/250 221/221/221
f 220/220/220 249/249/249 250/250/250
f 221/221/221 251/251/251 222/222/222
f 221/221/221 250/250/250 251/251/251
f 222/222/222 252/252/252 223/223/223
f 222/222/222 251/251/251 252/252/252
f 223/223/223 253/253/253 224/224/224
f 223/223/223 252/252/252 253/253/253
f 224/224/224 254/254/254 225/225/225
f 224/224/224 253/253/253 254/254/254
f 225/225/225 255/255/255 226/226/226
f 225/225/225 254/254/254 255/255/255
f 226/226/226 256/256/256 227/227/227
f 226/226/226 255/255/255 256/256/256
f 227/227/227 257/257/257 228/228/228
f 227/227/227 256/256/256 257/257/257
f 228/228/228 258/258/258 229/229/229
f 228/228/228 257/257/257 258/258/258
f 229/229/229 259/259/259 230/230/230
f 229/229/229 258/258/258 259/259/259
f 230/230/230 260/260/260 231/231/231
f 230/230/230 259/259/259 260/260/260
f 231/231/231 261/261/261 232/232/232
f 231/231/231 260/260/260 261/261/261
f 233/233/233 263/263/263 234/234/234
f 233/233/233 262/262/262 263/263/263
f 234/234/234 264/264/264 235/235/235
f 234/234/234 263/263/263 264/264/264
f 235/235/235 265/265/265 236/236/236
f 235/235/235 264/264/264 265/265/265
f 236/236/236 266/266/266 237/237/237
f 236/236/236 265/265/265 266/266/266
f 237/237/237 267/267/267 238/238/238
f 237/237/237 266/266/266 267/267/267
f 238/238/238 268/268/268 239/239/239
f 238/238/238 267/267/267 268/268/268
f 239/239/239 269/269/269 240/240/240
f 239/239/239 268/268/268 269/269/269
f 240/240/240 270/270/270 241/241/241
f 240/240/240 269/269/269 270/270/270
f 241/241/241 271/271/271 242/242/242
f 241/241/241 270/270/270 271/271/271
f 242/242/242 272/272/272 243/243/243
f 242/242/242 271/271/271 272/272/272
f 243/243/243 273/273/273 244/244/244
f 243/243/243 272/272/272 273/273/273
f 244/244/244 274/274/274 245/245/245
f 244/244/244 273/273/273 274/274/274
f 245/245/245 275/275/275 246/246/246
f 245/245/245 274/274/274 275/275/275
f 246/246/246 276/276/276 247/247/247
f 246/246/246 275/275/275 276/276/276
f 247/247/247 277/277/277 248/248/248
f 247/247/247 276/276/276 277/277/277
f 248/248/248 278/278/278 249/249/249
f 248/248/248 277/277/277 278/278/278
f 249/249/249 279/279/279 250/250/250
f 249/249/249 278/278/278 279/279/279
f 250/250/250 280/280/280 251/251/251
f 250/250/250 279/279/279 280/280/280
f 251/251/251 281/281/281 252/252/252
f 251/251/251 280/280/280 281/281/281
f 252/252/252 282/282/282 253/253/253
f 252/252/252 281/281/281 282/282/282
f 253/253/253 283/283/283 254/254/254
f 253/253/253 282/282/282 283/283/283
f 254/254/254 284/284/284 255/255/255
f 254/254/254 283/283/283 284/284/284
f 255/255/255 285/285/285 256/256/256
f 255/255/255 284/284/284 285/285/285
f 256/256/256 286/286/286 257/257/257
f 256/256/256 285/285/285 286/286/286
f 257/257/257 287/287/287 258/258/258
f 257/257/257 286/286/286 287/287/287
f 258/258/258 288/288/288 259/259/259
f 258/258/258 287/287/287 288/288/288
f 259/259/259 289/289/289 260/260/260
f 259/259/259 288/288/288 289/289/289
f 260/260/260 290/290/290 261/261/261
f 260/260/260 289/289/289 290/290/290
f 262/262/262 292/292/292 263/263/263
f 262/262/262 291/291/291 292/292/292
f 263/263/263 293/293/293 264/264/264
f 263/263/263 292/292/292 293/293/293
f 264/264/264 294/294/294 265/265/265
f 264/264/264 293/293/293 294/294/294
f 265/265/265 295/295/295 266/266/266
f 265/265/265 294/294/294 295/295/295
f 266/266/266 296/296/296 267/267/267
f 266/266/266 295/295/295 296/296/296
f 267/267/267 297/297/297 268/268/268
f 267/267/267 296/296/296 297/297/297
f 268/268/268 298/298/298 269/269/269
f 268/268/268 297/297/297 298/298/298
f 269/269/269 299/299/299 270/270/270
f 269/269/269 298/298/298 299/299/299
f 270/270/270 300/300/300 271/271/271
f 270/270/270 299/299/299 300/300/300
f 271/271/271 301/301/301 272/272/272
f 271/271/271 300/300/300 301/301/301
f 272/272/272 302/302/302 273/273/273
f 272/272/272 301/301/301 302/302/302
f 273/273/273 303/303/303 274/274/274
f 273/273/273 302/302/302 303/303/303
f 274/274/274 304/304/304 275/275/275
f 274/274/274 303/303/303 304/304/304
f 275/275/275 305/305/305 276/276/276
f 275/275/275 304/304/304 305/305/305
f 276/276/276 306/306/306 277/277/277
f 276/276/276 305/305/305 306/306/306
f 277/277/277 307/307/307 278/278/278
f 277/277/277 306/306/306 307/307/307
f 278/278/278 308/308/308 279/279/279
f 278/278/278 307/307/307 308/308/308
f 279/279/279 309/309/309 280/280/280
f 279/279/279 308/308/308 309/309/309
f 280/280/280 310/310/310 281/281/281
f 280/280/280 309/309/309 310/310/310
f 281/281/281 311/311/311 282/282/282
f 281/281/281 310/310/310 311/311/311
f 282/282/282 312/312/312 283/283/283
f 282/282/282 311/311/311 312/312/312
f 283/283/283 313/313/313 284/284/284
f 283/283/283 312/312/312 313/313/313
f 284/284/284 314/314/314 285/285/285
f 284/284/284 313/313/313 314/314/314
f 285/285/285 315/315/315 286/286/286
f 285/285/285 314/314/314 315/315/315
f 286/286/286 316/316/316 287/287/287
f 286/286/286 315/315/315 316/316/316
f 287/287/287 317/317/317 288/288/288
f 287/287/287 316/316/316 317/317/317
f 288/288/288 318/318/318 289/289/289
f 288/288/288 317/317/317 318/318/318
f 289/289/289 319/319/319 290/290/290
f 289/289/289 318/318/318 319/319/319
f 291/291/291 321/321/321 292/292/292
f 291/291/291 320/320/320 321/321/321
f 292/292/292 322/322/322 293/293/293
f 292/292/292 321/321/321 322/322/322
f 293/293/293 323/323/323 294/294/294
f 293/293/293 322/322/322 323/323/323
f 294/294/294 324/324/324 295/295/295
f 294/294/294 323/323/323 324/324/324
f 295/295/295 325/325/325 296/296/296
f 295/295/295 324/324/324 325/325/325
f 296/296/296 326/326/326 297/297/297
f 296/296/296 325/325/325 326/326/326
f 297/297/297 327/327/327 298/298/298
f 297/297/297 326/326/326 327/327/327
f 298/298/298 328/328/328 299/299/299
f 298/298/298 327/327/327 328/328/328
f 299/299/299 329/329/329 300/300/300
f 299/299/299 328/328/328 329/329/329
f 300/300/300 330/330/330 301/301/301
f 300/300/300 329/329/329 330/330/330
f 301/301/301 331/331/331 302/302/302
f 301/301/301 330/330/330 331/331/331
f 302/302/302 332/332/332 303/303/303
f 302/302/302 331/331/331 332/332/332
f 303/303/303 333/333/333 304/304/304
f 303/303/303 332/332/332 333/333/333
f 304/304/304 334/334/334 305/305/305
f 304/304/304 333/333/333 334/334/334
f 305/305/305 335/335/335 306/306/306
f 305/305/305 334/334/334 335/335/335
f 306/306/306 336/336/336 307/307/307
f 306/306/306 335/335/335 336/336/336
f 307/307/307 337/337/337 308/308/308
f 307/307/307 336/336/336 337/337/337
f 308/308/308 338/338/338 309/309/309
f 308/308/308 337/337/337 338/338/338
f 309/309/309 339/339/339 310/310/310
f 309/309/309 338/338/338 339/339/339
f 310/310/310 340/340/340 311/311/311
f 310/310/310 339/339/339 340/340/340
f 311/311/311 341/341/341 312/312/312
f 311/311/311 340/340/340 341/341/341
f 312/312/312 342/342/342 313/313/313
f 312/312/312 341/341/341 342/342/342
f 313/313/313 343/343/343 314/314/314
f 313/313/313 342/342/342 343/343/343
f 314/314/314 344/344/344 315/315/315
f 314/314/314 343/343/343 344/344/344
f 315/315/315 345/345/345 316/316/316
f 315/315/315 344/344/344 345/345/345
f 316/316/316 346/346/346 317/317/317
f 316/316/316 345/345/345 346/346/346
f 317/317/317 347/347/347 318/318/318
f 317/317/317 346/346/346 347/347/347
f 318/318/318 348/348/348 319/319/319
f 318/318/318 347/347/347 348/348/348
f 320/320/320 350/350/350 321/321/321
f 320/320/320 349/349/349 350/350/350
f 321/321/321 351/351/351 322/322/322
f 321/321/321 350/350/350 351/351/351
f 322/322/322 352/352/352 323/323/323
f 322/322/322 351/351/351 352/352/352
f 323/323/323 353/353/353 324/324/324
f 323/323/323 352/352/352 353/353/353
f 324/324/324 354/354/354 325/325/325
f 324/324/324 353/353/353 354/354/354
f 325/325/325 355/355/355 326/326/326
f 325/325/325 354/354/354 355/355/355
f 326/326/326 356/356/356 327/327/327
f 326/326/326 355/355/355 356/356/356
f 327/327/327 357/357/357 328/328/328
f 327/327/327 356/356/356 357/357/357
f 328/328/328 358/358/358 329/329/329
f 328/328/328 357/357/357 358/358/358
f 329/329/329 359/359/359 330/330/330
f 329/329/329 358/358/358 359/359/359
f 330/330/330 360/360/360 331/331/331
f 330/330/330 359/359/359 360/360/360
f 331/331/331 361/361/361 332/332/332
f 331/331/331 360/360/360 361/361/361
f 332/332/332 362/362/362 333/333/333
f 332/332/332 361/361/361 362/362/362
f 333/333/333 363/363/363 334/334/334
f 333/333/333 362/362/362 363/363/363
f 334/334/334 364/364/364 335/335/335
f 334/334/334 363/363/363 364/364/364
f 335/335/335 365/365/365 336/336/336
f 335/335/335 364/364/364 365/365/365
f 336/336/336 366/366/366 337/337/337
f 336/336/336 365/365/365 366/366/366
f 337/337/337 367/367/367 338/338/338
f 337/337/337 366/366/366 367/367/367
f 338/338/338 368/368/368 339/339/339
f 338/338/338 367/367/367 368/368/368
f 339/339/339 369/369/369 340/340/340
f 339/339/339 368/368/368 369/369/369
f 340/340/340 370/370/370 341/341/341
f 340/340/340 369/369/369 370/370/370
f 341/341/341 371/371/371 342/342/342
f 341/341/341 370/370/370 371/371/371
f 342/342/342 372/372/372 343/343/343
f 342/342/342 371/371/371 372/372/372
f 343/343/343 373/373/373 344/344/344
f 343/343/343 372/372/372 373/373/373
f 344/344/344 374/374/374 345/345/345
f 344/344/344 373/373/373 374/374/374
f 345/345/345 375/375/375 346/346/346
f 345/345/345 374/374/374 375/375/375
f 346/346/346 376/376/376 347/347/347
f 346/346/346 375/375/375 376/376/376
f 347/347/347 377/377/377 348/348/348
f 347/347/347 376/376/376 377/377/377
f 378/378/378 380/380/380 379/379/379
f 378/378/378 381/381/381 380/380/380
f 378/378/378 382/382/382 381/381/381
f 378/378/378 383/383/383 382/382/382
f 378/378/378 384/384/384 383/383/383
f 378/378/378 385/385/385 384/384/384
f 378/378/378 386/386/386 385/385/385
f 378/378/378 387/387/387 386/386/386
f 378/378/378 388/388/388 387/387/387
f 378/378/378 389/389/389 388/388/388
f 378/378/378 390/390/390 389/389/389
f 378/378/378 391/391/391 390/390/390
f 378/378/378 392/392/392 391/391/391
f 378/378/378 393/393/393 392/392/392
f 378/378/378 394/394/394 393/393/393
f 378/378/378 395/395/395 394/394/394
f 378/378/378 396/396/396 395/395/395
f 378/378/378 397/397/397 396/396/396
f 378/378/378 398/398/398 397/397/397
f 378/378/378 399/399/399 398/398/398
f 378/378/378 400/400/400 399/399/399
f 378/378/378 401/401/401 400/400/400
f 378/378/378 402/402/402 401/401/401
f 378/378/378 403/403/403 402/402/402
f 378/378/378 404/404/404 403/403/403
f 378/378/378 405/405/405 404/404/404
f 378/378/378 406/406/406 405/405/405
f 378/378/378 407/407/407 406/406/406
f 408/408/408 434/434/434 409/409/409
f 408/408/408 433/433/433 434/434/434
f 409/409/409 435/435/435 410/410/410
f 409/409/409 434/434/434 435/435/435
f 410/410/410 436/436/436 411/411/411
f 410/410/410 435/435/435 436/436/436
f 411/411/411 437/437/437 412/412/412
f 411/411/411 436/436/436 437/437/437
f 412/412/412 438/438/438 413/413/413
f 412/412/412 437/437/437 438/438/438
f 413/413/413 439/439/439 414/414/414
f 413/413/413 438/438/438 439/439/439
f 414/414/414 440/440/440 415/415/415
f 414/414/414 439/439/439 440/440/440
f 415/415/415 441/441/441 416/416/416
f 415/415/415 440/440/440 441/441/441
f 416/416/416 442/442/442 417/417/417
f 416/416/416 441/441/441 442/442/442
f 417/417/417 443/443/443 418/418/418
f 417/417/417 442/442/442 443/443/443
f 418/418/418 444/444/444 419/419/419
f 418/418/418 443/443/443 444/444/444
f 419/419/419 445/445/445 420/420/420
f 419/419/419 444/444/444 445/445/445
f 420/420/420 446/446/446 421/421/421
f 420/420/420 445/445/445 446/446/446
f 421/421/421 447/447/447 422/422/422
f 421/421/421 446/446/446 447/447/447
f 422/422/422 448/448/448 423/423/423
f 422/422/422 447/447/447 448/448/448
f 423/423/423 449/449/449 424/424/424
f 423/423/423 448/448/448 449/449/449
f 424/424/424 450/450/450 425/425/425
f 424/424/424 449/449/449 450/450/450
f 425/425/425 451/451/451 426/426/426
f 425/425/425 450/450/450 451/451/451
f 426/426/426 452/452/452 427/427/427
f 426/426/426 451/451/451 452/452/452
f 427/427/427 453/453/453 428/428/428
f 427/427/427 452/452/452 453/453/453
f 428/428/428 454/454/454 429/429/429
f 428/428/428 453/453/453 454/454/454
f 429/429/429 455/455/455 430/430/430
f 429/429/429 454/454/454 455/455/455
f 430/430/430 456/456/456 431/431/431
f 430/430/430 455/455/455 456/456/456
f 431/431/431 457/457/457 432/432/432
f 431/431/431 456/456/456 457/457/457
f 433/433/433 459/459/459 434/434/434
f 433/433/433 458/458/458 459/459/459
f 434/434/434 460/460/460 435/435/435
f 434/434/434 459/459/459 460/460/460
f 435/435/435 461/461/461 436/436/436
f 435/435/435 460/460/460 461/461/461
f 436/436/436 462/462/462 437/437/437
f 436/436/436 461/461/461 462/462/462
f 437/437/437 463/463/463 438/438/438
f 437/437/437 462/462/462 463/463/463
f 438/438/438 464/464/464 439/439/439
f 438/438/438 463/463/463 464/464/464
f 439/439/439 465/465/465 440/440/440
f 439/439/439 464/464/464 465/465/465
f 440/440/440 466/466/466 441/441/441
f 440/440/440 465/465/465 466/466/466
f 441/441/441 467/467/467 442/442/442
f 441/441/441 466/466/466 467/467/467
f 442/442/442 468/468/468 443/443/443
f 442/442/442 467/467/467 468/468/468
f 443/443/443 469/469/469 444/444/444
f 443/443/443 468/468/468 469/469/469
f 444/444/444 470/470/470 445/445/445
f 444/444/444 469/469/469 470/470/470
f 445/445/445 471/471/471 446/446/446
f 445/445/445 470/470/470 471/471/471
f 446/446/446 472/472/472 447/447/447
f 446/446/446 471/471/471 472/472/472
f 447/447/447 473/473/473 448/448/448
f 447/447/447 472/472/472 473/473/473
f 448/448/448 474/474/474 449/449/449
f 448/448/448 473/473/473 474/474/474
f 449/449/449 475/475/475 450/450/450
f 449/449/449 474/474/474 475/475/475
f 450/450/450 476/476/476 451/451/451
f 450/450/450 475/475/475 476/476/476
f 451/451/451 477/477/477 452/452/452
f 451/451/451 476/476/476 477/477/477
f 452/452/452 478/478/478 453/453/453
f 452/452/452 477/477/477 478/478/478
f 453/453/453 479/479/479 454/454/454
f 453/453/453 478/478/478 479/479/479
f 454/454/454 480/480/480 455/455/455
f 454/454/454 479/479/479 480/480/480
f 455/455/455 481/481/481 456/456/456
f 455/455/455 480/480/480 481/481/481
f 456/456/456 482/482/482 457/457/457
f 456/456/456 481/481/481 482/482/482
f 458/458/458 484/484/484 459/459/459
f 458/458/458 483/483/483 484/484/484
f 459/459/459 485/485/485 460/460/460
f 459/459/459 484/484/484 485/485/485
f 460/460/460 486/486/486 461/461/461
f 460/460/460 485/485/485 486/486/486
f 461/461/461 487/487/487 462/462/462
f 461/461/461 486/486/486 487/487/487
f 462/462/462 488/488/488 463/463/463
f 462/462/462 487/487/487 488/488/488
f 463/463/463 489/489/489 464/464/464
f 463/463/463 488/488/488 489/489/489
f 464/464/464 490/490/490 465/465/465
f 464/464/464 489/489/489 490/490/490
f 465/465/465 491/491/491 466/466/466
f 465/465/465 490/490/490 491/491/491
f 466/466/466 492/492/492 467/467/467
f 466/466/466 491/491/491 492/492/492
f 467/467/467 493/493/493 468/468/468
f 467/467/467 492/492/492 493/493/493
f 468/468/468 494/494/494 469/469/469
f 468/468/468 493/493/493 494/494/494
f 469/469/469 495/495/495 470/470/470
f 469/469/469 494/494/494 495/495/495
f 470/470/470 496/496/496 471/471/471
f 470/470/470 495/495/495 496/496/496
f 471/471/471 497/497/497 472/472/472
f 471/471/471 496/496/496 497/497/497
f 472/472/472 498/498/498 473/473/473
f 472/472/472 497/497/497 498/498/498
f 473/473/473 499/499/499 474/474/474
f 473/473/473 498/498/498 499/499/499
f 474/474/474 500/500/500 475/475/475
f 474/474/474 499/499/499 500/500/500
f 475/475/475 501/501/501 476/476/476
f 475/475/475 500/500/500 501/501/501
f 476/476/476 502/502/502 477/477/477
f 476/476/476 501/501/501 502/502/502
f 477/477/477 503/503/503 478/478/478
f 477/477/477 502/502/502 503/503/503
f 478/478/478 504/504/504 479/479/479
f 478/478/478 503/503/503 504/504/504
f 479/479/479 505/505/505 480/480/480
f 479/479/479 504/504/504 505/505/505
f 480/480/480 506/506/506 481/481/481
f 480/480/480 505/505/505 506/506/506
f 481/481/481 507/507/507 482/482/482
f 481/481/481 506/506/506 507/507/507
f 508/508/508 538/538/538 537/537/537
f 509/509/509 539/539/539 538/538/538
f 510/510/510 540/540/540 539/539/539
f 511/511/511 541/541/541 540/540/540
f 512/512/512 542/542/542 541/541/541
f 513/513/513 543/543/543 542/542/542
f 514/514/514 544/544/544 543/543/543
f 515/515/515 545/545/545 544/544/544
f 516/516/516 546/546/546 545/545/545
f 517/517/517 547/547/547 546/546/546
f 518/518/518 548/548/548 547/547/547
f 519/519/519 549/549/549 548/548/548
f 520/520/520 550/550/550 549/549/549
f 521/521/521 551/551/551 550/550/550
f 522/522/522 552/552/552 551/551/551
f 523/523/523 553/553/553 552/552/552
f 524/524/524 554/554/554 553/553/553
f 525/525/525 555/555/555 554/554/554
f 526/526/526 556/556/556 555/555/555
f 527/527/527 557/557/557 556/556/556
f 528/528/528 558/558/558 557/557/557
f 529/529/529 559/559/559 558/558/558
f 530/530/530 560/560/560 559/559/559
f 531/531/531 561/561/561 560/560/560
f 532/532/532 562/562/562 561/561/561
f 533/533/533 563/563/563 562/562/562
f 534/534/534 564/564/564 563/563/563
f 535/535/535 565/565/565 564/564/564
f 537/537/537 567/567/567 538/538/538
f 537/537/537 566/566/566 567/567/567
f 538/538/538 568/568/568 539/539/539
f 538/538/538 567/567/567 568/568/568
f 539/539/539 569/569/569 540/540/540
f 539/539/539 568/568/568 569/569/569
f 540/540/540 570/570/570 541/541/541
f 540/540/540 569/569/569 570/570/570
f 541/541/541 571/571/571 542/542/542
f 541/541/541 570/570/570 571/571/571
f 542/542/542 572/572/572 543/543/543
f 542/542/542 571/571/571 572/572/572
f 543/543/543 573/573/573 544/544/544
f 543/543/543 572/572/572 573/573/573
f 544/544/544 574/574/574 545/545/545
f 544/544/544 573/573/573 574/574/574
f 545/545/545 575/575/575 546/546/546
f 545/545/545 574/574/574 575/575/575
f 546/546/546 576/576/576 547/547/547
f 546/546/546 575/575/575 576/576/576
f 547/547/547 577/577/577 548/548/548
f 547/547/547 576/576/576 577/577/577
f 548/548/548 578/578/578 549/549/549
f 548/548/548 577/577/577 578/578/578
f 549/549/549 579/579/579 550/550/550
f 549/549/549 578/578/578 579/579/579
f 550/550/550 580/580/580 551/551/551
f 550/550/550 579/579/579 580/580/580
f 551/551/551 581/581/581 552/552/552
f 551/551/551 580/580/580 581/581/581
f 552/552/552 582/582/582 553/553/553
f 552/552/552 581/581/581 582/582/582
f 553/553/553 583/583/583 554/554/554
f 553/553/553 582/582/582 583/583/583
f 554/554/554 584/584/584 555/555/555
f 554/554/554 583/583/583 584/584/584
f 555/555/555 585/585/585 556/556/556
f 555/555/555 584/584/584 585/585/585
f 556/556/556 586/586/586 557/557/557
f 556/556/556 585/585/585 586/586/586
f 557/557/557 587/587/587 558/558/558
f 557/557/557 586/586/586 587/587/587
f 558/558/558 588/588/588 559/559/559
f 558/558/558 587/587/587 588/588/588
f 559/559/559 589/589/589 560/560/560
f 559/559/559 588/588/588 589/589/589
f 560/560/560 590/590/590 561/561/561
f 560/560/560 589/589/589 590/590/590
f 561/561/561 591/591/591 562/562/562
f 561/561/561 590/590/590 591/591/591
f 562/562/562 592/592/592 563/563/563
f 562/562/562 591/591/591 592/592/592
f 563/563/563 593/593/593 564/564/564
f 563/563/563 592/592/592 593/593/593
f 564/564/564 594/594/594 565/565/565
f 564/564/564 593/593/593 594/594/594
f 566/566/566 596/596/596 567/567/567
f 566/566/566 595/595/595 596/596/596
f 567/567/567 597/597/597 568/568/568
f 567/567/567 596/596/596 597/597/597
f 568/568/568 598/598/598 569/569/569
f 568/568/568 597/597/597 598/598/598
f 569/569/569 599/599/599 570/570/570
f 569/569/569 598/598/598 599/599/599
f 570/570/570 600/600/600 571/571/571
f 570/570/570 599/599/599 600/600/600
f 571/571/571 601/601/601 572/572/572
f 571/571/571 600/600/600 601/601/601
f 572/572/572 602/602/602 573/573/573
f 572/572/572 601/601/601 602/602/602
f 573/573/573 603/603/603 574/574/574
f 573/573/573 602/602/602 603/603/603
f 574/574/574 604/604/604 575/575/575
f 574/574/574 603/603/603 604/604/604
f 575/575/575 605/605/605 576/576/576
f 575/575/575 604/604/604 605/605/605
f 576/576/576 606/606/606 577/577/577
f 576/576/576 605/605/605 606/606/606
f 577/577/577 607/607/607 578/578/578
f 577/577/577 606/606/606 607/607/607
f 578/578/578 608/608/608 579/579/579
f 578/578/578 607/607/607 608/608/608
f 579/579/579 609/609/609 580/580/580
f 579/579/579 608/608/608 609/609/609
f 580/580/580 610/610/610 581/581/581
f 580/580/580 609/609/609 610/610/610
f 581/581/581 611/611/611 582/582/582
f 581/581/581 610/610/610 611/611/611
f 582/582/582 612/612/612 583/583/583
f 582/582/582 611/611/611 612/612/612
f 583/583/583 613/613/613 584/584/584
f 583/583/583 612/612/612 613/613/613
f 584/584/584 614/614/614 585/585/585
f 584/584/584 613/613/613 614/614/614
f 585/585/585 615/615/615 586/586/586
f 585/585/585 614/614/614 615/615/615
f 586/586/586 616/616/616 587/587/587
f 586/586/586 615/615/615 616/616/616
f 587/587/587 617/617/617 588/588/588
f 587/587/587 616/616/616 617/617/617
f 588/588/588 618/618/618 589/589/589
f 588/588/588 617/617/617 618/618/618
f 589/589/589 619/619/619 590/590/590
f 589/589/589 618/618/618 619/619/619
f 590/590/590 620/620/620 591/591/591
f 590/590/590 619/619/619 620/620/620
f 591/591/591 621/621/621 592/592/592
f 591/591/591 620/620/620 621/621/621
f 592/592/592 622/622/622 593/593/593
f 592/592/592 621/621/621 622/622/622
f 593/593/593 623/623/623 594/594/594
f 593/593/593 622/622/622 623/623/623
f 595/595/595 625/625/625 596/596/596
f 595/595/595 624/624/624 625/625/625
f 596/596/596 626/626/626 597/597/597
f 596/596/596 625/625/625 626/626/626
f 597/597/597 627/627/627 598/598/598
f 597/597/597 626/626/626 627/627/627
f 598/598/598 628/628/628 599/599/599
f 598/598/598 627/627/627 628/628/628
f 599/599/599 629/629/629 600/600/600
f 599/599/599 628/628/628 629/629/629
f 600/600/600 630/630/630 601/601/601
f 600/600/600 629/629/629 630/630/630
f 601/601/601 631/631/631 602/602/602
f 601/601/601 630/630/630 631/631/631
f 602/602/602 632/632/632 603/603/603
f 602/602/602 631/631/631 632/632/632
f 603/603/603 633/633/633 604/604/604
f 603/603/603 632/632/632 633/633/633
f 604/604/604 634/634/634 605/605/605
f 604/604/604 633/633/633 634/634/634
f 605/605/605 635/635/635 606/606/606
f 605/605/605 634/634/634 635/635/635
f 606/606/606 636/636/636 607/607/607
f 606/606/606 635/635/635 636/636/636
f 607/607/607 637/637/637 608/608/608
f 607/607/607 636/636/636 637/637/637
f 608/608/608 638/638/638 609/609/609
f 608/608/608 637/637/637 638/638/638
f 609/609/609 639/639/639 610/610/610
f 609/609/609 638/638/638 639/639/639
f 610/610/610 640/640/640 611/611/611
f 610/610/610 639/639/639 640/640/640
f 611/611/611 641/641/641 612/612/612
f 611/611/611 640/640/640 641/641/641
f 612/612/612 642/642/642 613/613/613
f 612/612/612 641/641/641 642/642/642
f 613/613/613 643/643/643 614/614/614
f 613/613/613 642/642/642 643/643/643
f 614/614/614 644/644/644 615/615/615
f 614/614/614 643/643/643 644/644/644
f 615/615/615 645/645/645 616/616/616
f 615/615/615 644/644/644 645/645/645
f 616/616/616 646/646/646 617/617/617
f 616/616/616 645/645/645 646/646/646
f 617/617/617 647/647/647 618/618/618
f 617/617/617 646/646/646 647/647/647
f 618/618/618 648/648/648 619/619/619
f 618/618/618 647/647/647 648/648/648
f 619/619/619 649/649/649 620/620/620
f 619/619/619 648/648/648 649/649/649
f 620/620/620 650/650/650 621/621/621
f 620/620/620 649/649/649 650/650/650
f 621/621/621 651/651/651 622/622/622
f 621/621/621 650/650/650 651/651/651
f 622/622/622 652/652/652 623/623/623
f 622/622/622 651/651/651 652/652/652
f 624/624/624 654/654/654 625/625/625
f 624/624/624 653/653/653 654/654/654
f 625/625/625 655/655/655 626/626/626
f 625/625/625 654/654/654 655/655/655
f 626/626/626 656/656/656 627/627/627
f 626/626/626 655/655/655 656/656/656
f 627/627/627 657/657/657 628/628/628
f 627/627/627 656/656/656 657/657/657
f 628/628/628 658/658/658 629/629/629
f 628/628/628 657/657/657 658/658/658
f 629/629/629 659/659/659 630/630/630
f 629/629/629 658/658/658 659/659/659
f 630/630/630 660/660/660 631/631/631
f 630/630/630 659/659/659 660/660/660
f 631/631/631 661/661/661 632/632/632
f 631/631/631 660/660/660 661/661/661
f 632/632/632 662/662/662 633/633/633
f 632/632/632 661/661/661 662/662/662
f 633/633/633 663/663/663 634/634/634
f 633/633/633 662/662/662 663/663/663
f 634/634/634 664/664/664 635/635/635
f 634/634/634 663/663/663 664/664/664
f 635/635/635 665/665/665 636/636/636
f 635/635/635 664/664/664 665/665/665
f 636/636/636 666/666/666 637/637/637
f 636/636/636 665/665/665 666/666/666
f 637/637/637 667/667/667 638/638/638
f 637/637/637 666/666/666 667/667/667
f 638/638/638 668/668/668 639/639/639
f 638/638/638 667/667/667 668/668/668
f 639/639/639 669/669/669 640/640/640
f 639/639/639 668/668/668 669/669/669
f 640/640/640 670/670/670 641/641/641
f 640/640/640 669/669/669 670/670/670
f 641/641/641 671/671/671 642/642/642
f 641/641/641 670/670/670 671/671/671
f 642/642/642 672/672/672 643/643/643
f 642/642/642 671/671/671 672/672/672
f 643/643/643 673/673/673 644/644/644
f 643/643/643 672/672/672 673/673/673
f 644/644/644 674/674/674 645/645/645
f 644/644/644 673/673/673 674/674/674
f 645/645/645 675/675/675 646/646/646
f 645/645/645 674/674/674 675/675/675
f 646/646/646 676/676/676 647/647/647
f 646/646/646 675/675/675 676/676/676
f 647/647/647 677/677/677 648/648/648
f 647/647/647 676/676/676 677/677/677
f 648/648/648 678/678/678 649/649/649
f 648/648/648 677/677/677 678/678/678
f 649/649/649 679/679/679 650/650/650
f 649/649/649 678/678/678 679/679/679
f 650/650/650 680/680/680 651/651/651
f 650/650/650 679/679/679 680/680/680
f 651/651/651 681/681/681 652/652/652
f 651/651/651 680/680/680 681/681/681
f 653/653/653 683/683/683 654/654/654
f 653/653/653 682/682/682 683/683/683
f 654/654/654 684/684/684 655/655/655
f 654/654/654 683/683/683 684/684/684
f 655/655/655 685/685/685 656/656/656
f 655/655/655 684/684/684 685/685/685
f 656/656/656 686/686/686 657/657/657
f 656/656/656 685/685/685 686/686/686
f 657/657/657 687/687/687 658/658/658
f 657/657/657 686/686/686 687/687/687
f 658/658/658 688/688/688 659/659/659
f 658/658/658 687/687/687 688/688/688
f 659/659/659 689/689/689 660/660/660
f 659/659/659 688/688/688 689/689/689
f 660/660/660 690/690/690 661/661/661
f 660/660/660 689/689/689 690/690/690
f 661/661/661 691/691/691 662/662/662
f 661/661/661 690/690/690 691/691/691
f 662/662/662 692/692/692 663/663/663
f 662/662/662 691/691/691 692/692/692
f 663/663/663 693/693/693 664/664/664
f 663/663/663 692/692/692 693/693/693
f 664/664/664 694/694/694 665/665/665
f 664/664/664 693/693/693 694/694/694
f 665/665/665 695/695/695 666/666/666
f 665/665/665 694/694/694 695/695/695
f 666/666/666 696/696/696 667/667/667
f 666/666/666 695/695/695 696/696/696
f 667/667/667 697/697/697 668/668/668
f 667/667/667 696/696/696 697/697/697
f 668/668/668 698/698/698 669/669/669
f 668/668/668 697/697/697 698/698/698
f 669/669/669 699/699/699 670/670/670
f 669/669/669 698/698/698 699/699/699
f 670/670/670 700/700/700 671/671/671
f 670/670/670 699/699/699 700/700/700
f 671/671/671 701/701/701 672/672/672
f 671/671/671 700/700/700 701/701/701
f 672/672/672 702/702/702 673/673/673
f 672/672/672 701/701/701 702/702/702
f 673/673/673 703/703/703 674/674/674
f 673/673/673 702/702/702 703/703/703
f 674/674/674 704/704/704 675/675/675
f 674/674/674 703/703/703 704/704/704
f 675/675/675 705/705/705 676/676/676
f 675/675/675 704/704/704 705/705/705
f 676/676/676 706/706/706 677/677/677
f 676/676/676 705/705/705 706/706/706
f 677/677/677 707/707/707 678/678/678
f 677/677/677 706/706/706 707/707/707
f 678/678/678 708/708/708 679/679/679
f 678/678/678 707/707/707 708/708/708
f 679/679/679 709/709/709 680/680/680
f 679/679/679 708/708/708 709/709/709
f 680/680/680 710/710/710 681/681/681
f 680/680/680 709/709/709 710/710/710
f 682/682/682 712/712/712 683/683/683
f 682/682/682 711/711/711 712/712/712
f 683/683/683 713/713/713 684/684/684
f 683/683/683 712/712/712 713/713/713
f 684/684/684 714/714/714 685/685/685
f 684/684/684 713/713/713 714/714/714
f 685/685/685 715/715/715 686/686/686
f 685/685/685 714/714/714 715/715/715
f 686/686/686 716/716/716 687/687/687
f 686/686/686 715/715/715 716/716/716
f 687/687/687 717/717/717 688/688/688
f 687/687/687 716/716/716 717/717/717
f 688/688/688 718/718/718 689/689/689
f 688/688/688 717/717/717 718/718/718
f 689/689/689 719/719/719 690/690/690
f 689/689/689 718/718/718 719/719/719
f 690/690/690 720/720/720 691/691/691
f 690/690/690 719/719/719 720/720/720
f 691/691/691 721/721/721 692/692/692
f 691/691/691 720/720/720 721/721/721
f 692/692/692 722/722/722 693/693/693
f 692/692/692 721/721/721 722/722/722
f 693/693/693 723/723/723 694/694/694
f 693/693/693 722/722/722 723/723/723
f 694/694/694 724/724/724 695/695/695
f 694/694/694 723/723/723 724/724/724
f 695/695/695 725/725/725 696/696/696
f 695/695/695 724/724/724 725/725/725
f 696/696/696 726/726/726 697/697/697
f 696/696/696 725/725/725 726/726/726
f 697/697/697 727/727/727 698/698/698
f 697/697/697 726/726/726 727/727/727
f 698/698/698 728/728/728 699/699/699
f 698/698/698 727/727/727 728/728/728
f 699/699/699 729/729/729 700/700/700
f 699/699/699 728/728/728 729/729/729
f 700/700/700 730/730/730 701/701/701
f 700/700/700 729/729/729 730/730/730
f 701/701/701 731/731/731 702/702/702
f 701/701/701 730/730/730 731/731/731
f 702/702/702 732/732/732 703/703/703
f 702/702/702 731/731/731 732/732/732
f 703/703/703 733/733/733 704/704/704
f 703/703/703 732/732/732 733/733/733
f 704/704/704 734/734/734 705/705/705
f 704/704/704 733/733/733 734/734/734
f 705/705/705 735/735/735 706/706/706
f 705/705/705 734/734/734 735/735/735
f 706/706/706 736/736/736 707/707/707
f 706/706/706 735/735/735 736/736/736
f 707/707/707 737/737/737 708/708/708
f 707/707/707 736/736/736 737/737/737
f 708/708/708 738/738/738 709/709/709
f 708/708/708 737/737/737 738/738/738
f 709/709/709 739/739/739 710/710/710
f 709/709/709 738/738/738 739/739/739
f 711/711/711 741/741/741 712/712/712
f 711/711/711 740/740/740 741/741/741
f 712/712/712 742/742/742 713/713/713
f 712/712/712 741/741/741 742/742/742
f 713/713/713 743/743/743 714/714/714
f 713/713/713 742/742/742 743/743/743
f 714/714/714 744/744/744 715/715/715
f 714/714/714 743/743/743 744/744/744
f 715/715/715 745/745/745 716/716/716
f 715/715/715 744/744/744 745/745/745
f 716/716/716 746/746/746 717/717/717
f 716/716/716 745/745/745 746/746/746
f 717/717/717 747/747/747 718/718/718
f 717/717/717 746/746/746 747/747/747
f 718/718/718 748/748/748 719/719/719
f 718/718/718 747/747/747 748/748/748
f 719/719/719 749/749/749 720/720/720
f 719/719/719 748/748/748 749/749/749
f 720/720/720 750/750/750 721/721/721
f 720/720/720 749/749/749 750/750/750
f 721/721/721 751/751/751 722/722/722
f 721/721/721 750/750/750 751/751/751
f 722/722/722 752/752/752 723/723/723
f 722/722/722 751/751/751 752/752/752
f 723/723/723 753/753/753 724/724/724
f 723/723/723 752/752/752 753/753/753
f 724/724/724 754/754/754 725/725/725
f 724/724/724 753/753/753 754/754/754
f 725/725/725 755/755/755 726/726/726
f 725/725/725 754/754/754 755/755/755
f 726/726/726 756/756/756 727/727/727
f 726/726/726 755/755/755 756/756/756
f 727/727/727 757/757/757 728/728/728
f 727/727/727 756/756/756 757/757/757
f 728/728/728 758/758/758 729/729/729
f 728/728/728 757/757/757 758/758/758
f 729/729/729 759/759/759 730/730/730
f 729/729/729 758/758/758 759/759/759
f 730/730/730 760/760/760 731/731/731
f 730/730/730 759/759/759 760/760/760
f 731/731/731 761/761/761 732/732/732
f 731/731/731 760/760/760 761/761/761
f 732/732/732 762/762/762 733/733/733
f 732/732/732 761/761/761 762/762/762
f 733/733/733 763/763/763 734/734/734
f 733/733/733 762/762/762 763/763/763
f 734/734/734 764/764/764 735/735/735
f 734/734/734 763/763/763 764/764/764
f 735/735/735 765/765/765 736/736/736
f 735/735/735 764/764/764 765/765/765
f 736/736/736 766/766/766 737/737/737
f 736/736/736 765/765/765 766/766/766
f 737/737/737 767/767/767 738/738/738
f 737/737/737 766/766/766 767/767/767
f 738/738/738 768/768/768 739/739/739
f 738/738/738 767/767/767 768/768/768
f 740/740/740 770/770/770 741/741/741
f 740/740/740 769/769/769 770/770/770
f 741/741/741 771/771/771 742/742/742
f 741/741/741 770/770/770 771/771/771
f 742/742/742 772/772/772 743/743/743
f 742/742/742 771/771/771 772/772/772
f 743/743/743 773/773/773 744/744/744
f 743/743/743 772/772/772 773/773/773
f 744/744/744 774/774/774 745/745/745
f 744/744/744 773/773/773 774/774/774
f 745/745/745 775/775/775 746/746/746
f 745/745/745 774/774/774 775/775/775
f 746/746/746 776/776/776 747/747/747
f 746/746/746 775/775/775 776/776/776
f 747/747/747 777/777/777 748/748/748
f 747/747/747 776/776/776 777/777/777
f 748/748/748 778/778/778 749/749/749
f 748/748/748 777/777/777 778/778/778
f 749/749/749 779/779/779 750/750/750
f 749/749/749 778/778/778 779/779/779
f 750/750/750 780/780/780 751/751/751
f 750/750/750 779/779/779 780/780/780
f 751/751/751 781/781/781 752/752/752
f 751/751/751 780/780/780 781/781/781
f 752/752/752 782/782/782 753/753/753
f 752/752/752 781/781/781 782/782/782
f 753/753/753 783/783/783 754/754/754
f 753/753/753 782/782/782 783/783/783
f 754/754/754 784/784/784 755/755/755
f 754/754/754 783/783/783 784/784/784
f 755/755/755 785/785/785 756/756/756
f 755/755/755 784/784/784 785/785/785
f 756/756/756 786/786/786 757/757/757
f 756/756/756 785/785/785 786/786/786
f 757/757/757 787/787/787 758/758/758
f 757/757/757 786/786/786 787/787/787
f 758/758/758 788/788/788 759/759/759
f 758/758/758 787/787/787 788/788/788
f 759/759/759 789/789/789 760/760/760
f 759/759/759 788/788/788 789/789/789
f 760/760/760 790/790/790 761/761/761
f 760/760/760 789/789/789 790/790/790
f 761/761/761 791/791/791 762/762/762
f 761/761/761 790/790/790 791/791/791
f 762/762/762 792/792/792 763/763/763
f 762/762/762 791/791/791 792/792/792
f 763/763/763 793/793/793 764/764/764
f 763/763/763 792/792/792 793/793/793
f 764/764/764 794/794/794 765/765/765
f 764/764/764 793/793/793 794/794/794
f 765/765/765 795/795/795 766/766/766
f 765/765/765 794/794/794 795/795/795
f 766/766/766 796/796/796 767/767/767
f 766/766/766 795/795/795 796/796/796
f 767/767/767 797/797/797 768/768/768
f 767/767/767 796/796/796 797/797/797
f 769/769/769 799/799/799 770/770/770
f 769/769/769 798/798/798 799/799/799
f 770/770/770 800/800/800 771/771/771
f 770/770/770 799/799/799 800/800/800
f 771/771/771 801/801/801 772/772/772
f 771/771/771 800/800/800 801/801/801
f 772/772/772 802/802/802 773/773/773
f 772/772/772 801/801/801 802/802/802
f 773/773/773 803/803/803 774/774/774
f 773/773/773 802/802/802 803/803/803
f 774/774/774 804/804/804 775/775/775
f 774/774/774 803/803/803 804/804/804
f 775/775/775 805/805/805 776/776/776
f 775/775/775 804/804/804 805/805/805
f 776/776/776 806/806/806 777/777/777
f 776/776/776 805/805/805 806/806/806
f 777/777/777 807/807/807 778/778/778
f 777/777/777 806/806/806 807/807/807
f 778/778/778 808/808/808 779/779/779
f 778/778/778 807/807/807 808/808/808
f 779/779/779 809/809/809 780/780/780
f 779/779/779 808/808/808 809/809/809
f 780/780/780 810/810/810 781/781/781
f 780/780/780 809/809/809 810/810/810
f 781/781/781 811/811/811 782/782/782
f 781/781/781 810/810/810 811/811/811
f 782/782/782 812/812/812 783/783/783
f 782/782/782 811/811/811 812/812/812
f 783/783/783 813/813/813 784/784/784
f 783/783/783 812/812/812 813/813/813
f 784/784/784 814/814/814 785/785/785
f 784/784/784 813/813/813 814/814/814
f 785/785/785 815/815/815 786/786/786
f 785/785/785 814/814/814 815/815/815
f 786/786/786 816/816/816 787/787/787
f 786/786/786 815/815/815 816/816/816
f 787/787/787 817/817/817 788/788/788
f 787/787/787 816/816/816 817/817/817
f 788/788/788 818/818/818 789/789/789
f 788/788/788 817/817/817 818/818/818
f 789/789/789 819/819/819 790/790/790
f 789/789/789 818/818/818 819/819/819
f 790/790/790 820/820/820 791/791/791
f 790/790/790 819/819/819 820/820/820
f 791/791/791 821/821/821 792/792/792
f 791/791/791 820/820/820 821/821/821
f 792/792/792 822/822/822 793/793/793
f 792/792/792 821/821/821 822/822/822
f 793/793/793 823/823/823 794/794/794
f 793/793/793 822/822/822 823/823/823
f 794/794/794 824/824/824 795/795/795
f 794/794/794 823/823/823 824/824/824
f 795/795/795 825/825/825 796/796/796
f 795/795/795 824/824/824 825/825/825
f 796/796/796 826/826/826 797/797/797
f 796/796/796 825/825/825 826/826/826
f 798/798/798 828/828/828 799/799/799
f 798/798/798 827/827/827 828/828/828
f 799/799/799 829/829/829 800/800/800
f 799/799/799 828/828/828 829/829/829
f 800/800/800 830/830/830 801/801/801
f 800/800/800 829/829/829 830/830/830
f 801/801/801 831/831/831 802/802/802
f 801/801/801 830/830/830 831/831/831
f 802/802/802 832/832/832 803/803/803
f 802/802/802 831/831/831 832/832/832
f 803/803/803 833/833/833 804/804/804
f 803/803/803 832/832/832 833/833/833
f 804/804/804 834/834/834 805/805/805
f 804/804/804 833/833/833 834/834/834
f 805/805/805 835/835/835 806/806/806
f 805/805/805 834/834/834 835/835/835
f 806/806/806 836/836/836 807/807/807
f 806/806/806 835/835/835 836/836/836
f 807/807/807 837/837/837 808/808/808
f 807/807/807 836/836/836 837/837/837
f 808/808/808 838/838/838 809/809/809
f 808/808/808 837/837/837 838/838/838
f 809/809/809 839/839/839 810/810/810
f 809/809/809 838/838/838 839/839/839
f 810/810/810 840/840/840 811/811/811
f 810/810/810 839/839/839 840/840/840
f 811/811/811 841/841/841 812/812/812
f 811/811/811 840/840/840 841/841/841
f 812/812/812 842/842/842 813/813/813
f 812/812/812 841/841/841 842/842/842
f 813/813/813 843/843/843 814/814/814
f 813/813/813 842/842/842 843/843/843
f 814/814/814 844/844/844 815/815/815
f 814/814/814 843/843/843 844/844/844
f 815/815/815 845/845/845 816/816/816
f 815/815/815 844/844/844 845/845/845
f 816/816/816 846/846/846 817/817/817
f 816/816/816 845/845/845 846/846/846
f 817/817/817 847/847/847 818/818/818
f 817/817/817 846/846/846 847/847/847
f 818/818/818 848/848/848 819/819/819
f 818/818/818 847/847/847 848/848/848
f 819/819/819 849/849/849 820/820/820
f 819/819/819 848/848/848 849/849/849
f 820/820/820 850/850/850 821/821/821
f 820/820/820 849/849/849 850/850/850
f 821/821/821 851/851/851 822/822/822
f 821/821/821 850/850/850 851/851/851
f 822/822/822 852/852/852 823/823/823
f 822/822/822 851/851/851 852/852/852
f 823/823/823 853/853/853 824/824/824
f 823/823/823 852/852/852 853/853/853
f 824/824/824 854/854/854 825/825/825
f 824/824/824 853/853/853 854/854/854
f 825/825/825 855/855/855 826/826/826
f 825/825/825 854/854/854 855/855/855
f 827/827/827 857/857/857 828/828/828
f 827/827/827 856/856/856 857/857/857
f 828/828/828 858/858/858 829/829/829
f 828/828/828 857/857/857 858/858/858
f 829/829/829 859/859/859 830/830/830
f 829/829/829 858/858/858 859/859/859
f 830/830/830 860/860/860 831/831/831
f 830/830/830 859/859/859 860/860/860
f 831/831/831 861/861/861 832/832/832
f 831/831/831 860/860/860 861/861/861
f 832/832/832 862/862/862 833/833/833
f 832/832/832 861/861/861 862/862/862
f 833/833/833 863/863/863 834/834/834
f 833/833/833 862/862/862 863/863/863
f 834/834/834 864/864/864 835/835/835
f 834/834/834 863/863/863 864/864/864
f 835/835/835 865/865/865 836/836/836
f 835/835/835 864/864/864 865/865/865
f 836/836/836 866/866/866 837/837/837
f 836/836/836 865/865/865 866/866/866
f 837/837/837 867/867/867 838/838/838
f 837/837/837 866/866/866 867/867/867
f 838/838/838 868/868/868 839/839/839
f 838/838/838 867/867/867 868/868/868
f 839/839/839 869/869/869 840/840/840
f 839/839/839 868/868/868 869/869/869
f 840/840/840 870/870/870 841/841/841
f 840/840/840 869/869/869 870/870/870
f 841/841/841 871/871/871 842/842/842
f 841/841/841 870/870/870 871/871/871
f 842/842/842 872/872/872 843/843/843
f 842/842/842 871/871/871 872/872/872
f 843/843/843 873/873/873 844/844/844
f 843/843/843 872/872/872 873/873/873
f 844/844/844 874/874/874 845/845/845
f 844/844/844 873/873/873 874/874/874
f 845/845/845 875/875/875 846/846/846
f 845/845/845 874/874/874 875/875/875
f 846/846/846 876/876/876 847/847/847
f 846/846/846 875/875/875 876/876/876
f 847/847/847 877/877/877 848/848/848
f 847/847/847 876/876/876 877/877/877
f 848/848/848 878/878/878 849/849/849
f 848/848/848 877/877/877 878/878/878
f 849/849/849 879/879/879 850/850/850
f 849/849/849 878/878/878 879/879/879
f 850/850/850 880/880/880 851/851/851
f 850/850/850 879/879/879 880/880/880
f 851/851/851 881/881/881 852/852/852
f 851/851/851 880/880/880 881/881/881
f 852/852/852 882/882/882 853/853/853
f 852/852/852 881/881/881 882/882/882
f 853/853/853 883/883/883 854/854/854
f 853/853/853 882/882/882 883/883/883
f 854/854/854 884/884/884 855/855/855
f 854/854/854 883/883/883 884/884/884
f 856/856/856 886/886/886 857/857/857
f 856/856/856 885/885/885 886/886/886
f 857/857/857 887/887/887 858/858/858
f 857/857/857 886/886/886 887/887/887
f 858/858/858 888/888/888 859/859/859
f 858/858/858 887/887/887 888/888/888
f 859/859/859 889/889/889 860/860/860
f 859/859/859 888/888/888 889/889/889
f 860/860/860 890/890/890 861/861/861
f 860/860/860 889/889/889 890/890/890
f 861/861/861 891/891/891 862/862/862
f 861/861/861 890/890/890 891/891/891
f 862/862/862 892/892/892 863/863/863
f 862/862/862 891/891/891 892/892/892
f 863/863/863 893/893/893 864/864/864
f 863/863/863 892/892/892 893/893/893
f 864/864/864 894/894/894 865/865/865
f 864/864/864 893/893/893 894/894/894
f 865/865/865 895/895/895 866/866/866
f 865/865/865 894/894/894 895/895/895
f 866/866/866 896/896/896 867/867/867
f 866/866/866 895/895/895 896/896/896
f 867/867/867 897/897/897 868/868/868
f 867/867/867 896/896/896 897/897/897
f 868/868/868 898/898/898 869/869/869
f 868/868/868 897/897/897 898/898/898
f 869/869/869 899/899/899 870/870/870
f 869/869/869 898/898/898 899/899/899
f 870/870/870 900/900/900 871/871/871
f 870/870/870 899/899/899 900/900/900
f 871/871/871 901/901/901 872/872/872
f 871/871/871 900/900/900 901/901/901
f 872/872/872 902/902/902 873/873/873
f 872/872/872 901/901/901 902/902/902
f 873/873/873 903/903/903 874/874/874
f 873/873/873 902/902/902 903/903/903
f 874/874/874 904/904/904 875/875/875
f 874/874/874 903/903/903 904/904/904
f 875/875/875 905/905/905 876/876/876
f 875/875/875 904/904/904 905/905/905
f 876/876/876 906/906/906 877/877/877
f 876/876/876 905/905/905 906/906/906
f 877/877/877 907/907/907 878/878/878
f 877/877/877 906/906/906 907/907/907
f 878/878/878 908/908/908 879/879/879
f 878/878/878 907/907/907 908/908/908
f 879/879/879 909/909/909 880/880/880
f 879/879/879 908/908/908 909/909/909
f 880/880/880 910/910/910 881/881/881
f 880/880/880 909/909/909 910/910/910
f 881/881/881 911/911/911 882/882/882
f 881/881/881 910/910/910 911/911/911
f 882/882/882 912/912/912 883/883/883
f 882/882/882 911/911/911 912/912/912
f 883/883/883 913/913/913 884/884/884
f 883/883/883 912/912/912 913/913/913
f 885/885/885 915/915/915 886/886/886
f 885/885/885 914/914/914 915/915/915
f 886/886/886 916/916/916 887/887/887
f 886/886/886 915/915/915 916/916/916
f 887/887/887 917/917/917 888/888/888
f 887/887/887 916/916/916 917/917/917
f 888/888/888 918/918/918 889/889/889
f 888/888/888 917/917/917 918/918/918
f 889/889/889 919/919/919 890/890/890
f 889/889/889 918/918/918 919/919/919
f 890/890/890 920/920/920 891/891/891
f 890/890/890 919/919/919 920/920/920
f 891/891/891 921/921/921 892/892/892
f 891/891/891 920/920/920 921/921/921
f 892/892/892 922/922/922 893/893/893
f 892/892/892 921/921/921 922/922/922
f 893/893/893 923/923/923 894/894/894
f 893/893/893 922/922/922 923/923/923
f 894/894/894 924/924/924 895/895/895
f 894/894/894 923/923/923 924/924/924
f 895/895/895 925/925/925 896/896/896
f 895/895/895 924/924/924 925/925/925
f 896/896/896 926/926/926 897/897/897
f 896/896/896 925/925/925 926/926/926
f 897/897/897 927/927/927 898/898/898
f 897/897/897 926/926/926 927/927/927
f 898/898/898 928/928/928 899/899/899
f 898/898/898 927/927/927 928/928/928
f 899/899/899 929/929/929 900/900/900
f 899/899/899 928/928/928 929/929/929
f 900/900/900 930/930/930 901/901/901
f 900/900/900 929/929/929 930/930/930
f 901/901/901 931/931/931 902/902/902
f 901/901/901 930/930/930 931/931/931
f 902/902/902 932/932/932 903/903/903
f 902/902/902 931/931/931 932/932/932
f 903/903/903 933/933/933 904/904/904
f 903/903/903 932/932/932 933/933/933
f 904/904/904 934/934/934 905/905/905
f 904/904/904 933/933/933 934/934/934
f 905/905/905 935/935/935 906/906/906
f 905/905/905 934/934/934 935/935/935
f 906/906/906 936/936/936 907/907/907
f 906/906/906 935/935/935 936/936/936
f 907/907/907 937/937/937 908/908/908
f 907/907/907 936/936/936 937/937/937
f 908/908/908 938/938/938 909/909/909
f 908/908/908 937/937/937 938/938/938
f 909/909/909 939/939/939 910/910/910
f 909/909/909 938/938/938 939/939/939
f 910/910/910 940/940/940 911/911/911
f 910/910/910 939/939/939 940/940/940
f 911/911/911 941/941/941 912/912/912
f 911/911/911 940/940/940 941/941/941
f 912/912/912 942/942/942 913/913/913
f 912/912/912 941/941/941 942/942/942
f 914/914/914 944/944/944 915/915/915
f 914/914/914 943/943/943 944/944/944
f 915/915/915 945/945/945 916/916/916
f 915/915/915 944/944/944 945/945/945
f 916/916/916 946/946/946 917/917/917
f 916/916/916 945/945/945 946/946/946
f 917/917/917 947/947/947 918/918/918
f 917/917/917 946/946/946 947/947/947
f 918/918/918 948/948/948 919/919/919
f 918/918/918 947/947/947 948/948/948
f 919/919/919 949/949/949 920/920/920
f 919/919/919 948/948/948 949/949/949
f 920/920/920 950/950/950 921/921/921
f 920/920/920 949/949/949 950/950/950
f 921/921/921 951/951/951 922/922/922
f 921/921/921 950/950/950 951/951/951
f 922/922/922 952/952/952 923/923/923
f 922/922/922 951/951/951 952/952/952
f 923/923/923 953/953/953 924/924/924
f 923/923/923 952/952/952 953/953/953
f 924/924/924 954/954/954 925/925/925
f 924/924/924 953/953/953 954/954/954
f 925/925/925 955/955/955 926/926/926
f 925/925/925 954/954/954 955/955/955
f 926/926/926 956/956/956 927/927/927
f 926/926/926 955/955/955 956/956/956
f 927/927/927 957/957/957 928/928/928
f 927/927/927 956/956/956 957/957/957
f 928/928/928 958/958/958 929/929/929
f 928/928/928 957/957/957 958/958/958
f 929/929/929 959/959/959 930/930/930
f 929/929/929 958/958/958 959/959/959
f 930/930/930 960/960/960 931/931/931
f 930/930/930 959/959/959 960/960/960
f 931/931/931 961/961/961 932/932/932
f 931/931/931 960/960/960 961/961/961
f 932/932/932 962/962/962 933/933/933
f 932/932/932 961/961/961 962/962/962
f 933/933/933 963/963/963 934/934/934
f 933/933/933 962/962/962 963/963/963
f 934/934/934 964/964/964 935/935/935
f 934/934/934 963/963/963 964/964/964
f 935/935/935 965/965/965 936/936/936
f 935/935/935 964/964/964 965/965/965
f 936/936/936 966/966/966 937/937/937
f 936/936/936 965/965/965 966/966/966
f 937/937/937 967/967/967 938/938/938
f 937/937/937 966/966/966 967/967/967
f 938/938/938 968/968/968 939/939/939
f 938/938/938 967/967/967 968/968/968
f 939/939/939 969/969/969 940/940/940
f 939/939/939 968/968/968 969/969/969
f 940/940/940 970/970/970 941/941/941
f 940/940/940 969/969/969 970/970/970
f 941/941/941 971/971/971 942/942/942
f 941/941/941 970/970/970 971/971/971
f 943/943/943 973/973/973 944/944/944
f 943/943/943 972/972/972 973/973/973
f 944/944/944 974/974/974 945/945/945
f 944/944/944 973/973/973 974/974/974
f 945/945/945 975/975/975 946/946/946
f 945/945/945 974/974/974 975/975/975
f 946/946/946 976/976/976 947/947/947
f 946/946/946 975/975/975 976/976/976
f 947/947/947 977/977/977 948/948/948
f 947/947/947 976/976/976 977/977/977
f 948/948/948 978/978/978 949/949/949
f 948/948/948 977/977/977 978/978/978
f 949/949/949 979/979/979 950/950/950
f 949/949/949 978/978/978 979/979/979
f 950/950/950 980/980/980 951/951/951
f 950/950/950 979/979/979 980/980/980
f 951/951/951 981/981/981 952/952/952
f 951/951/951 980/980/980 981/981/981
f 952/952/952 982/982/982 953/953/953
f 952/952/952 981/981/981 982/982/982
f 953/953/953 983/983/983 954/954/954
f 953/953/953 982/982/982 983/983/983
f 954/954/954 984/984/984 955/955/955
f 954/954/954 983/983/983 984/984/984
f 955/955/955 985/985/985 956/956/956
f 955/955/955 984/984/984 985/985/985
f 956/956/956 986/986/986 957/957/957
f 956/956/956 985/985/985 986/986/986
f 957/957/957 987/987/987 958/958/958
f 957/957/957 986/986/986 987/987/987
f 958/958/958 988/988/988 959/959/959
f 958/958/958 987/987/987 988/988/988
f 959/959/959 989/989/989 960/960/960
f 959/959/959 988/988/988 989/989/989
f 960/960/960 990/990/990 961/961/961
f 960/960/960 989/989/989 990/990/990
f 961/961/961 991/991/991 962/962/962
f 961/961/961 990/990/990 991/991/991
f 962/962/962 992/992/992 963/963/963
f 962/962/962 991/991/991 992/992/992
f 963/963/963 993/993/993 964/964/964
f 963/963/963 992/992/992 993/993/993
f 964/964/964 994/994/994 965/965/965
f 964/964/964 993/993/993 994/994/994
f 965/965/965 995/995/995 966/966/966
f 965/965/965 994/994/994 995/995/995
f 966/966/966 996/996/996 967/967/967
f 966/966/966 995/995/995 996/996/996
f 967/967/967 997/997/997 968/968/968
f 967/967/967 996/996/996 997/997/997
f 968/968/968 998/998/998 969/969/969
f 968/968/968 997/997/997 998/998/998
f 969/969/969 999/999/999 970/970/970
f 969/969/969 998/998/998 999/999/999
f 970/970/970 1000/1000/1000 971/971/971
f 970/970/970 999/999/999 1000/1000/1000
f 972/972/972 1002/1002/1002 973/973/973
f 972/972/972 1001/1001/1001 1002/1002/1002
f 973/973/973 1003/1003/1003 974/974/974
f 973/973/973 1002/1002/1002 1003/1003/1003
f 974/974/974 1004/1004/1004 975/975/975
f 974/974/974 1003/1003/1003 1004/1004/1004
f 975/975/975 1005/1005/1005 976/976/976
f 975/975/975 1004/1004/1004 1005/1005/1005
f 976/976/976 1006/1006/1006 977/977/977
f 976/976/976 1005/1005/1005 1006/1006/1006
f 977/977/977 1007/1007/1007 978/978/978
f 977/977/977 1006/1006/1006 1007/1007/1007
f 978/978/978 1008/1008/1008 979/979/979
f 978/978/978 1007/1007/1007 1008/1008/1008
f 979/979/979 1009/1009/1009 980/980/980
f 979/979/979 1008/1008/1008 1009/1009/1009
f 980/980/980 1010/1010/1010 981/981/981
f 980/980/980 1009/1009/1009 1010/1010/1010
f 981/981/981 1011/1011/1011 982/982/982
f 981/981/981 1010/1010/1010 1011/1011/1011
f 982/982/982 1012/1012/1012 983/983/983
f 982/982/982 1011/1011/1011 1012/1012/1012
f 983/983/983 1013/1013/1013 984/984/984
f 983/983/983 1012/1012/1012 1013/1013/1013
f 984/984/984 1014/1014/1014 985/985/985
f 984/984/984 1013/1013/1013 1014/1014/1014
f 985/985/985 1015/1015/1015 986/986/986
f 985/985/985 1014/1014/1014 1015/1015/1015
f 986/986/986 1016/1016/1016 987/987/987
f 986/986/986 1015/1015/1015 1016/1016/1016
f 987/987/987 1017/1017/1017 988/988/988
f 987/987/987 1016/1016/1016 1017/1017/1017
f 988/988/988 1018/1018/1018 989/989/989
f 988/988/988 1017/1017/1017 1018/1018/1018
f 989/989/989 1019/1019/1019 990/990/990
f 989/989/989 1018/1018/1018 1019/1019/1019
f 990/990/990 1020/1020/1020 991/991/991
f 990/990/990 1019/1019/1019 1020/1020/1020
f 991/991/991 1021/1021/1021 992/992/992
f 991/991/991 1020/1020/1020 1021/1021/1021
f 992/992/992 1022/1022/1022 993/993/993
f 992/992/992 1021/1021/1021 1022/1022/1022
f 993/993/993 1023/1023/1023 994/994/994
f 993/993/993 1022/1022/1022 1023/1023/1023
f 994/994/994 1024/1024/1024 995/995/995
f 994/994/994 1023/1023/1023 1024/1024/1024
f 995/995/995 1025/1025/1025 996/996/996
f 995/995/995 1024/1024/1024 1025/1025/1025
f 996/996/996 1026/1026/1026 997/997/997
f 996/996/996 1025/1025/1025 1026/1026/1026
f 997/997/997 1027/1027/1027 998/998/998
f 997/997/997 1026/1026/1026 1027/1027/1027
f 998/998/998 1028/1028/1028 999/999/999
f 998/998/998 1027/1027/1027 1028/1028/1028
f 999/999/999 1029/1029/1029 1000/1000/1000
f 999/999/999 1028/1028/1028 1029/1029/1029
f 1001/1001/1001 1031/1031/1031 1002/1002/1002
f 1001/1001/1001 1030/1030/1030 1031/1031/1031
f 1002/1002/1002 1032/1032/1032 1003/1003/1003
f 1002/1002/1002 1031/1031/1031 1032/1032/1032
f 1003/1003/1003 1033/1033/1033 1004/1004/1004
f 1003/1003/1003 1032/1032/1032 1033/1033/1033
f 1004/1004/1004 1034/1034/1034 1005/1005/1005
f 1004/1004/1004 1033/1033/1033 1034/1034/1034
f 1005/1005/1005 1035/1035/1035 1006/1006/1006
f 1005/1005/1005 1034/1034/1034 1035/1035/1035
f 1006/1006/1006 1036/1036/1036 1007/1007/1007
f 1006/1006/1006 1035/1035/1035 1036/1036/1036
f 1007/1007/1007 1037/1037/1037 1008/1008/1008
f 1007/1007/1007 1036/1036/1036 1037/1037/1037
f 1008/1008/1008 1038/1038/1038 1009/1009/1009
f 1008/1008/1008 1037/1037/1037 1038/1038/1038
f 1009/1009/1009 1039/1039/1039 1010/1010/1010
f 1009/1009/1009 1038/1038/1038 1039/1039/1039
f 1010/1010/1010 1040/1040/1040 1011/1011/1011
f 1010/1010/1010 1039/1039/1039 1040/1040/1040
f 1011/1011/1011 1041/1041/1041 1012/1012/1012
f 1011/1011/1011 1040/1040/1040 1041/1041/1041
f 1012/1012/1012 1042/1042/1042 1013/1013/1013
f 1012/1012/1012 1041/1041/1041 1042/1042/1042
f 1013/1013/1013 1043/1043/1043 1014/1014/1014
f 1013/1013/1013 1042/1042/1042 1043/1043/1043
f 1014/1014/1014 1044/1044/1044 1015/1015/1015
f 1014/1014/1014 1043/1043/1043 1044/1044/1044
f 1015/1015/1015 1045/1045/1045 1016/1016/1016
f 1015/1015/1015 1044/1044/1044 1045/1045/1045
f 1016/1016/1016 1046/1046/1046 1017/1017/1017
f 1016/1016/1016 1045/1045/1045 1046/1046/1046
f 1017/1017/1017 1047/1047/1047 1018/1018/1018
f 1017/1017/1017 1046/1046/1046 1047/1047/1047
f 1018/1018/1018 1048/1048/1048 1019/1019/1019
f 1018/1018/1018 1047/1047/1047 1048/1048/1048
f 1019/1019/1019 1049/1049/1049 1020/1020/1020
f 1019/1019/1019 1048/1048/1048 1049/1049/1049
f 1020/1020/1020 1050/1050/1050 1021/1021/1021
f 1020/1020/1020 1049/1049/1049 1050/1050/1050
f 1021/1021/1021 1051/1051/1051 1022/1022/1022
f 1021/1021/1021 1050/1050/1050 1051/1051/1051
f 1022/1022/1022 1052/1052/1052 1023/1023/1023
f 1022/1022/1022 1051/1051/1051 1052/1052/1052
f 1023/1023/1023 1053/1053/1053 1024/1024/1024
f 1023/1023/1023 1052/1052/1052 1053/1053/1053
f 1024/1024/1024 1054/1054/1054 1025/1025/1025
f 1024/1024/1024 1053/1053/1053 1054/1054/1054
f 1025/1025/1025 1055/1055/1055 1026/1026/1026
f 1025/1025/1025 1054/1054/1054 1055/1055/1055
f 1026/1026/1026 1056/1056/1056 1027/1027/1027
f 1026/1026/1026 1055/1055/1055 1056/1056/1056
f 1027/1027/1027 1057/1057/1057 1028/1028/1028
f 1027/1027/1027 1056/1056/1056 1057/1057/1057
f 1028/1028/1028 1058/1058/1058 1029/1029/1029
f 1028/1028/1028 1057/1057/1057 1058/1058/1058
f 1030/1030/1030 1060/1060/1060 1031/1031/1031
f 1030/1030/1030 1059/1059/1059 1060/1060/1060
f 1031/1031/1031 1061/1061/1061 1032/1032/1032
f 1031/1031/1031 1060/1060/1060 1061/1061/1061
f 1032/1032/1032 1062/1062/1062 1033/1033/1033
f 1032/1032/1032 1061/1061/1061 1062/1062/1062
f 1033/1033/1033 1063/1063/1063 1034/1034/1034
f 1033/1033/1033 1062/1062/1062 1063/1063/1063
f 1034/1034/1034 1064/1064/1064 1035/1035/1035
f 1034/1034/1034 1063/1063/1063 1064/1064/1064
f 1035/1035/1035 1065/1065/1065 1036/1036/1036
f 1035/1035/1035 1064/1064/1064 1065/1065/1065
f 1036/1036/1036 1066/1066/1066 1037/1037/1037
f 1036/1036/1036 1065/1065/1065 1066/1066/1066
f 1037/1037/1037 1067/1067/1067 1038/1038/1038
f 1037/1037/1037 1066/1066/1066 1067/1067/1067
f 1038/1038/1038 1068/1068/1068 1039/1039/1039
f 1038/1038/1038 1067/1067/1067 1068/1068/1068
f 1039/1039/1039 1069/1069/1069 1040/1040/1040
f 1039/1039/1039 1068/1068/1068 1069/1069/1069
f 1040/1040/1040 1070/1070/1070 1041/1041/1041
f 1040/1040/1040 1069/1069/1069 1070/1070/1070
f 1041/1041/1041 1071/1071/1071 1042/1042/1042
f 1041/1041/1041 1070/1070/1070 1071/1071/1071
f 1042/1042/1042 1072/1072/1072 1043/1043/1043
f 1042/1042/1042 1071/1071/1071 1072/1072/1072
f 1043/1043/1043 1073/1073/1073 1044/1044/1044
f 1043/1043/1043 1072/1072/1072 1073/1073/1073
f 1044/1044/1044 1074/1074/1074 1045/1045/1045
f 1044/1044/1044 1073/1073/1073 1074/1074/1074
f 1045/1045/1045 1075/1075/1075 1046/1046/1046
f 1045/1045/1045 1074/1074/1074 1075/1075/1075
f 1046/1046/1046 1076/1076/1076 1047/1047/1047
f 1046/1046/1046 1075/1075/1075 1076/1076/1076
f 1047/1047/1047 1077/1077/1077 1048/1048/1048
f 1047/1047/1047 1076/1076/1076 1077/1077/1077
f 1048/1048/1048 1078/1078/1078 1049/1049/1049
f 1048/1048/1048 1077/1077/1077 1078/1078/1078
f 1049/1049/1049 1079/1079/1079 1050/1050/1050
f 1049/1049/1049 1078/1078/1078 1079/1079/1079
f 1050/1050/1050 1080/1080/1080 1051/1051/1051
f 1050/1050/1050 1079/1079/1079 1080/1080/1080
f 1051/1051/1051 1081/1081/1081 1052/1052/1052
f 1051/1051/1051 1080/1080/1080 1081/1081/1081
f 1052/1052/1052 1082/1082/1082 1053/1053/1053
f 1052/1052/1052 1081/1081/1081 1082/1082/1082
f 1053/1053/1053 1083/1083/1083 1054/1054/1054
f 1053/1053/1053 1082/1082/1082 1083/1083/1083
f 1054/1054/1054 1084/1084/1084 1055/1055/1055
f 1054/1054/1054 1083/1083/1083 1084/1084/1084
f 1055/1055/1055 1085/1085/1085 1056/1056/1056
f 1055/1055/1055 1084/1084/1084 1085/1085/1085
f 1056/1056/1056 1086/1086/1086 1057/1057/1057
f 1056/1056/1056 1085/1085/1085 1086/1086/1086
f 1057/1057/1057 1087/1087/1087 1058/1058/1058
f 1057/1057/1057 1086/1086/1086 1087/1087/1087
f 1059/1059/1059 1088/1088/1088 1060/1060/1060
f 1060/1060/1060 1089/1089/1089 1061/1061/1061
f 1061/1061/1061 1090/1090/1090 1062/1062/1062
f 1062/1062/1062 1091/1091/1091 1063/1063/1063
f 1063/1063/1063 1092/1092/1092 1064/1064/1064
f 1064/1064/1064 1093/1093/1093 1065/1065/1065
f 1065/1065/1065 1094/1094/1094 1066/1066/1066
f 1066/1066/1066 1095/1095/1095 1067/1067/1067
f 1067/1067/1067 1096/1096/1096 1068/1068/1068
f 1068/1068/1068 1097/1097/1097 1069/1069/1069
f 1069/1069/1069 1098/1098/1098 1070/1070/1070
f 1070/1070/1070 1099/1099/1099 1071/1071/1071
f 1071/1071/1071 1100/1100/1100 1072/1072/1072
f 1072/1072/1072 1101/1101/1101 1073/1073/1073
f 1073/1073/1073 1102/1102/1102 1074/1074/1074
f 1074/1074/1074 1103/1103/1103 1075/1075/1075
f 1075/1075/1075 1104/1104/1104 1076/1076/1076
f 1076/1076/1076 1105/1105/1105 1077/1077/1077
f 1077/1077/1077 1106/1106/1106 1078/1078/1078
f 1078/1078/1078 1107/1107/1107 1079/1079/1079
f 1079/1079/1079 1108/1108/1108 1080/1080/1080
f 1080/1080/1080 1109/1109/1109 1081/1081/1081
f 1081/1081/1081 1110/1110/1110 1082/1082/1082
f 1082/1082/1082 1111/1111/1111 1083/1083/1083
f 1083/1083/1083 1112/1112/1112 1084/1084/1084
f 1084/1084/1084 1113/1113/1113 1085/1085/1085
f 1085/1085/1085 1114/1114/1114 1086/1086/1086
f 1086/1086/1086 1115/1115/1115 1087/1087/1087
f 5001/5001/5001 5002/5002/5002 5019/5019/5019
f 5001/5001/5001 5019/5019/5019 5018/5018/5018
f 5002/5002/5002 5003/5003/5003 5020/5020/5020
f 5002/5002/5002 5020/5020/5020 5019/5019/5019
f 5003/5003/5003 5004/5004/5004 5021/5021/5021
f 5003/5003/5003 5021/5021/5021 5020/5020/5020
f 5004/5004/5004 5005/5005/5005 5022/5022/5022
f 5004/5004/5004 5022/5022/5022 5021/5021/5021
f 5005/5005/5005 5006/5006/5006 5023/5023/5023
f 5005/5005/5005 5023/5023/5023 5022/5022/5022
f 5006/5006/5006 5007/5007/5007 5024/5024/5024
f 5006/5006/5006 5024/5024/5024 5023/5023/5023
f 5007/5007/5007 5008/5008/5008 5025/5025/5025
f 5007/5007/5007 5025/5025/5025 5024/5024/5024
f 5008/5008/5008 5009/5009/5009 5026/5026/5026
f 5008/5008/5008 5026/5026/5026 5025/5025/5025
f 5009/5009/5009 5010/5010/5010 5027/5027/5027
f 5009/5009/5009 5027/5027/5027 5026/5026/5026
f 5010/5010/5010 5011/5011/5011 5028/5028/5028
f 5010/5010/5010 5028/5028/5028 5027/5027/5027
f 5011/5011/5011 5012/5012/5012 5029/5029/5029
f 5011/5011/5011 5029/5029/5029 5028/5028/5028
f 5012/5012/5012 5013/5013/5013 5030/5030/5030
f 5012/5012/5012 5030/5030/5030 5029/5029/5029
f 5013/5013/5013 5014/5014/5014 5031/5031/5031
f 5013/5013/5013 5031/5031/5031 5030/5030/5030
f 5014/5014/5014 5015/5015/5015 5032/5032/5032
f 5014/5014/5014 5032/5032/5032 5031/5031/5031
f 5015/5015/5015 5016/5016/5016 5033/5033/5033
f 5015/5015/5015 5033/5033/5033 5032/5032/5032
f 5016/5016/5016 5017/5017/5017 5034/5034/5034
f 5016/5016/5016 5034/5034/5034 5033/5033/5033
f 5018/5018/5018 5019/5019/5019 5036/5036/5036
f 5018/5018/5018 5036/5036/5036 5035/5035/5035
f 5019/5019/5019 5020/5020/5020 5037/5037/5037
f 5019/5019/5019 5037/5037/5037 5036/5036/5036
f 5020/5020/5020 5021/5021/5021 5038/5038/5038
f 5020/5020/5020 5038/5038/5038 5037/5037/5037
f 5021/5021/5021 5022/5022/5022 5039/5039/5039
f 5021/5021/5021 5039/5039/5039 5038/5038/5038
f 5022/5022/5022 5023/5023/5023 5040/5040/5040
f 5022/5022/5022 5040/5040/5040 5039/5039/5039
f 5023/5023/5023 5024/5024/5024 5041/5041/5041
f 5023/5023/5023 5041/5041/5041 5040/5040/5040
f 5024/5024/5024 5025/5025/5025 5042/5042/5042
f 5024/5024/5024 5042/5042/5042 5041/5041/5041
f 5025/5025/5025 5026/5026/5026 5043/5043/5043
f 5025/5025/5025 5043/5043/5043 5042/5042/5042
f 5026/5026/5026 5027/5027/5027 5044/5044/5044
f 5026/5026/5026 5044/5044/5044 5043/5043/5043
f 5027/5027/5027 5028/5028/5028 5045/5045/5045
f 5027/5027/5027 5045/5045/5045 5044/5044/5044
f 5028/5028/5028 5029/5029/5029 5046/5046/5046
f 5028/5028/5028 5046/5046/5046 5045/5045/5045
f 5029/5029/5029 5030/5030/5030 5047/5047/5047
f 5029/5029/5029 5047/5047/5047 5046/5046/5046
f 5030/5030/5030 5031/5031/5031 5048/5048/5048
f 5030/5030/5030 5048/5048/5048 5047/5047/5047
f 5031/5031/5031 5032/5032/5032 5049/5049/5049
f 5031/5031/5031 5049/5049/5049 5048/5048/5048
f 5032/5032/5032 5033/5033/5033 5050/5050/5050
f 5032/5032/5032 5050/5050/5050 5049/5049/5049
f 5033/5033/5033 5034/5034/5034 5051/5051/5051
f 5033/5033/5033 5051/5051/5051 5050/5050/5050
f 5035/5035/5035 5036/5036/5036 5053/5053/5053
f 5035/5035/5035 5053/5053/5053 5052/5052/5052
f 5036/5036/5036 5037/5037/5037 5054/5054/5054
f 5036/5036/5036 5054/5054/5054 5053/5053/5053
f 5037/5037/5037 5038/5038/5038 5055/5055/5055
f 5037/5037/5037 5055/5055/5055 5054/5054/5054
f 5038/5038/5038 5039/5039/5039 5056/5056/5056
f 5038/5038/5038 5056/5056/5056 5055/5055/5055
f 5039/5039/5039 5040/5040/5040 5057/5057/5057
f 5039/5039/5039 5057/5057/5057 5056/5056/5056
f 5040/5040/5040 5041/5041/5041 5058/5058/5058
f 5040/5040/5040 5058/5058/5058 5057/5057/5057
f 5041/5041/5041 5042/5042/5042 5059/5059/5059
f 5041/5041/5041 5059/5059/5059 5058/5058/5058
f 5042/5042/5042 5043/5043/5043 5060/5060/5060
f 5042/5042/5042 5060/5060/5060 5059/5059/5059
f 5043/5043/5043 5044/5044/5044 5061/5061/5061
f 5043/5043/5043 5061/5061/5061 5060/5060/5060
f 5044/5044/5044 5045/5045/5045 5062/5062/5062
f 5044/5044/5044 5062/5062/5062 5061/5061/5061
f 5045/5045/5045 5046/5046/5046 5063/5063/5063
f 5045/5045/5045 5063/5063/5063 5062/5062/5062
f 5046/5046/5046 5047/5047/5047 5064/5064/5064
f 5046/5046/5046 5064/5064/5064 5063/5063/5063
f 5047/5047/5047 5048/5048/5048 5065/5065/5065
f 5047/5047/5047 5065/5065/5065 5064/5064/5064
f 5048/5048/5048 5049/5049/5049 5066/5066/5066
f 5048/5048/5048 5066/5066/5066 5065/5065/5065
f 5049/5049/5049 5050/5050/5050 5067/5067/5067
f 5049/5049/5049 5067/5067/5067 5066/5066/5066
f 5050/5050/5050 5051/5051/5051 5068/5068/5068
f 5050/5050/5050 5068/5068/5068 5067/5067/5067
f 5052/5052/5052 5053/5053/5053 5070/5070/5070
f 5052/5052/5052 5070/5070/5070 5069/5069/5069
f 5053/5053/5053 5054/5054/5054 5071/5071/5071
f 5053/5053/5053 5071/5071/5071 5070/5070/5070
f 5054/5054/5054 5055/5055/5055 5072/5072/5072
f 5054/5054/5054 5072/5072/5072 5071/5071/5071
f 5055/5055/5055 5056/5056/5056 5073/5073/5073
f 5055/5055/5055 5073/5073/5073 5072/5072/5072
f 5056/5056/5056 5057/5057/5057 5074/5074/5074
f 5056/5056/5056 5074/5074/5074 5073/5073/5073
f 5057/5057/5057 5058/5058/5058 5075/5075/5075
f 5057/5057/5057 5075/5075/5075 5074/5074/5074
f 5058/5058/5058 5059/5059/5059 5076/5076/5076
f 5058/5058/5058 5076/5076/5076 5075/5075/5075
f 5059/5059/5059 5060/5060/5060 5077/5077/5077
f 5059/5059/5059 5077/5077/5077 5076/5076/5076
f 5060/5060/5060 5061/5061/5061 5078/5078/5078
f 5060/5060/5060 5078/5078/5078 5077/5077/5077
f 5061/5061/5061 5062/5062/5062 5079/5079/5079
f 5061/5061/5061 5079/5079/5079 5078/5078/5078
f 5062/5062/5062 5063/5063/5063 5080/5080/5080
f 5062/5062/5062 5080/5080/5080 5079/5079/5079
f 5063/5063/5063 5064/5064/5064 5081/5081/5081
f 5063/5063/5063 5081/5081/5081 5080/5080/5080
f 5064/5064/5064 5065/5065/5065 5082/5082/5082
f 5064/5064/5064 5082/5082/5082 5081/5081/5081
f 5065/5065/5065 5066/5066/5066 5083/5083/5083
f 5065/5065/5065 5083/5083/5083 5082/5082/5082
f 5066/5066/5066 5067/5067/5067 5084/5084/5084
f 5066/5066/5066 5084/5084/5084 5083/5083/5083
f 5067/5067/5067 5068/5068/5068 5085/5085/5085
f 5067/5067/5067 5085/5085/5085 5084/5084/5084
f 5069/5069/5069 5070/5070/5070 5087/5087/5087
f 5069/5069/5069 5087/5087/5087 5086/5086/5086
f 5070/5070/5070 5071/5071/5071 5088/5088/5088
f 5070/5070/5070 5088/5088/5088 5087/5087/5087
f 5071/5071/5071 5072/5072/5072 5089/5089/5089
f 5071/5071/5071 5089/5089/5089 5088/5088/5088
f 5072/5072/5072 5073/5073/5073 5090/5090/5090
f 5072/5072/5072 5090/5090/5090 5089/5089/5089
f 5073/5073/5073 5074/5074/5074 5091/5091/5091
f 5073/5073/5073 5091/5091/5091 5090/5090/5090
f 5074/5074/5074 5075/5075/5075 5092/5092/5092
f 5074/5074/5074 5092/5092/5092 5091/5091/5091
f 5075/5075/5075 5076/5076/5076 5093/5093/5093
f 5075/5075/5075 5093/5093/5093 5092/5092/5092
f 5076/5076/5076 5077/5077/5077 5094/5094/5094
f 5076/5076/5076 5094/5094/5094 5093/5093/5093
f 5077/5077/5077 5078/5078/5078 5095/5095/5095
f 5077/5077/5077 5095/5095/5095 5094/5094/5094
f 5078/5078/5078 5079/5079/5079 5096/5096/5096
f 5078/5078/5078 5096/5096/5096 5095/5095/5095
f 5079/5079/5079 5080/5080/5080 5097/5097/5097
f 5079/5079/5079 5097/5097/5097 5096/5096/5096
f 5080/5080/5080 5081/5081/5081 5098/5098/5098
f 5080/5080/5080 5098/5098/5098 5097/5097/5097
f 5081/5081/5081 5082/5082/5082 5099/5099/5099
f 5081/5081/5081 5099/5099/5099 5098/5098/5098
f 5082/5082/5082 5083/5083/5083 5100/5100/5100
f 5082/5082/5082 5100/5100/5100 5099/5099/5099
f 5083/5083/5083 5084/5084/5084 5101/5101/5101
f 5083/5083/5083 5101/5101/5101 5100/5100/5100
f 5084/5084/5084 5085/5085/5085 5102/5102/5102
f 5084/5084/5084 5102/5102/5102 5101/5101/5101
f 5086/5086/5086 5087/5087/5087 5104/5104/5104
f 5086/5086/5086 5104/5104/5104 5103/5103/5103
f 5087/5087/5087 5088/5088/5088 5105/5105/5105
f 5087/5087/5087 5105/5105/5105 5104/5104/5104
f 5088/5088/5088 5089/5089/5089 5106/5106/5106
f 5088/5088/5088 5106/5106/5106 5105/5105/5105
f 5089/5089/5089 5090/5090/5090 5107/5107/5107
f 5089/5089/5089 5107/5107/5107 5106/5106/5106
f 5090/5090/5090 5091/5091/5091 5108/5108/5108
f 5090/5090/5090 5108/5108/5108 5107/5107/5107
f 5091/5091/5091 5092/5092/5092 5109/5109/5109
f 5091/5091/5091 5109/5109/5109 5108/5108/5108
f 5092/5092/5092 5093/5093/5093 5110/5110/5110
f 5092/5092/5092 5110/5110/5110 5109/5109/5109
f 5093/5093/5093 5094/5094/5094 5111/5111/5111
f 5093/5093/5093 5111/5111/5111 5110/5110/5110
f 5094/5094/5094 5095/5095/5095 5112/5112/5112
f 5094/5094/5094 5112/5112/5112 5111/5111/5111
f 5095/5095/5095 5096/5096/5096 5113/5113/5113
f 5095/5095/5095 5113/5113/5113 5112/5112/5112
f 5096/5096/5096 5097/5097/5097 5114/5114/5114
f 5096/5096/5096 5114/5114/5114 5113/5113/5113
f 5097/5097/5097 5098/5098/5098 5115/5115/5115
f 5097/5097/5097 5115/5115/5115 5114/5114/5114
f 5098/5098/5098 5099/5099/5099 5116/5116/5116
f 5098/5098/5098 5116/5116/5116 5115/5115/5115
f 5099/5099/5099 5100/5100/5100 5117/5117/5117
f 5099/5099/5099 5117/5117/5117 5116/5116/5116
f 5100/5100/5100 5101/5101/5101 5118/5118/5118
f 5100/5100/5100 5118/5118/5118 5117/5117/5117
f 5101/5101/5101 5102/5102/5102 5119/5119/5119
f 5101/5101/5101 5119/5119/5119 5118/5118/5118
f 5103/5103/5103 5104/5104/5104 5121/5121/5121
f 5103/5103/5103 5121/5121/5121 5120/5120/5120
f 5104/5104/5104 5105/5105/5105 5122/5122/5122
f 5104/5104/5104 5122/5122/5122 5121/5121/5121
f 5105/5105/5105 5106/5106/5106 5123/5123/5123
f 5105/5105/5105 5123/5123/5123 5122/5122/5122
f 5106/5106/5106 5107/5107/5107 5124/5124/5124
f 5106/5106/5106 5124/5124/5124 5123/5123/5123
f 5107/5107/5107 5108/5108/5108 5125/5125/5125
f 5107/5107/5107 5125/5125/5125 5124/5124/5124
f 5108/5108/5108 5109/5109/5109 5126/5126/5126
f 5108/5108/5108 5126/5126/5126 5125/5125/5125
f 5109/5109/5109 5110/5110/5110 5127/5127/5127
f 5109/5109/5109 5127/5127/5127 5126/5126/5126
f 5110/5110/5110 5111/5111/5111 5128/5128/5128
f 5110/5110/5110 5128/5128/5128 5127/5127/5127
f 5111/5111/5111 5112/5112/5112 5129/5129/5129
f 5111/5111/5111 5129/5129/5129 5128/5128/5128
f 5112/5112/5112 5113/5113/5113 5130/5130/5130
f 5112/5112/5112 5130/5130/5130 5129/5129/5129
f 5113/5113/5113 5114/5114/5114 5131/5131/5131
f 5113/5113/5113 5131/5131/5131 5130/5130/5130
f 5114/5114/5114 5115/5115/5115 5132/5132/5132
f 5114/5114/5114 5132/5132/5132 5131/5131/5131
f 5115/5115/5115 5116/5116/5116 5133/5133/5133
f 5115/5115/5115 5133/5133/5133 5132/5132/5132
f 5116/5116/5116 5117/5117/5117 5134/5134/5134
f 5116/5116/5116 5134/5134/5134 5133/5133/5133
f 5117/5117/5117 5118/5118/5118 5135/5135/5135
f 5117/5117/5117 5135/5135/5135 5134/5134/5134
f 5118/5118/5118 5119/5119/5119 5136/5136/5136
f 5118/5118/5118 5136/5136/5136 5135/5135/5135
f 5120/5120/5120 5121/5121/5121 5138/5138/5138
f 5120/5120/5120 5138/5138/5138 5137/5137/5137
f 5121/5121/5121 5122/5122/5122 5139/5139/5139
f 5121/5121/5121 5139/5139/5139 5138/5138/5138
f 5122/5122/5122 5123/5123/5123 5140/5140/5140
f 5122/5122/5122 5140/5140/5140 5139/5139/5139
f 5123/5123/5123 5124/5124/5124 5141/5141/5141
f 5123/5123/5123 5141/5141/5141 5140/5140/5140
f 5124/5124/5124 5125/5125/5125 5142/5142/5142
f 5124/5124/5124 5142/5142/5142 5141/5141/5141
f 5125/5125/5125 5126/5126/5126 5143/5143/5143
f 5125/5125/5125 5143/5143/5143 5142/5142/5142
f 5126/5126/5126 5127/5127/5127 5144/5144/5144
f 5126/5126/5126 5144/5144/5144 5143/5143/5143
f 5127/5127/5127 5128/5128/5128 5145/5145/5145
f 5127/5127/5127 5145/5145/5145 5144/5144/5144
f 5128/5128/5128 5129/5129/5129 5146/5146/5146
f 5128/5128/5128 5146/5146/5146 5145/5145/5145
f 5129/5129/5129 5130/5130/5130 5147/5147/5147
f 5129/5129/5129 5147/5147/5147 5146/5146/5146
f 5130/5130/5130 5131/5131/5131 5148/5148/5148
f 5130/5130/5130 5148/5148/5148 5147/5147/5147
f 5131/5131/5131 5132/5132/5132 5149/5149/5149
f 5131/5131/5131 5149/5149/5149 5148/5148/5148
f 5132/5132/5132 5133/5133/5133 5150/5150/5150
f 5132/5132/5132 5150/5150/5150 5149/5149/5149
f 5133/5133/5133 5134/5134/5134 5151/5151/5151
f 5133/5133/5133 5151/5151/5151 5150/5150/5150
f 5134/5134/5134 5135/5135/5135 5152/5152/5152
f 5134/5134/5134 5152/5152/5152 5151/5151/5151
f 5135/5135/5135 5136/5136/5136 5153/5153/5153
f 5135/5135/5135 5153/5153/5153 5152/5152/5152
f 5154/5154/5154 5002/5002/5002 5001/5001/5001
f 5154/5154/5154 5003/5003/5003 5002/5002/5002
f 5154/5154/5154 5004/5004/5004 5003/5003/5003
f 5154/5154/5154 5005/5005/5005 5004/5004/5004
f 5154/5154/5154 5006/5006/5006 5005/5005/5005
f 5154/5154/5154 5007/5007/5007 5006/5006/5006
f 5154/5154/5154 5008/5008/5008 5007/5007/5007
f 5154/5154/5154 5009/5009/5009 5008/5008/5008
f 5154/5154/5154 5010/5010/5010 5009/5009/5009
f 5154/5154/5154 5011/5011/5011 5010/5010/5010
f 5154/5154/5154 5012/5012/5012 5011/5011/5011
f 5154/5154/5154 5013/5013/5013 5012/5012/5012
f 5154/5154/5154 5014/5014/5014 5013/5013/5013
f 5154/5154/5154 5015/5015/5015 5014/5014/5014
f 5154/5154/5154 5016/5016/5016 5015/5015/5015
f 5154/5154/5154 5017/5017/5017 5016/5016/5016
g beak_yellow
usemtl beak_yellow
f 1117/1117/1117 1118/1118/1118 1139/1139/1139
f 1117/1117/1117 1139/1139/1139 1138/1138/1138
f 1118/1118/1118 1119/1119/1119 1140/1140/1140
f 1118/1118/1118 1140/1140/1140 1139/1139/1139
f 1119/1119/1119 1120/1120/1120 1141/1141/1141
f 1119/1119/1119 1141/1141/1141 1140/1140/1140
f 1120/1120/1120 1121/1121/1121 1142/1142/1142
f 1120/1120/1120 1142/1142/1142 1141/1141/1141
f 1121/1121/1121 1122/1122/1122 1143/1143/1143
f 1121/1121/1121 1143/1143/1143 1142/1142/1142
f 1122/1122/1122 1123/1123/1123 1144/1144/1144
f 1122/1122/1122 1144/1144/1144 1143/1143/1143
f 1123/1123/1123 1124/1124/1124 1145/1145/1145
f 1123/1123/1123 1145/1145/1145 1144/1144/1144
f 1124/1124/1124 1125/1125/1125 1146/1146/1146
f 1124/1124/1124 1146/1146/1146 1145/1145/1145
f 1125/1125/1125 1126/1126/1126 1147/1147/1147
f 1125/1125/1125 1147/1147/1147 1146/1146/1146
f 1126/1126/1126 1127/1127/1127 1148/1148/1148
f 1126/1126/1126 1148/1148/1148 1147/1147/1147
f 1127/1127/1127 1128/1128/1128 1149/1149/1149
f 1127/1127/1127 1149/1149/1149 1148/1148/1148
f 1128/1128/1128 1129/1129/1129 1150/1150/1150
f 1128/1128/1128 1150/1150/1150 1149/1149/1149
f 1129/1129/1129 1130/1130/1130 1151/1151/1151
f 1129/1129/1129 1151/1151/1151 1150/1150/1150
f 1130/1130/1130 1131/1131/1131 1152/1152/1152
f 1130/1130/1130 1152/1152/1152 1151/1151/1151
f 1131/1131/1131 1132/1132/1132 1153/1153/1153
f 1131/1131/1131 1153/1153/1153 1152/1152/1152
f 1132/1132/1132 1133/1133/1133 1154/1154/1154
f 1132/1132/1132 1154/1154/1154 1153/1153/1153
f 1133/1133/1133 1134/1134/1134 1155/1155/1155
f 1133/1133/1133 1155/1155/1155 1154/1154/1154
f 1134/1134/1134 1135/1135/1135 1156/1156/1156
f 1134/1134/1134 1156/1156/1156 1155/1155/1155
f 1135/1135/1135 1136/1136/1136 1157/1157/1157
f 1135/1135/1135 1157/1157/1157 1156/1156/1156
f 1136/1136/1136 1137/1137/1137 1158/1158/1158
f 1136/1136/1136 1158/1158/1158 1157/1157/1157
f 1138/1138/1138 1139/1139/1139 1160/1160/1160
f 1138/1138/1138 1160/1160/1160 1159/1159/1159
f 1139/1139/1139 1140/1140/1140 1161/1161/1161
f 1139/1139/1139 1161/1161/1161 1160/1160/1160
f 1140/1140/1140 1141/1141/1141 1162/1162/1162
f 1140/1140/1140 1162/1162/1162 1161/1161/1161
f 1141/1141/1141 1142/1142/1142 1163/1163/1163
f 1141/1141/1141 1163/1163/1163 1162/1162/1162
f 1142/1142/1142 1143/1143/1143 1164/1164/1164
f 1142/1142/1142 1164/1164/1164 1163/1163/1163
f 1143/1143/1143 1144/1144/1144 1165/1165/1165
f 1143/1143/1143 1165/1165/1165 1164/1164/1164
f 1144/1144/1144 1145/1145/1145 1166/1166/1166
f 1144/1144/1144 1166/1166/1166 1165/1165/1165
f 1145/1145/1145 1146/1146/1146 1167/1167/1167
f 1145/1145/1145 1167/1167/1167 1166/1166/1166
f 1146/1146/1146 1147/1147/1147 1168/1168/1168
f 1146/1146/1146 1168/1168/1168 1167/1167/1167
f 1147/1147/1147 1148/1148/1148 1169/1169/1169
f 1147/1147/1147 1169/1169/1169 1168/1168/1168
f 1148/1148/1148 1149/1149/1149 1170/1170/1170
f 1148/1148/1148 1170/1170/1170 1169/1169/1169
f 1149/1149/1149 1150/1150/1150 1171/1171/1171
f 1149/1149/1149 1171/1171/1171 1170/1170/1170
f 1150/1150/1150 1151/1151/1151 1172/1172/1172
f 1150/1150/1150 1172/1172/1172 1171/1171/1171
f 1151/1151/1151 1152/1152/1152 1173/1173/1173
f 1151/1151/1151 1173/1173/1173 1172/1172/1172
f 1152/1152/1152 1153/1153/1153 1174/1174/1174
f 1152/1152/1152 1174/1174/1174 1173/1173/1173
f 1153/1153/1153 1154/1154/1154 1175/1175/1175
f 1153/1153/1153 1175/1175/1175 1174/1174/1174
f 1154/1154/1154 1155/1155/1155 1176/1176/1176
f 1154/1154/1154 1176/1176/1176 1175/1175/1175
f 1155/1155/1155 1156/1156/1156 1177/1177/1177
f 1155/1155/1155 1177/1177/1177 1176/1176/1176
f 1156/1156/1156 1157/1157/1157 1178/1178/1178
f 1156/1156/1156 1178/1178/1178 1177/1177/1177
f 1157/1157/1157 1158/1158/1158 1179/1179/1179
f 1157/1157/1157 1179/1179/1179 1178/1178/1178
f 1159/1159/1159 1160/1160/1160 1181/1181/1181
f 1159/1159/1159 1181/1181/1181 1180/1180/1180
f 1160/1160/1160 1161/1161/1161 1182/1182/1182
f 1160/1160/1160 1182/1182/1182 1181/1181/1181
f 1161/1161/1161 1162/1162/1162 1183/1183/1183
f 1161/1161/1161 1183/1183/1183 1182/1182/1182
f 1162/1162/1162 1163/1163/1163 1184/1184/1184
f 1162/1162/1162 1184/1184/1184 1183/1183/1183
f 1163/1163/1163 1164/1164/1164 1185/1185/1185
f 1163/1163/1163 1185/1185/1185 1184/1184/1184
f 1164/1164/1164 1165/1165/1165 1186/1186/1186
f 1164/1164/1164 1186/1186/1186 1185/1185/1185
f 1165/1165/1165 1166/1166/1166 1187/1187/1187
f 1165/1165/1165 1187/1187/1187 1186/1186/1186
f 1166/1166/1166 1167/1167/1167 1188/1188/1188
f 1166/1166/1166 1188/1188/1188 1187/1187/1187
f 1167/1167/1167 1168/1168/1168 1189/1189/1189
f 1167/1167/1167 1189/1189/1189 1188/1188/1188
f 1168/1168/1168 1169/1169/1169 1190/1190/1190
f 1168/1168/1168 1190/1190/1190 1189/1189/1189
f 1169/1169/1169 1170/1170/1170 1191/1191/1191
f 1169/1169/1169 1191/1191/1191 1190/1190/1190
f 1170/1170/1170 1171/1171/1171 1192/1192/1192
f 1170/1170/1170 1192/1192/1192 1191/1191/1191
f 1171/1171/1171 1172/1172/1172 1193/1193/1193
f 1171/1171/1171 1193/1193/1193 1192/1192/1192
f 1172/1172/1172 1173/1173/1173 1194/1194/1194
f 1172/1172/1172 1194/1194/1194 1193/1193/1193
f 1173/1173/1173 1174/1174/1174 1195/1195/1195
f 1173/1173/1173 1195/1195/1195 1194/1194/1194
f 1174/1174/1174 1175/1175/1175 1196/1196/1196
f 1174/1174/1174 1196/1196/1196 1195/1195/1195
f 1175/1175/1175 1176/1176/1176 1197/1197/1197
f 1175/1175/1175 1197/1197/1197 1196/1196/1196
f 1176/1176/1176 1177/1177/1177 1198/1198/1198
f 1176/1176/1176 1198/1198/1198 1197/1197/1197
f 1177/1177/1177 1178/1178/1178 1199/1199/1199
f 1177/1177/1177 1199/1199/1199 1198/1198/1198
f 1178/1178/1178 1179/1179/1179 1200/1200/1200
f 1178/1178/1178 1200/1200/1200 1199/1199/1199
f 1180/1180/1180 1181/1181/1181 1202/1202/1202
f 1180/1180/1180 1202/1202/1202 1201/1201/1201
f 1181/1181/1181 1182/1182/1182 1203/1203/1203
f 1181/1181/1181 1203/1203/1203 1202/1202/1202
f 1182/1182/1182 1183/1183/1183 1204/1204/1204
f 1182/1182/1182 1204/1204/1204 1203/1203/1203
f 1183/1183/1183 1184/1184/1184 1205/1205/1205
f 1183/1183/1183 1205/1205/1205 1204/1204/1204
f 1184/1184/1184 1185/1185/1185 1206/1206/1206
f 1184/1184/1184 1206/1206/1206 1205/1205/1205
f 1185/1185/1185 1186/1186/1186 1207/1207/1207
f 1185/1185/1185 1207/1207/1207 1206/1206/1206
f 1186/1186/1186 1187/1187/1187 1208/1208/1208
f 1186/1186/1186 1208/1208/1208 1207/1207/1207
f 1187/1187/1187 1188/1188/1188 1209/1209/1209
f 1187/1187/1187 1209/1209/1209 1208/1208/1208
f 1188/1188/1188 1189/1189/1189 1210/1210/1210
f 1188/1188/1188 1210/1210/1210 1209/1209/1209
f 1189/1189/1189 1190/1190/1190 1211/1211/1211
f 1189/1189/1189 1211/1211/1211 1210/1210/1210
f 1190/1190/1190 1191/1191/1191 1212/1212/1212
f 1190/1190/1190 1212/1212/1212 1211/1211/1211
f 1191/1191/1191 1192/1192/1192 1213/1213/1213
f 1191/1191/1191 1213/1213/1213 1212/1212/1212
f 1192/1192/1192 1193/1193/1193 1214/1214/1214
f 1192/1192/1192 1214/1214/1214 1213/1213/1213
f 1193/1193/1193 1194/1194/1194 1215/1215/1215
f 1193/1193/1193 1215/1215/1215 1214/1214/1214
f 1194/1194/1194 1195/1195/1195 1216/1216/1216
f 1194/1194/1194 1216/1216/1216 1215/1215/1215
f 1195/1195/1195 1196/1196/1196 1217/1217/1217
f 1195/1195/1195 1217/1217/1217 1216/1216/1216
f 1196/1196/1196 1197/1197/1197 1218/1218/1218
f 1196/1196/1196 1218/1218/1218 1217/1217/1217
f 1197/1197/1197 1198/1198/1198 1219/1219/1219
f 1197/1197/1197 1219/1219/1219 1218/1218/1218
f 1198/1198/1198 1199/1199/1199 1220/1220/1220
f 1198/1198/1198 1220/1220/1220 1219/1219/1219
f 1199/1199/1199 1200/1200/1200 1221/1221/1221
f 1199/1199/1199 1221/1221/1221 1220/1220/1220
f 1201/1201/1201 1202/1202/1202 1223/1223/1223
f 1201/1201/1201 1223/1223/1223 1222/1222/1222
f 1202/1202/1202 1203/1203/1203 1224/1224/1224
f 1202/1202/1202 1224/1224/1224 1223/1223/1223
f 1203/1203/1203 1204/1204/1204 1225/1225/1225
f 1203/1203/1203 1225/1225/1225 1224/1224/1224
f 1204/1204/1204 1205/1205/1205 1226/1226/1226
f 1204/1204/1204 1226/1226/1226 1225/1225/1225
f 1205/1205/1205 1206/1206/1206 1227/1227/1227
f 1205/1205/1205 1227/1227/1227 1226/1226/1226
f 1206/1206/1206 1207/1207/1207 1228/1228/1228
f 1206/1206/1206 1228/1228/1228 1227/1227/1227
f 1207/1207/1207 1208/1208/1208 1229/1229/1229
f 1207/1207/1207 1229/1229/1229 1228/1228/1228
f 1208/1208/1208 1209/1209/1209 1230/1230/1230
f 1208/1208/1208 1230/1230/1230 1229/1229/1229
f 1209/1209/1209 1210/1210/1210 1231/1231/1231
f 1209/1209/1209 1231/1231/1231 1230/1230/1230
f 1210/1210/1210 1211/1211/1211 1232/1232/1232
f 1210/1210/1210 1232/1232/1232 1231/1231/1231
f 1211/1211/1211 1212/1212/1212 1233/1233/1233
f 1211/1211/1211 1233/1233/1233 1232/1232/1232
f 1212/1212/1212 1213/1213/1213 1234/1234/1234
f 1212/1212/1212 1234/1234/1234 1233/1233/1233
f 1213/1213/1213 1214/1214/1214 1235/1235/1235
f 1213/1213/1213 1235/1235/1235 1234/1234/1234
f 1214/1214/1214 1215/1215/1215 1236/1236/1236
f 1214/1214/1214 1236/1236/1236 1235/1235/1235
f 1215/1215/1215 1216/1216/1216 1237/1237/1237
f 1215/1215/1215 1237/1237/1237 1236/1236/1236
f 1216/1216/1216 1217/1217/1217 1238/1238/1238
f 1216/1216/1216 1238/1238/1238 1237/1237/1237
f 1217/1217/1217 1218/1218/1218 1239/1239/1239
f 1217/1217/1217 1239/1239/1239 1238/1238/1238
f 1218/1218/1218 1219/1219/1219 1240/1240/1240
f 1218/1218/1218 1240/1240/1240 1239/1239/1239
f 1219/1219/1219 1220/1220/1220 1241/1241/1241
f 1219/1219/1219 1241/1241/1241 1240/1240/1240
f 1220/1220/1220 1221/1221/1221 1242/1242/1242
f 1220/1220/1220 1242/1242/1242 1241/1241/1241
f 1243/1243/1243 1118/1118/1118 1117/1117/1117
f 1243/1243/1243 1119/1119/1119 1118/1118/1118
f 1243/1243/1243 1120/1120/1120 1119/1119/1119
f 1243/1243/1243 1121/1121/1121 1120/1120/1120
f 1243/1243/1243 1122/1122/1122 1121/1121/1121
f 1243/1243/1243 1123/1123/1123 1122/1122/1122
f 1243/1243/1243 1124/1124/1124 1123/1123/1123
f 1243/1243/1243 1125/1125/1125 1124/1124/1124
f 1243/1243/1243 1126/1126/1126 1125/1125/1125
f 1243/1243/1243 1127/1127/1127 1126/1126/1126
f 1243/1243/1243 1128/1128/1128 1127/1127/1127
f 1243/1243/1243 1129/1129/1129 1128/1128/1128
f 1243/1243/1243 1130/1130/1130 1129/1129/1129
f 1243/1243/1243 1131/1131/1131 1130/1130/1130
f 1243/1243/1243 1132/1132/1132 1131/1131/1131
f 1243/1243/1243 1133/1133/1133 1132/1132/1132
f 1243/1243/1243 1134/1134/1134 1133/1133/1133
f 1243/1243/1243 1135/1135/1135 1134/1134/1134
f 1243/1243/1243 1136/1136/1136 1135/1135/1135
f 1243/1243/1243 1137/1137/1137 1136/1136/1136
f 1244/1244/1244 1222/1222/1222 1223/1223/1223
f 1244/1244/1244 1223/1223/1223 1224/1224/1224
f 1244/1244/1244 1224/1224/1224 1225/1225/1225
f 1244/1244/1244 1225/1225/1225 1226/1226/1226
f 1244/1244/1244 1226/1226/1226 1227/1227/1227
f 1244/1244/1244 1227/1227/1227 1228/1228/1228
f 1244/1244/1244 1228/1228/1228 1229/1229/1229
f 1244/1244/1244 1229/1229/1229 1230/1230/1230
f 1244/1244/1244 1230/1230/1230 1231/1231/1231
f 1244/1244/1244 1231/1231/1231 1232/1232/1232
f 1244/1244/1244 1232/1232/1232 1233/1233/1233
f 1244/1244/1244 1233/1233/1233 1234/1234/1234
f 1244/1244/1244 1234/1234/1234 1235/1235/1235
f 1244/1244/1244 1235/1235/1235 1236/1236/1236
f 1244/1244/1244 1236/1236/1236 1237/1237/1237
f 1244/1244/1244 1237/1237/1237 1238/1238/1238
f 1244/1244/1244 1238/1238/1238 1239/1239/1239
f 1244/1244/1244 1239/1239/1239 1240/1240/1240
f 1244/1244/1244 1240/1240/1240 1241/1241/1241
f 1244/1244/1244 1241/1241/1241 1242/1242/1242
g eye_white
usemtl eye_white
f 1245/1245/1245 1265/1265/1265 1264/1264/1264
f 1246/1246/1246 1266/1266/1266 1265/1265/1265
f 1247/1247/1247 1267/1267/1267 1266/1266/1266
f 1248/1248/1248 1268/1268/1268 1267/1267/1267
f 1249/1249/1249 1269/1269/1269 1268/1268/1268
f 1250/1250/1250 1270/1270/1270 1269/1269/1269
f 1251/1251/1251 1271/1271/1271 1270/1270/1270
f 1252/1252/1252 1272/1272/1272 1271/1271/1271
f 1253/1253/1253 1273/1273/1273 1272/1272/1272
f 1254/1254/1254 1274/1274/1274 1273/1273/1273
f 1255/1255/1255 1275/1275/1275 1274/1274/1274
f 1256/1256/1256 1276/1276/1276 1275/1275/1275
f 1257/1257/1257 1277/1277/1277 1276/1276/1276
f 1258/1258/1258 1278/1278/1278 1277/1277/1277
f 1259/1259/1259 1279/1279/1279 1278/1278/1278
f 1260/1260/1260 1280/1280/1280 1279/1279/1279
f 1261/1261/1261 1281/1281/1281 1280/1280/1280
f 1262/1262/1262 1282/1282/1282 1281/1281/1281
f 1264/1264/1264 1284/1284/1284 1265/1265/1265
f 1264/1264/1264 1283/1283/1283 1284/1284/1284
f 1265/1265/1265 1285/1285/1285 1266/1266/1266
f 1265/1265/1265 1284/1284/1284 1285/1285/1285
f 1266/1266/1266 1286/1286/1286 1267/1267/1267
f 1266/1266/1266 1285/1285/1285 1286/1286/1286
f 1267/1267/1267 1287/1287/1287 1268/1268/1268
f 1267/1267/1267 1286/1286/1286 1287/1287/1287
f 1268/1268/1268 1288/1288/1288 1269/1269/1269
f 1268/1268/1268 1287/1287/1287 1288/1288/1288
f 1269/1269/1269 1289/1289/1289 1270/1270/1270
f 1269/1269/1269 1288/1288/1288 1289/1289/1289
f 1270/1270/1270 1290/1290/1290 1271/1271/1271
f 1270/1270/1270 1289/1289/1289 1290/1290/1290
f 1271/1271/1271 1291/1291/1291 1272/1272/1272
f 1271/1271/1271 1290/1290/1290 1291/1291/1291
f 1272/1272/1272 1292/1292/1292 1273/1273/1273
f 1272/1272/1272 1291/1291/1291 1292/1292/1292
f 1273/1273/1273 1293/1293/1293 1274/1274/1274
f 1273/1273/1273 1292/1292/1292 1293/1293/1293
f 1274/1274/1274 1294/1294/1294 1275/1275/1275
f 1274/1274/1274 1293/1293/1293 1294/1294/1294
f 1275/1275/1275 1295/1295/1295 1276/1276/1276
f 1275/1275/1275 1294/1294/1294 1295/1295/1295
f 1276/1276/1276 1296/1296/1296 1277/1277/1277
f 1276/1276/1276 1295/1295/1295 1296/1296/1296
f 1277/1277/1277 1297/1297/1297 1278/1278/1278
f 1277/1277/1277 1296/1296/1296 1297/1297/1297
f 1278/1278/1278 1298/1298/1298 1279/1279/1279
f 1278/1278/1278 1297/1297/1297 1298/1298/1298
f 1279/1279/1279 1299/1299/1299 1280/1280/1280
f 1279/1279/1279 1298/1298/1298 1299/1299/1299
f 1280/1280/1280 1300/1300/1300 1281/1281/1281
f 1280/1280/1280 1299/1299/1299 1300/1300/1300
f 1281/1281/1281 1301/1301/1301 1282/1282/1282
f 1281/1281/1281 1300/1300/1300 1301/1301/1301
f 1283/1283/1283 1303/1303/1303 1284/1284/1284
f 1283/1283/1283 1302/1302/1302 1303/1303/1303
f 1284/1284/1284 1304/1304/1304 1285/1285/1285
f 1284/1284/1284 1303/1303/1303 1304/1304/1304
f 1285/1285/1285 1305/1305/1305 1286/1286/1286
f 1285/1285/1285 1304/1304/1304 1305/1305/1305
f 1286/1286/1286 1306/1306/1306 1287/1287/1287
f 1286/1286/1286 1305/1305/1305 1306/1306/1306
f 1287/1287/1287 1307/1307/1307 1288/1288/1288
f 1287/1287/1287 1306/1306/1306 1307/1307/1307
f 1288/1288/1288 1308/1308/1308 1289/1289/1289
f 1288/1288/1288 1307/1307/1307 1308/1308/1308
f 1289/1289/1289 1309/1309/1309 1290/1290/1290
f 1289/1289/1289 1308/1308/1308 1309/1309/1309
f 1290/1290/1290 1310/1310/1310 1291/1291/1291
f 1290/1290/1290 1309/1309/1309 1310/1310/1310
f 1291/1291/1291 1311/1311/1311 1292/1292/1292
f 1291/1291/1291 1310/1310/1310 1311/1311/1311
f 1292/1292/1292 1312/1312/1312 1293/1293/1293
f 1292/1292/1292 1311/1311/1311 1312/1312/1312
f 1293/1293/1293 1313/1313/1313 1294/1294/1294
f 1293/1293/1293 1312/1312/1312 1313/1313/1313
f 1294/1294/1294 1314/1314/1314 1295/1295/1295
f 1294/1294/1294 1313/1313/1313 1314/1314/1314
f 1295/1295/1295 1315/1315/1315 1296/1296/1296
f 1295/1295/1295 1314/1314/1314 1315/1315/1315
f 1296/1296/1296 1316/1316/1316 1297/1297/1297
f 1296/1296/1296 1315/1315/1315 1316/1316/1316
f 1297/1297/1297 1317/1317/1317 1298/1298/1298
f 1297/1297/1297 1316/1316/1316 1317/1317/1317
f 1298/1298/1298 1318/1318/1318 1299/1299/1299
f 1298/1298/1298 1317/1317/1317 1318/1318/1318
f 1299/1299/1299 1319/1319/1319 1300/1300/1300
f 1299/1299/1299 1318/1318/1318 1319/1319/1319
f 1300/1300/1300 1320/1320/1320 1301/1301/1301
f 1300/1300/1300 1319/1319/1319 1320/1320/1320
f 1302/1302/1302 1322/1322/1322 1303/1303/1303
f 1302/1302/1302 1321/1321/1321 1322/1322/1322
f 1303/1303/1303 1323/1323/1323 1304/1304/1304
f 1303/1303/1303 1322/1322/1322 1323/1323/1323
f 1304/1304/1304 1324/1324/1324 1305/1305/1305
f 1304/1304/1304 1323/1323/1323 1324/1324/1324
f 1305/1305/1305 1325/1325/1325 1306/1306/1306
f 1305/1305/1305 1324/1324/1324 1325/1325/1325
f 1306/1306/1306 1326/1326/1326 1307/1307/1307
f 1306/1306/1306 1325/1325/1325 1326/1326/1326
f 1307/1307/1307 1327/1327/1327 1308/1308/1308
f 1307/1307/1307 1326/1326/1326 1327/1327/1327
f 1308/1308/1308 1328/1328/1328 1309/1309/1309
f 1308/1308/1308 1327/1327/1327 1328/1328/1328
f 1309/1309/1309 1329/1329/1329 1310/1310/1310
f 1309/1309/1309 1328/1328/1328 1329/1329/1329
f 1310/1310/1310 1330/1330/1330 1311/1311/1311
f 1310/1310/1310 1329/1329/1329 1330/1330/1330
f 1311/1311/1311 1331/1331/1331 1312/1312/1312
f 1311/1311/1311 1330/1330/1330 1331/1331/1331
f 1312/1312/1312 1332/1332/1332 1313/1313/1313
f 1312/1312/1312 1331/1331/1331 1332/1332/1332
f 1313/1313/1313 1333/1333/1333 1314/1314/1314
f 1313/1313/1313 1332/1332/1332 1333/1333/1333
f 1314/1314/1314 1334/1334/1334 1315/1315/1315
f 1314/1314/1314 1333/1333/1333 1334/1334/1334
f 1315/1315/1315 1335/1335/1335 1316/1316/1316
f 1315/1315/1315 1334/1334/1334 1335/1335/1335
f 1316/1316/1316 1336/1336/1336 1317/1317/1317
f 1316/1316/1316 1335/1335/1335 1336/1336/1336
f 1317/1317/1317 1337/1337/1337 1318/1318/1318
f 1317/1317/1317 1336/1336/1336 1337/1337/1337
f 1318/1318/1318 1338/1338/1338 1319/1319/1319
f 1318/1318/1318 1337/1337/1337 1338/1338/1338
f 1319/1319/1319 1339/1339/1339 1320/1320/1320
f 1319/1319/1319 1338/1338/1338 1339/1339/1339
f 1321/1321/1321 1341/1341/1341 1322/1322/1322
f 1321/1321/1321 1340/1340/1340 1341/1341/1341
f 1322/1322/1322 1342/1342/1342 1323/1323/1323
f 1322/1322/1322 1341/1341/1341 1342/1342/1342
f 1323/1323/1323 1343/1343/1343 1324/1324/1324
f 1323/1323/1323 1342/1342/1342 1343/1343/1343
f 1324/1324/1324 1344/1344/1344 1325/1325/1325
f 1324/1324/1324 1343/1343/1343 1344/1344/1344
f 1325/1325/1325 1345/1345/1345 1326/1326/1326
f 1325/1325/1325 1344/1344/1344 1345/1345/1345
f 1326/1326/1326 1346/1346/1346 1327/1327/1327
f 1326/1326/1326 1345/1345/1345 1346/1346/1346
f 1327/1327/1327 1347/1347/1347 1328/1328/1328
f 1327/1327/1327 1346/1346/1346 1347/1347/1347
f 1328/1328/1328 1348/1348/1348 1329/1329/1329
f 1328/1328/1328 1347/1347/1347 1348/1348/1348
f 1329/1329/1329 1349/1349/1349 1330/1330/1330
f 1329/1329/1329 1348/1348/1348 1349/1349/1349
f 1330/1330/1330 1350/1350/1350 1331/1331/1331
f 1330/1330/1330 1349/1349/1349 1350/1350/1350
f 1331/1331/1331 1351/1351/1351 1332/1332/1332
f 1331/1331/1331 1350/1350/1350 1351/1351/1351
f 1332/1332/1332 1352/1352/1352 1333/1333/1333
f 1332/1332/1332 1351/1351/1351 1352/1352/1352
f 1333/1333/1333 1353/1353/1353 1334/1334/1334
f 1333/1333/1333 1352/1352/1352 1353/1353/1353
f 1334/1334/1334 1354/1354/1354 1335/1335/1335
f 1334/1334/1334 1353/1353/1353 1354/1354/1354
f 1335/1335/1335 1355/1355/1355 1336/1336/1336
f 1335/1335/1335 1354/1354/1354 1355/1355/1355
f 1336/1336/1336 1356/1356/1356 1337/1337/1337
f 1336/1336/1336 1355/1355/1355 1356/1356/1356
f 1337/1337/1337 1357/1357/1357 1338/1338/1338
f 1337/1337/1337 1356/1356/1356 1357/1357/1357
f 1338/1338/1338 1358/1358/1358 1339/1339/1339
f 1338/1338/1338 1357/1357/1357 1358/1358/1358
f 1340/1340/1340 1360/1360/1360 1341/1341/1341
f 1340/1340/1340 1359/1359/1359 1360/1360/1360
f 1341/1341/1341 1361/1361/1361 1342/1342/1342
f 1341/1341/1341 1360/1360/1360 1361/1361/1361
f 1342/1342/1342 1362/1362/1362 1343/1343/1343
f 1342/1342/1342 1361/1361/1361 1362/1362/1362
f 1343/1343/1343 1363/1363/1363 1344/1344/1344
f 1343/1343/1343 1362/1362/1362 1363/1363/1363
f 1344/1344/1344 1364/1364/1364 1345/1345/1345
f 1344/1344/1344 1363/1363/1363 1364/1364/1364
f 1345/1345/1345 1365/1365/1365 1346/1346/1346
f 1345/1345/1345 1364/1364/1364 1365/1365/1365
f 1346/1346/1346 1366/1366/1366 1347/1347/1347
f 1346/1346/1346 1365/1365/1365 1366/1366/1366
f 1347/1347/1347 1367/1367/1367 1348/1348/1348
f 1347/1347/1347 1366/1366/1366 1367/1367/1367
f 1348/1348/1348 1368/1368/1368 1349/1349/1349
f 1348/1348/1348 1367/1367/1367 1368/1368/1368
f 1349/1349/1349 1369/1369/1369 1350/1350/1350
f 1349/1349/1349 1368/1368/1368 1369/1369/1369
f 1350/1350/1350 1370/1370/1370 1351/1351/1351
f 1350/1350/1350 1369/1369/1369 1370/1370/1370
f 1351/1351/1351 1371/1371/1371 1352/1352/1352
f 1351/1351/1351 1370/1370/1370 1371/1371/1371
f 1352/1352/1352 1372/1372/1372 1353/1353/1353
f 1352/1352/1352 1371/1371/1371 1372/1372/1372
f 1353/1353/1353 1373/1373/1373 1354/1354/1354
f 1353/1353/1353 1372/1372/1372 1373/1373/1373
f 1354/1354/1354 1374/1374/1374 1355/1355/1355
f 1354/1354/1354 1373/1373/1373 1374/1374/1374
f 1355/1355/1355 1375/1375/1375 1356/1356/1356
f 1355/1355/1355 1374/1374/1374 1375/1375/1375
f 1356/1356/1356 1376/1376/1376 1357/1357/1357
f 1356/1356/1356 1375/1375/1375 1376/1376/1376
f 1357/1357/1357 1377/1377/1377 1358/1358/1358
f 1357/1357/1357 1376/1376/1376 1377/1377/1377
f 1359/1359/1359 1379/1379/1379 1360/1360/1360
f 1359/1359/1359 1378/1378/1378 1379/1379/1379
f 1360/1360/1360 1380/1380/1380 1361/1361/1361
f 1360/1360/1360 1379/1379/1379 1380/1380/1380
f 1361/1361/1361 1381/1381/1381 1362/1362/1362
f 1361/1361/1361 1380/1380/1380 1381/1381/1381
f 1362/1362/1362 1382/1382/1382 1363/1363/1363
f 1362/1362/1362 1381/1381/1381 1382/1382/1382
f 1363/1363/1363 1383/1383/1383 1364/1364/1364
f 1363/1363/1363 1382/1382/1382 1383/1383/1383
f 1364/1364/1364 1384/1384/1384 1365/1365/1365
f 1364/1364/1364 1383/1383/1383 1384/1384/1384
f 1365/1365/1365 1385/1385/1385 1366/1366/1366
f 1365/1365/1365 1384/1384/1384 1385/1385/1385
f 1366/1366/1366 1386/1386/1386 1367/1367/1367
f 1366/1366/1366 1385/1385/1385 1386/1386/1386
f 1367/1367/1367 1387/1387/1387 1368/1368/1368
f 1367/1367/1367 1386/1386/1386 1387/1387/1387
f 1368/1368/1368 1388/1388/1388 1369/1369/1369
f 1368/1368/1368 1387/1387/1387 1388/1388/1388
f 1369/1369/1369 1389/1389/1389 1370/1370/1370
f 1369/1369/1369 1388/1388/1388 1389/1389/1389
f 1370/1370/1370 1390/1390/1390 1371/1371/1371
f 1370/1370/1370 1389/1389/1389 1390/1390/1390
f 1371/1371/1371 1391/1391/1391 1372/1372/1372
f 1371/1371/1371 1390/1390/1390 1391/1391/1391
f 1372/1372/1372 1392/1392/1392 1373/1373/1373
f 1372/1372/1372 1391/1391/1391 1392/1392/1392
f 1373/1373/1373 1393/1393/1393 1374/1374/1374
f 1373/1373/1373 1392/1392/1392 1393/1393/1393
f 1374/1374/1374 1394/1394/1394 1375/1375/1375
f 1374/1374/1374 1393/1393/1393 1394/1394/1394
f 1375/1375/1375 1395/1395/1395 1376/1376/1376
f 1375/1375/1375 1394/1394/1394 1395/1395/1395
f 1376/1376/1376 1396/1396/1396 1377/1377/1377
f 1376/1376/1376 1395/1395/1395 1396/1396/1396
f 1378/1378/1378 1398/1398/1398 1379/1379/1379
f 1378/1378/1378 1397/1397/1397 1398/1398/1398
f 1379/1379/1379 1399/1399/1399 1380/1380/1380
f 1379/1379/1379 1398/1398/1398 1399/1399/1399
f 1380/1380/1380 1400/1400/1400 1381/1381/1381
f 1380/1380/1380 1399/1399/1399 1400/1400/1400
f 1381/1381/1381 1401/1401/1401 1382/1382/1382
f 1381/1381/1381 1400/1400/1400 1401/1401/1401
f 1382/1382/1382 1402/1402/1402 1383/1383/1383
f 1382/1382/1382 1401/1401/1401 1402/1402/1402
f 1383/1383/1383 1403/1403/1403 1384/1384/1384
f 1383/1383/1383 1402/1402/1402 1403/1403/1403
f 1384/1384/1384 1404/1404/1404 1385/1385/1385
f 1384/1384/1384 1403/1403/1403 1404/1404/1404
f 1385/1385/1385 1405/1405/1405 1386/1386/1386
f 1385/1385/1385 1404/1404/1404 1405/1405/1405
f 1386/1386/1386 1406/1406/1406 1387/1387/1387
f 1386/1386/1386 1405/1405/1405 1406/1406/1406
f 1387/1387/1387 1407/1407/1407 1388/1388/1388
f 1387/1387/1387 1406/1406/1406 1407/1407/1407
f 1388/1388/1388 1408/1408/1408 1389/1389/1389
f 1388/1388/1388 1407/1407/1407 1408/1408/1408
f 1389/1389/1389 1409/1409/1409 1390/1390/1390
f 1389/1389/1389 1408/1408/1408 1409/1409/1409
f 1390/1390/1390 1410/1410/1410 1391/1391/1391
f 1390/1390/1390 1409/1409/1409 1410/1410/1410
f 1391/1391/1391 1411/1411/1411 1392/1392/1392
f 1391/1391/1391 1410/1410/1410 1411/1411/1411
f 1392/1392/1392 1412/1412/1412 1393/1393/1393
f 1392/1392/1392 1411/1411/1411 1412/1412/1412
f 1393/1393/1393 1413/1413/1413 1394/1394/1394
f 1393/1393/1393 1412/1412/1412 1413/1413/1413
f 1394/1394/1394 1414/1414/1414 1395/1395/1395
f 1394/1394/1394 1413/1413/1413 1414/1414/1414
f 1395/1395/1395 1415/1415/1415 1396/1396/1396
f 1395/1395/1395 1414/1414/1414 1415/1415/1415
f 1397/1397/1397 1417/1417/1417 1398/1398/1398
f 1397/1397/1397 1416/1416/1416 1417/1417/1417
f 1398/1398/1398 1418/1418/1418 1399/1399/1399
f 1398/1398/1398 1417/1417/1417 1418/1418/1418
f 1399/1399/1399 1419/1419/1419 1400/1400/1400
f 1399/1399/1399 1418/1418/1418 1419/1419/1419
f 1400/1400/1400 1420/1420/1420 1401/1401/1401
f 1400/1400/1400 1419/1419/1419 1420/1420/1420
f 1401/1401/1401 1421/1421/1421 1402/1402/1402
f 1401/1401/1401 1420/1420/1420 1421/1421/1421
f 1402/1402/1402 1422/1422/1422 1403/1403/1403
f 1402/1402/1402 1421/1421/1421 1422/1422/1422
f 1403/1403/1403 1423/1423/1423 1404/1404/1404
f 1403/1403/1403 1422/1422/1422 1423/1423/1423
f 1404/1404/1404 1424/1424/1424 1405/1405/1405
f 1404/1404/1404 1423/1423/1423 1424/1424/1424
f 1405/1405/1405 1425/1425/1425 1406/1406/1406
f 1405/1405/1405 1424/1424/1424 1425/1425/1425
f 1406/1406/1406 1426/1426/1426 1407/1407/1407
f 1406/1406/1406 1425/1425/1425 1426/1426/1426
f 1407/1407/1407 1427/1427/1427 1408/1408/1408
f 1407/1407/1407 1426/1426/1426 1427/1427/1427
f 1408/1408/1408 1428/1428/1428 1409/1409/1409
f 1408/1408/1408 1427/1427/1427 1428/1428/1428
f 1409/1409/1409 1429/1429/1429 1410/1410/1410
f 1409/1409/1409 1428/1428/1428 1429/1429/1429
f 1410/1410/1410 1430/1430/1430 1411/1411/1411
f 1410/1410/1410 1429/1429/1429 1430/1430/1430
f 1411/1411/1411 1431/1431/1431 1412/1412/1412
f 1411/1411/1411 1430/1430/1430 1431/1431/1431
f 1412/1412/1412 1432/1432/1432 1413/1413/1413
f 1412/1412/1412 1431/1431/1431 1432/1432/1432
f 1413/1413/1413 1433/1433/1433 1414/1414/1414
f 1413/1413/1413 1432/1432/1432 1433/1433/1433
f 1414/1414/1414 1434/1434/1434 1415/1415/1415
f 1414/1414/1414 1433/1433/1433 1434/1434/1434
f 1416/1416/1416 1436/1436/1436 1417/1417/1417
f 1416/1416/1416 1435/1435/1435 1436/1436/1436
f 1417/1417/1417 1437/1437/1437 1418/1418/1418
f 1417/1417/1417 1436/1436/1436 1437/1437/1437
f 1418/1418/1418 1438/1438/1438 1419/1419/1419
f 1418/1418/1418 1437/1437/1437 1438/1438/1438
f 1419/1419/1419 1439/1439/1439 1420/1420/1420
f 1419/1419/1419 1438/1438/1438 1439/1439/1439
f 1420/1420/1420 1440/1440/1440 1421/1421/1421
f 1420/1420/1420 1439/1439/1439 1440/1440/1440
f 1421/1421/1421 1441/1441/1441 1422/1422/1422
f 1421/1421/1421 1440/1440/1440 1441/1441/1441
f 1422/1422/1422 1442/1442/1442 1423/1423/1423
f 1422/1422/1422 1441/1441/1441 1442/1442/1442
f 1423/1423/1423 1443/1443/1443 1424/1424/1424
f 1423/1423/1423 1442/1442/1442 1443/1443/1443
f 1424/1424/1424 1444/1444/1444 1425/1425/1425
f 1424/1424/1424 1443/1443/1443 1444/1444/1444
f 1425/1425/1425 1445/1445/1445 1426/1426/1426
f 1425/1425/1425 1444/1444/1444 1445/1445/1445
f 1426/1426/1426 1446/1446/1446 1427/1427/1427
f 1426/1426/1426 1445/1445/1445 1446/1446/1446
f 1427/1427/1427 1447/1447/1447 1428/1428/1428
f 1427/1427/1427 1446/1446/1446 1447/1447/1447
f 1428/1428/1428 1448/1448/1448 1429/1429/1429
f 1428/1428/1428 1447/1447/1447 1448/1448/1448
f 1429/1429/1429 1449/1449/1449 1430/1430/1430
f 1429/1429/1429 1448/1448/1448 1449/1449/1449
f 1430/1430/1430 1450/1450/1450 1431/1431/1431
f 1430/1430/1430 1449/1449/1449 1450/1450/1450
f 1431/1431/1431 1451/1451/1451 1432/1432/1432
f 1431/1431/1431 1450/1450/1450 1451/1451/1451
f 1432/1432/1432 1452/1452/1452 1433/1433/1433
f 1432/1432/1432 1451/1451/1451 1452/1452/1452
f 1433/1433/1433 1453/1453/1453 1434/1434/1434
f 1433/1433/1433 1452/1452/1452 1453/1453/1453
f 1435/1435/1435 1455/1455/1455 1436/1436/1436
f 1435/1435/1435 1454/1454/1454 1455/1455/1455
f 1436/1436/1436 1456/1456/1456 1437/1437/1437
f 1436/1436/1436 1455/1455/1455 1456/1456/1456
f 1437/1437/1437 1457/1457/1457 1438/1438/1438
f 1437/1437/1437 1456/1456/1456 1457/1457/1457
f 1438/1438/1438 1458/1458/1458 1439/1439/1439
f 1438/1438/1438 1457/1457/1457 1458/1458/1458
f 1439/1439/1439 1459/1459/1459 1440/1440/1440
f 1439/1439/1439 1458/1458/1458 1459/1459/1459
f 1440/1440/1440 1460/1460/1460 1441/1441/1441
f 1440/1440/1440 1459/1459/1459 1460/1460/1460
f 1441/1441/1441 1461/1461/1461 1442/1442/1442
f 1441/1441/1441 1460/1460/1460 1461/1461/1461
f 1442/1442/1442 1462/1462/1462 1443/1443/1443
f 1442/1442/1442 1461/1461/1461 1462/1462/1462
f 1443/1443/1443 1463/1463/1463 1444/1444/1444
f 1443/1443/1443 1462/1462/1462 1463/1463/1463
f 1444/1444/1444 1464/1464/1464 1445/1445/1445
f 1444/1444/1444 1463/1463/1463 1464/1464/1464
f 1445/1445/1445 1465/1465/1465 1446/1446/1446
f 1445/1445/1445 1464/1464/1464 1465/1465/1465
f 1446/1446/1446 1466/1466/1466 1447/1447/1447
f 1446/1446/1446 1465/1465/1465 1466/1466/1466
f 1447/1447/1447 1467/1467/1467 1448/1448/1448
f 1447/1447/1447 1466/1466/1466 1467/1467/1467
f 1448/1448/1448 1468/1468/1468 1449/1449/1449
f 1448/1448/1448 1467/1467/1467 1468/1468/1468
f 1449/1449/1449 1469/1469/1469 1450/1450/1450
f 1449/1449/1449 1468/1468/1468 1469/1469/1469
f 1450/1450/1450 1470/1470/1470 1451/1451/1451
f 1450/1450/1450 1469/1469/1469 1470/1470/1470
f 1451/1451/1451 1471/1471/1471 1452/1452/1452
f 1451/1451/1451 1470/1470/1470 1471/1471/1471
f 1452/1452/1452 1472/1472/1472 1453/1453/1453
f 1452/1452/1452 1471/1471/1471 1472/1472/1472
f 1454/1454/1454 1473/1473/1473 1455/1455/1455
f 1455/1455/1455 1474/1474/1474 1456/1456/1456
f 1456/1456/1456 1475/1475/1475 1457/1457/1457
f 1457/1457/1457 1476/1476/1476 1458/1458/1458
f 1458/1458/1458 1477/1477/1477 1459/1459/1459
f 1459/1459/1459 1478/1478/1478 1460/1460/1460
f 1460/1460/1460 1479/1479/1479 1461/1461/1461
f 1461/1461/1461 1480/1480/1480 1462/1462/1462
f 1462/1462/1462 1481/1481/1481 1463/1463/1463
f 1463/1463/1463 1482/1482/1482 1464/1464/1464
f 1464/1464/1464 1483/1483/1483 1465/1465/1465
f 1465/1465/1465 1484/1484/1484 1466/1466/1466
f 1466/1466/1466 1485/1485/1485 1467/1467/1467
f 1467/1467/1467 1486/1486/1486 1468/1468/1468
f 1468/1468/1468 1487/1487/1487 1469/1469/1469
f 1469/1469/1469 1488/1488/1488 1470/1470/1470
f 1470/1470/1470 1489/1489/1489 1471/1471/1471
f 1471/1471/1471 1490/1490/1490 1472/1472/1472
f 2091/2091/2091 2111/2111/2111 2110/2110/2110
f 2092/2092/2092 2112/2112/2112 2111/2111/2111
f 2093/2093/2093 2113/2113/2113 2112/2112/2112
f 2094/2094/2094 2114/2114/2114 2113/2113/2113
f 2095/2095/2095 2115/2115/2115 2114/2114/2114
f 2096/2096/2096 2116/2116/2116 2115/2115/2115
f 2097/2097/2097 2117/2117/2117 2116/2116/2116
f 2098/2098/2098 2118/2118/2118 2117/2117/2117
f 2099/2099/2099 2119/2119/2119 2118/2118/2118
f 2100/2100/2100 2120/2120/2120 2119/2119/2119
f 2101/2101/2101 2121/2121/2121 2120/2120/2120
f 2102/2102/2102 2122/2122/2122 2121/2121/2121
f 2103/2103/2103 2123/2123/2123 2122/2122/2122
f 2104/2104/2104 2124/2124/2124 2123/2123/2123
f 2105/2105/2105 2125/2125/2125 2124/2124/2124
f 2106/2106/2106 2126/2126/2126 2125/2125/2125
f 2107/2107/2107 2127/2127/2127 2126/2126/2126
f 2108/2108/2108 2128/2128/2128 2127/2127/2127
f 2110/2110/2110 2130/2130/2130 2111/2111/2111
f 2110/2110/2110 2129/2129/2129 2130/2130/2130
f 2111/2111/2111 2131/2131/2131 2112/2112/2112
f 2111/2111/2111 2130/2130/2130 2131/2131/2131
f 2112/2112/2112 2132/2132/2132 2113/2113/2113
f 2112/2112/2112 2131/2131/2131 2132/2132/2132
f 2113/2113/2113 2133/2133/2133 2114/2114/2114
f 2113/2113/2113 2132/2132/2132 2133/2133/2133
f 2114/2114/2114 2134/2134/2134 2115/2115/2115
f 2114/2114/2114 2133/2133/2133 2134/2134/2134
f 2115/2115/2115 2135/2135/2135 2116/2116/2116
f 2115/2115/2115 2134/2134/2134 2135/2135/2135
f 2116/2116/2116 2136/2136/2136 2117/2117/2117
f 2116/2116/2116 2135/2135/2135 2136/2136/2136
f 2117/2117/2117 2137/2137/2137 2118/2118/2118
f 2117/2117/2117 2136/2136/2136 2137/2137/2137
f 2118/2118/2118 2138/2138/2138 2119/2119/2119
f 2118/2118/2118 2137/2137/2137 2138/2138/2138
f 2119/2119/2119 2139/2139/2139 2120/2120/2120
f 2119/2119/2119 2138/2138/2138 2139/2139/2139
f 2120/2120/2120 2140/2140/2140 2121/2121/2121
f 2120/2120/2120 2139/2139/2139 2140/2140/2140
f 2121/2121/2121 2141/2141/2141 2122/2122/2122
f 2121/2121/2121 2140/2140/2140 2141/2141/2141
f 2122/2122/2122 2142/2142/2142 2123/2123/2123
f 2122/2122/2122 2141/2141/2141 2142/2142/2142
f 2123/2123/2123 2143/2143/2143 2124/2124/2124
f 2123/2123/2123 2142/2142/2142 2143/2143/2143
f 2124/2124/2124 2144/2144/2144 2125/2125/2125
f 2124/2124/2124 2143/2143/2143 2144/2144/2144
f 2125/2125/2125 2145/2145/2145 2126/2126/2126
f 2125/2125/2125 2144/2144/2144 2145/2145/2145
f 2126/2126/2126 2146/2146/2146 2127/2127/2127
f 2126/2126/2126 2145/2145/2145 2146/2146/2146
f 2127/2127/2127 2147/2147/2147 2128/2128/2128
f 2127/2127/2127 2146/2146/2146 2147/2147/2147
f 2129/2129/2129 2149/2149/2149 2130/2130/2130
f 2129/2129/2129 2148/2148/2148 2149/2149/2149
f 2130/2130/2130 2150/2150/2150 2131/2131/2131
f 2130/2130/2130 2149/2149/2149 2150/2150/2150
f 2131/2131/2131 2151/2151/2151 2132/2132/2132
f 2131/2131/2131 2150/2150/2150 2151/2151/2151
f 2132/2132/2132 2152/2152/2152 2133/2133/2133
f 2132/2132/2132 2151/2151/2151 2152/2152/2152
f 2133/2133/2133 2153/2153/2153 2134/2134/2134
f 2133/2133/2133 2152/2152/2152 2153/2153/2153
f 2134/2134/2134 2154/2154/2154 2135/2135/2135
f 2134/2134/2134 2153/2153/2153 2154/2154/2154
f 2135/2135/2135 2155/2155/2155 2136/2136/2136
f 2135/2135/2135 2154/2154/2154 2155/2155/2155
f 2136/2136/2136 2156/2156/2156 2137/2137/2137
f 2136/2136/2136 2155/2155/2155 2156/2156/2156
f 2137/2137/2137 2157/2157/2157 2138/2138/2138
f 2137/2137/2137 2156/2156/2156 2157/2157/2157
f 2138/2138/2138 2158/2158/2158 2139/2139/2139
f 2138/2138/2138 2157/2157/2157 2158/2158/2158
f 2139/2139/2139 2159/2159/2159 2140/2140/2140
f 2139/2139/2139 2158/2158/2158 2159/2159/2159
f 2140/2140/2140 2160/2160/2160 2141/2141/2141
f 2140/2140/2140 2159/2159/2159 2160/2160/2160
f 2141/2141/2141 2161/2161/2161 2142/2142/2142
f 2141/2141/2141 2160/2160/2160 2161/2161/2161
f 2142/2142/2142 2162/2162/2162 2143/2143/2143
f 2142/2142/2142 2161/2161/2161 2162/2162/2162
f 2143/2143/2143 2163/2163/2163 2144/2144/2144
f 2143/2143/2143 2162/2162/2162 2163/2163/2163
f 2144/2144/2144 2164/2164/2164 2145/2145/2145
f 2144/2144/2144 2163/2163/2163 2164/2164/2164
f 2145/2145/2145 2165/2165/2165 2146/2146/2146
f 2145/2145/2145 2164/2164/2164 2165/2165/2165
f 2146/2146/2146 2166/2166/2166 2147/2147/2147
f 2146/2146/2146 2165/2165/2165 2166/2166/2166
f 2148/2148/2148 2168/2168/2168 2149/2149/2149
f 2148/2148/2148 2167/2167/2167 2168/2168/2168
f 2149/2149/2149 2169/2169/2169 2150/2150/2150
f 2149/2149/2149 2168/2168/2168 2169/2169/2169
f 2150/2150/2150 2170/2170/2170 2151/2151/2151
f 2150/2150/2150 2169/2169/2169 2170/2170/2170
f 2151/2151/2151 2171/2171/2171 2152/2152/2152
f 2151/2151/2151 2170/2170/2170 2171/2171/2171
f 2152/2152/2152 2172/2172/2172 2153/2153/2153
f 2152/2152/2152 2171/2171/2171 2172/2172/2172
f 2153/2153/2153 2173/2173/2173 2154/2154/2154
f 2153/2153/2153 2172/2172/2172 2173/2173/2173
f 2154/2154/2154 2174/2174/2174 2155/2155/2155
f 2154/2154/2154 2173/2173/2173 2174/2174/2174
f 2155/2155/2155 2175/2175/2175 2156/2156/2156
f 2155/2155/2155 2174/2174/2174 2175/2175/2175
f 2156/2156/2156 2176/2176/2176 2157/2157/2157
f 2156/2156/2156 2175/2175/2175 2176/2176/2176
f 2157/2157/2157 2177/2177/2177 2158/2158/2158
f 2157/2157/2157 2176/2176/2176 2177/2177/2177
f 2158/2158/2158 2178/2178/2178 2159/2159/2159
f 2158/2158/2158 2177/2177/2177 2178/2178/2178
f 2159/2159/2159 2179/2179/2179 2160/2160/2160
f 2159/2159/2159 2178/2178/2178 2179/2179/2179
f 2160/2160/2160 2180/2180/2180 2161/2161/2161
f 2160/2160/2160 2179/2179/2179 2180/2180/2180
f 2161/2161/2161 2181/2181/2181 2162/2162/2162
f 2161/2161/2161 2180/2180/2180 2181/2181/2181
f 2162/2162/2162 2182/2182/2182 2163/2163/2163
f 2162/2162/2162 2181/2181/2181 2182/2182/2182
f 2163/2163/2163 2183/2183/2183 2164/2164/2164
f 2163/2163/2163 2182/2182/2182 2183/2183/2183
f 2164/2164/2164 2184/2184/2184 2165/2165/2165
f 2164/2164/2164 2183/2183/2183 2184/2184/2184
f 2165/2165/2165 2185/2185/2185 2166/2166/2166
f 2165/2165/2165 2184/2184/2184 2185/2185/2185
f 2167/2167/2167 2187/2187/2187 2168/2168/2168
f 2167/2167/2167 2186/2186/2186 2187/2187/2187
f 2168/2168/2168 2188/2188/2188 2169/2169/2169
f 2168/2168/2168 2187/2187/2187 2188/2188/2188
f 2169/2169/2169 2189/2189/2189 2170/2170/2170
f 2169/2169/2169 2188/2188/2188 2189/2189/2189
f 2170/2170/2170 2190/2190/2190 2171/2171/2171
f 2170/2170/2170 2189/2189/2189 2190/2190/2190
f 2171/2171/2171 2191/2191/2191 2172/2172/2172
f 2171/2171/2171 2190/2190/2190 2191/2191/2191
f 2172/2172/2172 2192/2192/2192 2173/2173/2173
f 2172/2172/2172 2191/2191/2191 2192/2192/2192
f 2173/2173/2173 2193/2193/2193 2174/2174/2174
f 2173/2173/2173 2192/2192/2192 2193/2193/2193
f 2174/2174/2174 2194/2194/2194 2175/2175/2175
f 2174/2174/2174 2193/2193/2193 2194/2194/2194
f 2175/2175/2175 2195/2195/2195 2176/2176/2176
f 2175/2175/2175 2194/2194/2194 2195/2195/2195
f 2176/2176/2176 2196/2196/2196 2177/2177/2177
f 2176/2176/2176 2195/2195/2195 2196/2196/2196
f 2177/2177/2177 2197/2197/2197 2178/2178/2178
f 2177/2177/2177 2196/2196/2196 2197/2197/2197
f 2178/2178/2178 2198/2198/2198 2179/2179/2179
f 2178/2178/2178 2197/2197/2197 2198/2198/2198
f 2179/2179/2179 2199/2199/2199 2180/2180/2180
f 2179/2179/2179 2198/2198/2198 2199/2199/2199
f 2180/2180/2180 2200/2200/2200 2181/2181/2181
f 2180/2180/2180 2199/2199/2199 2200/2200/2200
f 2181/2181/2181 2201/2201/2201 2182/2182/2182
f 2181/2181/2181 2200/2200/2200 2201/2201/2201
f 2182/2182/2182 2202/2202/2202 2183/2183/2183
f 2182/2182/2182 2201/2201/2201 2202/2202/2202
f 2183/2183/2183 2203/2203/2203 2184/2184/2184
f 2183/2183/2183 2202/2202/2202 2203/2203/2203
f 2184/2184/2184 2204/2204/2204 2185/2185/2185
f 2184/2184/2184 2203/2203/2203 2204/2204/2204
f 2186/2186/2186 2206/2206/2206 2187/2187/2187
f 2186/2186/2186 2205/2205/2205 2206/2206/2206
f 2187/2187/2187 2207/2207/2207 2188/2188/2188
f 2187/2187/2187 2206/2206/2206 2207/2207/2207
f 2188/2188/2188 2208/2208/2208 2189/2189/2189
f 2188/2188/2188 2207/2207/2207 2208/2208/2208
f 2189/2189/2189 2209/2209/2209 2190/2190/2190
f 2189/2189/2189 2208/2208/2208 2209/2209/2209
f 2190/2190/2190 2210/2210/2210 2191/2191/2191
f 2190/2190/2190 2209/2209/2209 2210/2210/2210
f 2191/2191/2191 2211/2211/2211 2192/2192/2192
f 2191/2191/2191 2210/2210/2210 2211/2211/2211
f 2192/2192/2192 2212/2212/2212 2193/2193/2193
f 2192/2192/2192 2211/2211/2211 2212/2212/2212
f 2193/2193/2193 2213/2213/2213 2194/2194/2194
f 2193/2193/2193 2212/2212/2212 2213/2213/2213
f 2194/2194/2194 2214/2214/2214 2195/2195/2195
f 2194/2194/2194 2213/2213/2213 2214/2214/2214
f 2195/2195/2195 2215/2215/2215 2196/2196/2196
f 2195/2195/2195 2214/2214/2214 2215/2215/2215
f 2196/2196/2196 2216/2216/2216 2197/2197/2197
f 2196/2196/2196 2215/2215/2215 2216/2216/2216
f 2197/2197/2197 2217/2217/2217 2198/2198/2198
f 2197/2197/2197 2216/2216/2216 2217/2217/2217
f 2198/2198/2198 2218/2218/2218 2199/2199/2199
f 2198/2198/2198 2217/2217/2217 2218/2218/2218
f 2199/2199/2199 2219/2219/2219 2200/2200/2200
f 2199/2199/2199 2218/2218/2218 2219/2219/2219
f 2200/2200/2200 2220/2220/2220 2201/2201/2201
f 2200/2200/2200 2219/2219/2219 2220/2220/2220
f 2201/2201/2201 2221/2221/2221 2202/2202/2202
f 2201/2201/2201 2220/2220/2220 2221/2221/2221
f 2202/2202/2202 2222/2222/2222 2203/2203/2203
f 2202/2202/2202 2221/2221/2221 2222/2222/2222
f 2203/2203/2203 2223/2223/2223 2204/2204/2204
f 2203/2203/2203 2222/2222/2222 2223/2223/2223
f 2205/2205/2205 2225/2225/2225 2206/2206/2206
f 2205/2205/2205 2224/2224/2224 2225/2225/2225
f 2206/2206/2206 2226/2226/2226 2207/2207/2207
f 2206/2206/2206 2225/2225/2225 2226/2226/2226
f 2207/2207/2207 2227/2227/2227 2208/2208/2208
f 2207/2207/2207 2226/2226/2226 2227/2227/2227
f 2208/2208/2208 2228/2228/2228 2209/2209/2209
f 2208/2208/2208 2227/2227/2227 2228/2228/2228
f 2209/2209/2209 2229/2229/2229 2210/2210/2210
f 2209/2209/2209 2228/2228/2228 2229/2229/2229
f 2210/2210/2210 2230/2230/2230 2211/2211/2211
f 2210/2210/2210 2229/2229/2229 2230/2230/2230
f 2211/2211/2211 2231/2231/2231 2212/2212/2212
f 2211/2211/2211 2230/2230/2230 2231/2231/2231
f 2212/2212/2212 2232/2232/2232 2213/2213/2213
f 2212/2212/2212 2231/2231/2231 2232/2232/2232
f 2213/2213/2213 2233/2233/2233 2214/2214/2214
f 2213/2213/2213 2232/2232/2232 2233/2233/2233
f 2214/2214/2214 2234/2234/2234 2215/2215/2215
f 2214/2214/2214 2233/2233/2233 2234/2234/2234
f 2215/2215/2215 2235/2235/2235 2216/2216/2216
f 2215/2215/2215 2234/2234/2234 2235/2235/2235
f 2216/2216/2216 2236/2236/2236 2217/2217/2217
f 2216/2216/2216 2235/2235/2235 2236/2236/2236
f 2217/2217/2217 2237/2237/2237 2218/2218/2218
f 2217/2217/2217 2236/2236/2236 2237/2237/2237
f 2218/2218/2218 2238/2238/2238 2219/2219/2219
f 2218/2218/2218 2237/2237/2237 2238/2238/2238
f 2219/2219/2219 2239/2239/2239 2220/2220/2220
f 2219/2219/2219 2238/2238/2238 2239/2239/2239
f 2220/2220/2220 2240/2240/2240 2221/2221/2221
f 2220/2220/2220 2239/2239/2239 2240/2240/2240
f 2221/2221/2221 2241/2241/2241 2222/2222/2222
f 2221/2221/2221 2240/2240/2240 2241/2241/2241
f 2222/2222/2222 2242/2242/2242 2223/2223/2223
f 2222/2222/2222 2241/2241/2241 2242/2242/2242
f 2224/2224/2224 2244/2244/2244 2225/2225/2225
f 2224/2224/2224 2243/2243/2243 2244/2244/2244
f 2225/2225/2225 2245/2245/2245 2226/2226/2226
f 2225/2225/2225 2244/2244/2244 2245/2245/2245
f 2226/2226/2226 2246/2246/2246 2227/2227/2227
f 2226/2226/2226 2245/2245/2245 2246/2246/2246
f 2227/2227/2227 2247/2247/2247 2228/2228/2228
f 2227/2227/2227 2246/2246/2246 2247/2247/2247
f 2228/2228/2228 2248/2248/2248 2229/2229/2229
f 2228/2228/2228 2247/2247/2247 2248/2248/2248
f 2229/2229/2229 2249/2249/2249 2230/2230/2230
f 2229/2229/2229 2248/2248/2248 2249/2249/2249
f 2230/2230/2230 2250/2250/2250 2231/2231/2231
f 2230/2230/2230 2249/2249/2249 2250/2250/2250
f 2231/2231/2231 2251/2251/2251 2232/2232/2232
f 2231/2231/2231 2250/2250/2250 2251/2251/2251
f 2232/2232/2232 2252/2252/2252 2233/2233/2233
f 2232/2232/2232 2251/2251/2251 2252/2252/2252
f 2233/2233/2233 2253/2253/2253 2234/2234/2234
f 2233/2233/2233 2252/2252/2252 2253/2253/2253
f 2234/2234/2234 2254/2254/2254 2235/2235/2235
f 2234/2234/2234 2253/2253/2253 2254/2254/2254
f 2235/2235/2235 2255/2255/2255 2236/2236/2236
f 2235/2235/2235 2254/2254/2254 2255/2255/2255
f 2236/2236/2236 2256/2256/2256 2237/2237/2237
f 2236/2236/2236 2255/2255/2255 2256/2256/2256
f 2237/2237/2237 2257/2257/2257 2238/2238/2238
f 2237/2237/2237 2256/2256/2256 2257/2257/2257
f 2238/2238/2238 2258/2258/2258 2239/2239/2239
f 2238/2238/2238 2257/2257/2257 2258/2258/2258
f 2239/2239/2239 2259/2259/2259 2240/2240/2240
f 2239/2239/2239 2258/2258/2258 2259/2259/2259
f 2240/2240/2240 2260/2260/2260 2241/2241/2241
f 2240/2240/2240 2259/2259/2259 2260/2260/2260
f 2241/2241/2241 2261/2261/2261 2242/2242/2242
f 2241/2241/2241 2260/2260/2260 2261/2261/2261
f 2243/2243/2243 2263/2263/2263 2244/2244/2244
f 2243/2243/2243 2262/2262/2262 2263/2263/2263
f 2244/2244/2244 2264/2264/2264 2245/2245/2245
f 2244/2244/2244 2263/2263/2263 2264/2264/2264
f 2245/2245/2245 2265/2265/2265 2246/2246/2246
f 2245/2245/2245 2264/2264/2264 2265/2265/2265
f 2246/2246/2246 2266/2266/2266 2247/2247/2247
f 2246/2246/2246 2265/2265/2265 2266/2266/2266
f 2247/2247/2247 2267/2267/2267 2248/2248/2248
f 2247/2247/2247 2266/2266/2266 2267/2267/2267
f 2248/2248/2248 2268/2268/2268 2249/2249/2249
f 2248/2248/2248 2267/2267/2267 2268/2268/2268
f 2249/2249/2249 2269/2269/2269 2250/2250/2250
f 2249/2249/2249 2268/2268/2268 2269/2269/2269
f 2250/2250/2250 2270/2270/2270 2251/2251/2251
f 2250/2250/2250 2269/2269/2269 2270/2270/2270
f 2251/2251/2251 2271/2271/2271 2252/2252/2252
f 2251/2251/2251 2270/2270/2270 2271/2271/2271
f 2252/2252/2252 2272/2272/2272 2253/2253/2253
f 2252/2252/2252 2271/2271/2271 2272/2272/2272
f 2253/2253/2253 2273/2273/2273 2254/2254/2254
f 2253/2253/2253 2272/2272/2272 2273/2273/2273
f 2254/2254/2254 2274/2274/2274 2255/2255/2255
f 2254/2254/2254 2273/2273/2273 2274/2274/2274
f 2255/2255/2255 2275/2275/2275 2256/2256/2256
f 2255/2255/2255 2274/2274/2274 2275/2275/2275
f 2256/2256/2256 2276/2276/2276 2257/2257/2257
f 2256/2256/2256 2275/2275/2275 2276/2276/2276
f 2257/2257/2257 2277/2277/2277 2258/2258/2258
f 2257/2257/2257 2276/2276/2276 2277/2277/2277
f 2258/2258/2258 2278/2278/2278 2259/2259/2259
f 2258/2258/2258 2277/2277/2277 2278/2278/2278
f 2259/2259/2259 2279/2279/2279 2260/2260/2260
f 2259/2259/2259 2278/2278/2278 2279/2279/2279
f 2260/2260/2260 2280/2280/2280 2261/2261/2261
f 2260/2260/2260 2279/2279/2279 2280/2280/2280
f 2262/2262/2262 2282/2282/2282 2263/2263/2263
f 2262/2262/2262 2281/2281/2281 2282/2282/2282
f 2263/2263/2263 2283/2283/2283 2264/2264/2264
f 2263/2263/2263 2282/2282/2282 2283/2283/2283
f 2264/2264/2264 2284/2284/2284 2265/2265/2265
f 2264/2264/2264 2283/2283/2283 2284/2284/2284
f 2265/2265/2265 2285/2285/2285 2266/2266/2266
f 2265/2265/2265 2284/2284/2284 2285/2285/2285
f 2266/2266/2266 2286/2286/2286 2267/2267/2267
f 2266/2266/2266 2285/2285/2285 2286/2286/2286
f 2267/2267/2267 2287/2287/2287 2268/2268/2268
f 2267/2267/2267 2286/2286/2286 2287/2287/2287
f 2268/2268/2268 2288/2288/2288 2269/2269/2269
f 2268/2268/2268 2287/2287/2287 2288/2288/2288
f 2269/2269/2269 2289/2289/2289 2270/2270/2270
f 2269/2269/2269 2288/2288/2288 2289/2289/2289
f 2270/2270/2270 2290/2290/2290 2271/2271/2271
f 2270/2270/2270 2289/2289/2289 2290/2290/2290
f 2271/2271/2271 2291/2291/2291 2272/2272/2272
f 2271/2271/2271 2290/2290/2290 2291/2291/2291
f 2272/2272/2272 2292/2292/2292 2273/2273/2273
f 2272/2272/2272 2291/2291/2291 2292/2292/2292
f 2273/2273/2273 2293/2293/2293 2274/2274/2274
f 2273/2273/2273 2292/2292/2292 2293/2293/2293
f 2274/2274/2274 2294/2294/2294 2275/2275/2275
f 2274/2274/2274 2293/2293/2293 2294/2294/2294
f 2275/2275/2275 2295/2295/2295 2276/2276/2276
f 2275/2275/2275 2294/2294/2294 2295/2295/2295
f 2276/2276/2276 2296/2296/2296 2277/2277/2277
f 2276/2276/2276 2295/2295/2295 2296/2296/2296
f 2277/2277/2277 2297/2297/2297 2278/2278/2278
f 2277/2277/2277 2296/2296/2296 2297/2297/2297
f 2278/2278/2278 2298/2298/2298 2279/2279/2279
f 2278/2278/2278 2297/2297/2297 2298/2298/2298
f 2279/2279/2279 2299/2299/2299 2280/2280/2280
f 2279/2279/2279 2298/2298/2298 2299/2299/2299
f 2281/2281/2281 2301/2301/2301 2282/2282/2282
f 2281/2281/2281 2300/2300/2300 2301/2301/2301
f 2282/2282/2282 2302/2302/2302 2283/2283/2283
f 2282/2282/2282 2301/2301/2301 2302/2302/2302
f 2283/2283/2283 2303/2303/2303 2284/2284/2284
f 2283/2283/2283 2302/2302/2302 2303/2303/2303
f 2284/2284/2284 2304/2304/2304 2285/2285/2285
f 2284/2284/2284 2303/2303/2303 2304/2304/2304
f 2285/2285/2285 2305/2305/2305 2286/2286/2286
f 2285/2285/2285 2304/2304/2304 2305/2305/2305
f 2286/2286/2286 2306/2306/2306 2287/2287/2287
f 2286/2286/2286 2305/2305/2305 2306/2306/2306
f 2287/2287/2287 2307/2307/2307 2288/2288/2288
f 2287/2287/2287 2306/2306/2306 2307/2307/2307
f 2288/2288/2288 2308/2308/2308 2289/2289/2289
f 2288/2288/2288 2307/2307/2307 2308/2308/2308
f 2289/2289/2289 2309/2309/2309 2290/2290/2290
f 2289/2289/2289 2308/2308/2308 2309/2309/2309
f 2290/2290/2290 2310/2310/2310 2291/2291/2291
f 2290/2290/2290 2309/2309/2309 2310/2310/2310
f 2291/2291/2291 2311/2311/2311 2292/2292/2292
f 2291/2291/2291 2310/2310/2310 2311/2311/2311
f 2292/2292/2292 2312/2312/2312 2293/2293/2293
f 2292/2292/2292 2311/2311/2311 2312/2312/2312
f 2293/2293/2293 2313/2313/2313 2294/2294/2294
f 2293/2293/2293 2312/2312/2312 2313/2313/2313
f 2294/2294/2294 2314/2314/2314 2295/2295/2295
f 2294/2294/2294 2313/2313/2313 2314/2314/2314
f 2295/2295/2295 2315/2315/2315 2296/2296/2296
f 2295/2295/2295 2314/2314/2314 2315/2315/2315
f 2296/2296/2296 2316/2316/2316 2297/2297/2297
f 2296/2296/2296 2315/2315/2315 2316/2316/2316
f 2297/2297/2297 2317/2317/2317 2298/2298/2298
f 2297/2297/2297 2316/2316/2316 2317/2317/2317
f 2298/2298/2298 2318/2318/2318 2299/2299/2299
f 2298/2298/2298 2317/2317/2317 2318/2318/2318
f 2300/2300/2300 2319/2319/2319 2301/2301/2301
f 2301/2301/2301 2320/2320/2320 2302/2302/2302
f 2302/2302/2302 2321/2321/2321 2303/2303/2303
f 2303/2303/2303 2322/2322/2322 2304/2304/2304
f 2304/2304/2304 2323/2323/2323 2305/2305/2305
f 2305/2305/2305 2324/2324/2324 2306/2306/2306
f 2306/2306/2306 2325/2325/2325 2307/2307/2307
f 2307/2307/2307 2326/2326/2326 2308/2308/2308
f 2308/2308/2308 2327/2327/2327 2309/2309/2309
f 2309/2309/2309 2328/2328/2328 2310/2310/2310
f 2310/2310/2310 2329/2329/2329 2311/2311/2311
f 2311/2311/2311 2330/2330/2330 2312/2312/2312
f 2312/2312/2312 2331/2331/2331 2313/2313/2313
f 2313/2313/2313 2332/2332/2332 2314/2314/2314
f 2314/2314/2314 2333/2333/2333 2315/2315/2315
f 2315/2315/2315 2334/2334/2334 2316/2316/2316
f 2316/2316/2316 2335/2335/2335 2317/2317/2317
f 2317/2317/2317 2336/2336/2336 2318/2318/2318
g eye_ring
usemtl eye_ring
f 1492/1492/1492 1512/1512/1512 1511/1511/1511
f 1493/1493/1493 1513/1513/1513 1512/1512/1512
f 1494/1494/1494 1514/1514/1514 1513/1513/1513
f 1495/1495/1495 1515/1515/1515 1514/1514/1514
f 1496/1496/1496 1516/1516/1516 1515/1515/1515
f 1497/1497/1497 1517/1517/1517 1516/1516/1516
f 1498/1498/1498 1518/1518/1518 1517/1517/1517
f 1499/1499/1499 1519/1519/1519 1518/1518/1518
f 1500/1500/1500 1520/1520/1520 1519/1519/1519
f 1501/1501/1501 1521/1521/1521 1520/1520/1520
f 1502/1502/1502 1522/1522/1522 1521/1521/1521
f 1503/1503/1503 1523/1523/1523 1522/1522/1522
f 1504/1504/1504 1524/1524/1524 1523/1523/1523
f 1505/1505/1505 1525/1525/1525 1524/1524/1524
f 1506/1506/1506 1526/1526/1526 1525/1525/1525
f 1507/1507/1507 1527/1527/1527 1526/1526/1526
f 1508/1508/1508 1528/1528/1528 1527/1527/1527
f 1509/1509/1509 1529/1529/1529 1528/1528/1528
f 1511/1511/1511 1531/1531/1531 1512/1512/1512
f 1511/1511/1511 1530/1530/1530 1531/1531/1531
f 1512/1512/1512 1532/1532/1532 1513/1513/1513
f 1512/1512/1512 1531/1531/1531 1532/1532/1532
f 1513/1513/1513 1533/1533/1533 1514/1514/1514
f 1513/1513/1513 1532/1532/1532 1533/1533/1533
f 1514/1514/1514 1534/1534/1534 1515/1515/1515
f 1514/1514/1514 1533/1533/1533 1534/1534/1534
f 1515/1515/1515 1535/1535/1535 1516/1516/1516
f 1515/1515/1515 1534/1534/1534 1535/1535/1535
f 1516/1516/1516 1536/1536/1536 1517/1517/1517
f 1516/1516/1516 1535/1535/1535 1536/1536/1536
f 1517/1517/1517 1537/1537/1537 1518/1518/1518
f 1517/1517/1517 1536/1536/1536 1537/1537/1537
f 1518/1518/1518 1538/1538/1538 1519/1519/1519
f 1518/1518/1518 1537/1537/1537 1538/1538/1538
f 1519/1519/1519 1539/1539/1539 1520/1520/1520
f 1519/1519/1519 1538/1538/1538 1539/1539/1539
f 1520/1520/1520 1540/1540/1540 1521/1521/1521
f 1520/1520/1520 1539/1539/1539 1540/1540/1540
f 1521/1521/1521 1541/1541/1541 1522/1522/1522
f 1521/1521/1521 1540/1540/1540 1541/1541/1541
f 1522/1522/1522 1542/1542/1542 1523/1523/1523
f 1522/1522/1522 1541/1541/1541 1542/1542/1542
f 1523/1523/1523 1543/1543/1543 1524/1524/1524
f 1523/1523/1523 1542/1542/1542 1543/1543/1543
f 1524/1524/1524 1544/1544/1544 1525/1525/1525
f 1524/1524/1524 1543/1543/1543 1544/1544/1544
f 1525/1525/1525 1545/1545/1545 1526/1526/1526
f 1525/1525/1525 1544/1544/1544 1545/1545/1545
f 1526/1526/1526 1546/1546/1546 1527/1527/1527
f 1526/1526/1526 1545/1545/1545 1546/1546/1546
f 1527/1527/1527 1547/1547/1547 1528/1528/1528
f 1527/1527/1527 1546/1546/1546 1547/1547/1547
f 1528/1528/1528 1548/1548/1548 1529/1529/1529
f 1528/1528/1528 1547/1547/1547 1548/1548/1548
f 1530/1530/1530 1550/1550/1550 1531/1531/1531
f 1530/1530/1530 1549/1549/1549 1550/1550/1550
f 1531/1531/1531 1551/1551/1551 1532/1532/1532
f 1531/1531/1531 1550/1550/1550 1551/1551/1551
f 1532/1532/1532 1552/1552/1552 1533/1533/1533
f 1532/1532/1532 1551/1551/1551 1552/1552/1552
f 1533/1533/1533 1553/1553/1553 1534/1534/1534
f 1533/1533/1533 1552/1552/1552 1553/1553/1553
f 1534/1534/1534 1554/1554/1554 1535/1535/1535
f 1534/1534/1534 1553/1553/1553 1554/1554/1554
f 1535/1535/1535 1555/1555/1555 1536/1536/1536
f 1535/1535/1535 1554/1554/1554 1555/1555/1555
f 1536/1536/1536 1556/1556/1556 1537/1537/1537
f 1536/1536/1536 1555/1555/1555 1556/1556/1556
f 1537/1537/1537 1557/1557/1557 1538/1538/1538
f 1537/1537/1537 1556/1556/1556 1557/1557/1557
f 1538/1538/1538 1558/1558/1558 1539/1539/1539
f 1538/1538/1538 1557/1557/1557 1558/1558/1558
f 1539/1539/1539 1559/1559/1559 1540/1540/1540
f 1539/1539/1539 1558/1558/1558 1559/1559/1559
f 1540/1540/1540 1560/1560/1560 1541/1541/1541
f 1540/1540/1540 1559/1559/1559 1560/1560/1560
f 1541/1541/1541 1561/1561/1561 1542/1542/1542
f 1541/1541/1541 1560/1560/1560 1561/1561/1561
f 1542/1542/1542 1562/1562/1562 1543/1543/1543
f 1542/1542/1542 1561/1561/1561 1562/1562/1562
f 1543/1543/1543 1563/1563/1563 1544/1544/1544
f 1543/1543/1543 1562/1562/1562 1563/1563/1563
f 1544/1544/1544 1564/1564/1564 1545/1545/1545
f 1544/1544/1544 1563/1563/1563 1564/1564/1564
f 1545/1545/1545 1565/1565/1565 1546/1546/1546
f 1545/1545/1545 1564/1564/1564 1565/1565/1565
f 1546/1546/1546 1566/1566/1566 1547/1547/1547
f 1546/1546/1546 1565/1565/1565 1566/1566/1566
f 1547/1547/1547 1567/1567/1567 1548/1548/1548
f 1547/1547/1547 1566/1566/1566 1567/1567/1567
f 1549/1549/1549 1569/1569/1569 1550/1550/1550
f 1549/1549/1549 1568/1568/1568 1569/1569/1569
f 1550/1550/1550 1570/1570/1570 1551/1551/1551
f 1550/1550/1550 1569/1569/1569 1570/1570/1570
f 1551/1551/1551 1571/1571/1571 1552/1552/1552
f 1551/1551/1551 1570/1570/1570 1571/1571/1571
f 1552/1552/1552 1572/1572/1572 1553/1553/1553
f 1552/1552/1552 1571/1571/1571 1572/1572/1572
f 1553/1553/1553 1573/1573/1573 1554/1554/1554
f 1553/1553/1553 1572/1572/1572 1573/1573/1573
f 1554/1554/1554 1574/1574/1574 1555/1555/1555
f 1554/1554/1554 1573/1573/1573 1574/1574/1574
f 1555/1555/1555 1575/1575/1575 1556/1556/1556
f 1555/1555/1555 1574/1574/1574 1575/1575/1575
f 1556/1556/1556 1576/1576/1576 1557/1557/1557
f 1556/1556/1556 1575/1575/1575 1576/1576/1576
f 1557/1557/1557 1577/1577/1577 1558/1558/1558
f 1557/1557/1557 1576/1576/1576 1577/1577/1577
f 1558/1558/1558 1578/1578/1578 1559/1559/1559
f 1558/1558/1558 1577/1577/1577 1578/1578/1578
f 1559/1559/1559 1579/1579/1579 1560/1560/1560
f 1559/1559/1559 1578/1578/1578 1579/1579/1579
f 1560/1560/1560 1580/1580/1580 1561/1561/1561
f 1560/1560/1560 1579/1579/1579 1580/1580/1580
f 1561/1561/1561 1581/1581/1581 1562/1562/1562
f 1561/1561/1561 1580/1580/1580 1581/1581/1581
f 1562/1562/1562 1582/1582/1582 1563/1563/1563
f 1562/1562/1562 1581/1581/1581 1582/1582/1582
f 1563/1563/1563 1583/1583/1583 1564/1564/1564
f 1563/1563/1563 1582/1582/1582 1583/1583/1583
f 1564/1564/1564 1584/1584/1584 1565/1565/1565
f 1564/1564/1564 1583/1583/1583 1584/1584/1584
f 1565/1565/1565 1585/1585/1585 1566/1566/1566
f 1565/1565/1565 1584/1584/1584 1585/1585/1585
f 1566/1566/1566 1586/1586/1586 1567/1567/1567
f 1566/1566/1566 1585/1585/1585 1586/1586/1586
f 1568/1568/1568 1588/1588/1588 1569/1569/1569
f 1568/1568/1568 1587/1587/1587 1588/1588/1588
f 1569/1569/1569 1589/1589/1589 1570/1570/1570
f 1569/1569/1569 1588/1588/1588 1589/1589/1589
f 1570/1570/1570 1590/1590/1590 1571/1571/1571
f 1570/1570/1570 1589/1589/1589 1590/1590/1590
f 1571/1571/1571 1591/1591/1591 1572/1572/1572
f 1571/1571/1571 1590/1590/1590 1591/1591/1591
f 1572/1572/1572 1592/1592/1592 1573/1573/1573
f 1572/1572/1572 1591/1591/1591 1592/1592/1592
f 1573/1573/1573 1593/1593/1593 1574/1574/1574
f 1573/1573/1573 1592/1592/1592 1593/1593/1593
f 1574/1574/1574 1594/1594/1594 1575/1575/1575
f 1574/1574/1574 1593/1593/1593 1594/1594/1594
f 1575/1575/1575 1595/1595/1595 1576/1576/1576
f 1575/1575/1575 1594/1594/1594 1595/1595/1595
f 1576/1576/1576 1596/1596/1596 1577/1577/1577
f 1576/1576/1576 1595/1595/1595 1596/1596/1596
f 1577/1577/1577 1597/1597/1597 1578/1578/1578
f 1577/1577/1577 1596/1596/1596 1597/1597/1597
f 1578/1578/1578 1598/1598/1598 1579/1579/1579
f 1578/1578/1578 1597/1597/1597 1598/1598/1598
f 1579/1579/1579 1599/1599/1599 1580/1580/1580
f 1579/1579/1579 1598/1598/1598 1599/1599/1599
f 1580/1580/1580 1600/1600/1600 1581/1581/1581
f 1580/1580/1580 1599/1599/1599 1600/1600/1600
f 1581/1581/1581 1601/1601/1601 1582/1582/1582
f 1581/1581/1581 1600/1600/1600 1601/1601/1601
f 1582/1582/1582 1602/1602/1602 1583/1583/1583
f 1582/1582/1582 1601/1601/1601 1602/1602/1602
f 1583/1583/1583 1603/1603/1603 1584/1584/1584
f 1583/1583/1583 1602/1602/1602 1603/1603/1603
f 1584/1584/1584 1604/1604/1604 1585/1585/1585
f 1584/1584/1584 1603/1603/1603 1604/1604/1604
f 1585/1585/1585 1605/1605/1605 1586/1586/1586
f 1585/1585/1585 1604/1604/1604 1605/1605/1605
f 1587/1587/1587 1607/1607/1607 1588/1588/1588
f 1587/1587/1587 1606/1606/1606 1607/1607/1607
f 1588/1588/1588 1608/1608/1608 1589/1589/1589
f 1588/1588/1588 1607/1607/1607 1608/1608/1608
f 1589/1589/1589 1609/1609/1609 1590/1590/1590
f 1589/1589/1589 1608/1608/1608 1609/1609/1609
f 1590/1590/1590 1610/1610/1610 1591/1591/1591
f 1590/1590/1590 1609/1609/1609 1610/1610/1610
f 1591/1591/1591 1611/1611/1611 1592/1592/1592
f 1591/1591/1591 1610/1610/1610 1611/1611/1611
f 1592/1592/1592 1612/1612/1612 1593/1593/1593
f 1592/1592/1592 1611/1611/1611 1612/1612/1612
f 1593/1593/1593 1613/1613/1613 1594/1594/1594
f 1593/1593/1593 1612/1612/1612 1613/1613/1613
f 1594/1594/1594 1614/1614/1614 1595/1595/1595
f 1594/1594/1594 1613/1613/1613 1614/1614/1614
f 1595/1595/1595 1615/1615/1615 1596/1596/1596
f 1595/1595/1595 1614/1614/1614 1615/1615/1615
f 1596/1596/1596 1616/1616/1616 1597/1597/1597
f 1596/1596/1596 1615/1615/1615 1616/1616/1616
f 1597/1597/1597 1617/1617/1617 1598/1598/1598
f 1597/1597/1597 1616/1616/1616 1617/1617/1617
f 1598/1598/1598 1618/1618/1618 1599/1599/1599
f 1598/1598/1598 1617/1617/1617 1618/1618/1618
f 1599/1599/1599 1619/1619/1619 1600/1600/1600
f 1599/1599/1599 1618/1618/1618 1619/1619/1619
f 1600/1600/1600 1620/1620/1620 1601/1601/1601
f 1600/1600/1600 1619/1619/1619 1620/1620/1620
f 1601/1601/1601 1621/1621/1621 1602/1602/1602
f 1601/1601/1601 1620/1620/1620 1621/1621/1621
f 1602/1602/1602 1622/1622/1622 1603/1603/1603
f 1602/1602/1602 1621/1621/1621 1622/1622/1622
f 1603/1603/1603 1623/1623/1623 1604/1604/1604
f 1603/1603/1603 1622/1622/1622 1623/1623/1623
f 1604/1604/1604 1624/1624/1624 1605/1605/1605
f 1604/1604/1604 1623/1623/1623 1624/1624/1624
f 1606/1606/1606 1626/1626/1626 1607/1607/1607
f 1606/1606/1606 1625/1625/1625 1626/1626/1626
f 1607/1607/1607 1627/1627/1627 1608/1608/1608
f 1607/1607/1607 1626/1626/1626 1627/1627/1627
f 1608/1608/1608 1628/1628/1628 1609/1609/1609
f 1608/1608/1608 1627/1627/1627 1628/1628/1628
f 1609/1609/1609 1629/1629/1629 1610/1610/1610
f 1609/1609/1609 1628/1628/1628 1629/1629/1629
f 1610/1610/1610 1630/1630/1630 1611/1611/1611
f 1610/1610/1610 1629/1629/1629 1630/1630/1630
f 1611/1611/1611 1631/1631/1631 1612/1612/1612
f 1611/1611/1611 1630/1630/1630 1631/1631/1631
f 1612/1612/1612 1632/1632/1632 1613/1613/1613
f 1612/1612/1612 1631/1631/1631 1632/1632/1632
f 1613/1613/1613 1633/1633/1633 1614/1614/1614
f 1613/1613/1613 1632/1632/1632 1633/1633/1633
f 1614/1614/1614 1634/1634/1634 1615/1615/1615
f 1614/1614/1614 1633/1633/1633 1634/1634/1634
f 1615/1615/1615 1635/1635/1635 1616/1616/1616
f 1615/1615/1615 1634/1634/1634 1635/1635/1635
f 1616/1616/1616 1636/1636/1636 1617/1617/1617
f 1616/1616/1616 1635/1635/1635 1636/1636/1636
f 1617/1617/1617 1637/1637/1637 1618/1618/1618
f 1617/1617/1617 1636/1636/1636 1637/1637/1637
f 1618/1618/1618 1638/1638/1638 1619/1619/1619
f 1618/1618/1618 1637/1637/1637 1638/1638/1638
f 1619/1619/1619 1639/1639/1639 1620/1620/1620
f 1619/1619/1619 1638/1638/1638 1639/1639/1639
f 1620/1620/1620 1640/1640/1640 1621/1621/1621
f 1620/1620/1620 1639/1639/1639 1640/1640/1640
f 1621/1621/1621 1641/1641/1641 1622/1622/1622
f 1621/1621/1621 1640/1640/1640 1641/1641/1641
f 1622/1622/1622 1642/1642/1642 1623/1623/1623
f 1622/1622/1622 1641/1641/1641 1642/1642/1642
f 1623/1623/1623 1643/1643/1643 1624/1624/1624
f 1623/1623/1623 1642/1642/1642 1643/1643/1643
f 1625/1625/1625 1645/1645/1645 1626/1626/1626
f 1625/1625/1625 1644/1644/1644 1645/1645/1645
f 1626/1626/1626 1646/1646/1646 1627/1627/1627
f 1626/1626/1626 1645/1645/1645 1646/1646/1646
f 1627/1627/1627 1647/1647/1647 1628/1628/1628
f 1627/1627/1627 1646/1646/1646 1647/1647/1647
f 1628/1628/1628 1648/1648/1648 1629/1629/1629
f 1628/1628/1628 1647/1647/1647 1648/1648/1648
f 1629/1629/1629 1649/1649/1649 1630/1630/1630
f 1629/1629/1629 1648/1648/1648 1649/1649/1649
f 1630/1630/1630 1650/1650/1650 1631/1631/1631
f 1630/1630/1630 1649/1649/1649 1650/1650/1650
f 1631/1631/1631 1651/1651/1651 1632/1632/1632
f 1631/1631/1631 1650/1650/1650 1651/1651/1651
f 1632/1632/1632 1652/1652/1652 1633/1633/1633
f 1632/1632/1632 1651/1651/1651 1652/1652/1652
f 1633/1633/1633 1653/1653/1653 1634/1634/1634
f 1633/1633/1633 1652/1652/1652 1653/1653/1653
f 1634/1634/1634 1654/1654/1654 1635/1635/1635
f 1634/1634/1634 1653/1653/1653 1654/1654/1654
f 1635/1635/1635 1655/1655/1655 1636/1636/1636
f 1635/1635/1635 1654/1654/1654 1655/1655/1655
f 1636/1636/1636 1656/1656/1656 1637/1637/1637
f 1636/1636/1636 1655/1655/1655 1656/1656/1656
f 1637/1637/1637 1657/1657/1657 1638/1638/1638
f 1637/1637/1637 1656/1656/1656 1657/1657/1657
f 1638/1638/1638 1658/1658/1658 1639/1639/1639
f 1638/1638/1638 1657/1657/1657 1658/1658/1658
f 1639/1639/1639 1659/1659/1659 1640/1640/1640
f 1639/1639/1639 1658/1658/1658 1659/1659/1659
f 1640/1640/1640 1660/1660/1660 1641/1641/1641
f 1640/1640/1640 1659/1659/1659 1660/1660/1660
f 1641/1641/1641 1661/1661/1661 1642/1642/1642
f 1641/1641/1641 1660/1660/1660 1661/1661/1661
f 1642/1642/1642 1662/1662/1662 1643/1643/1643
f 1642/1642/1642 1661/1661/1661 1662/1662/1662
f 1644/1644/1644 1664/1664/1664 1645/1645/1645
f 1644/1644/1644 1663/1663/1663 1664/1664/1664
f 1645/1645/1645 1665/1665/1665 1646/1646/1646
f 1645/1645/1645 1664/1664/1664 1665/1665/1665
f 1646/1646/1646 1666/1666/1666 1647/1647/1647
f 1646/1646/1646 1665/1665/1665 1666/1666/1666
f 1647/1647/1647 1667/1667/1667 1648/1648/1648
f 1647/1647/1647 1666/1666/1666 1667/1667/1667
f 1648/1648/1648 1668/1668/1668 1649/1649/1649
f 1648/1648/1648 1667/1667/1667 1668/1668/1668
f 1649/1649/1649 1669/1669/1669 1650/1650/1650
f 1649/1649/1649 1668/1668/1668 1669/1669/1669
f 1650/1650/1650 1670/1670/1670 1651/1651/1651
f 1650/1650/1650 1669/1669/1669 1670/1670/1670
f 1651/1651/1651 1671/1671/1671 1652/1652/1652
f 1651/1651/1651 1670/1670/1670 1671/1671/1671
f 1652/1652/1652 1672/1672/1672 1653/1653/1653
f 1652/1652/1652 1671/1671/1671 1672/1672/1672
f 1653/1653/1653 1673/1673/1673 1654/1654/1654
f 1653/1653/1653 1672/1672/1672 1673/1673/1673
f 1654/1654/1654 1674/1674/1674 1655/1655/1655
f 1654/1654/1654 1673/1673/1673 1674/1674/1674
f 1655/1655/1655 1675/1675/1675 1656/1656/1656
f 1655/1655/1655 1674/1674/1674 1675/1675/1675
f 1656/1656/1656 1676/1676/1676 1657/1657/1657
f 1656/1656/1656 1675/1675/1675 1676/1676/1676
f 1657/1657/1657 1677/1677/1677 1658/1658/1658
f 1657/1657/1657 1676/1676/1676 1677/1677/1677
f 1658/1658/1658 1678/1678/1678 1659/1659/1659
f 1658/1658/1658 1677/1677/1677 1678/1678/1678
f 1659/1659/1659 1679/1679/1679 1660/1660/1660
f 1659/1659/1659 1678/1678/1678 1679/1679/1679
f 1660/1660/1660 1680/1680/1680 1661/1661/1661
f 1660/1660/1660 1679/1679/1679 1680/1680/1680
f 1661/1661/1661 1681/1681/1681 1662/1662/1662
f 1661/1661/1661 1680/1680/1680 1681/1681/1681
f 1663/1663/1663 1683/1683/1683 1664/1664/1664
f 1663/1663/1663 1682/1682/1682 1683/1683/1683
f 1664/1664/1664 1684/1684/1684 1665/1665/1665
f 1664/1664/1664 1683/1683/1683 1684/1684/1684
f 1665/1665/1665 1685/1685/1685 1666/1666/1666
f 1665/1665/1665 1684/1684/1684 1685/1685/1685
f 1666/1666/1666 1686/1686/1686 1667/1667/1667
f 1666/1666/1666 1685/1685/1685 1686/1686/1686
f 1667/1667/1667 1687/1687/1687 1668/1668/1668
f 1667/1667/1667 1686/1686/1686 1687/1687/1687
f 1668/1668/1668 1688/1688/1688 1669/1669/1669
f 1668/1668/1668 1687/1687/1687 1688/1688/1688
f 1669/1669/1669 1689/1689/1689 1670/1670/1670
f 1669/1669/1669 1688/1688/1688 1689/1689/1689
f 1670/1670/1670 1690/1690/1690 1671/1671/1671
f 1670/1670/1670 1689/1689/1689 1690/1690/1690
f 1671/1671/1671 1691/1691/1691 1672/1672/1672
f 1671/1671/1671 1690/1690/1690 1691/1691/1691
f 1672/1672/1672 1692/1692/1692 1673/1673/1673
f 1672/1672/1672 1691/1691/1691 1692/1692/1692
f 1673/1673/1673 1693/1693/1693 1674/1674/1674
f 1673/1673/1673 1692/1692/1692 1693/1693/1693
f 1674/1674/1674 1694/1694/1694 1675/1675/1675
f 1674/1674/1674 1693/1693/1693 1694/1694/1694
f 1675/1675/1675 1695/1695/1695 1676/1676/1676
f 1675/1675/1675 1694/1694/1694 1695/1695/1695
f 1676/1676/1676 1696/1696/1696 1677/1677/1677
f 1676/1676/1676 1695/1695/1695 1696/1696/1696
f 1677/1677/1677 1697/1697/1697 1678/1678/1678
f 1677/1677/1677 1696/1696/1696 1697/1697/1697
f 1678/1678/1678 1698/1698/1698 1679/1679/1679
f 1678/1678/1678 1697/1697/1697 1698/1698/1698
f 1679/1679/1679 1699/1699/1699 1680/1680/1680
f 1679/1679/1679 1698/1698/1698 1699/1699/1699
f 1680/1680/1680 1700/1700/1700 1681/1681/1681
f 1680/1680/1680 1699/1699/1699 1700/1700/1700
f 1682/1682/1682 1702/1702/1702 1683/1683/1683
f 1682/1682/1682 1701/1701/1701 1702/1702/1702
f 1683/1683/1683 1703/1703/1703 1684/1684/1684
f 1683/1683/1683 1702/1702/1702 1703/1703/1703
f 1684/1684/1684 1704/1704/1704 1685/1685/1685
f 1684/1684/1684 1703/1703/1703 1704/1704/1704
f 1685/1685/1685 1705/1705/1705 1686/1686/1686
f 1685/1685/1685 1704/1704/1704 1705/1705/1705
f 1686/1686/1686 1706/1706/1706 1687/1687/1687
f 1686/1686/1686 1705/1705/1705 1706/1706/1706
f 1687/1687/1687 1707/1707/1707 1688/1688/1688
f 1687/1687/1687 1706/1706/1706 1707/1707/1707
f 1688/1688/1688 1708/1708/1708 1689/1689/1689
f 1688/1688/1688 1707/1707/1707 1708/1708/1708
f 1689/1689/1689 1709/1709/1709 1690/1690/1690
f 1689/1689/1689 1708/1708/1708 1709/1709/1709
f 1690/1690/1690 1710/1710/1710 1691/1691/1691
f 1690/1690/1690 1709/1709/1709 1710/1710/1710
f 1691/1691/1691 1711/1711/1711 1692/1692/1692
f 1691/1691/1691 1710/1710/1710 1711/1711/1711
f 1692/1692/1692 1712/1712/1712 1693/1693/1693
f 1692/1692/1692 1711/1711/1711 1712/1712/1712
f 1693/1693/1693 1713/1713/1713 1694/1694/1694
f 1693/1693/1693 1712/1712/1712 1713/1713/1713
f 1694/1694/1694 1714/1714/1714 1695/1695/1695
f 1694/1694/1694 1713/1713/1713 1714/1714/1714
f 1695/1695/1695 1715/1715/1715 1696/1696/1696
f 1695/1695/1695 1714/1714/1714 1715/1715/1715
f 1696/1696/1696 1716/1716/1716 1697/1697/1697
f 1696/1696/1696 1715/1715/1715 1716/1716/1716
f 1697/1697/1697 1717/1717/1717 1698/1698/1698
f 1697/1697/1697 1716/1716/1716 1717/1717/1717
f 1698/1698/1698 1718/1718/1718 1699/1699/1699
f 1698/1698/1698 1717/1717/1717 1718/1718/1718
f 1699/1699/1699 1719/1719/1719 1700/1700/1700
f 1699/1699/1699 1718/1718/1718 1719/1719/1719
f 1701/1701/1701 1720/1720/1720 1702/1702/1702
f 1702/1702/1702 1721/1721/1721 1703/1703/1703
f 1703/1703/1703 1722/1722/1722 1704/1704/1704
f 1704/1704/1704 1723/1723/1723 1705/1705/1705
f 1705/1705/1705 1724/1724/1724 1706/1706/1706
f 1706/1706/1706 1725/1725/1725 1707/1707/1707
f 1707/1707/1707 1726/1726/1726 1708/1708/1708
f 1708/1708/1708 1727/1727/1727 1709/1709/1709
f 1709/1709/1709 1728/1728/1728 1710/1710/1710
f 1710/1710/1710 1729/1729/1729 1711/1711/1711
f 1711/1711/1711 1730/1730/1730 1712/1712/1712
f 1712/1712/1712 1731/1731/1731 1713/1713/1713
f 1713/1713/1713 1732/1732/1732 1714/1714/1714
f 1714/1714/1714 1733/1733/1733 1715/1715/1715
f 1715/1715/1715 1734/1734/1734 1716/1716/1716
f 1716/1716/1716 1735/1735/1735 1717/1717/1717
f 1717/1717/1717 1736/1736/1736 1718/1718/1718
f 1718/1718/1718 1737/1737/1737 1719/1719/1719
f 2338/2338/2338 2358/2358/2358 2357/2357/2357
f 2339/2339/2339 2359/2359/2359 2358/2358/2358
f 2340/2340/2340 2360/2360/2360 2359/2359/2359
f 2341/2341/2341 2361/2361/2361 2360/2360/2360
f 2342/2342/2342 2362/2362/2362 2361/2361/2361
f 2343/2343/2343 2363/2363/2363 2362/2362/2362
f 2344/2344/2344 2364/2364/2364 2363/2363/2363
f 2345/2345/2345 2365/2365/2365 2364/2364/2364
f 2346/2346/2346 2366/2366/2366 2365/2365/2365
f 2347/2347/2347 2367/2367/2367 2366/2366/2366
f 2348/2348/2348 2368/2368/2368 2367/2367/2367
f 2349/2349/2349 2369/2369/2369 2368/2368/2368
f 2350/2350/2350 2370/2370/2370 2369/2369/2369
f 2351/2351/2351 2371/2371/2371 2370/2370/2370
f 2352/2352/2352 2372/2372/2372 2371/2371/2371
f 2353/2353/2353 2373/2373/2373 2372/2372/2372
f 2354/2354/2354 2374/2374/2374 2373/2373/2373
f 2355/2355/2355 2375/2375/2375 2374/2374/2374
f 2357/2357/2357 2377/2377/2377 2358/2358/2358
f 2357/2357/2357 2376/2376/2376 2377/2377/2377
f 2358/2358/2358 2378/2378/2378 2359/2359/2359
f 2358/2358/2358 2377/2377/2377 2378/2378/2378
f 2359/2359/2359 2379/2379/2379 2360/2360/2360
f 2359/2359/2359 2378/2378/2378 2379/2379/2379
f 2360/2360/2360 2380/2380/2380 2361/2361/2361
f 2360/2360/2360 2379/2379/2379 2380/2380/2380
f 2361/2361/2361 2381/2381/2381 2362/2362/2362
f 2361/2361/2361 2380/2380/2380 2381/2381/2381
f 2362/2362/2362 2382/2382/2382 2363/2363/2363
f 2362/2362/2362 2381/2381/2381 2382/2382/2382
f 2363/2363/2363 2383/2383/2383 2364/2364/2364
f 2363/2363/2363 2382/2382/2382 2383/2383/2383
f 2364/2364/2364 2384/2384/2384 2365/2365/2365
f 2364/2364/2364 2383/2383/2383 2384/2384/2384
f 2365/2365/2365 2385/2385/2385 2366/2366/2366
f 2365/2365/2365 2384/2384/2384 2385/2385/2385
f 2366/2366/2366 2386/2386/2386 2367/2367/2367
f 2366/2366/2366 2385/2385/2385 2386/2386/2386
f 2367/2367/2367 2387/2387/2387 2368/2368/2368
f 2367/2367/2367 2386/2386/2386 2387/2387/2387
f 2368/2368/2368 2388/2388/2388 2369/2369/2369
f 2368/2368/2368 2387/2387/2387 2388/2388/2388
f 2369/2369/2369 2389/2389/2389 2370/2370/2370
f 2369/2369/2369 2388/2388/2388 2389/2389/2389
f 2370/2370/2370 2390/2390/2390 2371/2371/2371
f 2370/2370/2370 2389/2389/2389 2390/2390/2390
f 2371/2371/2371 2391/2391/2391 2372/2372/2372
f 2371/2371/2371 2390/2390/2390 2391/2391/2391
f 2372/2372/2372 2392/2392/2392 2373/2373/2373
f 2372/2372/2372 2391/2391/2391 2392/2392/2392
f 2373/2373/2373 2393/2393/2393 2374/2374/2374
f 2373/2373/2373 2392/2392/2392 2393/2393/2393
f 2374/2374/2374 2394/2394/2394 2375/2375/2375
f 2374/2374/2374 2393/2393/2393 2394/2394/2394
f 2376/2376/2376 2396/2396/2396 2377/2377/2377
f 2376/2376/2376 2395/2395/2395 2396/2396/2396
f 2377/2377/2377 2397/2397/2397 2378/2378/2378
f 2377/2377/2377 2396/2396/2396 2397/2397/2397
f 2378/2378/2378 2398/2398/2398 2379/2379/2379
f 2378/2378/2378 2397/2397/2397 2398/2398/2398
f 2379/2379/2379 2399/2399/2399 2380/2380/2380
f 2379/2379/2379 2398/2398/2398 2399/2399/2399
f 2380/2380/2380 2400/2400/2400 2381/2381/2381
f 2380/2380/2380 2399/2399/2399 2400/2400/2400
f 2381/2381/2381 2401/2401/2401 2382/2382/2382
f 2381/2381/2381 2400/2400/2400 2401/2401/2401
f 2382/2382/2382 2402/2402/2402 2383/2383/2383
f 2382/2382/2382 2401/2401/2401 2402/2402/2402
f 2383/2383/2383 2403/2403/2403 2384/2384/2384
f 2383/2383/2383 2402/2402/2402 2403/2403/2403
f 2384/2384/2384 2404/2404/2404 2385/2385/2385
f 2384/2384/2384 2403/2403/2403 2404/2404/2404
f 2385/2385/2385 2405/2405/2405 2386/2386/2386
f 2385/2385/2385 2404/2404/2404 2405/2405/2405
f 2386/2386/2386 2406/2406/2406 2387/2387/2387
f 2386/2386/2386 2405/2405/2405 2406/2406/2406
f 2387/2387/2387 2407/2407/2407 2388/2388/2388
f 2387/2387/2387 2406/2406/2406 2407/2407/2407
f 2388/2388/2388 2408/2408/2408 2389/2389/2389
f 2388/2388/2388 2407/2407/2407 2408/2408/2408
f 2389/2389/2389 2409/2409/2409 2390/2390/2390
f 2389/2389/2389 2408/2408/2408 2409/2409/2409
f 2390/2390/2390 2410/2410/2410 2391/2391/2391
f 2390/2390/2390 2409/2409/2409 2410/2410/2410
f 2391/2391/2391 2411/2411/2411 2392/2392/2392
f 2391/2391/2391 2410/2410/2410 2411/2411/2411
f 2392/2392/2392 2412/2412/2412 2393/2393/2393
f 2392/2392/2392 2411/2411/2411 2412/2412/2412
f 2393/2393/2393 2413/2413/2413 2394/2394/2394
f 2393/2393/2393 2412/2412/2412 2413/2413/2413
f 2395/2395/2395 2415/2415/2415 2396/2396/2396
f 2395/2395/2395 2414/2414/2414 2415/2415/2415
f 2396/2396/2396 2416/2416/2416 2397/2397/2397
f 2396/2396/2396 2415/2415/2415 2416/2416/2416
f 2397/2397/2397 2417/2417/2417 2398/2398/2398
f 2397/2397/2397 2416/2416/2416 2417/2417/2417
f 2398/2398/2398 2418/2418/2418 2399/2399/2399
f 2398/2398/2398 2417/2417/2417 2418/2418/2418
f 2399/2399/2399 2419/2419/2419 2400/2400/2400
f 2399/2399/2399 2418/2418/2418 2419/2419/2419
f 2400/2400/2400 2420/2420/2420 2401/2401/2401
f 2400/2400/2400 2419/2419/2419 2420/2420/2420
f 2401/2401/2401 2421/2421/2421 2402/2402/2402
f 2401/2401/2401 2420/2420/2420 2421/2421/2421
f 2402/2402/2402 2422/2422/2422 2403/2403/2403
f 2402/2402/2402 2421/2421/2421 2422/2422/2422
f 2403/2403/2403 2423/2423/2423 2404/2404/2404
f 2403/2403/2403 2422/2422/2422 2423/2423/2423
f 2404/2404/2404 2424/2424/2424 2405/2405/2405
f 2404/2404/2404 2423/2423/2423 2424/2424/2424
f 2405/2405/2405 2425/2425/2425 2406/2406/2406
f 2405/2405/2405 2424/2424/2424 2425/2425/2425
f 2406/2406/2406 2426/2426/2426 2407/2407/2407
f 2406/2406/2406 2425/2425/2425 2426/2426/2426
f 2407/2407/2407 2427/2427/2427 2408/2408/2408
f 2407/2407/2407 2426/2426/2426 2427/2427/2427
f 2408/2408/2408 2428/2428/2428 2409/2409/2409
f 2408/2408/2408 2427/2427/2427 2428/2428/2428
f 2409/2409/2409 2429/2429/2429 2410/2410/2410
f 2409/2409/2409 2428/2428/2428 2429/2429/2429
f 2410/2410/2410 2430/2430/2430 2411/2411/2411
f 2410/2410/2410 2429/2429/2429 2430/2430/2430
f 2411/2411/2411 2431/2431/2431 2412/2412/2412
f 2411/2411/2411 2430/2430/2430 2431/2431/2431
f 2412/2412/2412 2432/2432/2432 2413/2413/2413
f 2412/2412/2412 2431/2431/2431 2432/2432/2432
f 2414/2414/2414 2434/2434/2434 2415/2415/2415
f 2414/2414/2414 2433/2433/2433 2434/2434/2434
f 2415/2415/2415 2435/2435/2435 2416/2416/2416
f 2415/2415/2415 2434/2434/2434 2435/2435/2435
f 2416/2416/2416 2436/2436/2436 2417/2417/2417
f 2416/2416/2416 2435/2435/2435 2436/2436/2436
f 2417/2417/2417 2437/2437/2437 2418/2418/2418
f 2417/2417/2417 2436/2436/2436 2437/2437/2437
f 2418/2418/2418 2438/2438/2438 2419/2419/2419
f 2418/2418/2418 2437/2437/2437 2438/2438/2438
f 2419/2419/2419 2439/2439/2439 2420/2420/2420
f 2419/2419/2419 2438/2438/2438 2439/2439/2439
f 2420/2420/2420 2440/2440/2440 2421/2421/2421
f 2420/2420/2420 2439/2439/2439 2440/2440/2440
f 2421/2421/2421 2441/2441/2441 2422/2422/2422
f 2421/2421/2421 2440/2440/2440 2441/2441/2441
f 2422/2422/2422 2442/2442/2442 2423/2423/2423
f 2422/2422/2422 2441/2441/2441 2442/2442/2442
f 2423/2423/2423 2443/2443/2443 2424/2424/2424
f 2423/2423/2423 2442/2442/2442 2443/2443/2443
f 2424/2424/2424 2444/2444/2444 2425/2425/2425
f 2424/2424/2424 2443/2443/2443 2444/2444/2444
f 2425/2425/2425 2445/2445/2445 2426/2426/2426
f 2425/2425/2425 2444/2444/2444 2445/2445/2445
f 2426/2426/2426 2446/2446/2446 2427/2427/2427
f 2426/2426/2426 2445/2445/2445 2446/2446/2446
f 2427/2427/2427 2447/2447/2447 2428/2428/2428
f 2427/2427/2427 2446/2446/2446 2447/2447/2447
f 2428/2428/2428 2448/2448/2448 2429/2429/2429
f 2428/2428/2428 2447/2447/2447 2448/2448/2448
f 2429/2429/2429 2449/2449/2449 2430/2430/2430
f 2429/2429/2429 2448/2448/2448 2449/2449/2449
f 2430/2430/2430 2450/2450/2450 2431/2431/2431
f 2430/2430/2430 2449/2449/2449 2450/2450/2450
f 2431/2431/2431 2451/2451/2451 2432/2432/2432
f 2431/2431/2431 2450/2450/2450 2451/2451/2451
f 2433/2433/2433 2453/2453/2453 2434/2434/2434
f 2433/2433/2433 2452/2452/2452 2453/2453/2453
f 2434/2434/2434 2454/2454/2454 2435/2435/2435
f 2434/2434/2434 2453/2453/2453 2454/2454/2454
f 2435/2435/2435 2455/2455/2455 2436/2436/2436
f 2435/2435/2435 2454/2454/2454 2455/2455/2455
f 2436/2436/2436 2456/2456/2456 2437/2437/2437
f 2436/2436/2436 2455/2455/2455 2456/2456/2456
f 2437/2437/2437 2457/2457/2457 2438/2438/2438
f 2437/2437/2437 2456/2456/2456 2457/2457/2457
f 2438/2438/2438 2458/2458/2458 2439/2439/2439
f 2438/2438/2438 2457/2457/2457 2458/2458/2458
f 2439/2439/2439 2459/2459/2459 2440/2440/2440
f 2439/2439/2439 2458/2458/2458 2459/2459/2459
f 2440/2440/2440 2460/2460/2460 2441/2441/2441
f 2440/2440/2440 2459/2459/2459 2460/2460/2460
f 2441/2441/2441 2461/2461/2461 2442/2442/2442
f 2441/2441/2441 2460/2460/2460 2461/2461/2461
f 2442/2442/2442 2462/2462/2462 2443/2443/2443
f 2442/2442/2442 2461/2461/2461 2462/2462/2462
f 2443/2443/2443 2463/2463/2463 2444/2444/2444
f 2443/2443/2443 2462/2462/2462 2463/2463/2463
f 2444/2444/2444 2464/2464/2464 2445/2445/2445
f 2444/2444/2444 2463/2463/2463 2464/2464/2464
f 2445/2445/2445 2465/2465/2465 2446/2446/2446
f 2445/2445/2445 2464/2464/2464 2465/2465/2465
f 2446/2446/2446 2466/2466/2466 2447/2447/2447
f 2446/2446/2446 2465/2465/2465 2466/2466/2466
f 2447/2447/2447 2467/2467/2467 2448/2448/2448
f 2447/2447/2447 2466/2466/2466 2467/2467/2467
f 2448/2448/2448 2468/2468/2468 2449/2449/2449
f 2448/2448/2448 2467/2467/2467 2468/2468/2468
f 2449/2449/2449 2469/2469/2469 2450/2450/2450
f 2449/2449/2449 2468/2468/2468 2469/2469/2469
f 2450/2450/2450 2470/2470/2470 2451/2451/2451
f 2450/2450/2450 2469/2469/2469 2470/2470/2470
f 2452/2452/2452 2472/2472/2472 2453/2453/2453
f 2452/2452/2452 2471/2471/2471 2472/2472/2472
f 2453/2453/2453 2473/2473/2473 2454/2454/2454
f 2453/2453/2453 2472/2472/2472 2473/2473/2473
f 2454/2454/2454 2474/2474/2474 2455/2455/2455
f 2454/2454/2454 2473/2473/2473 2474/2474/2474
f 2455/2455/2455 2475/2475/2475 2456/2456/2456
f 2455/2455/2455 2474/2474/2474 2475/2475/2475
f 2456/2456/2456 2476/2476/2476 2457/2457/2457
f 2456/2456/2456 2475/2475/2475 2476/2476/2476
f 2457/2457/2457 2477/2477/2477 2458/2458/2458
f 2457/2457/2457 2476/2476/2476 2477/2477/2477
f 2458/2458/2458 2478/2478/2478 2459/2459/2459
f 2458/2458/2458 2477/2477/2477 2478/2478/2478
f 2459/2459/2459 2479/2479/2479 2460/2460/2460
f 2459/2459/2459 2478/2478/2478 2479/2479/2479
f 2460/2460/2460 2480/2480/2480 2461/2461/2461
f 2460/2460/2460 2479/2479/2479 2480/2480/2480
f 2461/2461/2461 2481/2481/2481 2462/2462/2462
f 2461/2461/2461 2480/2480/2480 2481/2481/2481
f 2462/2462/2462 2482/2482/2482 2463/2463/2463
f 2462/2462/2462 2481/2481/2481 2482/2482/2482
f 2463/2463/2463 2483/2483/2483 2464/2464/2464
f 2463/2463/2463 2482/2482/2482 2483/2483/2483
f 2464/2464/2464 2484/2484/2484 2465/2465/2465
f 2464/2464/2464 2483/2483/2483 2484/2484/2484
f 2465/2465/2465 2485/2485/2485 2466/2466/2466
f 2465/2465/2465 2484/2484/2484 2485/2485/2485
f 2466/2466/2466 2486/2486/2486 2467/2467/2467
f 2466/2466/2466 2485/2485/2485 2486/2486/2486
f 2467/2467/2467 2487/2487/2487 2468/2468/2468
f 2467/2467/2467 2486/2486/2486 2487/2487/2487
f 2468/2468/2468 2488/2488/2488 2469/2469/2469
f 2468/2468/2468 2487/2487/2487 2488/2488/2488
f 2469/2469/2469 2489/2489/2489 2470/2470/2470
f 2469/2469/2469 2488/2488/2488 2489/2489/2489
f 2471/2471/2471 2491/2491/2491 2472/2472/2472
f 2471/2471/2471 2490/2490/2490 2491/2491/2491
f 2472/2472/2472 2492/2492/2492 2473/2473/2473
f 2472/2472/2472 2491/2491/2491 2492/2492/2492
f 2473/2473/2473 2493/2493/2493 2474/2474/2474
f 2473/2473/2473 2492/2492/2492 2493/2493/2493
f 2474/2474/2474 2494/2494/2494 2475/2475/2475
f 2474/2474/2474 2493/2493/2493 2494/2494/2494
f 2475/2475/2475 2495/2495/2495 2476/2476/2476
f 2475/2475/2475 2494/2494/2494 2495/2495/2495
f 2476/2476/2476 2496/2496/2496 2477/2477/2477
f 2476/2476/2476 2495/2495/2495 2496/2496/2496
f 2477/2477/2477 2497/2497/2497 2478/2478/2478
f 2477/2477/2477 2496/2496/2496 2497/2497/2497
f 2478/2478/2478 2498/2498/2498 2479/2479/2479
f 2478/2478/2478 2497/2497/2497 2498/2498/2498
f 2479/2479/2479 2499/2499/2499 2480/2480/2480
f 2479/2479/2479 2498/2498/2498 2499/2499/2499
f 2480/2480/2480 2500/2500/2500 2481/2481/2481
f 2480/2480/2480 2499/2499/2499 2500/2500/2500
f 2481/2481/2481 2501/2501/2501 2482/2482/2482
f 2481/2481/2481 2500/2500/2500 2501/2501/2501
f 2482/2482/2482 2502/2502/2502 2483/2483/2483
f 2482/2482/2482 2501/2501/2501 2502/2502/2502
f 2483/2483/2483 2503/2503/2503 2484/2484/2484
f 2483/2483/2483 2502/2502/2502 2503/2503/2503
f 2484/2484/2484 2504/2504/2504 2485/2485/2485
f 2484/2484/2484 2503/2503/2503 2504/2504/2504
f 2485/2485/2485 2505/2505/2505 2486/2486/2486
f 2485/2485/2485 2504/2504/2504 2505/2505/2505
f 2486/2486/2486 2506/2506/2506 2487/2487/2487
f 2486/2486/2486 2505/2505/2505 2506/2506/2506
f 2487/2487/2487 2507/2507/2507 2488/2488/2488
f 2487/2487/2487 2506/2506/2506 2507/2507/2507
f 2488/2488/2488 2508/2508/2508 2489/2489/2489
f 2488/2488/2488 2507/2507/2507 2508/2508/2508
f 2490/2490/2490 2510/2510/2510 2491/2491/2491
f 2490/2490/2490 2509/2509/2509 2510/2510/2510
f 2491/2491/2491 2511/2511/2511 2492/2492/2492
f 2491/2491/2491 2510/2510/2510 2511/2511/2511
f 2492/2492/2492 2512/2512/2512 2493/2493/2493
f 2492/2492/2492 2511/2511/2511 2512/2512/2512
f 2493/2493/2493 2513/2513/2513 2494/2494/2494
f 2493/2493/2493 2512/2512/2512 2513/2513/2513
f 2494/2494/2494 2514/2514/2514 2495/2495/2495
f 2494/2494/2494 2513/2513/2513 2514/2514/2514
f 2495/2495/2495 2515/2515/2515 2496/2496/2496
f 2495/2495/2495 2514/2514/2514 2515/2515/2515
f 2496/2496/2496 2516/2516/2516 2497/2497/2497
f 2496/2496/2496 2515/2515/2515 2516/2516/2516
f 2497/2497/2497 2517/2517/2517 2498/2498/2498
f 2497/2497/2497 2516/2516/2516 2517/2517/2517
f 2498/2498/2498 2518/2518/2518 2499/2499/2499
f 2498/2498/2498 2517/2517/2517 2518/2518/2518
f 2499/2499/2499 2519/2519/2519 2500/2500/2500
f 2499/2499/2499 2518/2518/2518 2519/2519/2519
f 2500/2500/2500 2520/2520/2520 2501/2501/2501
f 2500/2500/2500 2519/2519/2519 2520/2520/2520
f 2501/2501/2501 2521/2521/2521 2502/2502/2502
f 2501/2501/2501 2520/2520/2520 2521/2521/2521
f 2502/2502/2502 2522/2522/2522 2503/2503/2503
f 2502/2502/2502 2521/2521/2521 2522/2522/2522
f 2503/2503/2503 2523/2523/2523 2504/2504/2504
f 2503/2503/2503 2522/2522/2522 2523/2523/2523
f 2504/2504/2504 2524/2524/2524 2505/2505/2505
f 2504/2504/2504 2523/2523/2523 2524/2524/2524
f 2505/2505/2505 2525/2525/2525 2506/2506/2506
f 2505/2505/2505 2524/2524/2524 2525/2525/2525
f 2506/2506/2506 2526/2526/2526 2507/2507/2507
f 2506/2506/2506 2525/2525/2525 2526/2526/2526
f 2507/2507/2507 2527/2527/2527 2508/2508/2508
f 2507/2507/2507 2526/2526/2526 2527/2527/2527
f 2509/2509/2509 2529/2529/2529 2510/2510/2510
f 2509/2509/2509 2528/2528/2528 2529/2529/2529
f 2510/2510/2510 2530/2530/2530 2511/2511/2511
f 2510/2510/2510 2529/2529/2529 2530/2530/2530
f 2511/2511/2511 2531/2531/2531 2512/2512/2512
f 2511/2511/2511 2530/2530/2530 2531/2531/2531
f 2512/2512/2512 2532/2532/2532 2513/2513/2513
f 2512/2512/2512 2531/2531/2531 2532/2532/2532
f 2513/2513/2513 2533/2533/2533 2514/2514/2514
f 2513/2513/2513 2532/2532/2532 2533/2533/2533
f 2514/2514/2514 2534/2534/2534 2515/2515/2515
f 2514/2514/2514 2533/2533/2533 2534/2534/2534
f 2515/2515/2515 2535/2535/2535 2516/2516/2516
f 2515/2515/2515 2534/2534/2534 2535/2535/2535
f 2516/2516/2516 2536/2536/2536 2517/2517/2517
f 2516/2516/2516 2535/2535/2535 2536/2536/2536
f 2517/2517/2517 2537/2537/2537 2518/2518/2518
f 2517/2517/2517 2536/2536/2536 2537/2537/2537
f 2518/2518/2518 2538/2538/2538 2519/2519/2519
f 2518/2518/2518 2537/2537/2537 2538/2538/2538
f 2519/2519/2519 2539/2539/2539 2520/2520/2520
f 2519/2519/2519 2538/2538/2538 2539/2539/2539
f 2520/2520/2520 2540/2540/2540 2521/2521/2521
f 2520/2520/2520 2539/2539/2539 2540/2540/2540
f 2521/2521/2521 2541/2541/2541 2522/2522/2522
f 2521/2521/2521 2540/2540/2540 2541/2541/2541
f 2522/2522/2522 2542/2542/2542 2523/2523/2523
f 2522/2522/2522 2541/2541/2541 2542/2542/2542
f 2523/2523/2523 2543/2543/2543 2524/2524/2524
f 2523/2523/2523 2542/2542/2542 2543/2543/2543
f 2524/2524/2524 2544/2544/2544 2525/2525/2525
f 2524/2524/2524 2543/2543/2543 2544/2544/2544
f 2525/2525/2525 2545/2545/2545 2526/2526/2526
f 2525/2525/2525 2544/2544/2544 2545/2545/2545
f 2526/2526/2526 2546/2546/2546 2527/2527/2527
f 2526/2526/2526 2545/2545/2545 2546/2546/2546
f 2528/2528/2528 2548/2548/2548 2529/2529/2529
f 2528/2528/2528 2547/2547/2547 2548/2548/2548
f 2529/2529/2529 2549/2549/2549 2530/2530/2530
f 2529/2529/2529 2548/2548/2548 2549/2549/2549
f 2530/2530/2530 2550/2550/2550 2531/2531/2531
f 2530/2530/2530 2549/2549/2549 2550/2550/2550
f 2531/2531/2531 2551/2551/2551 2532/2532/2532
f 2531/2531/2531 2550/2550/2550 2551/2551/2551
f 2532/2532/2532 2552/2552/2552 2533/2533/2533
f 2532/2532/2532 2551/2551/2551 2552/2552/2552
f 2533/2533/2533 2553/2553/2553 2534/2534/2534
f 2533/2533/2533 2552/2552/2552 2553/2553/2553
f 2534/2534/2534 2554/2554/2554 2535/2535/2535
f 2534/2534/2534 2553/2553/2553 2554/2554/2554
f 2535/2535/2535 2555/2555/2555 2536/2536/2536
f 2535/2535/2535 2554/2554/2554 2555/2555/2555
f 2536/2536/2536 2556/2556/2556 2537/2537/2537
f 2536/2536/2536 2555/2555/2555 2556/2556/2556
f 2537/2537/2537 2557/2557/2557 2538/2538/2538
f 2537/2537/2537 2556/2556/2556 2557/2557/2557
f 2538/2538/2538 2558/2558/2558 2539/2539/2539
f 2538/2538/2538 2557/2557/2557 2558/2558/2558
f 2539/2539/2539 2559/2559/2559 2540/2540/2540
f 2539/2539/2539 2558/2558/2558 2559/2559/2559
f 2540/2540/2540 2560/2560/2560 2541/2541/2541
f 2540/2540/2540 2559/2559/2559 2560/2560/2560
f 2541/2541/2541 2561/2561/2561 2542/2542/2542
f 2541/2541/2541 2560/2560/2560 2561/2561/2561
f 2542/2542/2542 2562/2562/2562 2543/2543/2543
f 2542/2542/2542 2561/2561/2561 2562/2562/2562
f 2543/2543/2543 2563/2563/2563 2544/2544/2544
f 2543/2543/2543 2562/2562/2562 2563/2563/2563
f 2544/2544/2544 2564/2564/2564 2545/2545/2545
f 2544/2544/2544 2563/2563/2563 2564/2564/2564
f 2545/2545/2545 2565/2565/2565 2546/2546/2546
f 2545/2545/2545 2564/2564/2564 2565/2565/2565
f 2547/2547/2547 2566/2566/2566 2548/2548/2548
f 2548/2548/2548 2567/2567/2567 2549/2549/2549
f 2549/2549/2549 2568/2568/2568 2550/2550/2550
f 2550/2550/2550 2569/2569/2569 2551/2551/2551
f 2551/2551/2551 2570/2570/2570 2552/2552/2552
f 2552/2552/2552 2571/2571/2571 2553/2553/2553
f 2553/2553/2553 2572/2572/2572 2554/2554/2554
f 2554/2554/2554 2573/2573/2573 2555/2555/2555
f 2555/2555/2555 2574/2574/2574 2556/2556/2556
f 2556/2556/2556 2575/2575/2575 2557/2557/2557
f 2557/2557/2557 2576/2576/2576 2558/2558/2558
f 2558/2558/2558 2577/2577/2577 2559/2559/2559
f 2559/2559/2559 2578/2578/2578 2560/2560/2560
f 2560/2560/2560 2579/2579/2579 2561/2561/2561
f 2561/2561/2561 2580/2580/2580 2562/2562/2562
f 2562/2562/2562 2581/2581/2581 2563/2563/2563
f 2563/2563/2563 2582/2582/2582 2564/2564/2564
f 2564/2564/2564 2583/2583/2583 2565/2565/2565
g eye_dark
usemtl eye_dark
f 1739/1739/1739 1755/1755/1755 1754/1754/1754
f 1740/1740/1740 1756/1756/1756 1755/1755/1755
f 1741/1741/1741 1757/1757/1757 1756/1756/1756
f 1742/1742/1742 1758/1758/1758 1757/1757/1757
f 1743/1743/1743 1759/1759/1759 1758/1758/1758
f 1744/1744/1744 1760/1760/1760 1759/1759/1759
f 1745/1745/1745 1761/1761/1761 1760/1760/1760
f 1746/1746/1746 1762/1762/1762 1761/1761/1761
f 1747/1747/1747 1763/1763/1763 1762/1762/1762
f 1748/1748/1748 1764/1764/1764 1763/1763/1763
f 1749/1749/1749 1765/1765/1765 1764/1764/1764
f 1750/1750/1750 1766/1766/1766 1765/1765/1765
f 1751/1751/1751 1767/1767/1767 1766/1766/1766
f 1752/1752/1752 1768/1768/1768 1767/1767/1767
f 1754/1754/1754 1770/1770/1770 1755/1755/1755
f 1754/1754/1754 1769/1769/1769 1770/1770/1770
f 1755/1755/1755 1771/1771/1771 1756/1756/1756
f 1755/1755/1755 1770/1770/1770 1771/1771/1771
f 1756/1756/1756 1772/1772/1772 1757/1757/1757
f 1756/1756/1756 1771/1771/1771 1772/1772/1772
f 1757/1757/1757 1773/1773/1773 1758/1758/1758
f 1757/1757/1757 1772/1772/1772 1773/1773/1773
f 1758/1758/1758 1774/1774/1774 1759/1759/1759
f 1758/1758/1758 1773/1773/1773 1774/1774/1774
f 1759/1759/1759 1775/1775/1775 1760/1760/1760
f 1759/1759/1759 1774/1774/1774 1775/1775/1775
f 1760/1760/1760 1776/1776/1776 1761/1761/1761
f 1760/1760/1760 1775/1775/1775 1776/1776/1776
f 1761/1761/1761 1777/1777/1777 1762/1762/1762
f 1761/1761/1761 1776/1776/1776 1777/1777/1777
f 1762/1762/1762 1778/1778/1778 1763/1763/1763
f 1762/1762/1762 1777/1777/1777 1778/1778/1778
f 1763/1763/1763 1779/1779/1779 1764/1764/1764
f 1763/1763/1763 1778/1778/1778 1779/1779/1779
f 1764/1764/1764 1780/1780/1780 1765/1765/1765
f 1764/1764/1764 1779/1779/1779 1780/1780/1780
f 1765/1765/1765 1781/1781/1781 1766/1766/1766
f 1765/1765/1765 1780/1780/1780 1781/1781/1781
f 1766/1766/1766 1782/1782/1782 1767/1767/1767
f 1766/1766/1766 1781/1781/1781 1782/1782/1782
f 1767/1767/1767 1783/1783/1783 1768/1768/1768
f 1767/1767/1767 1782/1782/1782 1783/1783/1783
f 1769/1769/1769 1785/1785/1785 1770/1770/1770
f 1769/1769/1769 1784/1784/1784 1785/1785/1785
f 1770/1770/1770 1786/1786/1786 1771/1771/1771
f 1770/1770/1770 1785/1785/1785 1786/1786/1786
f 1771/1771/1771 1787/1787/1787 1772/1772/1772
f 1771/1771/1771 1786/1786/1786 1787/1787/1787
f 1772/1772/1772 1788/1788/1788 1773/1773/1773
f 1772/1772/1772 1787/1787/1787 1788/1788/1788
f 1773/1773/1773 1789/1789/1789 1774/1774/1774
f 1773/1773/1773 1788/1788/1788 1789/1789/1789
f 1774/1774/1774 1790/1790/1790 1775/1775/1775
f 1774/1774/1774 1789/1789/1789 1790/1790/1790
f 1775/1775/1775 1791/1791/1791 1776/1776/1776
f 1775/1775/1775 1790/1790/1790 1791/1791/1791
f 1776/1776/1776 1792/1792/1792 1777/1777/1777
f 1776/1776/1776 1791/1791/1791 1792/1792/1792
f 1777/1777/1777 1793/1793/1793 1778/1778/1778
f 1777/1777/1777 1792/1792/1792 1793/1793/1793
f 1778/1778/1778 1794/1794/1794 1779/1779/1779
f 1778/1778/1778 1793/1793/1793 1794/1794/1794
f 1779/1779/1779 1795/1795/1795 1780/1780/1780
f 1779/1779/1779 1794/1794/1794 1795/1795/1795
f 1780/1780/1780 1796/1796/1796 1781/1781/1781
f 1780/1780/1780 1795/1795/1795 1796/1796/1796
f 1781/1781/1781 1797/1797/1797 1782/1782/1782
f 1781/1781/1781 1796/1796/1796 1797/1797/1797
f 1782/1782/1782 1798/1798/1798 1783/1783/1783
f 1782/1782/1782 1797/1797/1797 1798/1798/1798
f 1784/1784/1784 1800/1800/1800 1785/1785/1785
f 1784/1784/1784 1799/1799/1799 1800/1800/1800
f 1785/1785/1785 1801/1801/1801 1786/1786/1786
f 1785/1785/1785 1800/1800/1800 1801/1801/1801
f 1786/1786/1786 1802/1802/1802 1787/1787/1787
f 1786/1786/1786 1801/1801/1801 1802/1802/1802
f 1787/1787/1787 1803/1803/1803 1788/1788/1788
f 1787/1787/1787 1802/1802/1802 1803/1803/1803
f 1788/1788/1788 1804/1804/1804 1789/1789/1789
f 1788/1788/1788 1803/1803/1803 1804/1804/1804
f 1789/1789/1789 1805/1805/1805 1790/1790/1790
f 1789/1789/1789 1804/1804/1804 1805/1805/1805
f 1790/1790/1790 1806/1806/1806 1791/1791/1791
f 1790/1790/1790 1805/1805/1805 1806/1806/1806
f 1791/1791/1791 1807/1807/1807 1792/1792/1792
f 1791/1791/1791 1806/1806/1806 1807/1807/1807
f 1792/1792/1792 1808/1808/1808 1793/1793/1793
f 1792/1792/1792 1807/1807/1807 1808/1808/1808
f 1793/1793/1793 1809/1809/1809 1794/1794/1794
f 1793/1793/1793 1808/1808/1808 1809/1809/1809
f 1794/1794/1794 1810/1810/1810 1795/1795/1795
f 1794/1794/1794 1809/1809/1809 1810/1810/1810
f 1795/1795/1795 1811/1811/1811 1796/1796/1796
f 1795/1795/1795 1810/1810/1810 1811/1811/1811
f 1796/1796/1796 1812/1812/1812 1797/1797/1797
f 1796/1796/1796 1811/1811/1811 1812/1812/1812
f 1797/1797/1797 1813/1813/1813 1798/1798/1798
f 1797/1797/1797 1812/1812/1812 1813/1813/1813
f 1799/1799/1799 1815/1815/1815 1800/1800/1800
f 1799/1799/1799 1814/1814/1814 1815/1815/1815
f 1800/1800/1800 1816/1816/1816 1801/1801/1801
f 1800/1800/1800 1815/1815/1815 1816/1816/1816
f 1801/1801/1801 1817/1817/1817 1802/1802/1802
f 1801/1801/1801 1816/1816/1816 1817/1817/1817
f 1802/1802/1802 1818/1818/1818 1803/1803/1803
f 1802/1802/1802 1817/1817/1817 1818/1818/1818
f 1803/1803/1803 1819/1819/1819 1804/1804/1804
f 1803/1803/1803 1818/1818/1818 1819/1819/1819
f 1804/1804/1804 1820/1820/1820 1805/1805/1805
f 1804/1804/1804 1819/1819/1819 1820/1820/1820
f 1805/1805/1805 1821/1821/1821 1806/1806/1806
f 1805/1805/1805 1820/1820/1820 1821/1821/1821
f 1806/1806/1806 1822/1822/1822 1807/1807/1807
f 1806/1806/1806 1821/1821/1821 1822/1822/1822
f 1807/1807/1807 1823/1823/1823 1808/1808/1808
f 1807/1807/1807 1822/1822/1822 1823/1823/1823
f 1808/1808/1808 1824/1824/1824 1809/1809/1809
f 1808/1808/1808 1823/1823/1823 1824/1824/1824
f 1809/1809/1809 1825/1825/1825 1810/1810/1810
f 1809/1809/1809 1824/1824/1824 1825/1825/1825
f 1810/1810/1810 1826/1826/1826 1811/1811/1811
f 1810/1810/1810 1825/1825/1825 1826/1826/1826
f 1811/1811/1811 1827/1827/1827 1812/1812/1812
f 1811/1811/1811 1826/1826/1826 1827/1827/1827
f 1812/1812/1812 1828/1828/1828 1813/1813/1813
f 1812/1812/1812 1827/1827/1827 1828/1828/1828
f 1814/1814/1814 1830/1830/1830 1815/1815/1815
f 1814/1814/1814 1829/1829/1829 1830/1830/1830
f 1815/1815/1815 1831/1831/1831 1816/1816/1816
f 1815/1815/1815 1830/1830/1830 1831/1831/1831
f 1816/1816/1816 1832/1832/1832 1817/1817/1817
f 1816/1816/1816 1831/1831/1831 1832/1832/1832
f 1817/1817/1817 1833/1833/1833 1818/1818/1818
f 1817/1817/1817 1832/1832/1832 1833/1833/1833
f 1818/1818/1818 1834/1834/1834 1819/1819/1819
f 1818/1818/1818 1833/1833/1833 1834/1834/1834
f 1819/1819/1819 1835/1835/1835 1820/1820/1820
f 1819/1819/1819 1834/1834/1834 1835/1835/1835
f 1820/1820/1820 1836/1836/1836 1821/1821/1821
f 1820/1820/1820 1835/1835/1835 1836/1836/1836
f 1821/1821/1821 1837/1837/1837 1822/1822/1822
f 1821/1821/1821 1836/1836/1836 1837/1837/1837
f 1822/1822/1822 1838/1838/1838 1823/1823/1823
f 1822/1822/1822 1837/1837/1837 1838/1838/1838
f 1823/1823/1823 1839/1839/1839 1824/1824/1824
f 1823/1823/1823 1838/1838/1838 1839/1839/1839
f 1824/1824/1824 1840/1840/1840 1825/1825/1825
f 1824/1824/1824 1839/1839/1839 1840/1840/1840
f 1825/1825/1825 1841/1841/1841 1826/1826/1826
f 1825/1825/1825 1840/1840/1840 1841/1841/1841
f 1826/1826/1826 1842/1842/1842 1827/1827/1827
f 1826/1826/1826 1841/1841/1841 1842/1842/1842
f 1827/1827/1827 1843/1843/1843 1828/1828/1828
f 1827/1827/1827 1842/1842/1842 1843/1843/1843
f 1829/1829/1829 1845/1845/1845 1830/1830/1830
f 1829/1829/1829 1844/1844/1844 1845/1845/1845
f 1830/1830/1830 1846/1846/1846 1831/1831/1831
f 1830/1830/1830 1845/1845/1845 1846/1846/1846
f 1831/1831/1831 1847/1847/1847 1832/1832/1832
f 1831/1831/1831 1846/1846/1846 1847/1847/1847
f 1832/1832/1832 1848/1848/1848 1833/1833/1833
f 1832/1832/1832 1847/1847/1847 1848/1848/1848
f 1833/1833/1833 1849/1849/1849 1834/1834/1834
f 1833/1833/1833 1848/1848/1848 1849/1849/1849
f 1834/1834/1834 1850/1850/1850 1835/1835/1835
f 1834/1834/1834 1849/1849/1849 1850/1850/1850
f 1835/1835/1835 1851/1851/1851 1836/1836/1836
f 1835/1835/1835 1850/1850/1850 1851/1851/1851
f 1836/1836/1836 1852/1852/1852 1837/1837/1837
f 1836/1836/1836 1851/1851/1851 1852/1852/1852
f 1837/1837/1837 1853/1853/1853 1838/1838/1838
f 1837/1837/1837 1852/1852/1852 1853/1853/1853
f 1838/1838/1838 1854/1854/1854 1839/1839/1839
f 1838/1838/1838 1853/1853/1853 1854/1854/1854
f 1839/1839/1839 1855/1855/1855 1840/1840/1840
f 1839/1839/1839 1854/1854/1854 1855/1855/1855
f 1840/1840/1840 1856/1856/1856 1841/1841/1841
f 1840/1840/1840 1855/1855/1855 1856/1856/1856
f 1841/1841/1841 1857/1857/1857 1842/1842/1842
f 1841/1841/1841 1856/1856/1856 1857/1857/1857
f 1842/1842/1842 1858/1858/1858 1843/1843/1843
f 1842/1842/1842 1857/1857/1857 1858/1858/1858
f 1844/1844/1844 1860/1860/1860 1845/1845/1845
f 1844/1844/1844 1859/1859/1859 1860/1860/1860
f 1845/1845/1845 1861/1861/1861 1846/1846/1846
f 1845/1845/1845 1860/1860/1860 1861/1861/1861
f 1846/1846/1846 1862/1862/1862 1847/1847/1847
f 1846/1846/1846 1861/1861/1861 1862/1862/1862
f 1847/1847/1847 1863/1863/1863 1848/1848/1848
f 1847/1847/1847 1862/1862/1862 1863/1863/1863
f 1848/1848/1848 1864/1864/1864 1849/1849/1849
f 1848/1848/1848 1863/1863/1863 1864/1864/1864
f 1849/1849/1849 1865/1865/1865 1850/1850/1850
f 1849/1849/1849 1864/1864/1864 1865/1865/1865
f 1850/1850/1850 1866/1866/1866 1851/1851/1851
f 1850/1850/1850 1865/1865/1865 1866/1866/1866
f 1851/1851/1851 1867/1867/1867 1852/1852/1852
f 1851/1851/1851 1866/1866/1866 1867/1867/1867
f 1852/1852/1852 1868/1868/1868 1853/1853/1853
f 1852/1852/1852 1867/1867/1867 1868/1868/1868
f 1853/1853/1853 1869/1869/1869 1854/1854/1854
f 1853/1853/1853 1868/1868/1868 1869/1869/1869
f 1854/1854/1854 1870/1870/1870 1855/1855/1855
f 1854/1854/1854 1869/1869/1869 1870/1870/1870
f 1855/1855/1855 1871/1871/1871 1856/1856/1856
f 1855/1855/1855 1870/1870/1870 1871/1871/1871
f 1856/1856/1856 1872/1872/1872 1857/1857/1857
f 1856/1856/1856 1871/1871/1871 1872/1872/1872
f 1857/1857/1857 1873/1873/1873 1858/1858/1858
f 1857/1857/1857 1872/1872/1872 1873/1873/1873
f 1859/1859/1859 1875/1875/1875 1860/1860/1860
f 1859/1859/1859 1874/1874/1874 1875/1875/1875
f 1860/1860/1860 1876/1876/1876 1861/1861/1861
f 1860/1860/1860 1875/1875/1875 1876/1876/1876
f 1861/1861/1861 1877/1877/1877 1862/1862/1862
f 1861/1861/1861 1876/1876/1876 1877/1877/1877
f 1862/1862/1862 1878/1878/1878 1863/1863/1863
f 1862/1862/1862 1877/1877/1877 1878/1878/1878
f 1863/1863/1863 1879/1879/1879 1864/1864/1864
f 1863/1863/1863 1878/1878/1878 1879/1879/1879
f 1864/1864/1864 1880/1880/1880 1865/1865/1865
f 1864/1864/1864 1879/1879/1879 1880/1880/1880
f 1865/1865/1865 1881/1881/1881 1866/1866/1866
f 1865/1865/1865 1880/1880/1880 1881/1881/1881
f 1866/1866/1866 1882/1882/1882 1867/1867/1867
f 1866/1866/1866 1881/1881/1881 1882/1882/1882
f 1867/1867/1867 1883/1883/1883 1868/1868/1868
f 1867/1867/1867 1882/1882/1882 1883/1883/1883
f 1868/1868/1868 1884/1884/1884 1869/1869/1869
f 1868/1868/1868 1883/1883/1883 1884/1884/1884
f 1869/1869/1869 1885/1885/1885 1870/1870/1870
f 1869/1869/1869 1884/1884/1884 1885/1885/1885
f 1870/1870/1870 1886/1886/1886 1871/1871/1871
f 1870/1870/1870 1885/1885/1885 1886/1886/1886
f 1871/1871/1871 1887/1887/1887 1872/1872/1872
f 1871/1871/1871 1886/1886/1886 1887/1887/1887
f 1872/1872/1872 1888/1888/1888 1873/1873/1873
f 1872/1872/1872 1887/1887/1887 1888/1888/1888
f 1874/1874/1874 1889/1889/1889 1875/1875/1875
f 1875/1875/1875 1890/1890/1890 1876/1876/1876
f 1876/1876/1876 1891/1891/1891 1877/1877/1877
f 1877/1877/1877 1892/1892/1892 1878/1878/1878
f 1878/1878/1878 1893/1893/1893 1879/1879/1879
f 1879/1879/1879 1894/1894/1894 1880/1880/1880
f 1880/1880/1880 1895/1895/1895 1881/1881/1881
f 1881/1881/1881 1896/1896/1896 1882/1882/1882
f 1882/1882/1882 1897/1897/1897 1883/1883/1883
f 1883/1883/1883 1898/1898/1898 1884/1884/1884
f 1884/1884/1884 1899/1899/1899 1885/1885/1885
f 1885/1885/1885 1900/1900/1900 1886/1886/1886
f 1886/1886/1886 1901/1901/1901 1887/1887/1887
f 1887/1887/1887 1902/1902/1902 1888/1888/1888
f 2585/2585/2585 2601/2601/2601 2600/2600/2600
f 2586/2586/2586 2602/2602/2602 2601/2601/2601
f 2587/2587/2587 2603/2603/2603 2602/2602/2602
f 2588/2588/2588 2604/2604/2604 2603/2603/2603
f 2589/2589/2589 2605/2605/2605 2604/2604/2604
f 2590/2590/2590 2606/2606/2606 2605/2605/2605
f 2591/2591/2591 2607/2607/2607 2606/2606/2606
f 2592/2592/2592 2608/2608/2608 2607/2607/2607
f 2593/2593/2593 2609/2609/2609 2608/2608/2608
f 2594/2594/2594 2610/2610/2610 2609/2609/2609
f 2595/2595/2595 2611/2611/2611 2610/2610/2610
f 2596/2596/2596 2612/2612/2612 2611/2611/2611
f 2597/2597/2597 2613/2613/2613 2612/2612/2612
f 2598/2598/2598 2614/2614/2614 2613/2613/2613
f 2600/2600/2600 2616/2616/2616 2601/2601/2601
f 2600/2600/2600 2615/2615/2615 2616/2616/2616
f 2601/2601/2601 2617/2617/2617 2602/2602/2602
f 2601/2601/2601 2616/2616/2616 2617/2617/2617
f 2602/2602/2602 2618/2618/2618 2603/2603/2603
f 2602/2602/2602 2617/2617/2617 2618/2618/2618
f 2603/2603/2603 2619/2619/2619 2604/2604/2604
f 2603/2603/2603 2618/2618/2618 2619/2619/2619
f 2604/2604/2604 2620/2620/2620 2605/2605/2605
f 2604/2604/2604 2619/2619/2619 2620/2620/2620
f 2605/2605/2605 2621/2621/2621 2606/2606/2606
f 2605/2605/2605 2620/2620/2620 2621/2621/2621
f 2606/2606/2606 2622/2622/2622 2607/2607/2607
f 2606/2606/2606 2621/2621/2621 2622/2622/2622
f 2607/2607/2607 2623/2623/2623 2608/2608/2608
f 2607/2607/2607 2622/2622/2622 2623/2623/2623
f 2608/2608/2608 2624/2624/2624 2609/2609/2609
f 2608/2608/2608 2623/2623/2623 2624/2624/2624
f 2609/2609/2609 2625/2625/2625 2610/2610/2610
f 2609/2609/2609 2624/2624/2624 2625/2625/2625
f 2610/2610/2610 2626/2626/2626 2611/2611/2611
f 2610/2610/2610 2625/2625/2625 2626/2626/2626
f 2611/2611/2611 2627/2627/2627 2612/2612/2612
f 2611/2611/2611 2626/2626/2626 2627/2627/2627
f 2612/2612/2612 2628/2628/2628 2613/2613/2613
f 2612/2612/2612 2627/2627/2627 2628/2628/2628
f 2613/2613/2613 2629/2629/2629 2614/2614/2614
f 2613/2613/2613 2628/2628/2628 2629/2629/2629
f 2615/2615/2615 2631/2631/2631 2616/2616/2616
f 2615/2615/2615 2630/2630/2630 2631/2631/2631
f 2616/2616/2616 2632/2632/2632 2617/2617/2617
f 2616/2616/2616 2631/2631/2631 2632/2632/2632
f 2617/2617/2617 2633/2633/2633 2618/2618/2618
f 2617/2617/2617 2632/2632/2632 2633/2633/2633
f 2618/2618/2618 2634/2634/2634 2619/2619/2619
f 2618/2618/2618 2633/2633/2633 2634/2634/2634
f 2619/2619/2619 2635/2635/2635 2620/2620/2620
f 2619/2619/2619 2634/2634/2634 2635/2635/2635
f 2620/2620/2620 2636/2636/2636 2621/2621/2621
f 2620/2620/2620 2635/2635/2635 2636/2636/2636
f 2621/2621/2621 2637/2637/2637 2622/2622/2622
f 2621/2621/2621 2636/2636/2636 2637/2637/2637
f 2622/2622/2622 2638/2638/2638 2623/2623/2623
f 2622/2622/2622 2637/2637/2637 2638/2638/2638
f 2623/2623/2623 2639/2639/2639 2624/2624/2624
f 2623/2623/2623 2638/2638/2638 2639/2639/2639
f 2624/2624/2624 2640/2640/2640 2625/2625/2625
f 2624/2624/2624 2639/2639/2639 2640/2640/2640
f 2625/2625/2625 2641/2641/2641 2626/2626/2626
f 2625/2625/2625 2640/2640/2640 2641/2641/2641
f 2626/2626/2626 2642/2642/2642 2627/2627/2627
f 2626/2626/2626 2641/2641/2641 2642/2642/2642
f 2627/2627/2627 2643/2643/2643 2628/2628/2628
f 2627/2627/2627 2642/2642/2642 2643/2643/2643
f 2628/2628/2628 2644/2644/2644 2629/2629/2629
f 2628/2628/2628 2643/2643/2643 2644/2644/2644
f 2630/2630/2630 2646/2646/2646 2631/2631/2631
f 2630/2630/2630 2645/2645/2645 2646/2646/2646
f 2631/2631/2631 2647/2647/2647 2632/2632/2632
f 2631/2631/2631 2646/2646/2646 2647/2647/2647
f 2632/2632/2632 2648/2648/2648 2633/2633/2633
f 2632/2632/2632 2647/2647/2647 2648/2648/2648
f 2633/2633/2633 2649/2649/2649 2634/2634/2634
f 2633/2633/2633 2648/2648/2648 2649/2649/2649
f 2634/2634/2634 2650/2650/2650 2635/2635/2635
f 2634/2634/2634 2649/2649/2649 2650/2650/2650
f 2635/2635/2635 2651/2651/2651 2636/2636/2636
f 2635/2635/2635 2650/2650/2650 2651/2651/2651
f 2636/2636/2636 2652/2652/2652 2637/2637/2637
f 2636/2636/2636 2651/2651/2651 2652/2652/2652
f 2637/2637/2637 2653/2653/2653 2638/2638/2638
f 2637/2637/2637 2652/2652/2652 2653/2653/2653
f 2638/2638/2638 2654/2654/2654 2639/2639/2639
f 2638/2638/2638 2653/2653/2653 2654/2654/2654
f 2639/2639/2639 2655/2655/2655 2640/2640/2640
f 2639/2639/2639 2654/2654/2654 2655/2655/2655
f 2640/2640/2640 2656/2656/2656 2641/2641/2641
f 2640/2640/2640 2655/2655/2655 2656/2656/2656
f 2641/2641/2641 2657/2657/2657 2642/2642/2642
f 2641/2641/2641 2656/2656/2656 2657/2657/2657
f 2642/2642/2642 2658/2658/2658 2643/2643/2643
f 2642/2642/2642 2657/2657/2657 2658/2658/2658
f 2643/2643/2643 2659/2659/2659 2644/2644/2644
f 2643/2643/2643 2658/2658/2658 2659/2659/2659
f 2645/2645/2645 2661/2661/2661 2646/2646/2646
f 2645/2645/2645 2660/2660/2660 2661/2661/2661
f 2646/2646/2646 2662/2662/2662 2647/2647/2647
f 2646/2646/2646 2661/2661/2661 2662/2662/2662
f 2647/2647/2647 2663/2663/2663 2648/2648/2648
f 2647/2647/2647 2662/2662/2662 2663/2663/2663
f 2648/2648/2648 2664/2664/2664 2649/2649/2649
f 2648/2648/2648 2663/2663/2663 2664/2664/2664
f 2649/2649/2649 2665/2665/2665 2650/2650/2650
f 2649/2649/2649 2664/2664/2664 2665/2665/2665
f 2650/2650/2650 2666/2666/2666 2651/2651/2651
f 2650/2650/2650 2665/2665/2665 2666/2666/2666
f 2651/2651/2651 2667/2667/2667 2652/2652/2652
f 2651/2651/2651 2666/2666/2666 2667/2667/2667
f 2652/2652/2652 2668/2668/2668 2653/2653/2653
f 2652/2652/2652 2667/2667/2667 2668/2668/2668
f 2653/2653/2653 2669/2669/2669 2654/2654/2654
f 2653/2653/2653 2668/2668/2668 2669/2669/2669
f 2654/2654/2654 2670/2670/2670 2655/2655/2655
f 2654/2654/2654 2669/2669/2669 2670/2670/2670
f 2655/2655/2655 2671/2671/2671 2656/2656/2656
f 2655/2655/2655 2670/2670/2670 2671/2671/2671
f 2656/2656/2656 2672/2672/2672 2657/2657/2657
f 2656/2656/2656 2671/2671/2671 2672/2672/2672
f 2657/2657/2657 2673/2673/2673 2658/2658/2658
f 2657/2657/2657 2672/2672/2672 2673/2673/2673
f 2658/2658/2658 2674/2674/2674 2659/2659/2659
f 2658/2658/2658 2673/2673/2673 2674/2674/2674
f 2660/2660/2660 2676/2676/2676 2661/2661/2661
f 2660/2660/2660 2675/2675/2675 2676/2676/2676
f 2661/2661/2661 2677/2677/2677 2662/2662/2662
f 2661/2661/2661 2676/2676/2676 2677/2677/2677
f 2662/2662/2662 2678/2678/2678 2663/2663/2663
f 2662/2662/2662 2677/2677/2677 2678/2678/2678
f 2663/2663/2663 2679/2679/2679 2664/2664/2664
f 2663/2663/2663 2678/2678/2678 2679/2679/2679
f 2664/2664/2664 2680/2680/2680 2665/2665/2665
f 2664/2664/2664 2679/2679/2679 2680/2680/2680
f 2665/2665/2665 2681/2681/2681 2666/2666/2666
f 2665/2665/2665 2680/2680/2680 2681/2681/2681
f 2666/2666/2666 2682/2682/2682 2667/2667/2667
f 2666/2666/2666 2681/2681/2681 2682/2682/2682
f 2667/2667/2667 2683/2683/2683 2668/2668/2668
f 2667/2667/2667 2682/2682/2682 2683/2683/2683
f 2668/2668/2668 2684/2684/2684 2669/2669/2669
f 2668/2668/2668 2683/2683/2683 2684/2684/2684
f 2669/2669/2669 2685/2685/2685 2670/2670/2670
f 2669/2669/2669 2684/2684/2684 2685/2685/2685
f 2670/2670/2670 2686/2686/2686 2671/2671/2671
f 2670/2670/2670 2685/2685/2685 2686/2686/2686
f 2671/2671/2671 2687/2687/2687 2672/2672/2672
f 2671/2671/2671 2686/2686/2686 2687/2687/2687
f 2672/2672/2672 2688/2688/2688 2673/2673/2673
f 2672/2672/2672 2687/2687/2687 2688/2688/2688
f 2673/2673/2673 2689/2689/2689 2674/2674/2674
f 2673/2673/2673 2688/2688/2688 2689/2689/2689
f 2675/2675/2675 2691/2691/2691 2676/2676/2676
f 2675/2675/2675 2690/2690/2690 2691/2691/2691
f 2676/2676/2676 2692/2692/2692 2677/2677/2677
f 2676/2676/2676 2691/2691/2691 2692/2692/2692
f 2677/2677/2677 2693/2693/2693 2678/2678/2678
f 2677/2677/2677 2692/2692/2692 2693/2693/2693
f 2678/2678/2678 2694/2694/2694 2679/2679/2679
f 2678/2678/2678 2693/2693/2693 2694/2694/2694
f 2679/2679/2679 2695/2695/2695 2680/2680/2680
f 2679/2679/2679 2694/2694/2694 2695/2695/2695
f 2680/2680/2680 2696/2696/2696 2681/2681/2681
f 2680/2680/2680 2695/2695/2695 2696/2696/2696
f 2681/2681/2681 2697/2697/2697 2682/2682/2682
f 2681/2681/2681 2696/2696/2696 2697/2697/2697
f 2682/2682/2682 2698/2698/2698 2683/2683/2683
f 2682/2682/2682 2697/2697/2697 2698/2698/2698
f 2683/2683/2683 2699/2699/2699 2684/2684/2684
f 2683/2683/2683 2698/2698/2698 2699/2699/2699
f 2684/2684/2684 2700/2700/2700 2685/2685/2685
f 2684/2684/2684 2699/2699/2699 2700/2700/2700
f 2685/2685/2685 2701/2701/2701 2686/2686/2686
f 2685/2685/2685 2700/2700/2700 2701/2701/2701
f 2686/2686/2686 2702/2702/2702 2687/2687/2687
f 2686/2686/2686 2701/2701/2701 2702/2702/2702
f 2687/2687/2687 2703/2703/2703 2688/2688/2688
f 2687/2687/2687 2702/2702/2702 2703/2703/2703
f 2688/2688/2688 2704/2704/2704 2689/2689/2689
f 2688/2688/2688 2703/2703/2703 2704/2704/2704
f 2690/2690/2690 2706/2706/2706 2691/2691/2691
f 2690/2690/2690 2705/2705/2705 2706/2706/2706
f 2691/2691/2691 2707/2707/2707 2692/2692/2692
f 2691/2691/2691 2706/2706/2706 2707/2707/2707
f 2692/2692/2692 2708/2708/2708 2693/2693/2693
f 2692/2692/2692 2707/2707/2707 2708/2708/2708
f 2693/2693/2693 2709/2709/2709 2694/2694/2694
f 2693/2693/2693 2708/2708/2708 2709/2709/2709
f 2694/2694/2694 2710/2710/2710 2695/2695/2695
f 2694/2694/2694 2709/2709/2709 2710/2710/2710
f 2695/2695/2695 2711/2711/2711 2696/2696/2696
f 2695/2695/2695 2710/2710/2710 2711/2711/2711
f 2696/2696/2696 2712/2712/2712 2697/2697/2697
f 2696/2696/2696 2711/2711/2711 2712/2712/2712
f 2697/2697/2697 2713/2713/2713 2698/2698/2698
f 2697/2697/2697 2712/2712/2712 2713/2713/2713
f 2698/2698/2698 2714/2714/2714 2699/2699/2699
f 2698/2698/2698 2713/2713/2713 2714/2714/2714
f 2699/2699/2699 2715/2715/2715 2700/2700/2700
f 2699/2699/2699 2714/2714/2714 2715/2715/2715
f 2700/2700/2700 2716/2716/2716 2701/2701/2701
f 2700/2700/2700 2715/2715/2715 2716/2716/2716
f 2701/2701/2701 2717/2717/2717 2702/2702/2702
f 2701/2701/2701 2716/2716/2716 2717/2717/2717
f 2702/2702/2702 2718/2718/2718 2703/2703/2703
f 2702/2702/2702 2717/2717/2717 2718/2718/2718
f 2703/2703/2703 2719/2719/2719 2704/2704/2704
f 2703/2703/2703 2718/2718/2718 2719/2719/2719
f 2705/2705/2705 2721/2721/2721 2706/2706/2706
f 2705/2705/2705 2720/2720/2720 2721/2721/2721
f 2706/2706/2706 2722/2722/2722 2707/2707/2707
f 2706/2706/2706 2721/2721/2721 2722/2722/2722
f 2707/2707/2707 2723/2723/2723 2708/2708/2708
f 2707/2707/2707 2722/2722/2722 2723/2723/2723
f 2708/2708/2708 2724/2724/2724 2709/2709/2709
f 2708/2708/2708 2723/2723/2723 2724/2724/2724
f 2709/2709/2709 2725/2725/2725 2710/2710/2710
f 2709/2709/2709 2724/2724/2724 2725/2725/2725
f 2710/2710/2710 2726/2726/2726 2711/2711/2711
f 2710/2710/2710 2725/2725/2725 2726/2726/2726
f 2711/2711/2711 2727/2727/2727 2712/2712/2712
f 2711/2711/2711 2726/2726/2726 2727/2727/2727
f 2712/2712/2712 2728/2728/2728 2713/2713/2713
f 2712/2712/2712 2727/2727/2727 2728/2728/2728
f 2713/2713/2713 2729/2729/2729 2714/2714/2714
f 2713/2713/2713 2728/2728/2728 2729/2729/2729
f 2714/2714/2714 2730/2730/2730 2715/2715/2715
f 2714/2714/2714 2729/2729/2729 2730/2730/2730
f 2715/2715/2715 2731/2731/2731 2716/2716/2716
f 2715/2715/2715 2730/2730/2730 2731/2731/2731
f 2716/2716/2716 2732/2732/2732 2717/2717/2717
f 2716/2716/2716 2731/2731/2731 2732/2732/2732
f 2717/2717/2717 2733/2733/2733 2718/2718/2718
f 2717/2717/2717 2732/2732/2732 2733/2733/2733
f 2718/2718/2718 2734/2734/2734 2719/2719/2719
f 2718/2718/2718 2733/2733/2733 2734/2734/2734
f 2720/2720/2720 2735/2735/2735 2721/2721/2721
f 2721/2721/2721 2736/2736/2736 2722/2722/2722
f 2722/2722/2722 2737/2737/2737 2723/2723/2723
f 2723/2723/2723 2738/2738/2738 2724/2724/2724
f 2724/2724/2724 2739/2739/2739 2725/2725/2725
f 2725/2725/2725 2740/2740/2740 2726/2726/2726
f 2726/2726/2726 2741/2741/2741 2727/2727/2727
f 2727/2727/2727 2742/2742/2742 2728/2728/2728
f 2728/2728/2728 2743/2743/2743 2729/2729/2729
f 2729/2729/2729 2744/2744/2744 2730/2730/2730
f 2730/2730/2730 2745/2745/2745 2731/2731/2731
f 2731/2731/2731 2746/2746/2746 2732/2732/2732
f 2732/2732/2732 2747/2747/2747 2733/2733/2733
f 2733/2733/2733 2748/2748/2748 2734/2734/2734
g plush_shade
usemtl plush_shade
f 1904/1904/1904 1922/1922/1922 1921/1921/1921
f 1905/1905/1905 1923/1923/1923 1922/1922/1922
f 1906/1906/1906 1924/1924/1924 1923/1923/1923
f 1907/1907/1907 1925/1925/1925 1924/1924/1924
f 1908/1908/1908 1926/1926/1926 1925/1925/1925
f 1909/1909/1909 1927/1927/1927 1926/1926/1926
f 1910/1910/1910 1928/1928/1928 1927/1927/1927
f 1911/1911/1911 1929/1929/1929 1928/1928/1928
f 1912/1912/1912 1930/1930/1930 1929/1929/1929
f 1913/1913/1913 1931/1931/1931 1930/1930/1930
f 1914/1914/1914 1932/1932/1932 1931/1931/1931
f 1915/1915/1915 1933/1933/1933 1932/1932/1932
f 1916/1916/1916 1934/1934/1934 1933/1933/1933
f 1917/1917/1917 1935/1935/1935 1934/1934/1934
f 1918/1918/1918 1936/1936/1936 1935/1935/1935
f 1919/1919/1919 1937/1937/1937 1936/1936/1936
f 1921/1921/1921 1939/1939/1939 1922/1922/1922
f 1921/1921/1921 1938/1938/1938 1939/1939/1939
f 1922/1922/1922 1940/1940/1940 1923/1923/1923
f 1922/1922/1922 1939/1939/1939 1940/1940/1940
f 1923/1923/1923 1941/1941/1941 1924/1924/1924
f 1923/1923/1923 1940/1940/1940 1941/1941/1941
f 1924/1924/1924 1942/1942/1942 1925/1925/1925
f 1924/1924/1924 1941/1941/1941 1942/1942/1942
f 1925/1925/1925 1943/1943/1943 1926/1926/1926
f 1925/1925/1925 1942/1942/1942 1943/1943/1943
f 1926/1926/1926 1944/1944/1944 1927/1927/1927
f 1926/1926/1926 1943/1943/1943 1944/1944/1944
f 1927/1927/1927 1945/1945/1945 1928/1928/1928
f 1927/1927/1927 1944/1944/1944 1945/1945/1945
f 1928/1928/1928 1946/1946/1946 1929/1929/1929
f 1928/1928/1928 1945/1945/1945 1946/1946/1946
f 1929/1929/1929 1947/1947/1947 1930/1930/1930
f 1929/1929/1929 1946/1946/1946 1947/1947/1947
f 1930/1930/1930 1948/1948/1948 1931/1931/1931
f 1930/1930/1930 1947/1947/1947 1948/1948/1948
f 1931/1931/1931 1949/1949/1949 1932/1932/1932
f 1931/1931/1931 1948/1948/1948 1949/1949/1949
f 1932/1932/1932 1950/1950/1950 1933/1933/1933
f 1932/1932/1932 1949/1949/1949 1950/1950/1950
f 1933/1933/1933 1951/1951/1951 1934/1934/1934
f 1933/1933/1933 1950/1950/1950 1951/1951/1951
f 1934/1934/1934 1952/1952/1952 1935/1935/1935
f 1934/1934/1934 1951/1951/1951 1952/1952/1952
f 1935/1935/1935 1953/1953/1953 1936/1936/1936
f 1935/1935/1935 1952/1952/1952 1953/1953/1953
f 1936/1936/1936 1954/1954/1954 1937/1937/1937
f 1936/1936/1936 1953/1953/1953 1954/1954/1954
f 1938/1938/1938 1956/1956/1956 1939/1939/1939
f 1938/1938/1938 1955/1955/1955 1956/1956/1956
f 1939/1939/1939 1957/1957/1957 1940/1940/1940
f 1939/1939/1939 1956/1956/1956 1957/1957/1957
f 1940/1940/1940 1958/1958/1958 1941/1941/1941
f 1940/1940/1940 1957/1957/1957 1958/1958/1958
f 1941/1941/1941 1959/1959/1959 1942/1942/1942
f 1941/1941/1941 1958/1958/1958 1959/1959/1959
f 1942/1942/1942 1960/1960/1960 1943/1943/1943
f 1942/1942/1942 1959/1959/1959 1960/1960/1960
f 1943/1943/1943 1961/1961/1961 1944/1944/1944
f 1943/1943/1943 1960/1960/1960 1961/1961/1961
f 1944/1944/1944 1962/1962/1962 1945/1945/1945
f 1944/1944/1944 1961/1961/1961 1962/1962/1962
f 1945/1945/1945 1963/1963/1963 1946/1946/1946
f 1945/1945/1945 1962/1962/1962 1963/1963/1963
f 1946/1946/1946 1964/1964/1964 1947/1947/1947
f 1946/1946/1946 1963/1963/1963 1964/1964/1964
f 1947/1947/1947 1965/1965/1965 1948/1948/1948
f 1947/1947/1947 1964/1964/1964 1965/1965/1965
f 1948/1948/1948 1966/1966/1966 1949/1949/1949
f 1948/1948/1948 1965/1965/1965 1966/1966/1966
f 1949/1949/1949 1967/1967/1967 1950/1950/1950
f 1949/1949/1949 1966/1966/1966 1967/1967/1967
f 1950/1950/1950 1968/1968/1968 1951/1951/1951
f 1950/1950/1950 1967/1967/1967 1968/1968/1968
f 1951/1951/1951 1969/1969/1969 1952/1952/1952
f 1951/1951/1951 1968/1968/1968 1969/1969/1969
f 1952/1952/1952 1970/1970/1970 1953/1953/1953
f 1952/1952/1952 1969/1969/1969 1970/1970/1970
f 1953/1953/1953 1971/1971/1971 1954/1954/1954
f 1953/1953/1953 1970/1970/1970 1971/1971/1971
f 1955/1955/1955 1973/1973/1973 1956/1956/1956
f 1955/1955/1955 1972/1972/1972 1973/1973/1973
f 1956/1956/1956 1974/1974/1974 1957/1957/1957
f 1956/1956/1956 1973/1973/1973 1974/1974/1974
f 1957/1957/1957 1975/1975/1975 1958/1958/1958
f 1957/1957/1957 1974/1974/1974 1975/1975/1975
f 1958/1958/1958 1976/1976/1976 1959/1959/1959
f 1958/1958/1958 1975/1975/1975 1976/1976/1976
f 1959/1959/1959 1977/1977/1977 1960/1960/1960
f 1959/1959/1959 1976/1976/1976 1977/1977/1977
f 1960/1960/1960 1978/1978/1978 1961/1961/1961
f 1960/1960/1960 1977/1977/1977 1978/1978/1978
f 1961/1961/1961 1979/1979/1979 1962/1962/1962
f 1961/1961/1961 1978/1978/1978 1979/1979/1979
f 1962/1962/1962 1980/1980/1980 1963/1963/1963
f 1962/1962/1962 1979/1979/1979 1980/1980/1980
f 1963/1963/1963 1981/1981/1981 1964/1964/1964
f 1963/1963/1963 1980/1980/1980 1981/1981/1981
f 1964/1964/1964 1982/1982/1982 1965/1965/1965
f 1964/1964/1964 1981/1981/1981 1982/1982/1982
f 1965/1965/1965 1983/1983/1983 1966/1966/1966
f 1965/1965/1965 1982/1982/1982 1983/1983/1983
f 1966/1966/1966 1984/1984/1984 1967/1967/1967
f 1966/1966/1966 1983/1983/1983 1984/1984/1984
f 1967/1967/1967 1985/1985/1985 1968/1968/1968
f 1967/1967/1967 1984/1984/1984 1985/1985/1985
f 1968/1968/1968 1986/1986/1986 1969/1969/1969
f 1968/1968/1968 1985/1985/1985 1986/1986/1986
f 1969/1969/1969 1987/1987/1987 1970/1970/1970
f 1969/1969/1969 1986/1986/1986 1987/1987/1987
f 1970/1970/1970 1988/1988/1988 1971/1971/1971
f 1970/1970/1970 1987/1987/1987 1988/1988/1988
f 1972/1972/1972 1990/1990/1990 1973/1973/1973
f 1972/1972/1972 1989/1989/1989 1990/1990/1990
f 1973/1973/1973 1991/1991/1991 1974/1974/1974
f 1973/1973/1973 1990/1990/1990 1991/1991/1991
f 1974/1974/1974 1992/1992/1992 1975/1975/1975
f 1974/1974/1974 1991/1991/1991 1992/1992/1992
f 1975/1975/1975 1993/1993/1993 1976/1976/1976
f 1975/1975/1975 1992/1992/1992 1993/1993/1993
f 1976/1976/1976 1994/1994/1994 1977/1977/1977
f 1976/1976/1976 1993/1993/1993 1994/1994/1994
f 1977/1977/1977 1995/1995/1995 1978/1978/1978
f 1977/1977/1977 1994/1994/1994 1995/1995/1995
f 1978/1978/1978 1996/1996/1996 1979/1979/1979
f 1978/1978/1978 1995/1995/1995 1996/1996/1996
f 1979/1979/1979 1997/1997/1997 1980/1980/1980
f 1979/1979/1979 1996/1996/1996 1997/1997/1997
f 1980/1980/1980 1998/1998/1998 1981/1981/1981
f 1980/1980/1980 1997/1997/1997 1998/1998/1998
f 1981/1981/1981 1999/1999/1999 1982/1982/1982
f 1981/1981/1981 1998/1998/1998 1999/1999/1999
f 1982/1982/1982 2000/2000/2000 1983/1983/1983
f 1982/1982/1982 1999/1999/1999 2000/2000/2000
f 1983/1983/1983 2001/2001/2001 1984/1984/1984
f 1983/1983/1983 2000/2000/2000 2001/2001/2001
f 1984/1984/1984 2002/2002/2002 1985/1985/1985
f 1984/1984/1984 2001/2001/2001 2002/2002/2002
f 1985/1985/1985 2003/2003/2003 1986/1986/1986
f 1985/1985/1985 2002/2002/2002 2003/2003/2003
f 1986/1986/1986 2004/2004/2004 1987/1987/1987
f 1986/1986/1986 2003/2003/2003 2004/2004/2004
f 1987/1987/1987 2005/2005/2005 1988/1988/1988
f 1987/1987/1987 2004/2004/2004 2005/2005/2005
f 1989/1989/1989 2007/2007/2007 1990/1990/1990
f 1989/1989/1989 2006/2006/2006 2007/2007/2007
f 1990/1990/1990 2008/2008/2008 1991/1991/1991
f 1990/1990/1990 2007/2007/2007 2008/2008/2008
f 1991/1991/1991 2009/2009/2009 1992/1992/1992
f 1991/1991/1991 2008/2008/2008 2009/2009/2009
f 1992/1992/1992 2010/2010/2010 1993/1993/1993
f 1992/1992/1992 2009/2009/2009 2010/2010/2010
f 1993/1993/1993 2011/2011/2011 1994/1994/1994
f 1993/1993/1993 2010/2010/2010 2011/2011/2011
f 1994/1994/1994 2012/2012/2012 1995/1995/1995
f 1994/1994/1994 2011/2011/2011 2012/2012/2012
f 1995/1995/1995 2013/2013/2013 1996/1996/1996
f 1995/1995/1995 2012/2012/2012 2013/2013/2013
f 1996/1996/1996 2014/2014/2014 1997/1997/1997
f 1996/1996/1996 2013/2013/2013 2014/2014/2014
f 1997/1997/1997 2015/2015/2015 1998/1998/1998
f 1997/1997/1997 2014/2014/2014 2015/2015/2015
f 1998/1998/1998 2016/2016/2016 1999/1999/1999
f 1998/1998/1998 2015/2015/2015 2016/2016/2016
f 1999/1999/1999 2017/2017/2017 2000/2000/2000
f 1999/1999/1999 2016/2016/2016 2017/2017/2017
f 2000/2000/2000 2018/2018/2018 2001/2001/2001
f 2000/2000/2000 2017/2017/2017 2018/2018/2018
f 2001/2001/2001 2019/2019/2019 2002/2002/2002
f 2001/2001/2001 2018/2018/2018 2019/2019/2019
f 2002/2002/2002 2020/2020/2020 2003/2003/2003
f 2002/2002/2002 2019/2019/2019 2020/2020/2020
f 2003/2003/2003 2021/2021/2021 2004/2004/2004
f 2003/2003/2003 2020/2020/2020 2021/2021/2021
f 2004/2004/2004 2022/2022/2022 2005/2005/2005
f 2004/2004/2004 2021/2021/2021 2022/2022/2022
f 2006/2006/2006 2024/2024/2024 2007/2007/2007
f 2006/2006/2006 2023/2023/2023 2024/2024/2024
f 2007/2007/2007 2025/2025/2025 2008/2008/2008
f 2007/2007/2007 2024/2024/2024 2025/2025/2025
f 2008/2008/2008 2026/2026/2026 2009/2009/2009
f 2008/2008/2008 2025/2025/2025 2026/2026/2026
f 2009/2009/2009 2027/2027/2027 2010/2010/2010
f 2009/2009/2009 2026/2026/2026 2027/2027/2027
f 2010/2010/2010 2028/2028/2028 2011/2011/2011
f 2010/2010/2010 2027/2027/2027 2028/2028/2028
f 2011/2011/2011 2029/2029/2029 2012/2012/2012
f 2011/2011/2011 2028/2028/2028 2029/2029/2029
f 2012/2012/2012 2030/2030/2030 2013/2013/2013
f 2012/2012/2012 2029/2029/2029 2030/2030/2030
f 2013/2013/2013 2031/2031/2031 2014/2014/2014
f 2013/2013/2013 2030/2030/2030 2031/2031/2031
f 2014/2014/2014 2032/2032/2032 2015/2015/2015
f 2014/2014/2014 2031/2031/2031 2032/2032/2032
f 2015/2015/2015 2033/2033/2033 2016/2016/2016
f 2015/2015/2015 2032/2032/2032 2033/2033/2033
f 2016/2016/2016 2034/2034/2034 2017/2017/2017
f 2016/2016/2016 2033/2033/2033 2034/2034/2034
f 2017/2017/2017 2035/2035/2035 2018/2018/2018
f 2017/2017/2017 2034/2034/2034 2035/2035/2035
f 2018/2018/2018 2036/2036/2036 2019/2019/2019
f 2018/2018/2018 2035/2035/2035 2036/2036/2036
f 2019/2019/2019 2037/2037/2037 2020/2020/2020
f 2019/2019/2019 2036/2036/2036 2037/2037/2037
f 2020/2020/2020 2038/2038/2038 2021/2021/2021
f 2020/2020/2020 2037/2037/2037 2038/2038/2038
f 2021/2021/2021 2039/2039/2039 2022/2022/2022
f 2021/2021/2021 2038/2038/2038 2039/2039/2039
f 2023/2023/2023 2041/2041/2041 2024/2024/2024
f 2023/2023/2023 2040/2040/2040 2041/2041/2041
f 2024/2024/2024 2042/2042/2042 2025/2025/2025
f 2024/2024/2024 2041/2041/2041 2042/2042/2042
f 2025/2025/2025 2043/2043/2043 2026/2026/2026
f 2025/2025/2025 2042/2042/2042 2043/2043/2043
f 2026/2026/2026 2044/2044/2044 2027/2027/2027
f 2026/2026/2026 2043/2043/2043 2044/2044/2044
f 2027/2027/2027 2045/2045/2045 2028/2028/2028
f 2027/2027/2027 2044/2044/2044 2045/2045/2045
f 2028/2028/2028 2046/2046/2046 2029/2029/2029
f 2028/2028/2028 2045/2045/2045 2046/2046/2046
f 2029/2029/2029 2047/2047/2047 2030/2030/2030
f 2029/2029/2029 2046/2046/2046 2047/2047/2047
f 2030/2030/2030 2048/2048/2048 2031/2031/2031
f 2030/2030/2030 2047/2047/2047 2048/2048/2048
f 2031/2031/2031 2049/2049/2049 2032/2032/2032
f 2031/2031/2031 2048/2048/2048 2049/2049/2049
f 2032/2032/2032 2050/2050/2050 2033/2033/2033
f 2032/2032/2032 2049/2049/2049 2050/2050/2050
f 2033/2033/2033 2051/2051/2051 2034/2034/2034
f 2033/2033/2033 2050/2050/2050 2051/2051/2051
f 2034/2034/2034 2052/2052/2052 2035/2035/2035
f 2034/2034/2034 2051/2051/2051 2052/2052/2052
f 2035/2035/2035 2053/2053/2053 2036/2036/2036
f 2035/2035/2035 2052/2052/2052 2053/2053/2053
f 2036/2036/2036 2054/2054/2054 2037/2037/2037
f 2036/2036/2036 2053/2053/2053 2054/2054/2054
f 2037/2037/2037 2055/2055/2055 2038/2038/2038
f 2037/2037/2037 2054/2054/2054 2055/2055/2055
f 2038/2038/2038 2056/2056/2056 2039/2039/2039
f 2038/2038/2038 2055/2055/2055 2056/2056/2056
f 2040/2040/2040 2058/2058/2058 2041/2041/2041
f 2040/2040/2040 2057/2057/2057 2058/2058/2058
f 2041/2041/2041 2059/2059/2059 2042/2042/2042
f 2041/2041/2041 2058/2058/2058 2059/2059/2059
f 2042/2042/2042 2060/2060/2060 2043/2043/2043
f 2042/2042/2042 2059/2059/2059 2060/2060/2060
f 2043/2043/2043 2061/2061/2061 2044/2044/2044
f 2043/2043/2043 2060/2060/2060 2061/2061/2061
f 2044/2044/2044 2062/2062/2062 2045/2045/2045
f 2044/2044/2044 2061/2061/2061 2062/2062/2062
f 2045/2045/2045 2063/2063/2063 2046/2046/2046
f 2045/2045/2045 2062/2062/2062 2063/2063/2063
f 2046/2046/2046 2064/2064/2064 2047/2047/2047
f 2046/2046/2046 2063/2063/2063 2064/2064/2064
f 2047/2047/2047 2065/2065/2065 2048/2048/2048
f 2047/2047/2047 2064/2064/2064 2065/2065/2065
f 2048/2048/2048 2066/2066/2066 2049/2049/2049
f 2048/2048/2048 2065/2065/2065 2066/2066/2066
f 2049/2049/2049 2067/2067/2067 2050/2050/2050
f 2049/2049/2049 2066/2066/2066 2067/2067/2067
f 2050/2050/2050 2068/2068/2068 2051/2051/2051
f 2050/2050/2050 2067/2067/2067 2068/2068/2068
f 2051/2051/2051 2069/2069/2069 2052/2052/2052
f 2051/2051/2051 2068/2068/2068 2069/2069/2069
f 2052/2052/2052 2070/2070/2070 2053/2053/2053
f 2052/2052/2052 2069/2069/2069 2070/2070/2070
f 2053/2053/2053 2071/2071/2071 2054/2054/2054
f 2053/2053/2053 2070/2070/2070 2071/2071/2071
f 2054/2054/2054 2072/2072/2072 2055/2055/2055
f 2054/2054/2054 2071/2071/2071 2072/2072/2072
f 2055/2055/2055 2073/2073/2073 2056/2056/2056
f 2055/2055/2055 2072/2072/2072 2073/2073/2073
f 2057/2057/2057 2074/2074/2074 2058/2058/2058
f 2058/2058/2058 2075/2075/2075 2059/2059/2059
f 2059/2059/2059 2076/2076/2076 2060/2060/2060
f 2060/2060/2060 2077/2077/2077 2061/2061/2061
f 2061/2061/2061 2078/2078/2078 2062/2062/2062
f 2062/2062/2062 2079/2079/2079 2063/2063/2063
f 2063/2063/2063 2080/2080/2080 2064/2064/2064
f 2064/2064/2064 2081/2081/2081 2065/2065/2065
f 2065/2065/2065 2082/2082/2082 2066/2066/2066
f 2066/2066/2066 2083/2083/2083 2067/2067/2067
f 2067/2067/2067 2084/2084/2084 2068/2068/2068
f 2068/2068/2068 2085/2085/2085 2069/2069/2069
f 2069/2069/2069 2086/2086/2086 2070/2070/2070
f 2070/2070/2070 2087/2087/2087 2071/2071/2071
f 2071/2071/2071 2088/2088/2088 2072/2072/2072
f 2072/2072/2072 2089/2089/2089 2073/2073/2073
f 2750/2750/2750 2768/2768/2768 2767/2767/2767
f 2751/2751/2751 2769/2769/2769 2768/2768/2768
f 2752/2752/2752 2770/2770/2770 2769/2769/2769
f 2753/2753/2753 2771/2771/2771 2770/2770/2770
f 2754/2754/2754 2772/2772/2772 2771/2771/2771
f 2755/2755/2755 2773/2773/2773 2772/2772/2772
f 2756/2756/2756 2774/2774/2774 2773/2773/2773
f 2757/2757/2757 2775/2775/2775 2774/2774/2774
f 2758/2758/2758 2776/2776/2776 2775/2775/2775
f 2759/2759/2759 2777/2777/2777 2776/2776/2776
f 2760/2760/2760 2778/2778/2778 2777/2777/2777
f 2761/2761/2761 2779/2779/2779 2778/2778/2778
f 2762/2762/2762 2780/2780/2780 2779/2779/2779
f 2763/2763/2763 2781/2781/2781 2780/2780/2780
f 2764/2764/2764 2782/2782/2782 2781/2781/2781
f 2765/2765/2765 2783/2783/2783 2782/2782/2782
f 2767/2767/2767 2785/2785/2785 2768/2768/2768
f 2767/2767/2767 2784/2784/2784 2785/2785/2785
f 2768/2768/2768 2786/2786/2786 2769/2769/2769
f 2768/2768/2768 2785/2785/2785 2786/2786/2786
f 2769/2769/2769 2787/2787/2787 2770/2770/2770
f 2769/2769/2769 2786/2786/2786 2787/2787/2787
f 2770/2770/2770 2788/2788/2788 2771/2771/2771
f 2770/2770/2770 2787/2787/2787 2788/2788/2788
f 2771/2771/2771 2789/2789/2789 2772/2772/2772
f 2771/2771/2771 2788/2788/2788 2789/2789/2789
f 2772/2772/2772 2790/2790/2790 2773/2773/2773
f 2772/2772/2772 2789/2789/2789 2790/2790/2790
f 2773/2773/2773 2791/2791/2791 2774/2774/2774
f 2773/2773/2773 2790/2790/2790 2791/2791/2791
f 2774/2774/2774 2792/2792/2792 2775/2775/2775
f 2774/2774/2774 2791/2791/2791 2792/2792/2792
f 2775/2775/2775 2793/2793/2793 2776/2776/2776
f 2775/2775/2775 2792/2792/2792 2793/2793/2793
f 2776/2776/2776 2794/2794/2794 2777/2777/2777
f 2776/2776/2776 2793/2793/2793 2794/2794/2794
f 2777/2777/2777 2795/2795/2795 2778/2778/2778
f 2777/2777/2777 2794/2794/2794 2795/2795/2795
f 2778/2778/2778 2796/2796/2796 2779/2779/2779
f 2778/2778/2778 2795/2795/2795 2796/2796/2796
f 2779/2779/2779 2797/2797/2797 2780/2780/2780
f 2779/2779/2779 2796/2796/2796 2797/2797/2797
f 2780/2780/2780 2798/2798/2798 2781/2781/2781
f 2780/2780/2780 2797/2797/2797 2798/2798/2798
f 2781/2781/2781 2799/2799/2799 2782/2782/2782
f 2781/2781/2781 2798/2798/2798 2799/2799/2799
f 2782/2782/2782 2800/2800/2800 2783/2783/2783
f 2782/2782/2782 2799/2799/2799 2800/2800/2800
f 2784/2784/2784 2802/2802/2802 2785/2785/2785
f 2784/2784/2784 2801/2801/2801 2802/2802/2802
f 2785/2785/2785 2803/2803/2803 2786/2786/2786
f 2785/2785/2785 2802/2802/2802 2803/2803/2803
f 2786/2786/2786 2804/2804/2804 2787/2787/2787
f 2786/2786/2786 2803/2803/2803 2804/2804/2804
f 2787/2787/2787 2805/2805/2805 2788/2788/2788
f 2787/2787/2787 2804/2804/2804 2805/2805/2805
f 2788/2788/2788 2806/2806/2806 2789/2789/2789
f 2788/2788/2788 2805/2805/2805 2806/2806/2806
f 2789/2789/2789 2807/2807/2807 2790/2790/2790
f 2789/2789/2789 2806/2806/2806 2807/2807/2807
f 2790/2790/2790 2808/2808/2808 2791/2791/2791
f 2790/2790/2790 2807/2807/2807 2808/2808/2808
f 2791/2791/2791 2809/2809/2809 2792/2792/2792
f 2791/2791/2791 2808/2808/2808 2809/2809/2809
f 2792/2792/2792 2810/2810/2810 2793/2793/2793
f 2792/2792/2792 2809/2809/2809 2810/2810/2810
f 2793/2793/2793 2811/2811/2811 2794/2794/2794
f 2793/2793/2793 2810/2810/2810 2811/2811/2811
f 2794/2794/2794 2812/2812/2812 2795/2795/2795
f 2794/2794/2794 2811/2811/2811 2812/2812/2812
f 2795/2795/2795 2813/2813/2813 2796/2796/2796
f 2795/2795/2795 2812/2812/2812 2813/2813/2813
f 2796/2796/2796 2814/2814/2814 2797/2797/2797
f 2796/2796/2796 2813/2813/2813 2814/2814/2814
f 2797/2797/2797 2815/2815/2815 2798/2798/2798
f 2797/2797/2797 2814/2814/2814 2815/2815/2815
f 2798/2798/2798 2816/2816/2816 2799/2799/2799
f 2798/2798/2798 2815/2815/2815 2816/2816/2816
f 2799/2799/2799 2817/2817/2817 2800/2800/2800
f 2799/2799/2799 2816/2816/2816 2817/2817/2817
f 2801/2801/2801 2819/2819/2819 2802/2802/2802
f 2801/2801/2801 2818/2818/2818 2819/2819/2819
f 2802/2802/2802 2820/2820/2820 2803/2803/2803
f 2802/2802/2802 2819/2819/2819 2820/2820/2820
f 2803/2803/2803 2821/2821/2821 2804/2804/2804
f 2803/2803/2803 2820/2820/2820 2821/2821/2821
f 2804/2804/2804 2822/2822/2822 2805/2805/2805
f 2804/2804/2804 2821/2821/2821 2822/2822/2822
f 2805/2805/2805 2823/2823/2823 2806/2806/2806
f 2805/2805/2805 2822/2822/2822 2823/2823/2823
f 2806/2806/2806 2824/2824/2824 2807/2807/2807
f 2806/2806/2806 2823/2823/2823 2824/2824/2824
f 2807/2807/2807 2825/2825/2825 2808/2808/2808
f 2807/2807/2807 2824/2824/2824 2825/2825/2825
f 2808/2808/2808 2826/2826/2826 2809/2809/2809
f 2808/2808/2808 2825/2825/2825 2826/2826/2826
f 2809/2809/2809 2827/2827/2827 2810/2810/2810
f 2809/2809/2809 2826/2826/2826 2827/2827/2827
f 2810/2810/2810 2828/2828/2828 2811/2811/2811
f 2810/2810/2810 2827/2827/2827 2828/2828/2828
f 2811/2811/2811 2829/2829/2829 2812/2812/2812
f 2811/2811/2811 2828/2828/2828 2829/2829/2829
f 2812/2812/2812 2830/2830/2830 2813/2813/2813
f 2812/2812/2812 2829/2829/2829 2830/2830/2830
f 2813/2813/2813 2831/2831/2831 2814/2814/2814
f 2813/2813/2813 2830/2830/2830 2831/2831/2831
f 2814/2814/2814 2832/2832/2832 2815/2815/2815
f 2814/2814/2814 2831/2831/2831 2832/2832/2832
f 2815/2815/2815 2833/2833/2833 2816/2816/2816
f 2815/2815/2815 2832/2832/2832 2833/2833/2833
f 2816/2816/2816 2834/2834/2834 2817/2817/2817
f 2816/2816/2816 2833/2833/2833 2834/2834/2834
f 2818/2818/2818 2836/2836/2836 2819/2819/2819
f 2818/2818/2818 2835/2835/2835 2836/2836/2836
f 2819/2819/2819 2837/2837/2837 2820/2820/2820
f 2819/2819/2819 2836/2836/2836 2837/2837/2837
f 2820/2820/2820 2838/2838/2838 2821/2821/2821
f 2820/2820/2820 2837/2837/2837 2838/2838/2838
f 2821/2821/2821 2839/2839/2839 2822/2822/2822
f 2821/2821/2821 2838/2838/2838 2839/2839/2839
f 2822/2822/2822 2840/2840/2840 2823/2823/2823
f 2822/2822/2822 2839/2839/2839 2840/2840/2840
f 2823/2823/2823 2841/2841/2841 2824/2824/2824
f 2823/2823/2823 2840/2840/2840 2841/2841/2841
f 2824/2824/2824 2842/2842/2842 2825/2825/2825
f 2824/2824/2824 2841/2841/2841 2842/2842/2842
f 2825/2825/2825 2843/2843/2843 2826/2826/2826
f 2825/2825/2825 2842/2842/2842 2843/2843/2843
f 2826/2826/2826 2844/2844/2844 2827/2827/2827
f 2826/2826/2826 2843/2843/2843 2844/2844/2844
f 2827/2827/2827 2845/2845/2845 2828/2828/2828
f 2827/2827/2827 2844/2844/2844 2845/2845/2845
f 2828/2828/2828 2846/2846/2846 2829/2829/2829
f 2828/2828/2828 2845/2845/2845 2846/2846/2846
f 2829/2829/2829 2847/2847/2847 2830/2830/2830
f 2829/2829/2829 2846/2846/2846 2847/2847/2847
f 2830/2830/2830 2848/2848/2848 2831/2831/2831
f 2830/2830/2830 2847/2847/2847 2848/2848/2848
f 2831/2831/2831 2849/2849/2849 2832/2832/2832
f 2831/2831/2831 2848/2848/2848 2849/2849/2849
f 2832/2832/2832 2850/2850/2850 2833/2833/2833
f 2832/2832/2832 2849/2849/2849 2850/2850/2850
f 2833/2833/2833 2851/2851/2851 2834/2834/2834
f 2833/2833/2833 2850/2850/2850 2851/2851/2851
f 2835/2835/2835 2853/2853/2853 2836/2836/2836
f 2835/2835/2835 2852/2852/2852 2853/2853/2853
f 2836/2836/2836 2854/2854/2854 2837/2837/2837
f 2836/2836/2836 2853/2853/2853 2854/2854/2854
f 2837/2837/2837 2855/2855/2855 2838/2838/2838
f 2837/2837/2837 2854/2854/2854 2855/2855/2855
f 2838/2838/2838 2856/2856/2856 2839/2839/2839
f 2838/2838/2838 2855/2855/2855 2856/2856/2856
f 2839/2839/2839 2857/2857/2857 2840/2840/2840
f 2839/2839/2839 2856/2856/2856 2857/2857/2857
f 2840/2840/2840 2858/2858/2858 2841/2841/2841
f 2840/2840/2840 2857/2857/2857 2858/2858/2858
f 2841/2841/2841 2859/2859/2859 2842/2842/2842
f 2841/2841/2841 2858/2858/2858 2859/2859/2859
f 2842/2842/2842 2860/2860/2860 2843/2843/2843
f 2842/2842/2842 2859/2859/2859 2860/2860/2860
f 2843/2843/2843 2861/2861/2861 2844/2844/2844
f 2843/2843/2843 2860/2860/2860 2861/2861/2861
f 2844/2844/2844 2862/2862/2862 2845/2845/2845
f 2844/2844/2844 2861/2861/2861 2862/2862/2862
f 2845/2845/2845 2863/2863/2863 2846/2846/2846
f 2845/2845/2845 2862/2862/2862 2863/2863/2863
f 2846/2846/2846 2864/2864/2864 2847/2847/2847
f 2846/2846/2846 2863/2863/2863 2864/2864/2864
f 2847/2847/2847 2865/2865/2865 2848/2848/2848
f 2847/2847/2847 2864/2864/2864 2865/2865/2865
f 2848/2848/2848 2866/2866/2866 2849/2849/2849
f 2848/2848/2848 2865/2865/2865 2866/2866/2866
f 2849/2849/2849 2867/2867/2867 2850/2850/2850
f 2849/2849/2849 2866/2866/2866 2867/2867/2867
f 2850/2850/2850 2868/2868/2868 2851/2851/2851
f 2850/2850/2850 2867/2867/2867 2868/2868/2868
f 2852/2852/2852 2870/2870/2870 2853/2853/2853
f 2852/2852/2852 2869/2869/2869 2870/2870/2870
f 2853/2853/2853 2871/2871/2871 2854/2854/2854
f 2853/2853/2853 2870/2870/2870 2871/2871/2871
f 2854/2854/2854 2872/2872/2872 2855/2855/2855
f 2854/2854/2854 2871/2871/2871 2872/2872/2872
f 2855/2855/2855 2873/2873/2873 2856/2856/2856
f 2855/2855/2855 2872/2872/2872 2873/2873/2873
f 2856/2856/2856 2874/2874/2874 2857/2857/2857
f 2856/2856/2856 2873/2873/2873 2874/2874/2874
f 2857/2857/2857 2875/2875/2875 2858/2858/2858
f 2857/2857/2857 2874/2874/2874 2875/2875/2875
f 2858/2858/2858 2876/2876/2876 2859/2859/2859
f 2858/2858/2858 2875/2875/2875 2876/2876/2876
f 2859/2859/2859 2877/2877/2877 2860/2860/2860
f 2859/2859/2859 2876/2876/2876 2877/2877/2877
f 2860/2860/2860 2878/2878/2878 2861/2861/2861
f 2860/2860/2860 2877/2877/2877 2878/2878/2878
f 2861/2861/2861 2879/2879/2879 2862/2862/2862
f 2861/2861/2861 2878/2878/2878 2879/2879/2879
f 2862/2862/2862 2880/2880/2880 2863/2863/2863
f 2862/2862/2862 2879/2879/2879 2880/2880/2880
f 2863/2863/2863 2881/2881/2881 2864/2864/2864
f 2863/2863/2863 2880/2880/2880 2881/2881/2881
f 2864/2864/2864 2882/2882/2882 2865/2865/2865
f 2864/2864/2864 2881/2881/2881 2882/2882/2882
f 2865/2865/2865 2883/2883/2883 2866/2866/2866
f 2865/2865/2865 2882/2882/2882 2883/2883/2883
f 2866/2866/2866 2884/2884/2884 2867/2867/2867
f 2866/2866/2866 2883/2883/2883 2884/2884/2884
f 2867/2867/2867 2885/2885/2885 2868/2868/2868
f 2867/2867/2867 2884/2884/2884 2885/2885/2885
f 2869/2869/2869 2887/2887/2887 2870/2870/2870
f 2869/2869/2869 2886/2886/2886 2887/2887/2887
f 2870/2870/2870 2888/2888/2888 2871/2871/2871
f 2870/2870/2870 2887/2887/2887 2888/2888/2888
f 2871/2871/2871 2889/2889/2889 2872/2872/2872
f 2871/2871/2871 2888/2888/2888 2889/2889/2889
f 2872/2872/2872 2890/2890/2890 2873/2873/2873
f 2872/2872/2872 2889/2889/2889 2890/2890/2890
f 2873/2873/2873 2891/2891/2891 2874/2874/2874
f 2873/2873/2873 2890/2890/2890 2891/2891/2891
f 2874/2874/2874 2892/2892/2892 2875/2875/2875
f 2874/2874/2874 2891/2891/2891 2892/2892/2892
f 2875/2875/2875 2893/2893/2893 2876/2876/2876
f 2875/2875/2875 2892/2892/2892 2893/2893/2893
f 2876/2876/2876 2894/2894/2894 2877/2877/2877
f 2876/2876/2876 2893/2893/2893 2894/2894/2894
f 2877/2877/2877 2895/2895/2895 2878/2878/2878
f 2877/2877/2877 2894/2894/2894 2895/2895/2895
f 2878/2878/2878 2896/2896/2896 2879/2879/2879
f 2878/2878/2878 2895/2895/2895 2896/2896/2896
f 2879/2879/2879 2897/2897/2897 2880/2880/2880
f 2879/2879/2879 2896/2896/2896 2897/2897/2897
f 2880/2880/2880 2898/2898/2898 2881/2881/2881
f 2880/2880/2880 2897/2897/2897 2898/2898/2898
f 2881/2881/2881 2899/2899/2899 2882/2882/2882
f 2881/2881/2881 2898/2898/2898 2899/2899/2899
f 2882/2882/2882 2900/2900/2900 2883/2883/2883
f 2882/2882/2882 2899/2899/2899 2900/2900/2900
f 2883/2883/2883 2901/2901/2901 2884/2884/2884
f 2883/2883/2883 2900/2900/2900 2901/2901/2901
f 2884/2884/2884 2902/2902/2902 2885/2885/2885
f 2884/2884/2884 2901/2901/2901 2902/2902/2902
f 2886/2886/2886 2904/2904/2904 2887/2887/2887
f 2886/2886/2886 2903/2903/2903 2904/2904/2904
f 2887/2887/2887 2905/2905/2905 2888/2888/2888
f 2887/2887/2887 2904/2904/2904 2905/2905/2905
f 2888/2888/2888 2906/2906/2906 2889/2889/2889
f 2888/2888/2888 2905/2905/2905 2906/2906/2906
f 2889/2889/2889 2907/2907/2907 2890/2890/2890
f 2889/2889/2889 2906/2906/2906 2907/2907/2907
f 2890/2890/2890 2908/2908/2908 2891/2891/2891
f 2890/2890/2890 2907/2907/2907 2908/2908/2908
f 2891/2891/2891 2909/2909/2909 2892/2892/2892
f 2891/2891/2891 2908/2908/2908 2909/2909/2909
f 2892/2892/2892 2910/2910/2910 2893/2893/2893
f 2892/2892/2892 2909/2909/2909 2910/2910/2910
f 2893/2893/2893 2911/2911/2911 2894/2894/2894
f 2893/2893/2893 2910/2910/2910 2911/2911/2911
f 2894/2894/2894 2912/2912/2912 2895/2895/2895
f 2894/2894/2894 2911/2911/2911 2912/2912/2912
f 2895/2895/2895 2913/2913/2913 2896/2896/2896
f 2895/2895/2895 2912/2912/2912 2913/2913/2913
f 2896/2896/2896 2914/2914/2914 2897/2897/2897
f 2896/2896/2896 2913/2913/2913 2914/2914/2914
f 2897/2897/2897 2915/2915/2915 2898/2898/2898
f 2897/2897/2897 2914/2914/2914 2915/2915/2915
f 2898/2898/2898 2916/2916/2916 2899/2899/2899
f 2898/2898/2898 2915/2915/2915 2916/2916/2916
f 2899/2899/2899 2917/2917/2917 2900/2900/2900
f 2899/2899/2899 2916/2916/2916 2917/2917/2917
f 2900/2900/2900 2918/2918/2918 2901/2901/2901
f 2900/2900/2900 2917/2917/2917 2918/2918/2918
f 2901/2901/2901 2919/2919/2919 2902/2902/2902
f 2901/2901/2901 2918/2918/2918 2919/2919/2919
f 2903/2903/2903 2920/2920/2920 2904/2904/2904
f 2904/2904/2904 2921/2921/2921 2905/2905/2905
f 2905/2905/2905 2922/2922/2922 2906/2906/2906
f 2906/2906/2906 2923/2923/2923 2907/2907/2907
f 2907/2907/2907 2924/2924/2924 2908/2908/2908
f 2908/2908/2908 2925/2925/2925 2909/2909/2909
f 2909/2909/2909 2926/2926/2926 2910/2910/2910
f 2910/2910/2910 2927/2927/2927 2911/2911/2911
f 2911/2911/2911 2928/2928/2928 2912/2912/2912
f 2912/2912/2912 2929/2929/2929 2913/2913/2913
f 2913/2913/2913 2930/2930/2930 2914/2914/2914
f 2914/2914/2914 2931/2931/2931 2915/2915/2915
f 2915/2915/2915 2932/2932/2932 2916/2916/2916
f 2916/2916/2916 2933/2933/2933 2917/2917/2917
f 2917/2917/2917 2934/2934/2934 2918/2918/2918
f 2918/2918/2918 2935/2935/2935 2919/2919/2919
f 3115/3115/3115 3116/3116/3116 3137/3137/3137
f 3115/3115/3115 3137/3137/3137 3136/3136/3136
f 3116/3116/3116 3117/3117/3117 3138/3138/3138
f 3116/3116/3116 3138/3138/3138 3137/3137/3137
f 3117/3117/3117 3118/3118/3118 3139/3139/3139
f 3117/3117/3117 3139/3139/3139 3138/3138/3138
f 3118/3118/3118 3119/3119/3119 3140/3140/3140
f 3118/3118/3118 3140/3140/3140 3139/3139/3139
f 3119/3119/3119 3120/3120/3120 3141/3141/3141
f 3119/3119/3119 3141/3141/3141 3140/3140/3140
f 3120/3120/3120 3121/3121/3121 3142/3142/3142
f 3120/3120/3120 3142/3142/3142 3141/3141/3141
f 3121/3121/3121 3122/3122/3122 3143/3143/3143
f 3121/3121/3121 3143/3143/3143 3142/3142/3142
f 3122/3122/3122 3123/3123/3123 3144/3144/3144
f 3122/3122/3122 3144/3144/3144 3143/3143/3143
f 3123/3123/3123 3124/3124/3124 3145/3145/3145
f 3123/3123/3123 3145/3145/3145 3144/3144/3144
f 3124/3124/3124 3125/3125/3125 3146/3146/3146
f 3124/3124/3124 3146/3146/3146 3145/3145/3145
f 3136/3136/3136 3137/3137/3137 3158/3158/3158
f 3136/3136/3136 3158/3158/3158 3157/3157/3157
f 3137/3137/3137 3138/3138/3138 3159/3159/3159
f 3137/3137/3137 3159/3159/3159 3158/3158/3158
f 3138/3138/3138 3139/3139/3139 3160/3160/3160
f 3138/3138/3138 3160/3160/3160 3159/3159/3159
f 3139/3139/3139 3140/3140/3140 3161/3161/3161
f 3139/3139/3139 3161/3161/3161 3160/3160/3160
f 3140/3140/3140 3141/3141/3141 3162/3162/3162
f 3140/3140/3140 3162/3162/3162 3161/3161/3161
f 3141/3141/3141 3142/3142/3142 3163/3163/3163
f 3141/3141/3141 3163/3163/3163 3162/3162/3162
f 3142/3142/3142 3143/3143/3143 3164/3164/3164
f 3142/3142/3142 3164/3164/3164 3163/3163/3163
f 3143/3143/3143 3144/3144/3144 3165/3165/3165
f 3143/3143/3143 3165/3165/3165 3164/3164/3164
f 3144/3144/3144 3145/3145/3145 3166/3166/3166
f 3144/3144/3144 3166/3166/3166 3165/3165/3165
f 3145/3145/3145 3146/3146/3146 3167/3167/3167
f 3145/3145/3145 3167/3167/3167 3166/3166/3166
f 3157/3157/3157 3158/3158/3158 3179/3179/3179
f 3157/3157/3157 3179/3179/3179 3178/3178/3178
f 3158/3158/3158 3159/3159/3159 3180/3180/3180
f 3158/3158/3158 3180/3180/3180 3179/3179/3179
f 3159/3159/3159 3160/3160/3160 3181/3181/3181
f 3159/3159/3159 3181/3181/3181 3180/3180/3180
f 3160/3160/3160 3161/3161/3161 3182/3182/3182
f 3160/3160/3160 3182/3182/3182 3181/3181/3181
f 3161/3161/3161 3162/3162/3162 3183/3183/3183
f 3161/3161/3161 3183/3183/3183 3182/3182/3182
f 3162/3162/3162 3163/3163/3163 3184/3184/3184
f 3162/3162/3162 3184/3184/3184 3183/3183/3183
f 3163/3163/3163 3164/3164/3164 3185/3185/3185
f 3163/3163/3163 3185/3185/3185 3184/3184/3184
f 3164/3164/3164 3165/3165/3165 3186/3186/3186
f 3164/3164/3164 3186/3186/3186 3185/3185/3185
f 3165/3165/3165 3166/3166/3166 3187/3187/3187
f 3165/3165/3165 3187/3187/3187 3186/3186/3186
f 3166/3166/3166 3167/3167/3167 3188/3188/3188
f 3166/3166/3166 3188/3188/3188 3187/3187/3187
f 3178/3178/3178 3179/3179/3179 3200/3200/3200
f 3178/3178/3178 3200/3200/3200 3199/3199/3199
f 3179/3179/3179 3180/3180/3180 3201/3201/3201
f 3179/3179/3179 3201/3201/3201 3200/3200/3200
f 3180/3180/3180 3181/3181/3181 3202/3202/3202
f 3180/3180/3180 3202/3202/3202 3201/3201/3201
f 3181/3181/3181 3182/3182/3182 3203/3203/3203
f 3181/3181/3181 3203/3203/3203 3202/3202/3202
f 3182/3182/3182 3183/3183/3183 3204/3204/3204
f 3182/3182/3182 3204/3204/3204 3203/3203/3203
f 3183/3183/3183 3184/3184/3184 3205/3205/3205
f 3183/3183/3183 3205/3205/3205 3204/3204/3204
f 3184/3184/3184 3185/3185/3185 3206/3206/3206
f 3184/3184/3184 3206/3206/3206 3205/3205/3205
f 3185/3185/3185 3186/3186/3186 3207/3207/3207
f 3185/3185/3185 3207/3207/3207 3206/3206/3206
f 3186/3186/3186 3187/3187/3187 3208/3208/3208
f 3186/3186/3186 3208/3208/3208 3207/3207/3207
f 3187/3187/3187 3188/3188/3188 3209/3209/3209
f 3187/3187/3187 3209/3209/3209 3208/3208/3208
f 3199/3199/3199 3200/3200/3200 3221/3221/3221
f 3199/3199/3199 3221/3221/3221 3220/3220/3220
f 3200/3200/3200 3201/3201/3201 3222/3222/3222
f 3200/3200/3200 3222/3222/3222 3221/3221/3221
f 3201/3201/3201 3202/3202/3202 3223/3223/3223
f 3201/3201/3201 3223/3223/3223 3222/3222/3222
f 3202/3202/3202 3203/3203/3203 3224/3224/3224
f 3202/3202/3202 3224/3224/3224 3223/3223/3223
f 3203/3203/3203 3204/3204/3204 3225/3225/3225
f 3203/3203/3203 3225/3225/3225 3224/3224/3224
f 3204/3204/3204 3205/3205/3205 3226/3226/3226
f 3204/3204/3204 3226/3226/3226 3225/3225/3225
f 3205/3205/3205 3206/3206/3206 3227/3227/3227
f 3205/3205/3205 3227/3227/3227 3226/3226/3226
f 3206/3206/3206 3207/3207/3207 3228/3228/3228
f 3206/3206/3206 3228/3228/3228 3227/3227/3227
f 3207/3207/3207 3208/3208/3208 3229/3229/3229
f 3207/3207/3207 3229/3229/3229 3228/3228/3228
f 3208/3208/3208 3209/3209/3209 3230/3230/3230
f 3208/3208/3208 3230/3230/3230 3229/3229/3229
f 3220/3220/3220 3221/3221/3221 3242/3242/3242
f 3220/3220/3220 3242/3242/3242 3241/3241/3241
f 3221/3221/3221 3222/3222/3222 3243/3243/3243
f 3221/3221/3221 3243/3243/3243 3242/3242/3242
f 3222/3222/3222 3223/3223/3223 3244/3244/3244
f 3222/3222/3222 3244/3244/3244 3243/3243/3243
f 3223/3223/3223 3224/3224/3224 3245/3245/3245
f 3223/3223/3223 3245/3245/3245 3244/3244/3244
f 3224/3224/3224 3225/3225/3225 3246/3246/3246
f 3224/3224/3224 3246/3246/3246 3245/3245/3245
f 3225/3225/3225 3226/3226/3226 3247/3247/3247
f 3225/3225/3225 3247/3247/3247 3246/3246/3246
f 3226/3226/3226 3227/3227/3227 3248/3248/3248
f 3226/3226/3226 3248/3248/3248 3247/3247/3247
f 3227/3227/3227 3228/3228/3228 3249/3249/3249
f 3227/3227/3227 3249/3249/3249 3248/3248/3248
f 3228/3228/3228 3229/3229/3229 3250/3250/3250
f 3228/3228/3228 3250/3250/3250 3249/3249/3249
f 3229/3229/3229 3230/3230/3230 3251/3251/3251
f 3229/3229/3229 3251/3251/3251 3250/3250/3250
f 3252/3252/3252 3106/3106/3106 3105/3105/3105
f 3252/3252/3252 3107/3107/3107 3106/3106/3106
f 3252/3252/3252 3108/3108/3108 3107/3107/3107
f 3252/3252/3252 3109/3109/3109 3108/3108/3108
f 3252/3252/3252 3110/3110/3110 3109/3109/3109
f 3252/3252/3252 3111/3111/3111 3110/3110/3110
f 3252/3252/3252 3112/3112/3112 3111/3111/3111
f 3252/3252/3252 3113/3113/3113 3112/3112/3112
f 3252/3252/3252 3114/3114/3114 3113/3113/3113
f 3252/3252/3252 3115/3115/3115 3114/3114/3114
f 3252/3252/3252 3116/3116/3116 3115/3115/3115
f 3252/3252/3252 3117/3117/3117 3116/3116/3116
f 3252/3252/3252 3118/3118/3118 3117/3117/3117
f 3252/3252/3252 3119/3119/3119 3118/3118/3118
f 3252/3252/3252 3120/3120/3120 3119/3119/3119
f 3252/3252/3252 3121/3121/3121 3120/3120/3120
f 3252/3252/3252 3122/3122/3122 3121/3121/3121
f 3252/3252/3252 3123/3123/3123 3122/3122/3122
f 3252/3252/3252 3124/3124/3124 3123/3123/3123
f 3252/3252/3252 3125/3125/3125 3124/3124/3124
f 3253/3253/3253 3231/3231/3231 3232/3232/3232
f 3253/3253/3253 3232/3232/3232 3233/3233/3233
f 3253/3253/3253 3233/3233/3233 3234/3234/3234
f 3253/3253/3253 3234/3234/3234 3235/3235/3235
f 3253/3253/3253 3235/3235/3235 3236/3236/3236
f 3253/3253/3253 3236/3236/3236 3237/3237/3237
f 3253/3253/3253 3237/3237/3237 3238/3238/3238
f 3253/3253/3253 3238/3238/3238 3239/3239/3239
f 3253/3253/3253 3239/3239/3239 3240/3240/3240
f 3253/3253/3253 3240/3240/3240 3241/3241/3241
f 3253/3253/3253 3241/3241/3241 3242/3242/3242
f 3253/3253/3253 3242/3242/3242 3243/3243/3243
f 3253/3253/3253 3243/3243/3243 3244/3244/3244
f 3253/3253/3253 3244/3244/3244 3245/3245/3245
f 3253/3253/3253 3245/3245/3245 3246/3246/3246
f 3253/3253/3253 3246/3246/3246 3247/3247/3247
f 3253/3253/3253 3247/3247/3247 3248/3248/3248
f 3253/3253/3253 3248/3248/3248 3249/3249/3249
f 3253/3253/3253 3249/3249/3249 3250/3250/3250
f 3253/3253/3253 3250/3250/3250 3251/3251/3251
f 3264/3264/3264 3286/3286/3286 3265/3265/3265
f 3264/3264/3264 3285/3285/3285 3286/3286/3286
f 3265/3265/3265 3287/3287/3287 3266/3266/3266
f 3265/3265/3265 3286/3286/3286 3287/3287/3287
f 3266/3266/3266 3288/3288/3288 3267/3267/3267
f 3266/3266/3266 3287/3287/3287 3288/3288/3288
f 3267/3267/3267 3289/3289/3289 3268/3268/3268
f 3267/3267/3267 3288/3288/3288 3289/3289/3289
f 3268/3268/3268 3290/3290/3290 3269/3269/3269
f 3268/3268/3268 3289/3289/3289 3290/3290/3290
f 3269/3269/3269 3291/3291/3291 3270/3270/3270
f 3269/3269/3269 3290/3290/3290 3291/3291/3291
f 3270/3270/3270 3292/3292/3292 3271/3271/3271
f 3270/3270/3270 3291/3291/3291 3292/3292/3292
f 3271/3271/3271 3293/3293/3293 3272/3272/3272
f 3271/3271/3271 3292/3292/3292 3293/3293/3293
f 3272/3272/3272 3294/3294/3294 3273/3273/3273
f 3272/3272/3272 3293/3293/3293 3294/3294/3294
f 3273/3273/3273 3295/3295/3295 3274/3274/3274
f 3273/3273/3273 3294/3294/3294 3295/3295/3295
f 3285/3285/3285 3307/3307/3307 3286/3286/3286
f 3285/3285/3285 3306/3306/3306 3307/3307/3307
f 3286/3286/3286 3308/3308/3308 3287/3287/3287
f 3286/3286/3286 3307/3307/3307 3308/3308/3308
f 3287/3287/3287 3309/3309/3309 3288/3288/3288
f 3287/3287/3287 3308/3308/3308 3309/3309/3309
f 3288/3288/3288 3310/3310/3310 3289/3289/3289
f 3288/3288/3288 3309/3309/3309 3310/3310/3310
f 3289/3289/3289 3311/3311/3311 3290/3290/3290
f 3289/3289/3289 3310/3310/3310 3311/3311/3311
f 3290/3290/3290 3312/3312/3312 3291/3291/3291
f 3290/3290/3290 3311/3311/3311 3312/3312/3312
f 3291/3291/3291 3313/3313/3313 3292/3292/3292
f 3291/3291/3291 3312/3312/3312 3313/3313/3313
f 3292/3292/3292 3314/3314/3314 3293/3293/3293
f 3292/3292/3292 3313/3313/3313 3314/3314/3314
f 3293/3293/3293 3315/3315/3315 3294/3294/3294
f 3293/3293/3293 3314/3314/3314 3315/3315/3315
f 3294/3294/3294 3316/3316/3316 3295/3295/3295
f 3294/3294/3294 3315/3315/3315 3316/3316/3316
f 3306/3306/3306 3328/3328/3328 3307/3307/3307
f 3306/3306/3306 3327/3327/3327 3328/3328/3328
f 3307/3307/3307 3329/3329/3329 3308/3308/3308
f 3307/3307/3307 3328/3328/3328 3329/3329/3329
f 3308/3308/3308 3330/3330/3330 3309/3309/3309
f 3308/3308/3308 3329/3329/3329 3330/3330/3330
f 3309/3309/3309 3331/3331/3331 3310/3310/3310
f 3309/3309/3309 3330/3330/3330 3331/3331/3331
f 3310/3310/3310 3332/3332/3332 3311/3311/3311
f 3310/3310/3310 3331/3331/3331 3332/3332/3332
f 3311/3311/3311 3333/3333/3333 3312/3312/3312
f 3311/3311/3311 3332/3332/3332 3333/3333/3333
f 3312/3312/3312 3334/3334/3334 3313/3313/3313
f 3312/3312/3312 3333/3333/3333 3334/3334/3334
f 3313/3313/3313 3335/3335/3335 3314/3314/3314
f 3313/3313/3313 3334/3334/3334 3335/3335/3335
f 3314/3314/3314 3336/3336/3336 3315/3315/3315
f 3314/3314/3314 3335/3335/3335 3336/3336/3336
f 3315/3315/3315 3337/3337/3337 3316/3316/3316
f 3315/3315/3315 3336/3336/3336 3337/3337/3337
f 3327/3327/3327 3349/3349/3349 3328/3328/3328
f 3327/3327/3327 3348/3348/3348 3349/3349/3349
f 3328/3328/3328 3350/3350/3350 3329/3329/3329
f 3328/3328/3328 3349/3349/3349 3350/3350/3350
f 3329/3329/3329 3351/3351/3351 3330/3330/3330
f 3329/3329/3329 3350/3350/3350 3351/3351/3351
f 3330/3330/3330 3352/3352/3352 3331/3331/3331
f 3330/3330/3330 3351/3351/3351 3352/3352/3352
f 3331/3331/3331 3353/3353/3353 3332/3332/3332
f 3331/3331/3331 3352/3352/3352 3353/3353/3353
f 3332/3332/3332 3354/3354/3354 3333/3333/3333
f 3332/3332/3332 3353/3353/3353 3354/3354/3354
f 3333/3333/3333 3355/3355/3355 3334/3334/3334
f 3333/3333/3333 3354/3354/3354 3355/3355/3355
f 3334/3334/3334 3356/3356/3356 3335/3335/3335
f 3334/3334/3334 3355/3355/3355 3356/3356/3356
f 3335/3335/3335 3357/3357/3357 3336/3336/3336
f 3335/3335/3335 3356/3356/3356 3357/3357/3357
f 3336/3336/3336 3358/3358/3358 3337/3337/3337
f 3336/3336/3336 3357/3357/3357 3358/3358/3358
f 3348/3348/3348 3370/3370/3370 3349/3349/3349
f 3348/3348/3348 3369/3369/3369 3370/3370/3370
f 3349/3349/3349 3371/3371/3371 3350/3350/3350
f 3349/3349/3349 3370/3370/3370 3371/3371/3371
f 3350/3350/3350 3372/3372/3372 3351/3351/3351
f 3350/3350/3350 3371/3371/3371 3372/3372/3372
f 3351/3351/3351 3373/3373/3373 3352/3352/3352
f 3351/3351/3351 3372/3372/3372 3373/3373/3373
f 3352/3352/3352 3374/3374/3374 3353/3353/3353
f 3352/3352/3352 3373/3373/3373 3374/3374/3374
f 3353/3353/3353 3375/3375/3375 3354/3354/3354
f 3353/3353/3353 3374/3374/3374 3375/3375/3375
f 3354/3354/3354 3376/3376/3376 3355/3355/3355
f 3354/3354/3354 3375/3375/3375 3376/3376/3376
f 3355/3355/3355 3377/3377/3377 3356/3356/3356
f 3355/3355/3355 3376/3376/3376 3377/3377/3377
f 3356/3356/3356 3378/3378/3378 3357/3357/3357
f 3356/3356/3356 3377/3377/3377 3378/3378/3378
f 3357/3357/3357 3379/3379/3379 3358/3358/3358
f 3357/3357/3357 3378/3378/3378 3379/3379/3379
f 3369/3369/3369 3391/3391/3391 3370/3370/3370
f 3369/3369/3369 3390/3390/3390 3391/3391/3391
f 3370/3370/3370 3392/3392/3392 3371/3371/3371
f 3370/3370/3370 3391/3391/3391 3392/3392/3392
f 3371/3371/3371 3393/3393/3393 3372/3372/3372
f 3371/3371/3371 3392/3392/3392 3393/3393/3393
f 3372/3372/3372 3394/3394/3394 3373/3373/3373
f 3372/3372/3372 3393/3393/3393 3394/3394/3394
f 3373/3373/3373 3395/3395/3395 3374/3374/3374
f 3373/3373/3373 3394/3394/3394 3395/3395/3395
f 3374/3374/3374 3396/3396/3396 3375/3375/3375
f 3374/3374/3374 3395/3395/3395 3396/3396/3396
f 3375/3375/3375 3397/3397/3397 3376/3376/3376
f 3375/3375/3375 3396/3396/3396 3397/3397/3397
f 3376/3376/3376 3398/3398/3398 3377/3377/3377
f 3376/3376/3376 3397/3397/3397 3398/3398/3398
f 3377/3377/3377 3399/3399/3399 3378/3378/3378
f 3377/3377/3377 3398/3398/3398 3399/3399/3399
f 3378/3378/3378 3400/3400/3400 3379/3379/3379
f 3378/3378/3378 3399/3399/3399 3400/3400/3400
f 3401/3401/3401 3254/3254/3254 3255/3255/3255
f 3401/3401/3401 3255/3255/3255 3256/3256/3256
f 3401/3401/3401 3256/3256/3256 3257/3257/3257
f 3401/3401/3401 3257/3257/3257 3258/3258/3258
f 3401/3401/3401 3258/3258/3258 3259/3259/3259
f 3401/3401/3401 3259/3259/3259 3260/3260/3260
f 3401/3401/3401 3260/3260/3260 3261/3261/3261
f 3401/3401/3401 3261/3261/3261 3262/3262/3262
f 3401/3401/3401 3262/3262/3262 3263/3263/3263
f 3401/3401/3401 3263/3263/3263 3264/3264/3264
f 3401/3401/3401 3264/3264/3264 3265/3265/3265
f 3401/3401/3401 3265/3265/3265 3266/3266/3266
f 3401/3401/3401 3266/3266/3266 3267/3267/3267
f 3401/3401/3401 3267/3267/3267 3268/3268/3268
f 3401/3401/3401 3268/3268/3268 3269/3269/3269
f 3401/3401/3401 3269/3269/3269 3270/3270/3270
f 3401/3401/3401 3270/3270/3270 3271/3271/3271
f 3401/3401/3401 3271/3271/3271 3272/3272/3272
f 3401/3401/3401 3272/3272/3272 3273/3273/3273
f 3401/3401/3401 3273/3273/3273 3274/3274/3274
f 3402/3402/3402 3381/3381/3381 3380/3380/3380
f 3402/3402/3402 3382/3382/3382 3381/3381/3381
f 3402/3402/3402 3383/3383/3383 3382/3382/3382
f 3402/3402/3402 3384/3384/3384 3383/3383/3383
f 3402/3402/3402 3385/3385/3385 3384/3384/3384
f 3402/3402/3402 3386/3386/3386 3385/3385/3385
f 3402/3402/3402 3387/3387/3387 3386/3386/3386
f 3402/3402/3402 3388/3388/3388 3387/3387/3387
f 3402/3402/3402 3389/3389/3389 3388/3388/3388
f 3402/3402/3402 3390/3390/3390 3389/3389/3389
f 3402/3402/3402 3391/3391/3391 3390/3390/3390
f 3402/3402/3402 3392/3392/3392 3391/3391/3391
f 3402/3402/3402 3393/3393/3393 3392/3392/3392
f 3402/3402/3402 3394/3394/3394 3393/3393/3393
f 3402/3402/3402 3395/3395/3395 3394/3394/3394
f 3402/3402/3402 3396/3396/3396 3395/3395/3395
f 3402/3402/3402 3397/3397/3397 3396/3396/3396
f 3402/3402/3402 3398/3398/3398 3397/3397/3397
f 3402/3402/3402 3399/3399/3399 3398/3398/3398
f 3402/3402/3402 3400/3400/3400 3399/3399/3399
f 3413/3413/3413 3414/3414/3414 3435/3435/3435
f 3413/3413/3413 3435/3435/3435 3434/3434/3434
f 3414/3414/3414 3415/3415/3415 3436/3436/3436
f 3414/3414/3414 3436/3436/3436 3435/3435/3435
f 3415/3415/3415 3416/3416/3416 3437/3437/3437
f 3415/3415/3415 3437/3437/3437 3436/3436/3436
f 3416/3416/3416 3417/3417/3417 3438/3438/3438
f 3416/3416/3416 3438/3438/3438 3437/3437/3437
f 3417/3417/3417 3418/3418/3418 3439/3439/3439
f 3417/3417/3417 3439/3439/3439 3438/3438/3438
f 3418/3418/3418 3419/3419/3419 3440/3440/3440
f 3418/3418/3418 3440/3440/3440 3439/3439/3439
f 3419/3419/3419 3420/3420/3420 3441/3441/3441
f 3419/3419/3419 3441/3441/3441 3440/3440/3440
f 3420/3420/3420 3421/3421/3421 3442/3442/3442
f 3420/3420/3420 3442/3442/3442 3441/3441/3441
f 3421/3421/3421 3422/3422/3422 3443/3443/3443
f 3421/3421/3421 3443/3443/3443 3442/3442/3442
f 3422/3422/3422 3423/3423/3423 3444/3444/3444
f 3422/3422/3422 3444/3444/3444 3443/3443/3443
f 3434/3434/3434 3435/3435/3435 3456/3456/3456
f 3434/3434/3434 3456/3456/3456 3455/3455/3455
f 3435/3435/3435 3436/3436/3436 3457/3457/3457
f 3435/3435/3435 3457/3457/3457 3456/3456/3456
f 3436/3436/3436 3437/3437/3437 3458/3458/3458
f 3436/3436/3436 3458/3458/3458 3457/3457/3457
f 3437/3437/3437 3438/3438/3438 3459/3459/3459
f 3437/3437/3437 3459/3459/3459 3458/3458/3458
f 3438/3438/3438 3439/3439/3439 3460/3460/3460
f 3438/3438/3438 3460/3460/3460 3459/3459/3459
f 3439/3439/3439 3440/3440/3440 3461/3461/3461
f 3439/3439/3439 3461/3461/3461 3460/3460/3460
f 3440/3440/3440 3441/3441/3441 3462/3462/3462
f 3440/3440/3440 3462/3462/3462 3461/3461/3461
f 3441/3441/3441 3442/3442/3442 3463/3463/3463
f 3441/3441/3441 3463/3463/3463 3462/3462/3462
f 3442/3442/3442 3443/3443/3443 3464/3464/3464
f 3442/3442/3442 3464/3464/3464 3463/3463/3463
f 3443/3443/3443 3444/3444/3444 3465/3465/3465
f 3443/3443/3443 3465/3465/3465 3464/3464/3464
f 3455/3455/3455 3456/3456/3456 3477/3477/3477
f 3455/3455/3455 3477/3477/3477 3476/3476/3476
f 3456/3456/3456 3457/3457/3457 3478/3478/3478
f 3456/3456/3456 3478/3478/3478 3477/3477/3477
f 3457/3457/3457 3458/3458/3458 3479/3479/3479
f 3457/3457/3457 3479/3479/3479 3478/3478/3478
f 3458/3458/3458 3459/3459/3459 3480/3480/3480
f 3458/3458/3458 3480/3480/3480 3479/3479/3479
f 3459/3459/3459 3460/3460/3460 3481/3481/3481
f 3459/3459/3459 3481/3481/3481 3480/3480/3480
f 3460/3460/3460 3461/3461/3461 3482/3482/3482
f 3460/3460/3460 3482/3482/3482 3481/3481/3481
f 3461/3461/3461 3462/3462/3462 3483/3483/3483
f 3461/3461/3461 3483/3483/3483 3482/3482/3482
f 3462/3462/3462 3463/3463/3463 3484/3484/3484
f 3462/3462/3462 3484/3484/3484 3483/3483/3483
f 3463/3463/3463 3464/3464/3464 3485/3485/3485
f 3463/3463/3463 3485/3485/3485 3484/3484/3484
f 3464/3464/3464 3465/3465/3465 3486/3486/3486
f 3464/3464/3464 3486/3486/3486 3485/3485/3485
f 3476/3476/3476 3477/3477/3477 3498/3498/3498
f 3476/3476/3476 3498/3498/3498 3497/3497/3497
f 3477/3477/3477 3478/3478/3478 3499/3499/3499
f 3477/3477/3477 3499/3499/3499 3498/3498/3498
f 3478/3478/3478 3479/3479/3479 3500/3500/3500
f 3478/3478/3478 3500/3500/3500 3499/3499/3499
f 3479/3479/3479 3480/3480/3480 3501/3501/3501
f 3479/3479/3479 3501/3501/3501 3500/3500/3500
f 3480/3480/3480 3481/3481/3481 3502/3502/3502
f 3480/3480/3480 3502/3502/3502 3501/3501/3501
f 3481/3481/3481 3482/3482/3482 3503/3503/3503
f 3481/3481/3481 3503/3503/3503 3502/3502/3502
f 3482/3482/3482 3483/3483/3483 3504/3504/3504
f 3482/3482/3482 3504/3504/3504 3503/3503/3503
f 3483/3483/3483 3484/3484/3484 3505/3505/3505
f 3483/3483/3483 3505/3505/3505 3504/3504/3504
f 3484/3484/3484 3485/3485/3485 3506/3506/3506
f 3484/3484/3484 3506/3506/3506 3505/3505/3505
f 3485/3485/3485 3486/3486/3486 3507/3507/3507
f 3485/3485/3485 3507/3507/3507 3506/3506/3506
f 3497/3497/3497 3498/3498/3498 3519/3519/3519
f 3497/3497/3497 3519/3519/3519 3518/3518/3518
f 3498/3498/3498 3499/3499/3499 3520/3520/3520
f 3498/3498/3498 3520/3520/3520 3519/3519/3519
f 3499/3499/3499 3500/3500/3500 3521/3521/3521
f 3499/3499/3499 3521/3521/3521 3520/3520/3520
f 3500/3500/3500 3501/3501/3501 3522/3522/3522
f 3500/3500/3500 3522/3522/3522 3521/3521/3521
f 3501/3501/3501 3502/3502/3502 3523/3523/3523
f 3501/3501/3501 3523/3523/3523 3522/3522/3522
f 3502/3502/3502 3503/3503/3503 3524/3524/3524
f 3502/3502/3502 3524/3524/3524 3523/3523/3523
f 3503/3503/3503 3504/3504/3504 3525/3525/3525
f 3503/3503/3503 3525/3525/3525 3524/3524/3524
f 3504/3504/3504 3505/3505/3505 3526/3526/3526
f 3504/3504/3504 3526/3526/3526 3525/3525/3525
f 3505/3505/3505 3506/3506/3506 3527/3527/3527
f 3505/3505/3505 3527/3527/3527 3526/3526/3526
f 3506/3506/3506 3507/3507/3507 3528/3528/3528
f 3506/3506/3506 3528/3528/3528 3527/3527/3527
f 3518/3518/3518 3519/3519/3519 3540/3540/3540
f 3518/3518/3518 3540/3540/3540 3539/3539/3539
f 3519/3519/3519 3520/3520/3520 3541/3541/3541
f 3519/3519/3519 3541/3541/3541 3540/3540/3540
f 3520/3520/3520 3521/3521/3521 3542/3542/3542
f 3520/3520/3520 3542/3542/3542 3541/3541/3541
f 3521/3521/3521 3522/3522/3522 3543/3543/3543
f 3521/3521/3521 3543/3543/3543 3542/3542/3542
f 3522/3522/3522 3523/3523/3523 3544/3544/3544
f 3522/3522/3522 3544/3544/3544 3543/3543/3543
f 3523/3523/3523 3524/3524/3524 3545/3545/3545
f 3523/3523/3523 3545/3545/3545 3544/3544/3544
f 3524/3524/3524 3525/3525/3525 3546/3546/3546
f 3524/3524/3524 3546/3546/3546 3545/3545/3545
f 3525/3525/3525 3526/3526/3526 3547/3547/3547
f 3525/3525/3525 3547/3547/3547 3546/3546/3546
f 3526/3526/3526 3527/3527/3527 3548/3548/3548
f 3526/3526/3526 3548/3548/3548 3547/3547/3547
f 3527/3527/3527 3528/3528/3528 3549/3549/3549
f 3527/3527/3527 3549/3549/3549 3548/3548/3548
f 3529/3529/3529 3530/3530/3530 3551/3551/3551
f 3529/3529/3529 3551/3551/3551 3550/3550/3550
f 3530/3530/3530 3552/3552/3552 3551/3551/3551
f 3538/3538/3538 3539/3539/3539 3560/3560/3560
f 3538/3538/3538 3560/3560/3560 3559/3559/3559
f 3539/3539/3539 3540/3540/3540 3561/3561/3561
f 3539/3539/3539 3561/3561/3561 3560/3560/3560
f 3540/3540/3540 3541/3541/3541 3562/3562/3562
f 3540/3540/3540 3562/3562/3562 3561/3561/3561
f 3541/3541/3541 3542/3542/3542 3563/3563/3563
f 3541/3541/3541 3563/3563/3563 3562/3562/3562
f 3542/3542/3542 3543/3543/3543 3564/3564/3564
f 3542/3542/3542 3564/3564/3564 3563/3563/3563
f 3543/3543/3543 3544/3544/3544 3565/3565/3565
f 3543/3543/3543 3565/3565/3565 3564/3564/3564
f 3544/3544/3544 3545/3545/3545 3566/3566/3566
f 3544/3544/3544 3566/3566/3566 3565/3565/3565
f 3545/3545/3545 3546/3546/3546 3567/3567/3567
f 3545/3545/3545 3567/3567/3567 3566/3566/3566
f 3546/3546/3546 3547/3547/3547 3568/3568/3568
f 3546/3546/3546 3568/3568/3568 3567/3567/3567
f 3547/3547/3547 3548/3548/3548 3569/3569/3569
f 3547/3547/3547 3569/3569/3569 3568/3568/3568
f 3548/3548/3548 3549/3549/3549 3570/3570/3570
f 3548/3548/3548 3570/3570/3570 3569/3569/3569
f 3571/3571/3571 3404/3404/3404 3403/3403/3403
f 3571/3571/3571 3405/3405/3405 3404/3404/3404
f 3571/3571/3571 3406/3406/3406 3405/3405/3405
f 3571/3571/3571 3407/3407/3407 3406/3406/3406
f 3571/3571/3571 3408/3408/3408 3407/3407/3407
f 3571/3571/3571 3409/3409/3409 3408/3408/3408
f 3571/3571/3571 3410/3410/3410 3409/3409/3409
f 3571/3571/3571 3411/3411/3411 3410/3410/3410
f 3571/3571/3571 3412/3412/3412 3411/3411/3411
f 3571/3571/3571 3413/3413/3413 3412/3412/3412
f 3571/3571/3571 3414/3414/3414 3413/3413/3413
f 3571/3571/3571 3415/3415/3415 3414/3414/3414
f 3571/3571/3571 3416/3416/3416 3415/3415/3415
f 3571/3571/3571 3417/3417/3417 3416/3416/3416
f 3571/3571/3571 3418/3418/3418 3417/3417/3417
f 3571/3571/3571 3419/3419/3419 3418/3418/3418
f 3571/3571/3571 3420/3420/3420 3419/3419/3419
f 3571/3571/3571 3421/3421/3421 3420/3420/3420
f 3571/3571/3571 3422/3422/3422 3421/3421/3421
f 3571/3571/3571 3423/3423/3423 3422/3422/3422
f 3582/3582/3582 3604/3604/3604 3583/3583/3583
f 3582/3582/3582 3603/3603/3603 3604/3604/3604
f 3583/3583/3583 3605/3605/3605 3584/3584/3584
f 3583/3583/3583 3604/3604/3604 3605/3605/3605
f 3584/3584/3584 3606/3606/3606 3585/3585/3585
f 3584/3584/3584 3605/3605/3605 3606/3606/3606
f 3585/3585/3585 3607/3607/3607 3586/3586/3586
f 3585/3585/3585 3606/3606/3606 3607/3607/3607
f 3586/3586/3586 3608/3608/3608 3587/3587/3587
f 3586/3586/3586 3607/3607/3607 3608/3608/3608
f 3587/3587/3587 3609/3609/3609 3588/3588/3588
f 3587/3587/3587 3608/3608/3608 3609/3609/3609
f 3588/3588/3588 3610/3610/3610 3589/3589/3589
f 3588/3588/3588 3609/3609/3609 3610/3610/3610
f 3589/3589/3589 3611/3611/3611 3590/3590/3590
f 3589/3589/3589 3610/3610/3610 3611/3611/3611
f 3590/3590/3590 3612/3612/3612 3591/3591/3591
f 3590/3590/3590 3611/3611/3611 3612/3612/3612
f 3591/3591/3591 3613/3613/3613 3592/3592/3592
f 3591/3591/3591 3612/3612/3612 3613/3613/3613
f 3603/3603/3603 3625/3625/3625 3604/3604/3604
f 3603/3603/3603 3624/3624/3624 3625/3625/3625
f 3604/3604/3604 3626/3626/3626 3605/3605/3605
f 3604/3604/3604 3625/3625/3625 3626/3626/3626
f 3605/3605/3605 3627/3627/3627 3606/3606/3606
f 3605/3605/3605 3626/3626/3626 3627/3627/3627
f 3606/3606/3606 3628/3628/3628 3607/3607/3607
f 3606/3606/3606 3627/3627/3627 3628/3628/3628
f 3607/3607/3607 3629/3629/3629 3608/3608/3608
f 3607/3607/3607 3628/3628/3628 3629/3629/3629
f 3608/3608/3608 3630/3630/3630 3609/3609/3609
f 3608/3608/3608 3629/3629/3629 3630/3630/3630
f 3609/3609/3609 3631/3631/3631 3610/3610/3610
f 3609/3609/3609 3630/3630/3630 3631/3631/3631
f 3610/3610/3610 3632/3632/3632 3611/3611/3611
f 3610/3610/3610 3631/3631/3631 3632/3632/3632
f 3611/3611/3611 3633/3633/3633 3612/3612/3612
f 3611/3611/3611 3632/3632/3632 3633/3633/3633
f 3612/3612/3612 3634/3634/3634 3613/3613/3613
f 3612/3612/3612 3633/3633/3633 3634/3634/3634
f 3624/3624/3624 3646/3646/3646 3625/3625/3625
f 3624/3624/3624 3645/3645/3645 3646/3646/3646
f 3625/3625/3625 3647/3647/3647 3626/3626/3626
f 3625/3625/3625 3646/3646/3646 3647/3647/3647
f 3626/3626/3626 3648/3648/3648 3627/3627/3627
f 3626/3626/3626 3647/3647/3647 3648/3648/3648
f 3627/3627/3627 3649/3649/3649 3628/3628/3628
f 3627/3627/3627 3648/3648/3648 3649/3649/3649
f 3628/3628/3628 3650/3650/3650 3629/3629/3629
f 3628/3628/3628 3649/3649/3649 3650/3650/3650
f 3629/3629/3629 3651/3651/3651 3630/3630/3630
f 3629/3629/3629 3650/3650/3650 3651/3651/3651
f 3630/3630/3630 3652/3652/3652 3631/3631/3631
f 3630/3630/3630 3651/3651/3651 3652/3652/3652
f 3631/3631/3631 3653/3653/3653 3632/3632/3632
f 3631/3631/3631 3652/3652/3652 3653/3653/3653
f 3632/3632/3632 3654/3654/3654 3633/3633/3633
f 3632/3632/3632 3653/3653/3653 3654/3654/3654
f 3633/3633/3633 3655/3655/3655 3634/3634/3634
f 3633/3633/3633 3654/3654/3654 3655/3655/3655
f 3645/3645/3645 3667/3667/3667 3646/3646/3646
f 3645/3645/3645 3666/3666/3666 3667/3667/3667
f 3646/3646/3646 3668/3668/3668 3647/3647/3647
f 3646/3646/3646 3667/3667/3667 3668/3668/3668
f 3647/3647/3647 3669/3669/3669 3648/3648/3648
f 3647/3647/3647 3668/3668/3668 3669/3669/3669
f 3648/3648/3648 3670/3670/3670 3649/3649/3649
f 3648/3648/3648 3669/3669/3669 3670/3670/3670
f 3649/3649/3649 3671/3671/3671 3650/3650/3650
f 3649/3649/3649 3670/3670/3670 3671/3671/3671
f 3650/3650/3650 3672/3672/3672 3651/3651/3651
f 3650/3650/3650 3671/3671/3671 3672/3672/3672
f 3651/3651/3651 3673/3673/3673 3652/3652/3652
f 3651/3651/3651 3672/3672/3672 3673/3673/3673
f 3652/3652/3652 3674/3674/3674 3653/3653/3653
f 3652/3652/3652 3673/3673/3673 3674/3674/3674
f 3653/3653/3653 3675/3675/3675 3654/3654/3654
f 3653/3653/3653 3674/3674/3674 3675/3675/3675
f 3654/3654/3654 3676/3676/3676 3655/3655/3655
f 3654/3654/3654 3675/3675/3675 3676/3676/3676
f 3666/3666/3666 3688/3688/3688 3667/3667/3667
f 3666/3666/3666 3687/3687/3687 3688/3688/3688
f 3667/3667/3667 3689/3689/3689 3668/3668/3668
f 3667/3667/3667 3688/3688/3688 3689/3689/3689
f 3668/3668/3668 3690/3690/3690 3669/3669/3669
f 3668/3668/3668 3689/3689/3689 3690/3690/3690
f 3669/3669/3669 3691/3691/3691 3670/3670/3670
f 3669/3669/3669 3690/3690/3690 3691/3691/3691
f 3670/3670/3670 3692/3692/3692 3671/3671/3671
f 3670/3670/3670 3691/3691/3691 3692/3692/3692
f 3671/3671/3671 3693/3693/3693 3672/3672/3672
f 3671/3671/3671 3692/3692/3692 3693/3693/3693
f 3672/3672/3672 3694/3694/3694 3673/3673/3673
f 3672/3672/3672 3693/3693/3693 3694/3694/3694
f 3673/3673/3673 3695/3695/3695 3674/3674/3674
f 3673/3673/3673 3694/3694/3694 3695/3695/3695
f 3674/3674/3674 3696/3696/3696 3675/3675/3675
f 3674/3674/3674 3695/3695/3695 3696/3696/3696
f 3675/3675/3675 3697/3697/3697 3676/3676/3676
f 3675/3675/3675 3696/3696/3696 3697/3697/3697
f 3687/3687/3687 3709/3709/3709 3688/3688/3688
f 3687/3687/3687 3708/3708/3708 3709/3709/3709
f 3688/3688/3688 3710/3710/3710 3689/3689/3689
f 3688/3688/3688 3709/3709/3709 3710/3710/3710
f 3689/3689/3689 3711/3711/3711 3690/3690/3690
f 3689/3689/3689 3710/3710/3710 3711/3711/3711
f 3690/3690/3690 3712/3712/3712 3691/3691/3691
f 3690/3690/3690 3711/3711/3711 3712/3712/3712
f 3691/3691/3691 3713/3713/3713 3692/3692/3692
f 3691/3691/3691 3712/3712/3712 3713/3713/3713
f 3692/3692/3692 3714/3714/3714 3693/3693/3693
f 3692/3692/3692 3713/3713/3713 3714/3714/3714
f 3693/3693/3693 3715/3715/3715 3694/3694/3694
f 3693/3693/3693 3714/3714/3714 3715/3715/3715
f 3694/3694/3694 3716/3716/3716 3695/3695/3695
f 3694/3694/3694 3715/3715/3715 3716/3716/3716
f 3695/3695/3695 3717/3717/3717 3696/3696/3696
f 3695/3695/3695 3716/3716/3716 3717/3717/3717
f 3696/3696/3696 3718/3718/3718 3697/3697/3697
f 3696/3696/3696 3717/3717/3717 3718/3718/3718
f 3698/3698/3698 3720/3720/3720 3699/3699/3699
f 3698/3698/3698 3719/3719/3719 3720/3720/3720
f 3699/3699/3699 3720/3720/3720 3721/3721/3721
f 3707/3707/3707 3729/3729/3729 3708/3708/3708
f 3707/3707/3707 3728/3728/3728 3729/3729/3729
f 3708/3708/3708 3730/3730/3730 3709/3709/3709
f 3708/3708/3708 3729/3729/3729 3730/3730/3730
f 3709/3709/3709 3731/3731/3731 3710/3710/3710
f 3709/3709/3709 3730/3730/3730 3731/3731/3731
f 3710/3710/3710 3732/3732/3732 3711/3711/3711
f 3710/3710/3710 3731/3731/3731 3732/3732/3732
f 3711/3711/3711 3733/3733/3733 3712/3712/3712
f 3711/3711/3711 3732/3732/3732 3733/3733/3733
f 3712/3712/3712 3734/3734/3734 3713/3713/3713
f 3712/3712/3712 3733/3733/3733 3734/3734/3734
f 3713/3713/3713 3735/3735/3735 3714/3714/3714
f 3713/3713/3713 3734/3734/3734 3735/3735/3735
f 3714/3714/3714 3736/3736/3736 3715/3715/3715
f 3714/3714/3714 3735/3735/3735 3736/3736/3736
f 3715/3715/3715 3737/3737/3737 3716/3716/3716
f 3715/3715/3715 3736/3736/3736 3737/3737/3737
f 3716/3716/3716 3738/3738/3738 3717/3717/3717
f 3716/3716/3716 3737/3737/3737 3738/3738/3738
f 3717/3717/3717 3739/3739/3739 3718/3718/3718
f 3717/3717/3717 3738/3738/3738 3739/3739/3739
f 3740/3740/3740 3572/3572/3572 3573/3573/3573
f 3740/3740/3740 3573/3573/3573 3574/3574/3574
f 3740/3740/3740 3574/3574/3574 3575/3575/3575
f 3740/3740/3740 3575/3575/3575 3576/3576/3576
f 3740/3740/3740 3576/3576/3576 3577/3577/3577
f 3740/3740/3740 3577/3577/3577 3578/3578/3578
f 3740/3740/3740 3578/3578/3578 3579/3579/3579
f 3740/3740/3740 3579/3579/3579 3580/3580/3580
f 3740/3740/3740 3580/3580/3580 3581/3581/3581
f 3740/3740/3740 3581/3581/3581 3582/3582/3582
f 3740/3740/3740 3582/3582/3582 3583/3583/3583
f 3740/3740/3740 3583/3583/3583 3584/3584/3584
f 3740/3740/3740 3584/3584/3584 3585/3585/3585
f 3740/3740/3740 3585/3585/3585 3586/3586/3586
f 3740/3740/3740 3586/3586/3586 3587/3587/3587
f 3740/3740/3740 3587/3587/3587 3588/3588/3588
f 3740/3740/3740 3588/3588/3588 3589/3589/3589
f 3740/3740/3740 3589/3589/3589 3590/3590/3590
f 3740/3740/3740 3590/3590/3590 3591/3591/3591
f 3740/3740/3740 3591/3591/3591 3592/3592/3592
g comb_red
usemtl comb_red
f 2937/2937/2937 2938/2938/2938 2939/2939/2939
f 2940/2940/2940 2941/2941/2941 2942/2942/2942
f 2943/2943/2943 2944/2944/2944 2945/2945/2945
f 2946/2946/2946 2947/2947/2947 2948/2948/2948
f 2949/2949/2949 2950/2950/2950 2951/2951/2951
f 2952/2952/2952 2953/2953/2953 2954/2954/2954
f 2955/2955/2955 2956/2956/2956 2957/2957/2957
f 2958/2958/2958 2959/2959/2959 2960/2960/2960
f 2961/2961/2961 2962/2962/2962 2963/2963/2963
f 2964/2964/2964 2965/2965/2965 2966/2966/2966
f 2967/2967/2967 2968/2968/2968 2969/2969/2969
f 2970/2970/2970 2971/2971/2971 2972/2972/2972
f 2973/2973/2973 2974/2974/2974 2975/2975/2975
f 2976/2976/2976 2977/2977/2977 2978/2978/2978
f 2979/2979/2979 2980/2980/2980 2981/2981/2981
f 2982/2982/2982 2983/2983/2983 2984/2984/2984
f 2985/2985/2985 2986/2986/2986 2987/2987/2987
f 2988/2988/2988 2989/2989/2989 2990/2990/2990
f 2991/2991/2991 2992/2992/2992 2993/2993/2993
f 2994/2994/2994 2995/2995/2995 2996/2996/2996
f 2997/2997/2997 2998/2998/2998 2999/2999/2999
f 3000/3000/3000 3001/3001/3001 3002/3002/3002
f 3003/3003/3003 3004/3004/3004 3005/3005/3005
f 3006/3006/3006 3007/3007/3007 3008/3008/3008
f 3009/3009/3009 3010/3010/3010 3011/3011/3011
f 3012/3012/3012 3013/3013/3013 3014/3014/3014
f 3015/3015/3015 3016/3016/3016 3017/3017/3017
f 3018/3018/3018 3019/3019/3019 3020/3020/3020
f 3021/3021/3021 3022/3022/3022 3023/3023/3023
f 3024/3024/3024 3025/3025/3025 3026/3026/3026
f 3027/3027/3027 3028/3028/3028 3029/3029/3029
f 3030/3030/3030 3031/3031/3031 3032/3032/3032
f 3033/3033/3033 3034/3034/3034 3035/3035/3035
f 3036/3036/3036 3037/3037/3037 3038/3038/3038
f 3039/3039/3039 3040/3040/3040 3041/3041/3041
f 3042/3042/3042 3043/3043/3043 3044/3044/3044
f 3045/3045/3045 3046/3046/3046 3047/3047/3047
f 3048/3048/3048 3049/3049/3049 3050/3050/3050
f 3051/3051/3051 3052/3052/3052 3053/3053/3053
f 3054/3054/3054 3055/3055/3055 3056/3056/3056
f 3057/3057/3057 3058/3058/3058 3059/3059/3059
f 3060/3060/3060 3061/3061/3061 3062/3062/3062
f 3063/3063/3063 3064/3064/3064 3065/3065/3065
f 3066/3066/3066 3067/3067/3067 3068/3068/3068
f 3069/3069/3069 3070/3070/3070 3071/3071/3071
f 3072/3072/3072 3073/3073/3073 3074/3074/3074
f 3075/3075/3075 3076/3076/3076 3077/3077/3077
f 3078/3078/3078 3079/3079/3079 3080/3080/3080
f 3081/3081/3081 3082/3082/3082 3083/3083/3083
f 3084/3084/3084 3085/3085/3085 3086/3086/3086
f 3087/3087/3087 3088/3088/3088 3089/3089/3089
f 3090/3090/3090 3091/3091/3091 3092/3092/3092
f 3093/3093/3093 3094/3094/3094 3095/3095/3095
f 3096/3096/3096 3097/3097/3097 3098/3098/3098
f 3099/3099/3099 3100/3100/3100 3101/3101/3101
f 3102/3102/3102 3103/3103/3103 3104/3104/3104
g cord_red
usemtl cord_red
f 3105/3105/3105 3106/3106/3106 3127/3127/3127
f 3105/3105/3105 3127/3127/3127 3126/3126/3126
f 3106/3106/3106 3107/3107/3107 3128/3128/3128
f 3106/3106/3106 3128/3128/3128 3127/3127/3127
f 3107/3107/3107 3108/3108/3108 3129/3129/3129
f 3107/3107/3107 3129/3129/3129 3128/3128/3128
f 3108/3108/3108 3109/3109/3109 3130/3130/3130
f 3108/3108/3108 3130/3130/3130 3129/3129/3129
f 3109/3109/3109 3110/3110/3110 3131/3131/3131
f 3109/3109/3109 3131/3131/3131 3130/3130/3130
f 3110/3110/3110 3111/3111/3111 3132/3132/3132
f 3110/3110/3110 3132/3132/3132 3131/3131/3131
f 3111/3111/3111 3112/3112/3112 3133/3133/3133
f 3111/3111/3111 3133/3133/3133 3132/3132/3132
f 3112/3112/3112 3113/3113/3113 3134/3134/3134
f 3112/3112/3112 3134/3134/3134 3133/3133/3133
f 3113/3113/3113 3114/3114/3114 3135/3135/3135
f 3113/3113/3113 3135/3135/3135 3134/3134/3134
f 3114/3114/3114 3115/3115/3115 3136/3136/3136
f 3114/3114/3114 3136/3136/3136 3135/3135/3135
f 3126/3126/3126 3127/3127/3127 3148/3148/3148
f 3126/3126/3126 3148/3148/3148 3147/3147/3147
f 3127/3127/3127 3128/3128/3128 3149/3149/3149
f 3127/3127/3127 3149/3149/3149 3148/3148/3148
f 3128/3128/3128 3129/3129/3129 3150/3150/3150
f 3128/3128/3128 3150/3150/3150 3149/3149/3149
f 3129/3129/3129 3130/3130/3130 3151/3151/3151
f 3129/3129/3129 3151/3151/3151 3150/3150/3150
f 3130/3130/3130 3131/3131/3131 3152/3152/3152
f 3130/3130/3130 3152/3152/3152 3151/3151/3151
f 3131/3131/3131 3132/3132/3132 3153/3153/3153
f 3131/3131/3131 3153/3153/3153 3152/3152/3152
f 3132/3132/3132 3133/3133/3133 3154/3154/3154
f 3132/3132/3132 3154/3154/3154 3153/3153/3153
f 3133/3133/3133 3134/3134/3134 3155/3155/3155
f 3133/3133/3133 3155/3155/3155 3154/3154/3154
f 3134/3134/3134 3135/3135/3135 3156/3156/3156
f 3134/3134/3134 3156/3156/3156 3155/3155/3155
f 3135/3135/3135 3136/3136/3136 3157/3157/3157
f 3135/3135/3135 3157/3157/3157 3156/3156/3156
f 3147/3147/3147 3148/3148/3148 3169/3169/3169
f 3147/3147/3147 3169/3169/3169 3168/3168/3168
f 3148/3148/3148 3149/3149/3149 3170/3170/3170
f 3148/3148/3148 3170/3170/3170 3169/3169/3169
f 3149/3149/3149 3150/3150/3150 3171/3171/3171
f 3149/3149/3149 3171/3171/3171 3170/3170/3170
f 3150/3150/3150 3151/3151/3151 3172/3172/3172
f 3150/3150/3150 3172/3172/3172 3171/3171/3171
f 3151/3151/3151 3152/3152/3152 3173/3173/3173
f 3151/3151/3151 3173/3173/3173 3172/3172/3172
f 3152/3152/3152 3153/3153/3153 3174/3174/3174
f 3152/3152/3152 3174/3174/3174 3173/3173/3173
f 3153/3153/3153 3154/3154/3154 3175/3175/3175
f 3153/3153/3153 3175/3175/3175 3174/3174/3174
f 3154/3154/3154 3155/3155/3155 3176/3176/3176
f 3154/3154/3154 3176/3176/3176 3175/3175/3175
f 3155/3155/3155 3156/3156/3156 3177/3177/3177
f 3155/3155/3155 3177/3177/3177 3176/3176/3176
f 3156/3156/3156 3157/3157/3157 3178/3178/3178
f 3156/3156/3156 3178/3178/3178 3177/3177/3177
f 3168/3168/3168 3169/3169/3169 3190/3190/3190
f 3168/3168/3168 3190/3190/3190 3189/3189/3189
f 3169/3169/3169 3170/3170/3170 3191/3191/3191
f 3169/3169/3169 3191/3191/3191 3190/3190/3190
f 3170/3170/3170 3171/3171/3171 3192/3192/3192
f 3170/3170/3170 3192/3192/3192 3191/3191/3191
f 3171/3171/3171 3172/3172/3172 3193/3193/3193
f 3171/3171/3171 3193/3193/3193 3192/3192/3192
f 3172/3172/3172 3173/3173/3173 3194/3194/3194
f 3172/3172/3172 3194/3194/3194 3193/3193/3193
f 3173/3173/3173 3174/3174/3174 3195/3195/3195
f 3173/3173/3173 3195/3195/3195 3194/3194/3194
f 3174/3174/3174 3175/3175/3175 3196/3196/3196
f 3174/3174/3174 3196/3196/3196 3195/3195/3195
f 3175/3175/3175 3176/3176/3176 3197/3197/3197
f 3175/3175/3175 3197/3197/3197 3196/3196/3196
f 3176/3176/3176 3177/3177/3177 3198/3198/3198
f 3176/3176/3176 3198/3198/3198 3197/3197/3197
f 3177/3177/3177 3178/3178/3178 3199/3199/3199
f 3177/3177/3177 3199/3199/3199 3198/3198/3198
f 3189/3189/3189 3190/3190/3190 3211/3211/3211
f 3189/3189/3189 3211/3211/3211 3210/3210/3210
f 3190/3190/3190 3191/3191/3191 3212/3212/3212
f 3190/3190/3190 3212/3212/3212 3211/3211/3211
f 3191/3191/3191 3192/3192/3192 3213/3213/3213
f 3191/3191/3191 3213/3213/3213 3212/3212/3212
f 3192/3192/3192 3193/3193/3193 3214/3214/3214
f 3192/3192/3192 3214/3214/3214 3213/3213/3213
f 3193/3193/3193 3194/3194/3194 3215/3215/3215
f 3193/3193/3193 3215/3215/3215 3214/3214/3214
f 3194/3194/3194 3195/3195/3195 3216/3216/3216
f 3194/3194/3194 3216/3216/3216 3215/3215/3215
f 3195/3195/3195 3196/3196/3196 3217/3217/3217
f 3195/3195/3195 3217/3217/3217 3216/3216/3216
f 3196/3196/3196 3197/3197/3197 3218/3218/3218
f 3196/3196/3196 3218/3218/3218 3217/3217/3217
f 3197/3197/3197 3198/3198/3198 3219/3219/3219
f 3197/3197/3197 3219/3219/3219 3218/3218/3218
f 3198/3198/3198 3199/3199/3199 3220/3220/3220
f 3198/3198/3198 3220/3220/3220 3219/3219/3219
f 3210/3210/3210 3211/3211/3211 3232/3232/3232
f 3210/3210/3210 3232/3232/3232 3231/3231/3231
f 3211/3211/3211 3212/3212/3212 3233/3233/3233
f 3211/3211/3211 3233/3233/3233 3232/3232/3232
f 3212/3212/3212 3213/3213/3213 3234/3234/3234
f 3212/3212/3212 3234/3234/3234 3233/3233/3233
f 3213/3213/3213 3214/3214/3214 3235/3235/3235
f 3213/3213/3213 3235/3235/3235 3234/3234/3234
f 3214/3214/3214 3215/3215/3215 3236/3236/3236
f 3214/3214/3214 3236/3236/3236 3235/3235/3235
f 3215/3215/3215 3216/3216/3216 3237/3237/3237
f 3215/3215/3215 3237/3237/3237 3236/3236/3236
f 3216/3216/3216 3217/3217/3217 3238/3238/3238
f 3216/3216/3216 3238/3238/3238 3237/3237/3237
f 3217/3217/3217 3218/3218/3218 3239/3239/3239
f 3217/3217/3217 3239/3239/3239 3238/3238/3238
f 3218/3218/3218 3219/3219/3219 3240/3240/3240
f 3218/3218/3218 3240/3240/3240 3239/3239/3239
f 3219/3219/3219 3220/3220/3220 3241/3241/3241
f 3219/3219/3219 3241/3241/3241 3240/3240/3240
f 3254/3254/3254 3276/3276/3276 3255/3255/3255
f 3254/3254/3254 3275/3275/3275 3276/3276/3276
f 3255/3255/3255 3277/3277/3277 3256/3256/3256
f 3255/3255/3255 3276/3276/3276 3277/3277/3277
f 3256/3256/3256 3278/3278/3278 3257/3257/3257
f 3256/3256/3256 3277/3277/3277 3278/3278/3278
f 3257/3257/3257 3279/3279/3279 3258/3258/3258
f 3257/3257/3257 3278/3278/3278 3279/3279/3279
f 3258/3258/3258 3280/3280/3280 3259/3259/3259
f 3258/3258/3258 3279/3279/3279 3280/3280/3280
f 3259/3259/3259 3281/3281/3281 3260/3260/3260
f 3259/3259/3259 3280/3280/3280 3281/3281/3281
f 3260/3260/3260 3282/3282/3282 3261/3261/3261
f 3260/3260/3260 3281/3281/3281 3282/3282/3282
f 3261/3261/3261 3283/3283/3283 3262/3262/3262
f 3261/3261/3261 3282/3282/3282 3283/3283/3283
f 3262/3262/3262 3284/3284/3284 3263/3263/3263
f 3262/3262/3262 3283/3283/3283 3284/3284/3284
f 3263/3263/3263 3285/3285/3285 3264/3264/3264
f 3263/3263/3263 3284/3284/3284 3285/3285/3285
f 3275/3275/3275 3297/3297/3297 3276/3276/3276
f 3275/3275/3275 3296/3296/3296 3297/3297/3297
f 3276/3276/3276 3298/3298/3298 3277/3277/3277
f 3276/3276/3276 3297/3297/3297 3298/3298/3298
f 3277/3277/3277 3299/3299/3299 3278/3278/3278
f 3277/3277/3277 3298/3298/3298 3299/3299/3299
f 3278/3278/3278 3300/3300/3300 3279/3279/3279
f 3278/3278/3278 3299/3299/3299 3300/3300/3300
f 3279/3279/3279 3301/3301/3301 3280/3280/3280
f 3279/3279/3279 3300/3300/3300 3301/3301/3301
f 3280/3280/3280 3302/3302/3302 3281/3281/3281
f 3280/3280/3280 3301/3301/3301 3302/3302/3302
f 3281/3281/3281 3303/3303/3303 3282/3282/3282
f 3281/3281/3281 3302/3302/3302 3303/3303/3303
f 3282/3282/3282 3304/3304/3304 3283/3283/3283
f 3282/3282/3282 3303/3303/3303 3304/3304/3304
f 3283/3283/3283 3305/3305/3305 3284/3284/3284
f 3283/3283/3283 3304/3304/3304 3305/3305/3305
f 3284/3284/3284 3306/3306/3306 3285/3285/3285
f 3284/3284/3284 3305/3305/3305 3306/3306/3306
f 3296/3296/3296 3318/3318/3318 3297/3297/3297
f 3296/3296/3296 3317/3317/3317 3318/3318/3318
f 3297/3297/3297 3319/3319/3319 3298/3298/3298
f 3297/3297/3297 3318/3318/3318 3319/3319/3319
f 3298/3298/3298 3320/3320/3320 3299/3299/3299
f 3298/3298/3298 3319/3319/3319 3320/3320/3320
f 3299/3299/3299 3321/3321/3321 3300/3300/3300
f 3299/3299/3299 3320/3320/3320 3321/3321/3321
f 3300/3300/3300 3322/3322/3322 3301/3301/3301
f 3300/3300/3300 3321/3321/3321 3322/3322/3322
f 3301/3301/3301 3323/3323/3323 3302/3302/3302
f 3301/3301/3301 3322/3322/3322 3323/3323/3323
f 3302/3302/3302 3324/3324/3324 3303/3303/3303
f 3302/3302/3302 3323/3323/3323 3324/3324/3324
f 3303/3303/3303 3325/3325/3325 3304/3304/3304
f 3303/3303/3303 3324/3324/3324 3325/3325/3325
f 3304/3304/3304 3326/3326/3326 3305/3305/3305
f 3304/3304/3304 3325/3325/3325 3326/3326/3326
f 3305/3305/3305 3327/3327/3327 3306/3306/3306
f 3305/3305/3305 3326/3326/3326 3327/3327/3327
f 3317/3317/3317 3339/3339/3339 3318/3318/3318
f 3317/3317/3317 3338/3338/3338 3339/3339/3339
f 3318/3318/3318 3340/3340/3340 3319/3319/3319
f 3318/3318/3318 3339/3339/3339 3340/3340/3340
f 3319/3319/3319 3341/3341/3341 3320/3320/3320
f 3319/3319/3319 3340/3340/3340 3341/3341/3341
f 3320/3320/3320 3342/3342/3342 3321/3321/3321
f 3320/3320/3320 3341/3341/3341 3342/3342/3342
f 3321/3321/3321 3343/3343/3343 3322/3322/3322
f 3321/3321/3321 3342/3342/3342 3343/3343/3343
f 3322/3322/3322 3344/3344/3344 3323/3323/3323
f 3322/3322/3322 3343/3343/3343 3344/3344/3344
f 3323/3323/3323 3345/3345/3345 3324/3324/3324
f 3323/3323/3323 3344/3344/3344 3345/3345/3345
f 3324/3324/3324 3346/3346/3346 3325/3325/3325
f 3324/3324/3324 3345/3345/3345 3346/3346/3346
f 3325/3325/3325 3347/3347/3347 3326/3326/3326
f 3325/3325/3325 3346/3346/3346 3347/3347/3347
f 3326/3326/3326 3348/3348/3348 3327/3327/3327
f 3326/3326/3326 3347/3347/3347 3348/3348/3348
f 3338/3338/3338 3360/3360/3360 3339/3339/3339
f 3338/3338/3338 3359/3359/3359 3360/3360/3360
f 3339/3339/3339 3361/3361/3361 3340/3340/3340
f 3339/3339/3339 3360/3360/3360 3361/3361/3361
f 3340/3340/3340 3362/3362/3362 3341/3341/3341
f 3340/3340/3340 3361/3361/3361 3362/3362/3362
f 3341/3341/3341 3363/3363/3363 3342/3342/3342
f 3341/3341/3341 3362/3362/3362 3363/3363/3363
f 3342/3342/3342 3364/3364/3364 3343/3343/3343
f 3342/3342/3342 3363/3363/3363 3364/3364/3364
f 3343/3343/3343 3365/3365/3365 3344/3344/3344
f 3343/3343/3343 3364/3364/3364 3365/3365/3365
f 3344/3344/3344 3366/3366/3366 3345/3345/3345
f 3344/3344/3344 3365/3365/3365 3366/3366/3366
f 3345/3345/3345 3367/3367/3367 3346/3346/3346
f 3345/3345/3345 3366/3366/3366 3367/3367/3367
f 3346/3346/3346 3368/3368/3368 3347/3347/3347
f 3346/3346/3346 3367/3367/3367 3368/3368/3368
f 3347/3347/3347 3369/3369/3369 3348/3348/3348
f 3347/3347/3347 3368/3368/3368 3369/3369/3369
f 3359/3359/3359 3381/3381/3381 3360/3360/3360
f 3359/3359/3359 3380/3380/3380 3381/3381/3381
f 3360/3360/3360 3382/3382/3382 3361/3361/3361
f 3360/3360/3360 3381/3381/3381 3382/3382/3382
f 3361/3361/3361 3383/3383/3383 3362/3362/3362
f 3361/3361/3361 3382/3382/3382 3383/3383/3383
f 3362/3362/3362 3384/3384/3384 3363/3363/3363
f 3362/3362/3362 3383/3383/3383 3384/3384/3384
f 3363/3363/3363 3385/3385/3385 3364/3364/3364
f 3363/3363/3363 3384/3384/3384 3385/3385/3385
f 3364/3364/3364 3386/3386/3386 3365/3365/3365
f 3364/3364/3364 3385/3385/3385 3386/3386/3386
f 3365/3365/3365 3387/3387/3387 3366/3366/3366
f 3365/3365/3365 3386/3386/3386 3387/3387/3387
f 3366/3366/3366 3388/3388/3388 3367/3367/3367
f 3366/3366/3366 3387/3387/3387 3388/3388/3388
f 3367/3367/3367 3389/3389/3389 3368/3368/3368
f 3367/3367/3367 3388/3388/3388 3389/3389/3389
f 3368/3368/3368 3390/3390/3390 3369/3369/3369
f 3368/3368/3368 3389/3389/3389 3390/3390/3390
f 3403/3403/3403 3404/3404/3404 3425/3425/3425
f 3403/3403/3403 3425/3425/3425 3424/3424/3424
f 3404/3404/3404 3405/3405/3405 3426/3426/3426
f 3404/3404/3404 3426/3426/3426 3425/3425/3425
f 3405/3405/3405 3406/3406/3406 3427/3427/3427
f 3405/3405/3405 3427/3427/3427 3426/3426/3426
f 3406/3406/3406 3407/3407/3407 3428/3428/3428
f 3406/3406/3406 3428/3428/3428 3427/3427/3427
f 3407/3407/3407 3408/3408/3408 3429/3429/3429
f 3407/3407/3407 3429/3429/3429 3428/3428/3428
f 3408/3408/3408 3409/3409/3409 3430/3430/3430
f 3408/3408/3408 3430/3430/3430 3429/3429/3429
f 3409/3409/3409 3410/3410/3410 3431/3431/3431
f 3409/3409/3409 3431/3431/3431 3430/3430/3430
f 3410/3410/3410 3411/3411/3411 3432/3432/3432
f 3410/3410/3410 3432/3432/3432 3431/3431/3431
f 3411/3411/3411 3412/3412/3412 3433/3433/3433
f 3411/3411/3411 3433/3433/3433 3432/3432/3432
f 3412/3412/3412 3413/3413/3413 3434/3434/3434
f 3412/3412/3412 3434/3434/3434 3433/3433/3433
f 3424/3424/3424 3425/3425/3425 3446/3446/3446
f 3424/3424/3424 3446/3446/3446 3445/3445/3445
f 3425/3425/3425 3426/3426/3426 3447/3447/3447
f 3425/3425/3425 3447/3447/3447 3446/3446/3446
f 3426/3426/3426 3427/3427/3427 3448/3448/3448
f 3426/3426/3426 3448/3448/3448 3447/3447/3447
f 3427/3427/3427 3428/3428/3428 3449/3449/3449
f 3427/3427/3427 3449/3449/3449 3448/3448/3448
f 3428/3428/3428 3429/3429/3429 3450/3450/3450
f 3428/3428/3428 3450/3450/3450 3449/3449/3449
f 3429/3429/3429 3430/3430/3430 3451/3451/3451
f 3429/3429/3429 3451/3451/3451 3450/3450/3450
f 3430/3430/3430 3431/3431/3431 3452/3452/3452
f 3430/3430/3430 3452/3452/3452 3451/3451/3451
f 3431/3431/3431 3432/3432/3432 3453/3453/3453
f 3431/3431/3431 3453/3453/3453 3452/3452/3452
f 3432/3432/3432 3433/3433/3433 3454/3454/3454
f 3432/3432/3432 3454/3454/3454 3453/3453/3453
f 3433/3433/3433 3434/3434/3434 3455/3455/3455
f 3433/3433/3433 3455/3455/3455 3454/3454/3454
f 3445/3445/3445 3446/3446/3446 3467/3467/3467
f 3445/3445/3445 3467/3467/3467 3466/3466/3466
f 3446/3446/3446 3447/3447/3447 3468/3468/3468
f 3446/3446/3446 3468/3468/3468 3467/3467/3467
f 3447/3447/3447 3448/3448/3448 3469/3469/3469
f 3447/3447/3447 3469/3469/3469 3468/3468/3468
f 3448/3448/3448 3449/3449/3449 3470/3470/3470
f 3448/3448/3448 3470/3470/3470 3469/3469/3469
f 3449/3449/3449 3450/3450/3450 3471/3471/3471
f 3449/3449/3449 3471/3471/3471 3470/3470/3470
f 3450/3450/3450 3451/3451/3451 3472/3472/3472
f 3450/3450/3450 3472/3472/3472 3471/3471/3471
f 3451/3451/3451 3452/3452/3452 3473/3473/3473
f 3451/3451/3451 3473/3473/3473 3472/3472/3472
f 3452/3452/3452 3453/3453/3453 3474/3474/3474
f 3452/3452/3452 3474/3474/3474 3473/3473/3473
f 3453/3453/3453 3454/3454/3454 3475/3475/3475
f 3453/3453/3453 3475/3475/3475 3474/3474/3474
f 3454/3454/3454 3455/3455/3455 3476/3476/3476
f 3454/3454/3454 3476/3476/3476 3475/3475/3475
f 3466/3466/3466 3467/3467/3467 3488/3488/3488
f 3466/3466/3466 3488/3488/3488 3487/3487/3487
f 3467/3467/3467 3468/3468/3468 3489/3489/3489
f 3467/3467/3467 3489/3489/3489 3488/3488/3488
f 3468/3468/3468 3469/3469/3469 3490/3490/3490
f 3468/3468/3468 3490/3490/3490 3489/3489/3489
f 3469/3469/3469 3470/3470/3470 3491/3491/3491
f 3469/3469/3469 3491/3491/3491 3490/3490/3490
f 3470/3470/3470 3471/3471/3471 3492/3492/3492
f 3470/3470/3470 3492/3492/3492 3491/3491/3491
f 3471/3471/3471 3472/3472/3472 3493/3493/3493
f 3471/3471/3471 3493/3493/3493 3492/3492/3492
f 3472/3472/3472 3473/3473/3473 3494/3494/3494
f 3472/3472/3472 3494/3494/3494 3493/3493/3493
f 3473/3473/3473 3474/3474/3474 3495/3495/3495
f 3473/3473/3473 3495/3495/3495 3494/3494/3494
f 3474/3474/3474 3475/3475/3475 3496/3496/3496
f 3474/3474/3474 3496/3496/3496 3495/3495/3495
f 3475/3475/3475 3476/3476/3476 3497/3497/3497
f 3475/3475/3475 3497/3497/3497 3496/3496/3496
f 3487/3487/3487 3488/3488/3488 3509/3509/3509
f 3487/3487/3487 3509/3509/3509 3508/3508/3508
f 3488/3488/3488 3489/3489/3489 3510/3510/3510
f 3488/3488/3488 3510/3510/3510 3509/3509/3509
f 3489/3489/3489 3490/3490/3490 3511/3511/3511
f 3489/3489/3489 3511/3511/3511 3510/3510/3510
f 3490/3490/3490 3491/3491/3491 3512/3512/3512
f 3490/3490/3490 3512/3512/3512 3511/3511/3511
f 3491/3491/3491 3492/3492/3492 3513/3513/3513
f 3491/3491/3491 3513/3513/3513 3512/3512/3512
f 3492/3492/3492 3493/3493/3493 3514/3514/3514
f 3492/3492/3492 3514/3514/3514 3513/3513/3513
f 3493/3493/3493 3494/3494/3494 3515/3515/3515
f 3493/3493/3493 3515/3515/3515 3514/3514/3514
f 3494/3494/3494 3495/3495/3495 3516/3516/3516
f 3494/3494/3494 3516/3516/3516 3515/3515/3515
f 3495/3495/3495 3496/3496/3496 3517/3517/3517
f 3495/3495/3495 3517/3517/3517 3516/3516/3516
f 3496/3496/3496 3497/3497/3497 3518/3518/3518
f 3496/3496/3496 3518/3518/3518 3517/3517/3517
f 3508/3508/3508 3509/3509/3509 3530/3530/3530
f 3508/3508/3508 3530/3530/3530 3529/3529/3529
f 3509/3509/3509 3510/3510/3510 3531/3531/3531
f 3509/3509/3509 3531/3531/3531 3530/3530/3530
f 3510/3510/3510 3511/3511/3511 3532/3532/3532
f 3510/3510/3510 3532/3532/3532 3531/3531/3531
f 3511/3511/3511 3512/3512/3512 3533/3533/3533
f 3511/3511/3511 3533/3533/3533 3532/3532/3532
f 3512/3512/3512 3513/3513/3513 3534/3534/3534
f 3512/3512/3512 3534/3534/3534 3533/3533/3533
f 3513/3513/3513 3514/3514/3514 3535/3535/3535
f 3513/3513/3513 3535/3535/3535 3534/3534/3534
f 3514/3514/3514 3515/3515/3515 3536/3536/3536
f 3514/3514/3514 3536/3536/3536 3535/3535/3535
f 3515/3515/3515 3516/3516/3516 3537/3537/3537
f 3515/3515/3515 3537/3537/3537 3536/3536/3536
f 3516/3516/3516 3517/3517/3517 3538/3538/3538
f 3516/3516/3516 3538/3538/3538 3537/3537/3537
f 3517/3517/3517 3518/3518/3518 3539/3539/3539
f 3517/3517/3517 3539/3539/3539 3538/3538/3538
f 3530/3530/3530 3531/3531/3531 3552/3552/3552
f 3531/3531/3531 3532/3532/3532 3553/3553/3553
f 3531/3531/3531 3553/3553/3553 3552/3552/3552
f 3532/3532/3532 3533/3533/3533 3554/3554/3554
f 3532/3532/3532 3554/3554/3554 3553/3553/3553
f 3533/3533/3533 3534/3534/3534 3555/3555/3555
f 3533/3533/3533 3555/3555/3555 3554/3554/3554
f 3534/3534/3534 3535/3535/3535 3556/3556/3556
f 3534/3534/3534 3556/3556/3556 3555/3555/3555
f 3535/3535/3535 3536/3536/3536 3557/3557/3557
f 3535/3535/3535 3557/3557/3557 3556/3556/3556
f 3536/3536/3536 3537/3537/3537 3558/3558/3558
f 3536/3536/3536 3558/3558/3558 3557/3557/3557
f 3537/3537/3537 3538/3538/3538 3559/3559/3559
f 3537/3537/3537 3559/3559/3559 3558/3558/3558
f 3572/3572/3572 3594/3594/3594 3573/3573/3573
f 3572/3572/3572 3593/3593/3593 3594/3594/3594
f 3573/3573/3573 3595/3595/3595 3574/3574/3574
f 3573/3573/3573 3594/3594/3594 3595/3595/3595
f 3574/3574/3574 3596/3596/3596 3575/3575/3575
f 3574/3574/3574 3595/3595/3595 3596/3596/3596
f 3575/3575/3575 3597/3597/3597 3576/3576/3576
f 3575/3575/3575 3596/3596/3596 3597/3597/3597
f 3576/3576/3576 3598/3598/3598 3577/3577/3577
f 3576/3576/3576 3597/3597/3597 3598/3598/3598
f 3577/3577/3577 3599/3599/3599 3578/3578/3578
f 3577/3577/3577 3598/3598/3598 3599/3599/3599
f 3578/3578/3578 3600/3600/3600 3579/3579/3579
f 3578/3578/3578 3599/3599/3599 3600/3600/3600
f 3579/3579/3579 3601/3601/3601 3580/3580/3580
f 3579/3579/3579 3600/3600/3600 3601/3601/3601
f 3580/3580/3580 3602/3602/3602 3581/3581/3581
f 3580/3580/3580 3601/3601/3601 3602/3602/3602
f 3581/3581/3581 3603/3603/3603 3582/3582/3582
f 3581/3581/3581 3602/3602/3602 3603/3603/3603
f 3593/3593/3593 3615/3615/3615 3594/3594/3594
f 3593/3593/3593 3614/3614/3614 3615/3615/3615
f 3594/3594/3594 3616/3616/3616 3595/3595/3595
f 3594/3594/3594 3615/3615/3615 3616/3616/3616
f 3595/3595/3595 3617/3617/3617 3596/3596/3596
f 3595/3595/3595 3616/3616/3616 3617/3617/3617
f 3596/3596/3596 3618/3618/3618 3597/3597/3597
f 3596/3596/3596 3617/3617/3617 3618/3618/3618
f 3597/3597/3597 3619/3619/3619 3598/3598/3598
f 3597/3597/3597 3618/3618/3618 3619/3619/3619
f 3598/3598/3598 3620/3620/3620 3599/3599/3599
f 3598/3598/3598 3619/3619/3619 3620/3620/3620
f 3599/3599/3599 3621/3621/3621 3600/3600/3600
f 3599/3599/3599 3620/3620/3620 3621/3621/3621
f 3600/3600/3600 3622/3622/3622 3601/3601/3601
f 3600/3600/3600 3621/3621/3621 3622/3622/3622
f 3601/3601/3601 3623/3623/3623 3602/3602/3602
f 3601/3601/3601 3622/3622/3622 3623/3623/3623
f 3602/3602/3602 3624/3624/3624 3603/3603/3603
f 3602/3602/3602 3623/3623/3623 3624/3624/3624
f 3614/3614/3614 3636/3636/3636 3615/3615/3615
f 3614/3614/3614 3635/3635/3635 3636/3636/3636
f 3615/3615/3615 3637/3637/3637 3616/3616/3616
f 3615/3615/3615 3636/3636/3636 3637/3637/3637
f 3616/3616/3616 3638/3638/3638 3617/3617/3617
f 3616/3616/3616 3637/3637/3637 3638/3638/3638
f 3617/3617/3617 3639/3639/3639 3618/3618/3618
f 3617/3617/3617 3638/3638/3638 3639/3639/3639
f 3618/3618/3618 3640/3640/3640 3619/3619/3619
f 3618/3618/3618 3639/3639/3639 3640/3640/3640
f 3619/3619/3619 3641/3641/3641 3620/3620/3620
f 3619/3619/3619 3640/3640/3640 3641/3641/3641
f 3620/3620/3620 3642/3642/3642 3621/3621/3621
f 3620/3620/3620 3641/3641/3641 3642/3642/3642
f 3621/3621/3621 3643/3643/3643 3622/3622/3622
f 3621/3621/3621 3642/3642/3642 3643/3643/3643
f 3622/3622/3622 3644/3644/3644 3623/3623/3623
f 3622/3622/3622 3643/3643/3643 3644/3644/3644
f 3623/3623/3623 3645/3645/3645 3624/3624/3624
f 3623/3623/3623 3644/3644/3644 3645/3645/3645
f 3635/3635/3635 3657/3657/3657 3636/3636/3636
f 3635/3635/3635 3656/3656/3656 3657/3657/3657
f 3636/3636/3636 3658/3658/3658 3637/3637/3637
f 3636/3636/3636 3657/3657/3657 3658/3658/3658
f 3637/3637/3637 3659/3659/3659 3638/3638/3638
f 3637/3637/3637 3658/3658/3658 3659/3659/3659
f 3638/3638/3638 3660/3660/3660 3639/3639/3639
f 3638/3638/3638 3659/3659/3659 3660/3660/3660
f 3639/3639/3639 3661/3661/3661 3640/3640/3640
f 3639/3639/3639 3660/3660/3660 3661/3661/3661
f 3640/3640/3640 3662/3662/3662 3641/3641/3641
f 3640/3640/3640 3661/3661/3661 3662/3662/3662
f 3641/3641/3641 3663/3663/3663 3642/3642/3642
f 3641/3641/3641 3662/3662/3662 3663/3663/3663
f 3642/3642/3642 3664/3664/3664 3643/3643/3643
f 3642/3642/3642 3663/3663/3663 3664/3664/3664
f 3643/3643/3643 3665/3665/3665 3644/3644/3644
f 3643/3643/3643 3664/3664/3664 3665/3665/3665
f 3644/3644/3644 3666/3666/3666 3645/3645/3645
f 3644/3644/3644 3665/3665/3665 3666/3666/3666
f 3656/3656/3656 3678/3678/3678 3657/3657/3657
f 3656/3656/3656 3677/3677/3677 3678/3678/3678
f 3657/3657/3657 3679/3679/3679 3658/3658/3658
f 3657/3657/3657 3678/3678/3678 3679/3679/3679
f 3658/3658/3658 3680/3680/3680 3659/3659/3659
f 3658/3658/3658 3679/3679/3679 3680/3680/3680
f 3659/3659/3659 3681/3681/3681 3660/3660/3660
f 3659/3659/3659 3680/3680/3680 3681/3681/3681
f 3660/3660/3660 3682/3682/3682 3661/3661/3661
f 3660/3660/3660 3681/3681/3681 3682/3682/3682
f 3661/3661/3661 3683/3683/3683 3662/3662/3662
f 3661/3661/3661 3682/3682/3682 3683/3683/3683
f 3662/3662/3662 3684/3684/3684 3663/3663/3663
f 3662/3662/3662 3683/3683/3683 3684/3684/3684
f 3663/3663/3663 3685/3685/3685 3664/3664/3664
f 3663/3663/3663 3684/3684/3684 3685/3685/3685
f 3664/3664/3664 3686/3686/3686 3665/3665/3665
f 3664/3664/3664 3685/3685/3685 3686/3686/3686
f 3665/3665/3665 3687/3687/3687 3666/3666/3666
f 3665/3665/3665 3686/3686/3686 3687/3687/3687
f 3677/3677/3677 3699/3699/3699 3678/3678/3678
f 3677/3677/3677 3698/3698/3698 3699/3699/3699
f 3678/3678/3678 3700/3700/3700 3679/3679/3679
f 3678/3678/3678 3699/3699/3699 3700/3700/3700
f 3679/3679/3679 3701/3701/3701 3680/3680/3680
f 3679/3679/3679 3700/3700/3700 3701/3701/3701
f 3680/3680/3680 3702/3702/3702 3681/3681/3681
f 3680/3680/3680 3701/3701/3701 3702/3702/3702
f 3681/3681/3681 3703/3703/3703 3682/3682/3682
f 3681/3681/3681 3702/3702/3702 3703/3703/3703
f 3682/3682/3682 3704/3704/3704 3683/3683/3683
f 3682/3682/3682 3703/3703/3703 3704/3704/3704
f 3683/3683/3683 3705/3705/3705 3684/3684/3684
f 3683/3683/3683 3704/3704/3704 3705/3705/3705
f 3684/3684/3684 3706/3706/3706 3685/3685/3685
f 3684/3684/3684 3705/3705/3705 3706/3706/3706
f 3685/3685/3685 3707/3707/3707 3686/3686/3686
f 3685/3685/3685 3706/3706/3706 3707/3707/3707
f 3686/3686/3686 3708/3708/3708 3687/3687/3687
f 3686/3686/3686 3707/3707/3707 3708/3708/3708
f 3699/3699/3699 3721/3721/3721 3700/3700/3700
f 3700/3700/3700 3722/3722/3722 3701/3701/3701
f 3700/3700/3700 3721/3721/3721 3722/3722/3722
f 3701/3701/3701 3723/3723/3723 3702/3702/3702
f 3701/3701/3701 3722/3722/3722 3723/3723/3723
f 3702/3702/3702 3724/3724/3724 3703/3703/3703
f 3702/3702/3702 3723/3723/3723 3724/3724/3724
f 3703/3703/3703 3725/3725/3725 3704/3704/3704
f 3703/3703/3703 3724/3724/3724 3725/3725/3725
f 3704/3704/3704 3726/3726/3726 3705/3705/3705
f 3704/3704/3704 3725/3725/3725 3726/3726/3726
f 3705/3705/3705 3727/3727/3727 3706/3706/3706
f 3705/3705/3705 3726/3726/3726 3727/3727/3727
f 3706/3706/3706 3728/3728/3728 3707/3707/3707
f 3706/3706/3706 3727/3727/3727 3728/3728/3728
f 3741/3741/3741 3761/3761/3761 3742/3742/3742
f 3741/3741/3741 3760/3760/3760 3761/3761/3761
f 3742/3742/3742 3762/3762/3762 3743/3743/3743
f 3742/3742/3742 3761/3761/3761 3762/3762/3762
f 3743/3743/3743 3763/3763/3763 3744/3744/3744
f 3743/3743/3743 3762/3762/3762 3763/3763/3763
f 3744/3744/3744 3764/3764/3764 3745/3745/3745
f 3744/3744/3744 3763/3763/3763 3764/3764/3764
f 3745/3745/3745 3765/3765/3765 3746/3746/3746
f 3745/3745/3745 3764/3764/3764 3765/3765/3765
f 3746/3746/3746 3766/3766/3766 3747/3747/3747
f 3746/3746/3746 3765/3765/3765 3766/3766/3766
f 3747/3747/3747 3767/3767/3767 3748/3748/3748
f 3747/3747/3747 3766/3766/3766 3767/3767/3767
f 3748/3748/3748 3768/3768/3768 3749/3749/3749
f 3748/3748/3748 3767/3767/3767 3768/3768/3768
f 3749/3749/3749 3769/3769/3769 3750/3750/3750
f 3749/3749/3749 3768/3768/3768 3769/3769/3769
f 3750/3750/3750 3770/3770/3770 3751/3751/3751
f 3750/3750/3750 3769/3769/3769 3770/3770/3770
f 3751/3751/3751 3771/3771/3771 3752/3752/3752
f 3751/3751/3751 3770/3770/3770 3771/3771/3771
f 3752/3752/3752 3772/3772/3772 3753/3753/3753
f 3752/3752/3752 3771/3771/3771 3772/3772/3772
f 3753/3753/3753 3773/3773/3773 3754/3754/3754
f 3753/3753/3753 3772/3772/3772 3773/3773/3773
f 3754/3754/3754 3774/3774/3774 3755/3755/3755
f 3754/3754/3754 3773/3773/3773 3774/3774/3774
f 3755/3755/3755 3775/3775/3775 3756/3756/3756
f 3755/3755/3755 3774/3774/3774 3775/3775/3775
f 3756/3756/3756 3776/3776/3776 3757/3757/3757
f 3756/3756/3756 3775/3775/3775 3776/3776/3776
f 3757/3757/3757 3777/3777/3777 3758/3758/3758
f 3757/3757/3757 3776/3776/3776 3777/3777/3777
f 3758/3758/3758 3778/3778/3778 3759/3759/3759
f 3758/3758/3758 3777/3777/3777 3778/3778/3778
f 3760/3760/3760 3780/3780/3780 3761/3761/3761
f 3760/3760/3760 3779/3779/3779 3780/3780/3780
f 3761/3761/3761 3781/3781/3781 3762/3762/3762
f 3761/3761/3761 3780/3780/3780 3781/3781/3781
f 3762/3762/3762 3782/3782/3782 3763/3763/3763
f 3762/3762/3762 3781/3781/3781 3782/3782/3782
f 3763/3763/3763 3783/3783/3783 3764/3764/3764
f 3763/3763/3763 3782/3782/3782 3783/3783/3783
f 3764/3764/3764 3784/3784/3784 3765/3765/3765
f 3764/3764/3764 3783/3783/3783 3784/3784/3784
f 3765/3765/3765 3785/3785/3785 3766/3766/3766
f 3765/3765/3765 3784/3784/3784 3785/3785/3785
f 3766/3766/3766 3786/3786/3786 3767/3767/3767
f 3766/3766/3766 3785/3785/3785 3786/3786/3786
f 3767/3767/3767 3787/3787/3787 3768/3768/3768
f 3767/3767/3767 3786/3786/3786 3787/3787/3787
f 3768/3768/3768 3788/3788/3788 3769/3769/3769
f 3768/3768/3768 3787/3787/3787 3788/3788/3788
f 3769/3769/3769 3789/3789/3789 3770/3770/3770
f 3769/3769/3769 3788/3788/3788 3789/3789/3789
f 3770/3770/3770 3790/3790/3790 3771/3771/3771
f 3770/3770/3770 3789/3789/3789 3790/3790/3790
f 3771/3771/3771 3791/3791/3791 3772/3772/3772
f 3771/3771/3771 3790/3790/3790 3791/3791/3791
f 3772/3772/3772 3792/3792/3792 3773/3773/3773
f 3772/3772/3772 3791/3791/3791 3792/3792/3792
f 3773/3773/3773 3793/3793/3793 3774/3774/3774
f 3773/3773/3773 3792/3792/3792 3793/3793/3793
f 3774/3774/3774 3794/3794/3794 3775/3775/3775
f 3774/3774/3774 3793/3793/3793 3794/3794/3794
f 3775/3775/3775 3795/3795/3795 3776/3776/3776
f 3775/3775/3775 3794/3794/3794 3795/3795/3795
f 3776/3776/3776 3796/3796/3796 3777/3777/3777
f 3776/3776/3776 3795/3795/3795 3796/3796/3796
f 3777/3777/3777 3797/3797/3797 3778/3778/3778
f 3777/3777/3777 3796/3796/3796 3797/3797/3797
f 3779/3779/3779 3799/3799/3799 3780/3780/3780
f 3779/3779/3779 3798/3798/3798 3799/3799/3799
f 3780/3780/3780 3800/3800/3800 3781/3781/3781
f 3780/3780/3780 3799/3799/3799 3800/3800/3800
f 3781/3781/3781 3801/3801/3801 3782/3782/3782
f 3781/3781/3781 3800/3800/3800 3801/3801/3801
f 3782/3782/3782 3802/3802/3802 3783/3783/3783
f 3782/3782/3782 3801/3801/3801 3802/3802/3802
f 3783/3783/3783 3803/3803/3803 3784/3784/3784
f 3783/3783/3783 3802/3802/3802 3803/3803/3803
f 3784/3784/3784 3804/3804/3804 3785/3785/3785
f 3784/3784/3784 3803/3803/3803 3804/3804/3804
f 3785/3785/3785 3805/3805/3805 3786/3786/3786
f 3785/3785/3785 3804/3804/3804 3805/3805/3805
f 3786/3786/3786 3806/3806/3806 3787/3787/3787
f 3786/3786/3786 3805/3805/3805 3806/3806/3806
f 3787/3787/3787 3807/3807/3807 3788/3788/3788
f 3787/3787/3787 3806/3806/3806 3807/3807/3807
f 3788/3788/3788 3808/3808/3808 3789/3789/3789
f 3788/3788/3788 3807/3807/3807 3808/3808/3808
f 3789/3789/3789 3809/3809/3809 3790/3790/3790
f 3789/3789/3789 3808/3808/3808 3809/3809/3809
f 3790/3790/3790 3810/3810/3810 3791/3791/3791
f 3790/3790/3790 3809/3809/3809 3810/3810/3810
f 3791/3791/3791 3811/3811/3811 3792/3792/3792
f 3791/3791/3791 3810/3810/3810 3811/3811/3811
f 3792/3792/3792 3812/3812/3812 3793/3793/3793
f 3792/3792/3792 3811/3811/3811 3812/3812/3812
f 3793/3793/3793 3813/3813/3813 3794/3794/3794
f 3793/3793/3793 3812/3812/3812 3813/3813/3813
f 3794/3794/3794 3814/3814/3814 3795/3795/3795
f 3794/3794/3794 3813/3813/3813 3814/3814/3814
f 3795/3795/3795 3815/3815/3815 3796/3796/3796
f 3795/3795/3795 3814/3814/3814 3815/3815/3815
f 3796/3796/3796 3816/3816/3816 3797/3797/3797
f 3796/3796/3796 3815/3815/3815 3816/3816/3816
f 3798/3798/3798 3818/3818/3818 3799/3799/3799
f 3798/3798/3798 3817/3817/3817 3818/3818/3818
f 3799/3799/3799 3819/3819/3819 3800/3800/3800
f 3799/3799/3799 3818/3818/3818 3819/3819/3819
f 3800/3800/3800 3820/3820/3820 3801/3801/3801
f 3800/3800/3800 3819/3819/3819 3820/3820/3820
f 3801/3801/3801 3821/3821/3821 3802/3802/3802
f 3801/3801/3801 3820/3820/3820 3821/3821/3821
f 3802/3802/3802 3822/3822/3822 3803/3803/3803
f 3802/3802/3802 3821/3821/3821 3822/3822/3822
f 3803/3803/3803 3823/3823/3823 3804/3804/3804
f 3803/3803/3803 3822/3822/3822 3823/3823/3823
f 3804/3804/3804 3824/3824/3824 3805/3805/3805
f 3804/3804/3804 3823/3823/3823 3824/3824/3824
f 3805/3805/3805 3825/3825/3825 3806/3806/3806
f 3805/3805/3805 3824/3824/3824 3825/3825/3825
f 3806/3806/3806 3826/3826/3826 3807/3807/3807
f 3806/3806/3806 3825/3825/3825 3826/3826/3826
f 3807/3807/3807 3827/3827/3827 3808/3808/3808
f 3807/3807/3807 3826/3826/3826 3827/3827/3827
f 3808/3808/3808 3828/3828/3828 3809/3809/3809
f 3808/3808/3808 3827/3827/3827 3828/3828/3828
f 3809/3809/3809 3829/3829/3829 3810/3810/3810
f 3809/3809/3809 3828/3828/3828 3829/3829/3829
f 3810/3810/3810 3830/3830/3830 3811/3811/3811
f 3810/3810/3810 3829/3829/3829 3830/3830/3830
f 3811/3811/3811 3831/3831/3831 3812/3812/3812
f 3811/3811/3811 3830/3830/3830 3831/3831/3831
f 3812/3812/3812 3832/3832/3832 3813/3813/3813
f 3812/3812/3812 3831/3831/3831 3832/3832/3832
f 3813/3813/3813 3833/3833/3833 3814/3814/3814
f 3813/3813/3813 3832/3832/3832 3833/3833/3833
f 3814/3814/3814 3834/3834/3834 3815/3815/3815
f 3814/3814/3814 3833/3833/3833 3834/3834/3834
f 3815/3815/3815 3835/3835/3835 3816/3816/3816
f 3815/3815/3815 3834/3834/3834 3835/3835/3835
f 3817/3817/3817 3837/3837/3837 3818/3818/3818
f 3817/3817/3817 3836/3836/3836 3837/3837/3837
f 3818/3818/3818 3838/3838/3838 3819/3819/3819
f 3818/3818/3818 3837/3837/3837 3838/3838/3838
f 3819/3819/3819 3839/3839/3839 3820/3820/3820
f 3819/3819/3819 3838/3838/3838 3839/3839/3839
f 3820/3820/3820 3840/3840/3840 3821/3821/3821
f 3820/3820/3820 3839/3839/3839 3840/3840/3840
f 3821/3821/3821 3841/3841/3841 3822/3822/3822
f 3821/3821/3821 3840/3840/3840 3841/3841/3841
f 3822/3822/3822 3842/3842/3842 3823/3823/3823
f 3822/3822/3822 3841/3841/3841 3842/3842/3842
f 3823/3823/3823 3843/3843/3843 3824/3824/3824
f 3823/3823/3823 3842/3842/3842 3843/3843/3843
f 3824/3824/3824 3844/3844/3844 3825/3825/3825
f 3824/3824/3824 3843/3843/3843 3844/3844/3844
f 3825/3825/3825 3845/3845/3845 3826/3826/3826
f 3825/3825/3825 3844/3844/3844 3845/3845/3845
f 3826/3826/3826 3846/3846/3846 3827/3827/3827
f 3826/3826/3826 3845/3845/3845 3846/3846/3846
f 3827/3827/3827 3847/3847/3847 3828/3828/3828
f 3827/3827/3827 3846/3846/3846 3847/3847/3847
f 3828/3828/3828 3848/3848/3848 3829/3829/3829
f 3828/3828/3828 3847/3847/3847 3848/3848/3848
f 3829/3829/3829 3849/3849/3849 3830/3830/3830
f 3829/3829/3829 3848/3848/3848 3849/3849/3849
f 3830/3830/3830 3850/3850/3850 3831/3831/3831
f 3830/3830/3830 3849/3849/3849 3850/3850/3850
f 3831/3831/3831 3851/3851/3851 3832/3832/3832
f 3831/3831/3831 3850/3850/3850 3851/3851/3851
f 3832/3832/3832 3852/3852/3852 3833/3833/3833
f 3832/3832/3832 3851/3851/3851 3852/3852/3852
f 3833/3833/3833 3853/3853/3853 3834/3834/3834
f 3833/3833/3833 3852/3852/3852 3853/3853/3853
f 3834/3834/3834 3854/3854/3854 3835/3835/3835
f 3834/3834/3834 3853/3853/3853 3854/3854/3854
f 3836/3836/3836 3856/3856/3856 3837/3837/3837
f 3836/3836/3836 3855/3855/3855 3856/3856/3856
f 3837/3837/3837 3857/3857/3857 3838/3838/3838
f 3837/3837/3837 3856/3856/3856 3857/3857/3857
f 3838/3838/3838 3858/3858/3858 3839/3839/3839
f 3838/3838/3838 3857/3857/3857 3858/3858/3858
f 3839/3839/3839 3859/3859/3859 3840/3840/3840
f 3839/3839/3839 3858/3858/3858 3859/3859/3859
f 3840/3840/3840 3860/3860/3860 3841/3841/3841
f 3840/3840/3840 3859/3859/3859 3860/3860/3860
f 3841/3841/3841 3861/3861/3861 3842/3842/3842
f 3841/3841/3841 3860/3860/3860 3861/3861/3861
f 3842/3842/3842 3862/3862/3862 3843/3843/3843
f 3842/3842/3842 3861/3861/3861 3862/3862/3862
f 3843/3843/3843 3863/3863/3863 3844/3844/3844
f 3843/3843/3843 3862/3862/3862 3863/3863/3863
f 3844/3844/3844 3864/3864/3864 3845/3845/3845
f 3844/3844/3844 3863/3863/3863 3864/3864/3864
f 3845/3845/3845 3865/3865/3865 3846/3846/3846
f 3845/3845/3845 3864/3864/3864 3865/3865/3865
f 3846/3846/3846 3866/3866/3866 3847/3847/3847
f 3846/3846/3846 3865/3865/3865 3866/3866/3866
f 3847/3847/3847 3867/3867/3867 3848/3848/3848
f 3847/3847/3847 3866/3866/3866 3867/3867/3867
f 3848/3848/3848 3868/3868/3868 3849/3849/3849
f 3848/3848/3848 3867/3867/3867 3868/3868/3868
f 3849/3849/3849 3869/3869/3869 3850/3850/3850
f 3849/3849/3849 3868/3868/3868 3869/3869/3869
f 3850/3850/3850 3870/3870/3870 3851/3851/3851
f 3850/3850/3850 3869/3869/3869 3870/3870/3870
f 3851/3851/3851 3871/3871/3871 3852/3852/3852
f 3851/3851/3851 3870/3870/3870 3871/3871/3871
f 3852/3852/3852 3872/3872/3872 3853/3853/3853
f 3852/3852/3852 3871/3871/3871 3872/3872/3872
f 3853/3853/3853 3873/3873/3873 3854/3854/3854
f 3853/3853/3853 3872/3872/3872 3873/3873/3873
f 3855/3855/3855 3875/3875/3875 3856/3856/3856
f 3855/3855/3855 3874/3874/3874 3875/3875/3875
f 3856/3856/3856 3876/3876/3876 3857/3857/3857
f 3856/3856/3856 3875/3875/3875 3876/3876/3876
f 3857/3857/3857 3877/3877/3877 3858/3858/3858
f 3857/3857/3857 3876/3876/3876 3877/3877/3877
f 3858/3858/3858 3878/3878/3878 3859/3859/3859
f 3858/3858/3858 3877/3877/3877 3878/3878/3878
f 3859/3859/3859 3879/3879/3879 3860/3860/3860
f 3859/3859/3859 3878/3878/3878 3879/3879/3879
f 3860/3860/3860 3880/3880/3880 3861/3861/3861
f 3860/3860/3860 3879/3879/3879 3880/3880/3880
f 3861/3861/3861 3881/3881/3881 3862/3862/3862
f 3861/3861/3861 3880/3880/3880 3881/3881/3881
f 3862/3862/3862 3882/3882/3882 3863/3863/3863
f 3862/3862/3862 3881/3881/3881 3882/3882/3882
f 3863/3863/3863 3883/3883/3883 3864/3864/3864
f 3863/3863/3863 3882/3882/3882 3883/3883/3883
f 3864/3864/3864 3884/3884/3884 3865/3865/3865
f 3864/3864/3864 3883/3883/3883 3884/3884/3884
f 3865/3865/3865 3885/3885/3885 3866/3866/3866
f 3865/3865/3865 3884/3884/3884 3885/3885/3885
f 3866/3866/3866 3886/3886/3886 3867/3867/3867
f 3866/3866/3866 3885/3885/3885 3886/3886/3886
f 3867/3867/3867 3887/3887/3887 3868/3868/3868
f 3867/3867/3867 3886/3886/3886 3887/3887/3887
f 3868/3868/3868 3888/3888/3888 3869/3869/3869
f 3868/3868/3868 3887/3887/3887 3888/3888/3888
f 3869/3869/3869 3889/3889/3889 3870/3870/3870
f 3869/3869/3869 3888/3888/3888 3889/3889/3889
f 3870/3870/3870 3890/3890/3890 3871/3871/3871
f 3870/3870/3870 3889/3889/3889 3890/3890/3890
f 3871/3871/3871 3891/3891/3891 3872/3872/3872
f 3871/3871/3871 3890/3890/3890 3891/3891/3891
f 3872/3872/3872 3892/3892/3892 3873/3873/3873
f 3872/3872/3872 3891/3891/3891 3892/3892/3892
f 3874/3874/3874 3894/3894/3894 3875/3875/3875
f 3874/3874/3874 3893/3893/3893 3894/3894/3894
f 3875/3875/3875 3895/3895/3895 3876/3876/3876
f 3875/3875/3875 3894/3894/3894 3895/3895/3895
f 3876/3876/3876 3896/3896/3896 3877/3877/3877
f 3876/3876/3876 3895/3895/3895 3896/3896/3896
f 3877/3877/3877 3897/3897/3897 3878/3878/3878
f 3877/3877/3877 3896/3896/3896 3897/3897/3897
f 3878/3878/3878 3898/3898/3898 3879/3879/3879
f 3878/3878/3878 3897/3897/3897 3898/3898/3898
f 3879/3879/3879 3899/3899/3899 3880/3880/3880
f 3879/3879/3879 3898/3898/3898 3899/3899/3899
f 3880/3880/3880 3900/3900/3900 3881/3881/3881
f 3880/3880/3880 3899/3899/3899 3900/3900/3900
f 3881/3881/3881 3901/3901/3901 3882/3882/3882
f 3881/3881/3881 3900/3900/3900 3901/3901/3901
f 3882/3882/3882 3902/3902/3902 3883/3883/3883
f 3882/3882/3882 3901/3901/3901 3902/3902/3902
f 3883/3883/3883 3903/3903/3903 3884/3884/3884
f 3883/3883/3883 3902/3902/3902 3903/3903/3903
f 3884/3884/3884 3904/3904/3904 3885/3885/3885
f 3884/3884/3884 3903/3903/3903 3904/3904/3904
f 3885/3885/3885 3905/3905/3905 3886/3886/3886
f 3885/3885/3885 3904/3904/3904 3905/3905/3905
f 3886/3886/3886 3906/3906/3906 3887/3887/3887
f 3886/3886/3886 3905/3905/3905 3906/3906/3906
f 3887/3887/3887 3907/3907/3907 3888/3888/3888
f 3887/3887/3887 3906/3906/3906 3907/3907/3907
f 3888/3888/3888 3908/3908/3908 3889/3889/3889
f 3888/3888/3888 3907/3907/3907 3908/3908/3908
f 3889/3889/3889 3909/3909/3909 3890/3890/3890
f 3889/3889/3889 3908/3908/3908 3909/3909/3909
f 3890/3890/3890 3910/3910/3910 3891/3891/3891
f 3890/3890/3890 3909/3909/3909 3910/3910/3910
f 3891/3891/3891 3911/3911/3911 3892/3892/3892
f 3891/3891/3891 3910/3910/3910 3911/3911/3911
f 3893/3893/3893 3913/3913/3913 3894/3894/3894
f 3893/3893/3893 3912/3912/3912 3913/3913/3913
f 3894/3894/3894 3914/3914/3914 3895/3895/3895
f 3894/3894/3894 3913/3913/3913 3914/3914/3914
f 3895/3895/3895 3915/3915/3915 3896/3896/3896
f 3895/3895/3895 3914/3914/3914 3915/3915/3915
f 3896/3896/3896 3916/3916/3916 3897/3897/3897
f 3896/3896/3896 3915/3915/3915 3916/3916/3916
f 3897/3897/3897 3917/3917/3917 3898/3898/3898
f 3897/3897/3897 3916/3916/3916 3917/3917/3917
f 3898/3898/3898 3918/3918/3918 3899/3899/3899
f 3898/3898/3898 3917/3917/3917 3918/3918/3918
f 3899/3899/3899 3919/3919/3919 3900/3900/3900
f 3899/3899/3899 3918/3918/3918 3919/3919/3919
f 3900/3900/3900 3920/3920/3920 3901/3901/3901
f 3900/3900/3900 3919/3919/3919 3920/3920/3920
f 3901/3901/3901 3921/3921/3921 3902/3902/3902
f 3901/3901/3901 3920/3920/3920 3921/3921/3921
f 3902/3902/3902 3922/3922/3922 3903/3903/3903
f 3902/3902/3902 3921/3921/3921 3922/3922/3922
f 3903/3903/3903 3923/3923/3923 3904/3904/3904
f 3903/3903/3903 3922/3922/3922 3923/3923/3923
f 3904/3904/3904 3924/3924/3924 3905/3905/3905
f 3904/3904/3904 3923/3923/3923 3924/3924/3924
f 3905/3905/3905 3925/3925/3925 3906/3906/3906
f 3905/3905/3905 3924/3924/3924 3925/3925/3925
f 3906/3906/3906 3926/3926/3926 3907/3907/3907
f 3906/3906/3906 3925/3925/3925 3926/3926/3926
f 3907/3907/3907 3927/3927/3927 3908/3908/3908
f 3907/3907/3907 3926/3926/3926 3927/3927/3927
f 3908/3908/3908 3928/3928/3928 3909/3909/3909
f 3908/3908/3908 3927/3927/3927 3928/3928/3928
f 3909/3909/3909 3929/3929/3929 3910/3910/3910
f 3909/3909/3909 3928/3928/3928 3929/3929/3929
f 3910/3910/3910 3930/3930/3930 3911/3911/3911
f 3910/3910/3910 3929/3929/3929 3930/3930/3930
f 3912/3912/3912 3932/3932/3932 3913/3913/3913
f 3912/3912/3912 3931/3931/3931 3932/3932/3932
f 3913/3913/3913 3933/3933/3933 3914/3914/3914
f 3913/3913/3913 3932/3932/3932 3933/3933/3933
f 3914/3914/3914 3934/3934/3934 3915/3915/3915
f 3914/3914/3914 3933/3933/3933 3934/3934/3934
f 3915/3915/3915 3935/3935/3935 3916/3916/3916
f 3915/3915/3915 3934/3934/3934 3935/3935/3935
f 3916/3916/3916 3936/3936/3936 3917/3917/3917
f 3916/3916/3916 3935/3935/3935 3936/3936/3936
f 3917/3917/3917 3937/3937/3937 3918/3918/3918
f 3917/3917/3917 3936/3936/3936 3937/3937/3937
f 3918/3918/3918 3938/3938/3938 3919/3919/3919
f 3918/3918/3918 3937/3937/3937 3938/3938/3938
f 3919/3919/3919 3939/3939/3939 3920/3920/3920
f 3919/3919/3919 3938/3938/3938 3939/3939/3939
f 3920/3920/3920 3940/3940/3940 3921/3921/3921
f 3920/3920/3920 3939/3939/3939 3940/3940/3940
f 3921/3921/3921 3941/3941/3941 3922/3922/3922
f 3921/3921/3921 3940/3940/3940 3941/3941/3941
f 3922/3922/3922 3942/3942/3942 3923/3923/3923
f 3922/3922/3922 3941/3941/3941 3942/3942/3942
f 3923/3923/3923 3943/3943/3943 3924/3924/3924
f 3923/3923/3923 3942/3942/3942 3943/3943/3943
f 3924/3924/3924 3944/3944/3944 3925/3925/3925
f 3924/3924/3924 3943/3943/3943 3944/3944/3944
f 3925/3925/3925 3945/3945/3945 3926/3926/3926
f 3925/3925/3925 3944/3944/3944 3945/3945/3945
f 3926/3926/3926 3946/3946/3946 3927/3927/3927
f 3926/3926/3926 3945/3945/3945 3946/3946/3946
f 3927/3927/3927 3947/3947/3947 3928/3928/3928
f 3927/3927/3927 3946/3946/3946 3947/3947/3947
f 3928/3928/3928 3948/3948/3948 3929/3929/3929
f 3928/3928/3928 3947/3947/3947 3948/3948/3948
f 3929/3929/3929 3949/3949/3949 3930/3930/3930
f 3929/3929/3929 3948/3948/3948 3949/3949/3949
f 3931/3931/3931 3951/3951/3951 3932/3932/3932
f 3931/3931/3931 3950/3950/3950 3951/3951/3951
f 3932/3932/3932 3952/3952/3952 3933/3933/3933
f 3932/3932/3932 3951/3951/3951 3952/3952/3952
f 3933/3933/3933 3953/3953/3953 3934/3934/3934
f 3933/3933/3933 3952/3952/3952 3953/3953/3953
f 3934/3934/3934 3954/3954/3954 3935/3935/3935
f 3934/3934/3934 3953/3953/3953 3954/3954/3954
f 3935/3935/3935 3955/3955/3955 3936/3936/3936
f 3935/3935/3935 3954/3954/3954 3955/3955/3955
f 3936/3936/3936 3956/3956/3956 3937/3937/3937
f 3936/3936/3936 3955/3955/3955 3956/3956/3956
f 3937/3937/3937 3957/3957/3957 3938/3938/3938
f 3937/3937/3937 3956/3956/3956 3957/3957/3957
f 3938/3938/3938 3958/3958/3958 3939/3939/3939
f 3938/3938/3938 3957/3957/3957 3958/3958/3958
f 3939/3939/3939 3959/3959/3959 3940/3940/3940
f 3939/3939/3939 3958/3958/3958 3959/3959/3959
f 3940/3940/3940 3960/3960/3960 3941/3941/3941
f 3940/3940/3940 3959/3959/3959 3960/3960/3960
f 3941/3941/3941 3961/3961/3961 3942/3942/3942
f 3941/3941/3941 3960/3960/3960 3961/3961/3961
f 3942/3942/3942 3962/3962/3962 3943/3943/3943
f 3942/3942/3942 3961/3961/3961 3962/3962/3962
f 3943/3943/3943 3963/3963/3963 3944/3944/3944
f 3943/3943/3943 3962/3962/3962 3963/3963/3963
f 3944/3944/3944 3964/3964/3964 3945/3945/3945
f 3944/3944/3944 3963/3963/3963 3964/3964/3964
f 3945/3945/3945 3965/3965/3965 3946/3946/3946
f 3945/3945/3945 3964/3964/3964 3965/3965/3965
f 3946/3946/3946 3966/3966/3966 3947/3947/3947
f 3946/3946/3946 3965/3965/3965 3966/3966/3966
f 3947/3947/3947 3967/3967/3967 3948/3948/3948
f 3947/3947/3947 3966/3966/3966 3967/3967/3967
f 3948/3948/3948 3968/3968/3968 3949/3949/3949
f 3948/3948/3948 3967/3967/3967 3968/3968/3968
f 3950/3950/3950 3970/3970/3970 3951/3951/3951
f 3950/3950/3950 3969/3969/3969 3970/3970/3970
f 3951/3951/3951 3971/3971/3971 3952/3952/3952
f 3951/3951/3951 3970/3970/3970 3971/3971/3971
f 3952/3952/3952 3972/3972/3972 3953/3953/3953
f 3952/3952/3952 3971/3971/3971 3972/3972/3972
f 3953/3953/3953 3973/3973/3973 3954/3954/3954
f 3953/3953/3953 3972/3972/3972 3973/3973/3973
f 3954/3954/3954 3974/3974/3974 3955/3955/3955
f 3954/3954/3954 3973/3973/3973 3974/3974/3974
f 3955/3955/3955 3975/3975/3975 3956/3956/3956
f 3955/3955/3955 3974/3974/3974 3975/3975/3975
f 3956/3956/3956 3976/3976/3976 3957/3957/3957
f 3956/3956/3956 3975/3975/3975 3976/3976/3976
f 3957/3957/3957 3977/3977/3977 3958/3958/3958
f 3957/3957/3957 3976/3976/3976 3977/3977/3977
f 3958/3958/3958 3978/3978/3978 3959/3959/3959
f 3958/3958/3958 3977/3977/3977 3978/3978/3978
f 3959/3959/3959 3979/3979/3979 3960/3960/3960
f 3959/3959/3959 3978/3978/3978 3979/3979/3979
f 3960/3960/3960 3980/3980/3980 3961/3961/3961
f 3960/3960/3960 3979/3979/3979 3980/3980/3980
f 3961/3961/3961 3981/3981/3981 3962/3962/3962
f 3961/3961/3961 3980/3980/3980 3981/3981/3981
f 3962/3962/3962 3982/3982/3982 3963/3963/3963
f 3962/3962/3962 3981/3981/3981 3982/3982/3982
f 3963/3963/3963 3983/3983/3983 3964/3964/3964
f 3963/3963/3963 3982/3982/3982 3983/3983/3983
f 3964/3964/3964 3984/3984/3984 3965/3965/3965
f 3964/3964/3964 3983/3983/3983 3984/3984/3984
f 3965/3965/3965 3985/3985/3985 3966/3966/3966
f 3965/3965/3965 3984/3984/3984 3985/3985/3985
f 3966/3966/3966 3986/3986/3986 3967/3967/3967
f 3966/3966/3966 3985/3985/3985 3986/3986/3986
f 3967/3967/3967 3987/3987/3987 3968/3968/3968
f 3967/3967/3967 3986/3986/3986 3987/3987/3987
f 3969/3969/3969 3989/3989/3989 3970/3970/3970
f 3969/3969/3969 3988/3988/3988 3989/3989/3989
f 3970/3970/3970 3990/3990/3990 3971/3971/3971
f 3970/3970/3970 3989/3989/3989 3990/3990/3990
f 3971/3971/3971 3991/3991/3991 3972/3972/3972
f 3971/3971/3971 3990/3990/3990 3991/3991/3991
f 3972/3972/3972 3992/3992/3992 3973/3973/3973
f 3972/3972/3972 3991/3991/3991 3992/3992/3992
f 3973/3973/3973 3993/3993/3993 3974/3974/3974
f 3973/3973/3973 3992/3992/3992 3993/3993/3993
f 3974/3974/3974 3994/3994/3994 3975/3975/3975
f 3974/3974/3974 3993/3993/3993 3994/3994/3994
f 3975/3975/3975 3995/3995/3995 3976/3976/3976
f 3975/3975/3975 3994/3994/3994 3995/3995/3995
f 3976/3976/3976 3996/3996/3996 3977/3977/3977
f 3976/3976/3976 3995/3995/3995 3996/3996/3996
f 3977/3977/3977 3997/3997/3997 3978/3978/3978
f 3977/3977/3977 3996/3996/3996 3997/3997/3997
f 3978/3978/3978 3998/3998/3998 3979/3979/3979
f 3978/3978/3978 3997/3997/3997 3998/3998/3998
f 3979/3979/3979 3999/3999/3999 3980/3980/3980
f 3979/3979/3979 3998/3998/3998 3999/3999/3999
f 3980/3980/3980 4000/4000/4000 3981/3981/3981
f 3980/3980/3980 3999/3999/3999 4000/4000/4000
f 3981/3981/3981 4001/4001/4001 3982/3982/3982
f 3981/3981/3981 4000/4000/4000 4001/4001/4001
f 3982/3982/3982 4002/4002/4002 3983/3983/3983
f 3982/3982/3982 4001/4001/4001 4002/4002/4002
f 3983/3983/3983 4003/4003/4003 3984/3984/3984
f 3983/3983/3983 4002/4002/4002 4003/4003/4003
f 3984/3984/3984 4004/4004/4004 3985/3985/3985
f 3984/3984/3984 4003/4003/4003 4004/4004/4004
f 3985/3985/3985 4005/4005/4005 3986/3986/3986
f 3985/3985/3985 4004/4004/4004 4005/4005/4005
f 3986/3986/3986 4006/4006/4006 3987/3987/3987
f 3986/3986/3986 4005/4005/4005 4006/4006/4006
f 3988/3988/3988 4008/4008/4008 3989/3989/3989
f 3988/3988/3988 4007/4007/4007 4008/4008/4008
f 3989/3989/3989 4009/4009/4009 3990/3990/3990
f 3989/3989/3989 4008/4008/4008 4009/4009/4009
f 3990/3990/3990 4010/4010/4010 3991/3991/3991
f 3990/3990/3990 4009/4009/4009 4010/4010/4010
f 3991/3991/3991 4011/4011/4011 3992/3992/3992
f 3991/3991/3991 4010/4010/4010 4011/4011/4011
f 3992/3992/3992 4012/4012/4012 3993/3993/3993
f 3992/3992/3992 4011/4011/4011 4012/4012/4012
f 3993/3993/3993 4013/4013/4013 3994/3994/3994
f 3993/3993/3993 4012/4012/4012 4013/4013/4013
f 3994/3994/3994 4014/4014/4014 3995/3995/3995
f 3994/3994/3994 4013/4013/4013 4014/4014/4014
f 3995/3995/3995 4015/4015/4015 3996/3996/3996
f 3995/3995/3995 4014/4014/4014 4015/4015/4015
f 3996/3996/3996 4016/4016/4016 3997/3997/3997
f 3996/3996/3996 4015/4015/4015 4016/4016/4016
f 3997/3997/3997 4017/4017/4017 3998/3998/3998
f 3997/3997/3997 4016/4016/4016 4017/4017/4017
f 3998/3998/3998 4018/4018/4018 3999/3999/3999
f 3998/3998/3998 4017/4017/4017 4018/4018/4018
f 3999/3999/3999 4019/4019/4019 4000/4000/4000
f 3999/3999/3999 4018/4018/4018 4019/4019/4019
f 4000/4000/4000 4020/4020/4020 4001/4001/4001
f 4000/4000/4000 4019/4019/4019 4020/4020/4020
f 4001/4001/4001 4021/4021/4021 4002/4002/4002
f 4001/4001/4001 4020/4020/4020 4021/4021/4021
f 4002/4002/4002 4022/4022/4022 4003/4003/4003
f 4002/4002/4002 4021/4021/4021 4022/4022/4022
f 4003/4003/4003 4023/4023/4023 4004/4004/4004
f 4003/4003/4003 4022/4022/4022 4023/4023/4023
f 4004/4004/4004 4024/4024/4024 4005/4005/4005
f 4004/4004/4004 4023/4023/4023 4024/4024/4024
f 4005/4005/4005 4025/4025/4025 4006/4006/4006
f 4005/4005/4005 4024/4024/4024 4025/4025/4025
f 4007/4007/4007 4027/4027/4027 4008/4008/4008
f 4007/4007/4007 4026/4026/4026 4027/4027/4027
f 4008/4008/4008 4028/4028/4028 4009/4009/4009
f 4008/4008/4008 4027/4027/4027 4028/4028/4028
f 4009/4009/4009 4029/4029/4029 4010/4010/4010
f 4009/4009/4009 4028/4028/4028 4029/4029/4029
f 4010/4010/4010 4030/4030/4030 4011/4011/4011
f 4010/4010/4010 4029/4029/4029 4030/4030/4030
f 4011/4011/4011 4031/4031/4031 4012/4012/4012
f 4011/4011/4011 4030/4030/4030 4031/4031/4031
f 4012/4012/4012 4032/4032/4032 4013/4013/4013
f 4012/4012/4012 4031/4031/4031 4032/4032/4032
f 4013/4013/4013 4033/4033/4033 4014/4014/4014
f 4013/4013/4013 4032/4032/4032 4033/4033/4033
f 4014/4014/4014 4034/4034/4034 4015/4015/4015
f 4014/4014/4014 4033/4033/4033 4034/4034/4034
f 4015/4015/4015 4035/4035/4035 4016/4016/4016
f 4015/4015/4015 4034/4034/4034 4035/4035/4035
f 4016/4016/4016 4036/4036/4036 4017/4017/4017
f 4016/4016/4016 4035/4035/4035 4036/4036/4036
f 4017/4017/4017 4037/4037/4037 4018/4018/4018
f 4017/4017/4017 4036/4036/4036 4037/4037/4037
f 4018/4018/4018 4038/4038/4038 4019/4019/4019
f 4018/4018/4018 4037/4037/4037 4038/4038/4038
f 4019/4019/4019 4039/4039/4039 4020/4020/4020
f 4019/4019/4019 4038/4038/4038 4039/4039/4039
f 4020/4020/4020 4040/4040/4040 4021/4021/4021
f 4020/4020/4020 4039/4039/4039 4040/4040/4040
f 4021/4021/4021 4041/4041/4041 4022/4022/4022
f 4021/4021/4021 4040/4040/4040 4041/4041/4041
f 4022/4022/4022 4042/4042/4042 4023/4023/4023
f 4022/4022/4022 4041/4041/4041 4042/4042/4042
f 4023/4023/4023 4043/4043/4043 4024/4024/4024
f 4023/4023/4023 4042/4042/4042 4043/4043/4043
f 4024/4024/4024 4044/4044/4044 4025/4025/4025
f 4024/4024/4024 4043/4043/4043 4044/4044/4044
f 4026/4026/4026 4046/4046/4046 4027/4027/4027
f 4026/4026/4026 4045/4045/4045 4046/4046/4046
f 4027/4027/4027 4047/4047/4047 4028/4028/4028
f 4027/4027/4027 4046/4046/4046 4047/4047/4047
f 4028/4028/4028 4048/4048/4048 4029/4029/4029
f 4028/4028/4028 4047/4047/4047 4048/4048/4048
f 4029/4029/4029 4049/4049/4049 4030/4030/4030
f 4029/4029/4029 4048/4048/4048 4049/4049/4049
f 4030/4030/4030 4050/4050/4050 4031/4031/4031
f 4030/4030/4030 4049/4049/4049 4050/4050/4050
f 4031/4031/4031 4051/4051/4051 4032/4032/4032
f 4031/4031/4031 4050/4050/4050 4051/4051/4051
f 4032/4032/4032 4052/4052/4052 4033/4033/4033
f 4032/4032/4032 4051/4051/4051 4052/4052/4052
f 4033/4033/4033 4053/4053/4053 4034/4034/4034
f 4033/4033/4033 4052/4052/4052 4053/4053/4053
f 4034/4034/4034 4054/4054/4054 4035/4035/4035
f 4034/4034/4034 4053/4053/4053 4054/4054/4054
f 4035/4035/4035 4055/4055/4055 4036/4036/4036
f 4035/4035/4035 4054/4054/4054 4055/4055/4055
f 4036/4036/4036 4056/4056/4056 4037/4037/4037
f 4036/4036/4036 4055/4055/4055 4056/4056/4056
f 4037/4037/4037 4057/4057/4057 4038/4038/4038
f 4037/4037/4037 4056/4056/4056 4057/4057/4057
f 4038/4038/4038 4058/4058/4058 4039/4039/4039
f 4038/4038/4038 4057/4057/4057 4058/4058/4058
f 4039/4039/4039 4059/4059/4059 4040/4040/4040
f 4039/4039/4039 4058/4058/4058 4059/4059/4059
f 4040/4040/4040 4060/4060/4060 4041/4041/4041
f 4040/4040/4040 4059/4059/4059 4060/4060/4060
f 4041/4041/4041 4061/4061/4061 4042/4042/4042
f 4041/4041/4041 4060/4060/4060 4061/4061/4061
f 4042/4042/4042 4062/4062/4062 4043/4043/4043
f 4042/4042/4042 4061/4061/4061 4062/4062/4062
f 4043/4043/4043 4063/4063/4063 4044/4044/4044
f 4043/4043/4043 4062/4062/4062 4063/4063/4063
f 4045/4045/4045 4065/4065/4065 4046/4046/4046
f 4045/4045/4045 4064/4064/4064 4065/4065/4065
f 4046/4046/4046 4066/4066/4066 4047/4047/4047
f 4046/4046/4046 4065/4065/4065 4066/4066/4066
f 4047/4047/4047 4067/4067/4067 4048/4048/4048
f 4047/4047/4047 4066/4066/4066 4067/4067/4067
f 4048/4048/4048 4068/4068/4068 4049/4049/4049
f 4048/4048/4048 4067/4067/4067 4068/4068/4068
f 4049/4049/4049 4069/4069/4069 4050/4050/4050
f 4049/4049/4049 4068/4068/4068 4069/4069/4069
f 4050/4050/4050 4070/4070/4070 4051/4051/4051
f 4050/4050/4050 4069/4069/4069 4070/4070/4070
f 4051/4051/4051 4071/4071/4071 4052/4052/4052
f 4051/4051/4051 4070/4070/4070 4071/4071/4071
f 4052/4052/4052 4072/4072/4072 4053/4053/4053
f 4052/4052/4052 4071/4071/4071 4072/4072/4072
f 4053/4053/4053 4073/4073/4073 4054/4054/4054
f 4053/4053/4053 4072/4072/4072 4073/4073/4073
f 4054/4054/4054 4074/4074/4074 4055/4055/4055
f 4054/4054/4054 4073/4073/4073 4074/4074/4074
f 4055/4055/4055 4075/4075/4075 4056/4056/4056
f 4055/4055/4055 4074/4074/4074 4075/4075/4075
f 4056/4056/4056 4076/4076/4076 4057/4057/4057
f 4056/4056/4056 4075/4075/4075 4076/4076/4076
f 4057/4057/4057 4077/4077/4077 4058/4058/4058
f 4057/4057/4057 4076/4076/4076 4077/4077/4077
f 4058/4058/4058 4078/4078/4078 4059/4059/4059
f 4058/4058/4058 4077/4077/4077 4078/4078/4078
f 4059/4059/4059 4079/4079/4079 4060/4060/4060
f 4059/4059/4059 4078/4078/4078 4079/4079/4079
f 4060/4060/4060 4080/4080/4080 4061/4061/4061
f 4060/4060/4060 4079/4079/4079 4080/4080/4080
f 4061/4061/4061 4081/4081/4081 4062/4062/4062
f 4061/4061/4061 4080/4080/4080 4081/4081/4081
f 4062/4062/4062 4082/4082/4082 4063/4063/4063
f 4062/4062/4062 4081/4081/4081 4082/4082/4082
f 4064/4064/4064 4084/4084/4084 4065/4065/4065
f 4064/4064/4064 4083/4083/4083 4084/4084/4084
f 4065/4065/4065 4085/4085/4085 4066/4066/4066
f 4065/4065/4065 4084/4084/4084 4085/4085/4085
f 4066/4066/4066 4086/4086/4086 4067/4067/4067
f 4066/4066/4066 4085/4085/4085 4086/4086/4086
f 4067/4067/4067 4087/4087/4087 4068/4068/4068
f 4067/4067/4067 4086/4086/4086 4087/4087/4087
f 4068/4068/4068 4088/4088/4088 4069/4069/4069
f 4068/4068/4068 4087/4087/4087 4088/4088/4088
f 4069/4069/4069 4089/4089/4089 4070/4070/4070
f 4069/4069/4069 4088/4088/4088 4089/4089/4089
f 4070/4070/4070 4090/4090/4090 4071/4071/4071
f 4070/4070/4070 4089/4089/4089 4090/4090/4090
f 4071/4071/4071 4091/4091/4091 4072/4072/4072
f 4071/4071/4071 4090/4090/4090 4091/4091/4091
f 4072/4072/4072 4092/4092/4092 4073/4073/4073
f 4072/4072/4072 4091/4091/4091 4092/4092/4092
f 4073/4073/4073 4093/4093/4093 4074/4074/4074
f 4073/4073/4073 4092/4092/4092 4093/4093/4093
f 4074/4074/4074 4094/4094/4094 4075/4075/4075
f 4074/4074/4074 4093/4093/4093 4094/4094/4094
f 4075/4075/4075 4095/4095/4095 4076/4076/4076
f 4075/4075/4075 4094/4094/4094 4095/4095/4095
f 4076/4076/4076 4096/4096/4096 4077/4077/4077
f 4076/4076/4076 4095/4095/4095 4096/4096/4096
f 4077/4077/4077 4097/4097/4097 4078/4078/4078
f 4077/4077/4077 4096/4096/4096 4097/4097/4097
f 4078/4078/4078 4098/4098/4098 4079/4079/4079
f 4078/4078/4078 4097/4097/4097 4098/4098/4098
f 4079/4079/4079 4099/4099/4099 4080/4080/4080
f 4079/4079/4079 4098/4098/4098 4099/4099/4099
f 4080/4080/4080 4100/4100/4100 4081/4081/4081
f 4080/4080/4080 4099/4099/4099 4100/4100/4100
f 4081/4081/4081 4101/4101/4101 4082/4082/4082
f 4081/4081/4081 4100/4100/4100 4101/4101/4101
f 4083/4083/4083 4103/4103/4103 4084/4084/4084
f 4083/4083/4083 4102/4102/4102 4103/4103/4103
f 4084/4084/4084 4104/4104/4104 4085/4085/4085
f 4084/4084/4084 4103/4103/4103 4104/4104/4104
f 4085/4085/4085 4105/4105/4105 4086/4086/4086
f 4085/4085/4085 4104/4104/4104 4105/4105/4105
f 4086/4086/4086 4106/4106/4106 4087/4087/4087
f 4086/4086/4086 4105/4105/4105 4106/4106/4106
f 4087/4087/4087 4107/4107/4107 4088/4088/4088
f 4087/4087/4087 4106/4106/4106 4107/4107/4107
f 4088/4088/4088 4108/4108/4108 4089/4089/4089
f 4088/4088/4088 4107/4107/4107 4108/4108/4108
f 4089/4089/4089 4109/4109/4109 4090/4090/4090
f 4089/4089/4089 4108/4108/4108 4109/4109/4109
f 4090/4090/4090 4110/4110/4110 4091/4091/4091
f 4090/4090/4090 4109/4109/4109 4110/4110/4110
f 4091/4091/4091 4111/4111/4111 4092/4092/4092
f 4091/4091/4091 4110/4110/4110 4111/4111/4111
f 4092/4092/4092 4112/4112/4112 4093/4093/4093
f 4092/4092/4092 4111/4111/4111 4112/4112/4112
f 4093/4093/4093 4113/4113/4113 4094/4094/4094
f 4093/4093/4093 4112/4112/4112 4113/4113/4113
f 4094/4094/4094 4114/4114/4114 4095/4095/4095
f 4094/4094/4094 4113/4113/4113 4114/4114/4114
f 4095/4095/4095 4115/4115/4115 4096/4096/4096
f 4095/4095/4095 4114/4114/4114 4115/4115/4115
f 4096/4096/4096 4116/4116/4116 4097/4097/4097
f 4096/4096/4096 4115/4115/4115 4116/4116/4116
f 4097/4097/4097 4117/4117/4117 4098/4098/4098
f 4097/4097/4097 4116/4116/4116 4117/4117/4117
f 4098/4098/4098 4118/4118/4118 4099/4099/4099
f 4098/4098/4098 4117/4117/4117 4118/4118/4118
f 4099/4099/4099 4119/4119/4119 4100/4100/4100
f 4099/4099/4099 4118/4118/4118 4119/4119/4119
f 4100/4100/4100 4120/4120/4120 4101/4101/4101
f 4100/4100/4100 4119/4119/4119 4120/4120/4120
f 4102/4102/4102 4122/4122/4122 4103/4103/4103
f 4102/4102/4102 4121/4121/4121 4122/4122/4122
f 4103/4103/4103 4123/4123/4123 4104/4104/4104
f 4103/4103/4103 4122/4122/4122 4123/4123/4123
f 4104/4104/4104 4124/4124/4124 4105/4105/4105
f 4104/4104/4104 4123/4123/4123 4124/4124/4124
f 4105/4105/4105 4125/4125/4125 4106/4106/4106
f 4105/4105/4105 4124/4124/4124 4125/4125/4125
f 4106/4106/4106 4126/4126/4126 4107/4107/4107
f 4106/4106/4106 4125/4125/4125 4126/4126/4126
f 4107/4107/4107 4127/4127/4127 4108/4108/4108
f 4107/4107/4107 4126/4126/4126 4127/4127/4127
f 4108/4108/4108 4128/4128/4128 4109/4109/4109
f 4108/4108/4108 4127/4127/4127 4128/4128/4128
f 4109/4109/4109 4129/4129/4129 4110/4110/4110
f 4109/4109/4109 4128/4128/4128 4129/4129/4129
f 4110/4110/4110 4130/4130/4130 4111/4111/4111
f 4110/4110/4110 4129/4129/4129 4130/4130/4130
f 4111/4111/4111 4131/4131/4131 4112/4112/4112
f 4111/4111/4111 4130/4130/4130 4131/4131/4131
f 4112/4112/4112 4132/4132/4132 4113/4113/4113
f 4112/4112/4112 4131/4131/4131 4132/4132/4132
f 4113/4113/4113 4133/4133/4133 4114/4114/4114
f 4113/4113/4113 4132/4132/4132 4133/4133/4133
f 4114/4114/4114 4134/4134/4134 4115/4115/4115
f 4114/4114/4114 4133/4133/4133 4134/4134/4134
f 4115/4115/4115 4135/4135/4135 4116/4116/4116
f 4115/4115/4115 4134/4134/4134 4135/4135/4135
f 4116/4116/4116 4136/4136/4136 4117/4117/4117
f 4116/4116/4116 4135/4135/4135 4136/4136/4136
f 4117/4117/4117 4137/4137/4137 4118/4118/4118
f 4117/4117/4117 4136/4136/4136 4137/4137/4137
f 4118/4118/4118 4138/4138/4138 4119/4119/4119
f 4118/4118/4118 4137/4137/4137 4138/4138/4138
f 4119/4119/4119 4139/4139/4139 4120/4120/4120
f 4119/4119/4119 4138/4138/4138 4139/4139/4139
f 4121/4121/4121 4141/4141/4141 4122/4122/4122
f 4121/4121/4121 4140/4140/4140 4141/4141/4141
f 4122/4122/4122 4142/4142/4142 4123/4123/4123
f 4122/4122/4122 4141/4141/4141 4142/4142/4142
f 4123/4123/4123 4143/4143/4143 4124/4124/4124
f 4123/4123/4123 4142/4142/4142 4143/4143/4143
f 4124/4124/4124 4144/4144/4144 4125/4125/4125
f 4124/4124/4124 4143/4143/4143 4144/4144/4144
f 4125/4125/4125 4145/4145/4145 4126/4126/4126
f 4125/4125/4125 4144/4144/4144 4145/4145/4145
f 4126/4126/4126 4146/4146/4146 4127/4127/4127
f 4126/4126/4126 4145/4145/4145 4146/4146/4146
f 4127/4127/4127 4147/4147/4147 4128/4128/4128
f 4127/4127/4127 4146/4146/4146 4147/4147/4147
f 4128/4128/4128 4148/4148/4148 4129/4129/4129
f 4128/4128/4128 4147/4147/4147 4148/4148/4148
f 4129/4129/4129 4149/4149/4149 4130/4130/4130
f 4129/4129/4129 4148/4148/4148 4149/4149/4149
f 4130/4130/4130 4150/4150/4150 4131/4131/4131
f 4130/4130/4130 4149/4149/4149 4150/4150/4150
f 4131/4131/4131 4151/4151/4151 4132/4132/4132
f 4131/4131/4131 4150/4150/4150 4151/4151/4151
f 4132/4132/4132 4152/4152/4152 4133/4133/4133
f 4132/4132/4132 4151/4151/4151 4152/4152/4152
f 4133/4133/4133 4153/4153/4153 4134/4134/4134
f 4133/4133/4133 4152/4152/4152 4153/4153/4153
f 4134/4134/4134 4154/4154/4154 4135/4135/4135
f 4134/4134/4134 4153/4153/4153 4154/4154/4154
f 4135/4135/4135 4155/4155/4155 4136/4136/4136
f 4135/4135/4135 4154/4154/4154 4155/4155/4155
f 4136/4136/4136 4156/4156/4156 4137/4137/4137
f 4136/4136/4136 4155/4155/4155 4156/4156/4156
f 4137/4137/4137 4157/4157/4157 4138/4138/4138
f 4137/4137/4137 4156/4156/4156 4157/4157/4157
f 4138/4138/4138 4158/4158/4158 4139/4139/4139
f 4138/4138/4138 4157/4157/4157 4158/4158/4158
f 4140/4140/4140 4160/4160/4160 4141/4141/4141
f 4140/4140/4140 4159/4159/4159 4160/4160/4160
f 4141/4141/4141 4161/4161/4161 4142/4142/4142
f 4141/4141/4141 4160/4160/4160 4161/4161/4161
f 4142/4142/4142 4162/4162/4162 4143/4143/4143
f 4142/4142/4142 4161/4161/4161 4162/4162/4162
f 4143/4143/4143 4163/4163/4163 4144/4144/4144
f 4143/4143/4143 4162/4162/4162 4163/4163/4163
f 4144/4144/4144 4164/4164/4164 4145/4145/4145
f 4144/4144/4144 4163/4163/4163 4164/4164/4164
f 4145/4145/4145 4165/4165/4165 4146/4146/4146
f 4145/4145/4145 4164/4164/4164 4165/4165/4165
f 4146/4146/4146 4166/4166/4166 4147/4147/4147
f 4146/4146/4146 4165/4165/4165 4166/4166/4166
f 4147/4147/4147 4167/4167/4167 4148/4148/4148
f 4147/4147/4147 4166/4166/4166 4167/4167/4167
f 4148/4148/4148 4168/4168/4168 4149/4149/4149
f 4148/4148/4148 4167/4167/4167 4168/4168/4168
f 4149/4149/4149 4169/4169/4169 4150/4150/4150
f 4149/4149/4149 4168/4168/4168 4169/4169/4169
f 4150/4150/4150 4170/4170/4170 4151/4151/4151
f 4150/4150/4150 4169/4169/4169 4170/4170/4170
f 4151/4151/4151 4171/4171/4171 4152/4152/4152
f 4151/4151/4151 4170/4170/4170 4171/4171/4171
f 4152/4152/4152 4172/4172/4172 4153/4153/4153
f 4152/4152/4152 4171/4171/4171 4172/4172/4172
f 4153/4153/4153 4173/4173/4173 4154/4154/4154
f 4153/4153/4153 4172/4172/4172 4173/4173/4173
f 4154/4154/4154 4174/4174/4174 4155/4155/4155
f 4154/4154/4154 4173/4173/4173 4174/4174/4174
f 4155/4155/4155 4175/4175/4175 4156/4156/4156
f 4155/4155/4155 4174/4174/4174 4175/4175/4175
f 4156/4156/4156 4176/4176/4176 4157/4157/4157
f 4156/4156/4156 4175/4175/4175 4176/4176/4176
f 4157/4157/4157 4177/4177/4177 4158/4158/4158
f 4157/4157/4157 4176/4176/4176 4177/4177/4177
f 4159/4159/4159 4179/4179/4179 4160/4160/4160
f 4159/4159/4159 4178/4178/4178 4179/4179/4179
f 4160/4160/4160 4180/4180/4180 4161/4161/4161
f 4160/4160/4160 4179/4179/4179 4180/4180/4180
f 4161/4161/4161 4181/4181/4181 4162/4162/4162
f 4161/4161/4161 4180/4180/4180 4181/4181/4181
f 4162/4162/4162 4182/4182/4182 4163/4163/4163
f 4162/4162/4162 4181/4181/4181 4182/4182/4182
f 4163/4163/4163 4183/4183/4183 4164/4164/4164
f 4163/4163/4163 4182/4182/4182 4183/4183/4183
f 4164/4164/4164 4184/4184/4184 4165/4165/4165
f 4164/4164/4164 4183/4183/4183 4184/4184/4184
f 4165/4165/4165 4185/4185/4185 4166/4166/4166
f 4165/4165/4165 4184/4184/4184 4185/4185/4185
f 4166/4166/4166 4186/4186/4186 4167/4167/4167
f 4166/4166/4166 4185/4185/4185 4186/4186/4186
f 4167/4167/4167 4187/4187/4187 4168/4168/4168
f 4167/4167/4167 4186/4186/4186 4187/4187/4187
f 4168/4168/4168 4188/4188/4188 4169/4169/4169
f 4168/4168/4168 4187/4187/4187 4188/4188/4188
f 4169/4169/4169 4189/4189/4189 4170/4170/4170
f 4169/4169/4169 4188/4188/4188 4189/4189/4189
f 4170/4170/4170 4190/4190/4190 4171/4171/4171
f 4170/4170/4170 4189/4189/4189 4190/4190/4190
f 4171/4171/4171 4191/4191/4191 4172/4172/4172
f 4171/4171/4171 4190/4190/4190 4191/4191/4191
f 4172/4172/4172 4192/4192/4192 4173/4173/4173
f 4172/4172/4172 4191/4191/4191 4192/4192/4192
f 4173/4173/4173 4193/4193/4193 4174/4174/4174
f 4173/4173/4173 4192/4192/4192 4193/4193/4193
f 4174/4174/4174 4194/4194/4194 4175/4175/4175
f 4174/4174/4174 4193/4193/4193 4194/4194/4194
f 4175/4175/4175 4195/4195/4195 4176/4176/4176
f 4175/4175/4175 4194/4194/4194 4195/4195/4195
f 4176/4176/4176 4196/4196/4196 4177/4177/4177
f 4176/4176/4176 4195/4195/4195 4196/4196/4196
f 4178/4178/4178 4198/4198/4198 4179/4179/4179
f 4178/4178/4178 4197/4197/4197 4198/4198/4198
f 4179/4179/4179 4199/4199/4199 4180/4180/4180
f 4179/4179/4179 4198/4198/4198 4199/4199/4199
f 4180/4180/4180 4200/4200/4200 4181/4181/4181
f 4180/4180/4180 4199/4199/4199 4200/4200/4200
f 4181/4181/4181 4201/4201/4201 4182/4182/4182
f 4181/4181/4181 4200/4200/4200 4201/4201/4201
f 4182/4182/4182 4202/4202/4202 4183/4183/4183
f 4182/4182/4182 4201/4201/4201 4202/4202/4202
f 4183/4183/4183 4203/4203/4203 4184/4184/4184
f 4183/4183/4183 4202/4202/4202 4203/4203/4203
f 4184/4184/4184 4204/4204/4204 4185/4185/4185
f 4184/4184/4184 4203/4203/4203 4204/4204/4204
f 4185/4185/4185 4205/4205/4205 4186/4186/4186
f 4185/4185/4185 4204/4204/4204 4205/4205/4205
f 4186/4186/4186 4206/4206/4206 4187/4187/4187
f 4186/4186/4186 4205/4205/4205 4206/4206/4206
f 4187/4187/4187 4207/4207/4207 4188/4188/4188
f 4187/4187/4187 4206/4206/4206 4207/4207/4207
f 4188/4188/4188 4208/4208/4208 4189/4189/4189
f 4188/4188/4188 4207/4207/4207 4208/4208/4208
f 4189/4189/4189 4209/4209/4209 4190/4190/4190
f 4189/4189/4189 4208/4208/4208 4209/4209/4209
f 4190/4190/4190 4210/4210/4210 4191/4191/4191
f 4190/4190/4190 4209/4209/4209 4210/4210/4210
f 4191/4191/4191 4211/4211/4211 4192/4192/4192
f 4191/4191/4191 4210/4210/4210 4211/4211/4211
f 4192/4192/4192 4212/4212/4212 4193/4193/4193
f 4192/4192/4192 4211/4211/4211 4212/4212/4212
f 4193/4193/4193 4213/4213/4213 4194/4194/4194
f 4193/4193/4193 4212/4212/4212 4213/4213/4213
f 4194/4194/4194 4214/4214/4214 4195/4195/4195
f 4194/4194/4194 4213/4213/4213 4214/4214/4214
f 4195/4195/4195 4215/4215/4215 4196/4196/4196
f 4195/4195/4195 4214/4214/4214 4215/4215/4215
f 4197/4197/4197 4217/4217/4217 4198/4198/4198
f 4197/4197/4197 4216/4216/4216 4217/4217/4217
f 4198/4198/4198 4218/4218/4218 4199/4199/4199
f 4198/4198/4198 4217/4217/4217 4218/4218/4218
f 4199/4199/4199 4219/4219/4219 4200/4200/4200
f 4199/4199/4199 4218/4218/4218 4219/4219/4219
f 4200/4200/4200 4220/4220/4220 4201/4201/4201
f 4200/4200/4200 4219/4219/4219 4220/4220/4220
f 4201/4201/4201 4221/4221/4221 4202/4202/4202
f 4201/4201/4201 4220/4220/4220 4221/4221/4221
f 4202/4202/4202 4222/4222/4222 4203/4203/4203
f 4202/4202/4202 4221/4221/4221 4222/4222/4222
f 4203/4203/4203 4223/4223/4223 4204/4204/4204
f 4203/4203/4203 4222/4222/4222 4223/4223/4223
f 4204/4204/4204 4224/4224/4224 4205/4205/4205
f 4204/4204/4204 4223/4223/4223 4224/4224/4224
f 4205/4205/4205 4225/4225/4225 4206/4206/4206
f 4205/4205/4205 4224/4224/4224 4225/4225/4225
f 4206/4206/4206 4226/4226/4226 4207/4207/4207
f 4206/4206/4206 4225/4225/4225 4226/4226/4226
f 4207/4207/4207 4227/4227/4227 4208/4208/4208
f 4207/4207/4207 4226/4226/4226 4227/4227/4227
f 4208/4208/4208 4228/4228/4228 4209/4209/4209
f 4208/4208/4208 4227/4227/4227 4228/4228/4228
f 4209/4209/4209 4229/4229/4229 4210/4210/4210
f 4209/4209/4209 4228/4228/4228 4229/4229/4229
f 4210/4210/4210 4230/4230/4230 4211/4211/4211
f 4210/4210/4210 4229/4229/4229 4230/4230/4230
f 4211/4211/4211 4231/4231/4231 4212/4212/4212
f 4211/4211/4211 4230/4230/4230 4231/4231/4231
f 4212/4212/4212 4232/4232/4232 4213/4213/4213
f 4212/4212/4212 4231/4231/4231 4232/4232/4232
f 4213/4213/4213 4233/4233/4233 4214/4214/4214
f 4213/4213/4213 4232/4232/4232 4233/4233/4233
f 4214/4214/4214 4234/4234/4234 4215/4215/4215
f 4214/4214/4214 4233/4233/4233 4234/4234/4234
f 4216/4216/4216 4236/4236/4236 4217/4217/4217
f 4216/4216/4216 4235/4235/4235 4236/4236/4236
f 4217/4217/4217 4237/4237/4237 4218/4218/4218
f 4217/4217/4217 4236/4236/4236 4237/4237/4237
f 4218/4218/4218 4238/4238/4238 4219/4219/4219
f 4218/4218/4218 4237/4237/4237 4238/4238/4238
f 4219/4219/4219 4239/4239/4239 4220/4220/4220
f 4219/4219/4219 4238/4238/4238 4239/4239/4239
f 4220/4220/4220 4240/4240/4240 4221/4221/4221
f 4220/4220/4220 4239/4239/4239 4240/4240/4240
f 4221/4221/4221 4241/4241/4241 4222/4222/4222
f 4221/4221/4221 4240/4240/4240 4241/4241/4241
f 4222/4222/4222 4242/4242/4242 4223/4223/4223
f 4222/4222/4222 4241/4241/4241 4242/4242/4242
f 4223/4223/4223 4243/4243/4243 4224/4224/4224
f 4223/4223/4223 4242/4242/4242 4243/4243/4243
f 4224/4224/4224 4244/4244/4244 4225/4225/4225
f 4224/4224/4224 4243/4243/4243 4244/4244/4244
f 4225/4225/4225 4245/4245/4245 4226/4226/4226
f 4225/4225/4225 4244/4244/4244 4245/4245/4245
f 4226/4226/4226 4246/4246/4246 4227/4227/4227
f 4226/4226/4226 4245/4245/4245 4246/4246/4246
f 4227/4227/4227 4247/4247/4247 4228/4228/4228
f 4227/4227/4227 4246/4246/4246 4247/4247/4247
f 4228/4228/4228 4248/4248/4248 4229/4229/4229
f 4228/4228/4228 4247/4247/4247 4248/4248/4248
f 4229/4229/4229 4249/4249/4249 4230/4230/4230
f 4229/4229/4229 4248/4248/4248 4249/4249/4249
f 4230/4230/4230 4250/4250/4250 4231/4231/4231
f 4230/4230/4230 4249/4249/4249 4250/4250/4250
f 4231/4231/4231 4251/4251/4251 4232/4232/4232
f 4231/4231/4231 4250/4250/4250 4251/4251/4251
f 4232/4232/4232 4252/4252/4252 4233/4233/4233
f 4232/4232/4232 4251/4251/4251 4252/4252/4252
f 4233/4233/4233 4253/4253/4253 4234/4234/4234
f 4233/4233/4233 4252/4252/4252 4253/4253/4253
f 4254/4254/4254 4255/4255/4255 4256/4256/4256
f 4254/4254/4254 4256/4256/4256 4257/4257/4257
f 4254/4254/4254 4257/4257/4257 4258/4258/4258
f 4254/4254/4254 4258/4258/4258 4259/4259/4259
f 4254/4254/4254 4259/4259/4259 4260/4260/4260
f 4254/4254/4254 4260/4260/4260 4261/4261/4261
f 4254/4254/4254 4261/4261/4261 4262/4262/4262
f 4254/4254/4254 4262/4262/4262 4263/4263/4263
f 4254/4254/4254 4263/4263/4263 4264/4264/4264
f 4254/4254/4254 4264/4264/4264 4265/4265/4265
f 4254/4254/4254 4265/4265/4265 4266/4266/4266
f 4254/4254/4254 4266/4266/4266 4267/4267/4267
f 4254/4254/4254 4267/4267/4267 4268/4268/4268
f 4254/4254/4254 4268/4268/4268 4269/4269/4269
f 4254/4254/4254 4269/4269/4269 4270/4270/4270
f 4254/4254/4254 4270/4270/4270 4271/4271/4271
f 4254/4254/4254 4271/4271/4271 4272/4272/4272
f 4254/4254/4254 4272/4272/4272 4273/4273/4273
f 4274/4274/4274 4276/4276/4276 4275/4275/4275
f 4274/4274/4274 4277/4277/4277 4276/4276/4276
f 4274/4274/4274 4278/4278/4278 4277/4277/4277
f 4274/4274/4274 4279/4279/4279 4278/4278/4278
f 4274/4274/4274 4280/4280/4280 4279/4279/4279
f 4274/4274/4274 4281/4281/4281 4280/4280/4280
f 4274/4274/4274 4282/4282/4282 4281/4281/4281
f 4274/4274/4274 4283/4283/4283 4282/4282/4282
f 4274/4274/4274 4284/4284/4284 4283/4283/4283
f 4274/4274/4274 4285/4285/4285 4284/4284/4284
f 4274/4274/4274 4286/4286/4286 4285/4285/4285
f 4274/4274/4274 4287/4287/4287 4286/4286/4286
f 4274/4274/4274 4288/4288/4288 4287/4287/4287
f 4274/4274/4274 4289/4289/4289 4288/4288/4288
f 4274/4274/4274 4290/4290/4290 4289/4289/4289
f 4274/4274/4274 4291/4291/4291 4290/4290/4290
f 4274/4274/4274 4292/4292/4292 4291/4291/4291
f 4274/4274/4274 4293/4293/4293 4292/4292/4292
f 4294/4294/4294 4295/4295/4295 4314/4314/4314
f 4294/4294/4294 4314/4314/4314 4313/4313/4313
f 4295/4295/4295 4296/4296/4296 4315/4315/4315
f 4295/4295/4295 4315/4315/4315 4314/4314/4314
f 4296/4296/4296 4297/4297/4297 4316/4316/4316
f 4296/4296/4296 4316/4316/4316 4315/4315/4315
f 4297/4297/4297 4298/4298/4298 4317/4317/4317
f 4297/4297/4297 4317/4317/4317 4316/4316/4316
f 4298/4298/4298 4299/4299/4299 4318/4318/4318
f 4298/4298/4298 4318/4318/4318 4317/4317/4317
f 4299/4299/4299 4300/4300/4300 4319/4319/4319
f 4299/4299/4299 4319/4319/4319 4318/4318/4318
f 4300/4300/4300 4301/4301/4301 4320/4320/4320
f 4300/4300/4300 4320/4320/4320 4319/4319/4319
f 4301/4301/4301 4302/4302/4302 4321/4321/4321
f 4301/4301/4301 4321/4321/4321 4320/4320/4320
f 4302/4302/4302 4303/4303/4303 4322/4322/4322
f 4302/4302/4302 4322/4322/4322 4321/4321/4321
f 4303/4303/4303 4304/4304/4304 4323/4323/4323
f 4303/4303/4303 4323/4323/4323 4322/4322/4322
f 4304/4304/4304 4305/4305/4305 4324/4324/4324
f 4304/4304/4304 4324/4324/4324 4323/4323/4323
f 4305/4305/4305 4306/4306/4306 4325/4325/4325
f 4305/4305/4305 4325/4325/4325 4324/4324/4324
f 4306/4306/4306 4307/4307/4307 4326/4326/4326
f 4306/4306/4306 4326/4326/4326 4325/4325/4325
f 4307/4307/4307 4308/4308/4308 4327/4327/4327
f 4307/4307/4307 4327/4327/4327 4326/4326/4326
f 4308/4308/4308 4309/4309/4309 4328/4328/4328
f 4308/4308/4308 4328/4328/4328 4327/4327/4327
f 4309/4309/4309 4310/4310/4310 4329/4329/4329
f 4309/4309/4309 4329/4329/4329 4328/4328/4328
f 4310/4310/4310 4311/4311/4311 4330/4330/4330
f 4310/4310/4310 4330/4330/4330 4329/4329/4329
f 4311/4311/4311 4312/4312/4312 4331/4331/4331
f 4311/4311/4311 4331/4331/4331 4330/4330/4330
f 4313/4313/4313 4314/4314/4314 4333/4333/4333
f 4313/4313/4313 4333/4333/4333 4332/4332/4332
f 4314/4314/4314 4315/4315/4315 4334/4334/4334
f 4314/4314/4314 4334/4334/4334 4333/4333/4333
f 4315/4315/4315 4316/4316/4316 4335/4335/4335
f 4315/4315/4315 4335/4335/4335 4334/4334/4334
f 4316/4316/4316 4317/4317/4317 4336/4336/4336
f 4316/4316/4316 4336/4336/4336 4335/4335/4335
f 4317/4317/4317 4318/4318/4318 4337/4337/4337
f 4317/4317/4317 4337/4337/4337 4336/4336/4336
f 4318/4318/4318 4319/4319/4319 4338/4338/4338
f 4318/4318/4318 4338/4338/4338 4337/4337/4337
f 4319/4319/4319 4320/4320/4320 4339/4339/4339
f 4319/4319/4319 4339/4339/4339 4338/4338/4338
f 4320/4320/4320 4321/4321/4321 4340/4340/4340
f 4320/4320/4320 4340/4340/4340 4339/4339/4339
f 4321/4321/4321 4322/4322/4322 4341/4341/4341
f 4321/4321/4321 4341/4341/4341 4340/4340/4340
f 4322/4322/4322 4323/4323/4323 4342/4342/4342
f 4322/4322/4322 4342/4342/4342 4341/4341/4341
f 4323/4323/4323 4324/4324/4324 4343/4343/4343
f 4323/4323/4323 4343/4343/4343 4342/4342/4342
f 4324/4324/4324 4325/4325/4325 4344/4344/4344
f 4324/4324/4324 4344/4344/4344 4343/4343/4343
f 4325/4325/4325 4326/4326/4326 4345/4345/4345
f 4325/4325/4325 4345/4345/4345 4344/4344/4344
f 4326/4326/4326 4327/4327/4327 4346/4346/4346
f 4326/4326/4326 4346/4346/4346 4345/4345/4345
f 4327/4327/4327 4328/4328/4328 4347/4347/4347
f 4327/4327/4327 4347/4347/4347 4346/4346/4346
f 4328/4328/4328 4329/4329/4329 4348/4348/4348
f 4328/4328/4328 4348/4348/4348 4347/4347/4347
f 4329/4329/4329 4330/4330/4330 4349/4349/4349
f 4329/4329/4329 4349/4349/4349 4348/4348/4348
f 4330/4330/4330 4331/4331/4331 4350/4350/4350
f 4330/4330/4330 4350/4350/4350 4349/4349/4349
f 4332/4332/4332 4333/4333/4333 4352/4352/4352
f 4332/4332/4332 4352/4352/4352 4351/4351/4351
f 4333/4333/4333 4334/4334/4334 4353/4353/4353
f 4333/4333/4333 4353/4353/4353 4352/4352/4352
f 4334/4334/4334 4335/4335/4335 4354/4354/4354
f 4334/4334/4334 4354/4354/4354 4353/4353/4353
f 4335/4335/4335 4336/4336/4336 4355/4355/4355
f 4335/4335/4335 4355/4355/4355 4354/4354/4354
f 4336/4336/4336 4337/4337/4337 4356/4356/4356
f 4336/4336/4336 4356/4356/4356 4355/4355/4355
f 4337/4337/4337 4338/4338/4338 4357/4357/4357
f 4337/4337/4337 4357/4357/4357 4356/4356/4356
f 4338/4338/4338 4339/4339/4339 4358/4358/4358
f 4338/4338/4338 4358/4358/4358 4357/4357/4357
f 4339/4339/4339 4340/4340/4340 4359/4359/4359
f 4339/4339/4339 4359/4359/4359 4358/4358/4358
f 4340/4340/4340 4341/4341/4341 4360/4360/4360
f 4340/4340/4340 4360/4360/4360 4359/4359/4359
f 4341/4341/4341 4342/4342/4342 4361/4361/4361
f 4341/4341/4341 4361/4361/4361 4360/4360/4360
f 4342/4342/4342 4343/4343/4343 4362/4362/4362
f 4342/4342/4342 4362/4362/4362 4361/4361/4361
f 4343/4343/4343 4344/4344/4344 4363/4363/4363
f 4343/4343/4343 4363/4363/4363 4362/4362/4362
f 4344/4344/4344 4345/4345/4345 4364/4364/4364
f 4344/4344/4344 4364/4364/4364 4363/4363/4363
f 4345/4345/4345 4346/4346/4346 4365/4365/4365
f 4345/4345/4345 4365/4365/4365 4364/4364/4364
f 4346/4346/4346 4347/4347/4347 4366/4366/4366
f 4346/4346/4346 4366/4366/4366 4365/4365/4365
f 4347/4347/4347 4348/4348/4348 4367/4367/4367
f 4347/4347/4347 4367/4367/4367 4366/4366/4366
f 4348/4348/4348 4349/4349/4349 4368/4368/4368
f 4348/4348/4348 4368/4368/4368 4367/4367/4367
f 4349/4349/4349 4350/4350/4350 4369/4369/4369
f 4349/4349/4349 4369/4369/4369 4368/4368/4368
f 4351/4351/4351 4352/4352/4352 4371/4371/4371
f 4351/4351/4351 4371/4371/4371 4370/4370/4370
f 4352/4352/4352 4353/4353/4353 4372/4372/4372
f 4352/4352/4352 4372/4372/4372 4371/4371/4371
f 4353/4353/4353 4354/4354/4354 4373/4373/4373
f 4353/4353/4353 4373/4373/4373 4372/4372/4372
f 4354/4354/4354 4355/4355/4355 4374/4374/4374
f 4354/4354/4354 4374/4374/4374 4373/4373/4373
f 4355/4355/4355 4356/4356/4356 4375/4375/4375
f 4355/4355/4355 4375/4375/4375 4374/4374/4374
f 4356/4356/4356 4357/4357/4357 4376/4376/4376
f 4356/4356/4356 4376/4376/4376 4375/4375/4375
f 4357/4357/4357 4358/4358/4358 4377/4377/4377
f 4357/4357/4357 4377/4377/4377 4376/4376/4376
f 4358/4358/4358 4359/4359/4359 4378/4378/4378
f 4358/4358/4358 4378/4378/4378 4377/4377/4377
f 4359/4359/4359 4360/4360/4360 4379/4379/4379
f 4359/4359/4359 4379/4379/4379 4378/4378/4378
f 4360/4360/4360 4361/4361/4361 4380/4380/4380
f 4360/4360/4360 4380/4380/4380 4379/4379/4379
f 4361/4361/4361 4362/4362/4362 4381/4381/4381
f 4361/4361/4361 4381/4381/4381 4380/4380/4380
f 4362/4362/4362 4363/4363/4363 4382/4382/4382
f 4362/4362/4362 4382/4382/4382 4381/4381/4381
f 4363/4363/4363 4364/4364/4364 4383/4383/4383
f 4363/4363/4363 4383/4383/4383 4382/4382/4382
f 4364/4364/4364 4365/4365/4365 4384/4384/4384
f 4364/4364/4364 4384/4384/4384 4383/4383/4383
f 4365/4365/4365 4366/4366/4366 4385/4385/4385
f 4365/4365/4365 4385/4385/4385 4384/4384/4384
f 4366/4366/4366 4367/4367/4367 4386/4386/4386
f 4366/4366/4366 4386/4386/4386 4385/4385/4385
f 4367/4367/4367 4368/4368/4368 4387/4387/4387
f 4367/4367/4367 4387/4387/4387 4386/4386/4386
f 4368/4368/4368 4369/4369/4369 4388/4388/4388
f 4368/4368/4368 4388/4388/4388 4387/4387/4387
f 4370/4370/4370 4371/4371/4371 4390/4390/4390
f 4370/4370/4370 4390/4390/4390 4389/4389/4389
f 4371/4371/4371 4372/4372/4372 4391/4391/4391
f 4371/4371/4371 4391/4391/4391 4390/4390/4390
f 4372/4372/4372 4373/4373/4373 4392/4392/4392
f 4372/4372/4372 4392/4392/4392 4391/4391/4391
f 4373/4373/4373 4374/4374/4374 4393/4393/4393
f 4373/4373/4373 4393/4393/4393 4392/4392/4392
f 4374/4374/4374 4375/4375/4375 4394/4394/4394
f 4374/4374/4374 4394/4394/4394 4393/4393/4393
f 4375/4375/4375 4376/4376/4376 4395/4395/4395
f 4375/4375/4375 4395/4395/4395 4394/4394/4394
f 4376/4376/4376 4377/4377/4377 4396/4396/4396
f 4376/4376/4376 4396/4396/4396 4395/4395/4395
f 4377/4377/4377 4378/4378/4378 4397/4397/4397
f 4377/4377/4377 4397/4397/4397 4396/4396/4396
f 4378/4378/4378 4379/4379/4379 4398/4398/4398
f 4378/4378/4378 4398/4398/4398 4397/4397/4397
f 4379/4379/4379 4380/4380/4380 4399/4399/4399
f 4379/4379/4379 4399/4399/4399 4398/4398/4398
f 4380/4380/4380 4381/4381/4381 4400/4400/4400
f 4380/4380/4380 4400/4400/4400 4399/4399/4399
f 4381/4381/4381 4382/4382/4382 4401/4401/4401
f 4381/4381/4381 4401/4401/4401 4400/4400/4400
f 4382/4382/4382 4383/4383/4383 4402/4402/4402
f 4382/4382/4382 4402/4402/4402 4401/4401/4401
f 4383/4383/4383 4384/4384/4384 4403/4403/4403
f 4383/4383/4383 4403/4403/4403 4402/4402/4402
f 4384/4384/4384 4385/4385/4385 4404/4404/4404
f 4384/4384/4384 4404/4404/4404 4403/4403/4403
f 4385/4385/4385 4386/4386/4386 4405/4405/4405
f 4385/4385/4385 4405/4405/4405 4404/4404/4404
f 4386/4386/4386 4387/4387/4387 4406/4406/4406
f 4386/4386/4386 4406/4406/4406 4405/4405/4405
f 4387/4387/4387 4388/4388/4388 4407/4407/4407
f 4387/4387/4387 4407/4407/4407 4406/4406/4406
f 4389/4389/4389 4390/4390/4390 4409/4409/4409
f 4389/4389/4389 4409/4409/4409 4408/4408/4408
f 4390/4390/4390 4391/4391/4391 4410/4410/4410
f 4390/4390/4390 4410/4410/4410 4409/4409/4409
f 4391/4391/4391 4392/4392/4392 4411/4411/4411
f 4391/4391/4391 4411/4411/4411 4410/4410/4410
f 4392/4392/4392 4393/4393/4393 4412/4412/4412
f 4392/4392/4392 4412/4412/4412 4411/4411/4411
f 4393/4393/4393 4394/4394/4394 4413/4413/4413
f 4393/4393/4393 4413/4413/4413 4412/4412/4412
f 4394/4394/4394 4395/4395/4395 4414/4414/4414
f 4394/4394/4394 4414/4414/4414 4413/4413/4413
f 4395/4395/4395 4396/4396/4396 4415/4415/4415
f 4395/4395/4395 4415/4415/4415 4414/4414/4414
f 4396/4396/4396 4397/4397/4397 4416/4416/4416
f 4396/4396/4396 4416/4416/4416 4415/4415/4415
f 4397/4397/4397 4398/4398/4398 4417/4417/4417
f 4397/4397/4397 4417/4417/4417 4416/4416/4416
f 4398/4398/4398 4399/4399/4399 4418/4418/4418
f 4398/4398/4398 4418/4418/4418 4417/4417/4417
f 4399/4399/4399 4400/4400/4400 4419/4419/4419
f 4399/4399/4399 4419/4419/4419 4418/4418/4418
f 4400/4400/4400 4401/4401/4401 4420/4420/4420
f 4400/4400/4400 4420/4420/4420 4419/4419/4419
f 4401/4401/4401 4402/4402/4402 4421/4421/4421
f 4401/4401/4401 4421/4421/4421 4420/4420/4420
f 4402/4402/4402 4403/4403/4403 4422/4422/4422
f 4402/4402/4402 4422/4422/4422 4421/4421/4421
f 4403/4403/4403 4404/4404/4404 4423/4423/4423
f 4403/4403/4403 4423/4423/4423 4422/4422/4422
f 4404/4404/4404 4405/4405/4405 4424/4424/4424
f 4404/4404/4404 4424/4424/4424 4423/4423/4423
f 4405/4405/4405 4406/4406/4406 4425/4425/4425
f 4405/4405/4405 4425/4425/4425 4424/4424/4424
f 4406/4406/4406 4407/4407/4407 4426/4426/4426
f 4406/4406/4406 4426/4426/4426 4425/4425/4425
f 4408/4408/4408 4409/4409/4409 4428/4428/4428
f 4408/4408/4408 4428/4428/4428 4427/4427/4427
f 4409/4409/4409 4410/4410/4410 4429/4429/4429
f 4409/4409/4409 4429/4429/4429 4428/4428/4428
f 4410/4410/4410 4411/4411/4411 4430/4430/4430
f 4410/4410/4410 4430/4430/4430 4429/4429/4429
f 4411/4411/4411 4412/4412/4412 4431/4431/4431
f 4411/4411/4411 4431/4431/4431 4430/4430/4430
f 4412/4412/4412 4413/4413/4413 4432/4432/4432
f 4412/4412/4412 4432/4432/4432 4431/4431/4431
f 4413/4413/4413 4414/4414/4414 4433/4433/4433
f 4413/4413/4413 4433/4433/4433 4432/4432/4432
f 4414/4414/4414 4415/4415/4415 4434/4434/4434
f 4414/4414/4414 4434/4434/4434 4433/4433/4433
f 4415/4415/4415 4416/4416/4416 4435/4435/4435
f 4415/4415/4415 4435/4435/4435 4434/4434/4434
f 4416/4416/4416 4417/4417/4417 4436/4436/4436
f 4416/4416/4416 4436/4436/4436 4435/4435/4435
f 4417/4417/4417 4418/4418/4418 4437/4437/4437
f 4417/4417/4417 4437/4437/4437 4436/4436/4436
f 4418/4418/4418 4419/4419/4419 4438/4438/4438
f 4418/4418/4418 4438/4438/4438 4437/4437/4437
f 4419/4419/4419 4420/4420/4420 4439/4439/4439
f 4419/4419/4419 4439/4439/4439 4438/4438/4438
f 4420/4420/4420 4421/4421/4421 4440/4440/4440
f 4420/4420/4420 4440/4440/4440 4439/4439/4439
f 4421/4421/4421 4422/4422/4422 4441/4441/4441
f 4421/4421/4421 4441/4441/4441 4440/4440/4440
f 4422/4422/4422 4423/4423/4423 4442/4442/4442
f 4422/4422/4422 4442/4442/4442 4441/4441/4441
f 4423/4423/4423 4424/4424/4424 4443/4443/4443
f 4423/4423/4423 4443/4443/4443 4442/4442/4442
f 4424/4424/4424 4425/4425/4425 4444/4444/4444
f 4424/4424/4424 4444/4444/4444 4443/4443/4443
f 4425/4425/4425 4426/4426/4426 4445/4445/4445
f 4425/4425/4425 4445/4445/4445 4444/4444/4444
f 4427/4427/4427 4428/4428/4428 4447/4447/4447
f 4427/4427/4427 4447/4447/4447 4446/4446/4446
f 4428/4428/4428 4429/4429/4429 4448/4448/4448
f 4428/4428/4428 4448/4448/4448 4447/4447/4447
f 4429/4429/4429 4430/4430/4430 4449/4449/4449
f 4429/4429/4429 4449/4449/4449 4448/4448/4448
f 4430/4430/4430 4431/4431/4431 4450/4450/4450
f 4430/4430/4430 4450/4450/4450 4449/4449/4449
f 4431/4431/4431 4432/4432/4432 4451/4451/4451
f 4431/4431/4431 4451/4451/4451 4450/4450/4450
f 4432/4432/4432 4433/4433/4433 4452/4452/4452
f 4432/4432/4432 4452/4452/4452 4451/4451/4451
f 4433/4433/4433 4434/4434/4434 4453/4453/4453
f 4433/4433/4433 4453/4453/4453 4452/4452/4452
f 4434/4434/4434 4435/4435/4435 4454/4454/4454
f 4434/4434/4434 4454/4454/4454 4453/4453/4453
f 4435/4435/4435 4436/4436/4436 4455/4455/4455
f 4435/4435/4435 4455/4455/4455 4454/4454/4454
f 4436/4436/4436 4437/4437/4437 4456/4456/4456
f 4436/4436/4436 4456/4456/4456 4455/4455/4455
f 4437/4437/4437 4438/4438/4438 4457/4457/4457
f 4437/4437/4437 4457/4457/4457 4456/4456/4456
f 4438/4438/4438 4439/4439/4439 4458/4458/4458
f 4438/4438/4438 4458/4458/4458 4457/4457/4457
f 4439/4439/4439 4440/4440/4440 4459/4459/4459
f 4439/4439/4439 4459/4459/4459 4458/4458/4458
f 4440/4440/4440 4441/4441/4441 4460/4460/4460
f 4440/4440/4440 4460/4460/4460 4459/4459/4459
f 4441/4441/4441 4442/4442/4442 4461/4461/4461
f 4441/4441/4441 4461/4461/4461 4460/4460/4460
f 4442/4442/4442 4443/4443/4443 4462/4462/4462
f 4442/4442/4442 4462/4462/4462 4461/4461/4461
f 4443/4443/4443 4444/4444/4444 4463/4463/4463
f 4443/4443/4443 4463/4463/4463 4462/4462/4462
f 4444/4444/4444 4445/4445/4445 4464/4464/4464
f 4444/4444/4444 4464/4464/4464 4463/4463/4463
f 4446/4446/4446 4447/4447/4447 4466/4466/4466
f 4446/4446/4446 4466/4466/4466 4465/4465/4465
f 4447/4447/4447 4448/4448/4448 4467/4467/4467
f 4447/4447/4447 4467/4467/4467 4466/4466/4466
f 4448/4448/4448 4449/4449/4449 4468/4468/4468
f 4448/4448/4448 4468/4468/4468 4467/4467/4467
f 4449/4449/4449 4450/4450/4450 4469/4469/4469
f 4449/4449/4449 4469/4469/4469 4468/4468/4468
f 4450/4450/4450 4451/4451/4451 4470/4470/4470
f 4450/4450/4450 4470/4470/4470 4469/4469/4469
f 4451/4451/4451 4452/4452/4452 4471/4471/4471
f 4451/4451/4451 4471/4471/4471 4470/4470/4470
f 4452/4452/4452 4453/4453/4453 4472/4472/4472
f 4452/4452/4452 4472/4472/4472 4471/4471/4471
f 4453/4453/4453 4454/4454/4454 4473/4473/4473
f 4453/4453/4453 4473/4473/4473 4472/4472/4472
f 4454/4454/4454 4455/4455/4455 4474/4474/4474
f 4454/4454/4454 4474/4474/4474 4473/4473/4473
f 4455/4455/4455 4456/4456/4456 4475/4475/4475
f 4455/4455/4455 4475/4475/4475 4474/4474/4474
f 4456/4456/4456 4457/4457/4457 4476/4476/4476
f 4456/4456/4456 4476/4476/4476 4475/4475/4475
f 4457/4457/4457 4458/4458/4458 4477/4477/4477
f 4457/4457/4457 4477/4477/4477 4476/4476/4476
f 4458/4458/4458 4459/4459/4459 4478/4478/4478
f 4458/4458/4458 4478/4478/4478 4477/4477/4477
f 4459/4459/4459 4460/4460/4460 4479/4479/4479
f 4459/4459/4459 4479/4479/4479 4478/4478/4478
f 4460/4460/4460 4461/4461/4461 4480/4480/4480
f 4460/4460/4460 4480/4480/4480 4479/4479/4479
f 4461/4461/4461 4462/4462/4462 4481/4481/4481
f 4461/4461/4461 4481/4481/4481 4480/4480/4480
f 4462/4462/4462 4463/4463/4463 4482/4482/4482
f 4462/4462/4462 4482/4482/4482 4481/4481/4481
f 4463/4463/4463 4464/4464/4464 4483/4483/4483
f 4463/4463/4463 4483/4483/4483 4482/4482/4482
f 4465/4465/4465 4466/4466/4466 4485/4485/4485
f 4465/4465/4465 4485/4485/4485 4484/4484/4484
f 4466/4466/4466 4467/4467/4467 4486/4486/4486
f 4466/4466/4466 4486/4486/4486 4485/4485/4485
f 4467/4467/4467 4468/4468/4468 4487/4487/4487
f 4467/4467/4467 4487/4487/4487 4486/4486/4486
f 4468/4468/4468 4469/4469/4469 4488/4488/4488
f 4468/4468/4468 4488/4488/4488 4487/4487/4487
f 4469/4469/4469 4470/4470/4470 4489/4489/4489
f 4469/4469/4469 4489/4489/4489 4488/4488/4488
f 4470/4470/4470 4471/4471/4471 4490/4490/4490
f 4470/4470/4470 4490/4490/4490 4489/4489/4489
f 4471/4471/4471 4472/4472/4472 4491/4491/4491
f 4471/4471/4471 4491/4491/4491 4490/4490/4490
f 4472/4472/4472 4473/4473/4473 4492/4492/4492
f 4472/4472/4472 4492/4492/4492 4491/4491/4491
f 4473/4473/4473 4474/4474/4474 4493/4493/4493
f 4473/4473/4473 4493/4493/4493 4492/4492/4492
f 4474/4474/4474 4475/4475/4475 4494/4494/4494
f 4474/4474/4474 4494/4494/4494 4493/4493/4493
f 4475/4475/4475 4476/4476/4476 4495/4495/4495
f 4475/4475/4475 4495/4495/4495 4494/4494/4494
f 4476/4476/4476 4477/4477/4477 4496/4496/4496
f 4476/4476/4476 4496/4496/4496 4495/4495/4495
f 4477/4477/4477 4478/4478/4478 4497/4497/4497
f 4477/4477/4477 4497/4497/4497 4496/4496/4496
f 4478/4478/4478 4479/4479/4479 4498/4498/4498
f 4478/4478/4478 4498/4498/4498 4497/4497/4497
f 4479/4479/4479 4480/4480/4480 4499/4499/4499
f 4479/4479/4479 4499/4499/4499 4498/4498/4498
f 4480/4480/4480 4481/4481/4481 4500/4500/4500
f 4480/4480/4480 4500/4500/4500 4499/4499/4499
f 4481/4481/4481 4482/4482/4482 4501/4501/4501
f 4481/4481/4481 4501/4501/4501 4500/4500/4500
f 4482/4482/4482 4483/4483/4483 4502/4502/4502
f 4482/4482/4482 4502/4502/4502 4501/4501/4501
f 4484/4484/4484 4485/4485/4485 4504/4504/4504
f 4484/4484/4484 4504/4504/4504 4503/4503/4503
f 4485/4485/4485 4486/4486/4486 4505/4505/4505
f 4485/4485/4485 4505/4505/4505 4504/4504/4504
f 4486/4486/4486 4487/4487/4487 4506/4506/4506
f 4486/4486/4486 4506/4506/4506 4505/4505/4505
f 4487/4487/4487 4488/4488/4488 4507/4507/4507
f 4487/4487/4487 4507/4507/4507 4506/4506/4506
f 4488/4488/4488 4489/4489/4489 4508/4508/4508
f 4488/4488/4488 4508/4508/4508 4507/4507/4507
f 4489/4489/4489 4490/4490/4490 4509/4509/4509
f 4489/4489/4489 4509/4509/4509 4508/4508/4508
f 4490/4490/4490 4491/4491/4491 4510/4510/4510
f 4490/4490/4490 4510/4510/4510 4509/4509/4509
f 4491/4491/4491 4492/4492/4492 4511/4511/4511
f 4491/4491/4491 4511/4511/4511 4510/4510/4510
f 4492/4492/4492 4493/4493/4493 4512/4512/4512
f 4492/4492/4492 4512/4512/4512 4511/4511/4511
f 4493/4493/4493 4494/4494/4494 4513/4513/4513
f 4493/4493/4493 4513/4513/4513 4512/4512/4512
f 4494/4494/4494 4495/4495/4495 4514/4514/4514
f 4494/4494/4494 4514/4514/4514 4513/4513/4513
f 4495/4495/4495 4496/4496/4496 4515/4515/4515
f 4495/4495/4495 4515/4515/4515 4514/4514/4514
f 4496/4496/4496 4497/4497/4497 4516/4516/4516
f 4496/4496/4496 4516/4516/4516 4515/4515/4515
f 4497/4497/4497 4498/4498/4498 4517/4517/4517
f 4497/4497/4497 4517/4517/4517 4516/4516/4516
f 4498/4498/4498 4499/4499/4499 4518/4518/4518
f 4498/4498/4498 4518/4518/4518 4517/4517/4517
f 4499/4499/4499 4500/4500/4500 4519/4519/4519
f 4499/4499/4499 4519/4519/4519 4518/4518/4518
f 4500/4500/4500 4501/4501/4501 4520/4520/4520
f 4500/4500/4500 4520/4520/4520 4519/4519/4519
f 4501/4501/4501 4502/4502/4502 4521/4521/4521
f 4501/4501/4501 4521/4521/4521 4520/4520/4520
f 4503/4503/4503 4504/4504/4504 4523/4523/4523
f 4503/4503/4503 4523/4523/4523 4522/4522/4522
f 4504/4504/4504 4505/4505/4505 4524/4524/4524
f 4504/4504/4504 4524/4524/4524 4523/4523/4523
f 4505/4505/4505 4506/4506/4506 4525/4525/4525
f 4505/4505/4505 4525/4525/4525 4524/4524/4524
f 4506/4506/4506 4507/4507/4507 4526/4526/4526
f 4506/4506/4506 4526/4526/4526 4525/4525/4525
f 4507/4507/4507 4508/4508/4508 4527/4527/4527
f 4507/4507/4507 4527/4527/4527 4526/4526/4526
f 4508/4508/4508 4509/4509/4509 4528/4528/4528
f 4508/4508/4508 4528/4528/4528 4527/4527/4527
f 4509/4509/4509 4510/4510/4510 4529/4529/4529
f 4509/4509/4509 4529/4529/4529 4528/4528/4528
f 4510/4510/4510 4511/4511/4511 4530/4530/4530
f 4510/4510/4510 4530/4530/4530 4529/4529/4529
f 4511/4511/4511 4512/4512/4512 4531/4531/4531
f 4511/4511/4511 4531/4531/4531 4530/4530/4530
f 4512/4512/4512 4513/4513/4513 4532/4532/4532
f 4512/4512/4512 4532/4532/4532 4531/4531/4531
f 4513/4513/4513 4514/4514/4514 4533/4533/4533
f 4513/4513/4513 4533/4533/4533 4532/4532/4532
f 4514/4514/4514 4515/4515/4515 4534/4534/4534
f 4514/4514/4514 4534/4534/4534 4533/4533/4533
f 4515/4515/4515 4516/4516/4516 4535/4535/4535
f 4515/4515/4515 4535/4535/4535 4534/4534/4534
f 4516/4516/4516 4517/4517/4517 4536/4536/4536
f 4516/4516/4516 4536/4536/4536 4535/4535/4535
f 4517/4517/4517 4518/4518/4518 4537/4537/4537
f 4517/4517/4517 4537/4537/4537 4536/4536/4536
f 4518/4518/4518 4519/4519/4519 4538/4538/4538
f 4518/4518/4518 4538/4538/4538 4537/4537/4537
f 4519/4519/4519 4520/4520/4520 4539/4539/4539
f 4519/4519/4519 4539/4539/4539 4538/4538/4538
f 4520/4520/4520 4521/4521/4521 4540/4540/4540
f 4520/4520/4520 4540/4540/4540 4539/4539/4539
f 4522/4522/4522 4523/4523/4523 4542/4542/4542
f 4522/4522/4522 4542/4542/4542 4541/4541/4541
f 4523/4523/4523 4524/4524/4524 4543/4543/4543
f 4523/4523/4523 4543/4543/4543 4542/4542/4542
f 4524/4524/4524 4525/4525/4525 4544/4544/4544
f 4524/4524/4524 4544/4544/4544 4543/4543/4543
f 4525/4525/4525 4526/4526/4526 4545/4545/4545
f 4525/4525/4525 4545/4545/4545 4544/4544/4544
f 4526/4526/4526 4527/4527/4527 4546/4546/4546
f 4526/4526/4526 4546/4546/4546 4545/4545/4545
f 4527/4527/4527 4528/4528/4528 4547/4547/4547
f 4527/4527/4527 4547/4547/4547 4546/4546/4546
f 4528/4528/4528 4529/4529/4529 4548/4548/4548
f 4528/4528/4528 4548/4548/4548 4547/4547/4547
f 4529/4529/4529 4530/4530/4530 4549/4549/4549
f 4529/4529/4529 4549/4549/4549 4548/4548/4548
f 4530/4530/4530 4531/4531/4531 4550/4550/4550
f 4530/4530/4530 4550/4550/4550 4549/4549/4549
f 4531/4531/4531 4532/4532/4532 4551/4551/4551
f 4531/4531/4531 4551/4551/4551 4550/4550/4550
f 4532/4532/4532 4533/4533/4533 4552/4552/4552
f 4532/4532/4532 4552/4552/4552 4551/4551/4551
f 4533/4533/4533 4534/4534/4534 4553/4553/4553
f 4533/4533/4533 4553/4553/4553 4552/4552/4552
f 4534/4534/4534 4535/4535/4535 4554/4554/4554
f 4534/4534/4534 4554/4554/4554 4553/4553/4553
f 4535/4535/4535 4536/4536/4536 4555/4555/4555
f 4535/4535/4535 4555/4555/4555 4554/4554/4554
f 4536/4536/4536 4537/4537/4537 4556/4556/4556
f 4536/4536/4536 4556/4556/4556 4555/4555/4555
f 4537/4537/4537 4538/4538/4538 4557/4557/4557
f 4537/4537/4537 4557/4557/4557 4556/4556/4556
f 4538/4538/4538 4539/4539/4539 4558/4558/4558
f 4538/4538/4538 4558/4558/4558 4557/4557/4557
f 4539/4539/4539 4540/4540/4540 4559/4559/4559
f 4539/4539/4539 4559/4559/4559 4558/4558/4558
f 4541/4541/4541 4542/4542/4542 4561/4561/4561
f 4541/4541/4541 4561/4561/4561 4560/4560/4560
f 4542/4542/4542 4543/4543/4543 4562/4562/4562
f 4542/4542/4542 4562/4562/4562 4561/4561/4561
f 4543/4543/4543 4544/4544/4544 4563/4563/4563
f 4543/4543/4543 4563/4563/4563 4562/4562/4562
f 4544/4544/4544 4545/4545/4545 4564/4564/4564
f 4544/4544/4544 4564/4564/4564 4563/4563/4563
f 4545/4545/4545 4546/4546/4546 4565/4565/4565
f 4545/4545/4545 4565/4565/4565 4564/4564/4564
f 4546/4546/4546 4547/4547/4547 4566/4566/4566
f 4546/4546/4546 4566/4566/4566 4565/4565/4565
f 4547/4547/4547 4548/4548/4548 4567/4567/4567
f 4547/4547/4547 4567/4567/4567 4566/4566/4566
f 4548/4548/4548 4549/4549/4549 4568/4568/4568
f 4548/4548/4548 4568/4568/4568 4567/4567/4567
f 4549/4549/4549 4550/4550/4550 4569/4569/4569
f 4549/4549/4549 4569/4569/4569 4568/4568/4568
f 4550/4550/4550 4551/4551/4551 4570/4570/4570
f 4550/4550/4550 4570/4570/4570 4569/4569/4569
f 4551/4551/4551 4552/4552/4552 4571/4571/4571
f 4551/4551/4551 4571/4571/4571 4570/4570/4570
f 4552/4552/4552 4553/4553/4553 4572/4572/4572
f 4552/4552/4552 4572/4572/4572 4571/4571/4571
f 4553/4553/4553 4554/4554/4554 4573/4573/4573
f 4553/4553/4553 4573/4573/4573 4572/4572/4572
f 4554/4554/4554 4555/4555/4555 4574/4574/4574
f 4554/4554/4554 4574/4574/4574 4573/4573/4573
f 4555/4555/4555 4556/4556/4556 4575/4575/4575
f 4555/4555/4555 4575/4575/4575 4574/4574/4574
f 4556/4556/4556 4557/4557/4557 4576/4576/4576
f 4556/4556/4556 4576/4576/4576 4575/4575/4575
f 4557/4557/4557 4558/4558/4558 4577/4577/4577
f 4557/4557/4557 4577/4577/4577 4576/4576/4576
f 4558/4558/4558 4559/4559/4559 4578/4578/4578
f 4558/4558/4558 4578/4578/4578 4577/4577/4577
f 4560/4560/4560 4561/4561/4561 4580/4580/4580
f 4560/4560/4560 4580/4580/4580 4579/4579/4579
f 4561/4561/4561 4562/4562/4562 4581/4581/4581
f 4561/4561/4561 4581/4581/4581 4580/4580/4580
f 4562/4562/4562 4563/4563/4563 4582/4582/4582
f 4562/4562/4562 4582/4582/4582 4581/4581/4581
f 4563/4563/4563 4564/4564/4564 4583/4583/4583
f 4563/4563/4563 4583/4583/4583 4582/4582/4582
f 4564/4564/4564 4565/4565/4565 4584/4584/4584
f 4564/4564/4564 4584/4584/4584 4583/4583/4583
f 4565/4565/4565 4566/4566/4566 4585/4585/4585
f 4565/4565/4565 4585/4585/4585 4584/4584/4584
f 4566/4566/4566 4567/4567/4567 4586/4586/4586
f 4566/4566/4566 4586/4586/4586 4585/4585/4585
f 4567/4567/4567 4568/4568/4568 4587/4587/4587
f 4567/4567/4567 4587/4587/4587 4586/4586/4586
f 4568/4568/4568 4569/4569/4569 4588/4588/4588
f 4568/4568/4568 4588/4588/4588 4587/4587/4587
f 4569/4569/4569 4570/4570/4570 4589/4589/4589
f 4569/4569/4569 4589/4589/4589 4588/4588/4588
f 4570/4570/4570 4571/4571/4571 4590/4590/4590
f 4570/4570/4570 4590/4590/4590 4589/4589/4589
f 4571/4571/4571 4572/4572/4572 4591/4591/4591
f 4571/4571/4571 4591/4591/4591 4590/4590/4590
f 4572/4572/4572 4573/4573/4573 4592/4592/4592
f 4572/4572/4572 4592/4592/4592 4591/4591/4591
f 4573/4573/4573 4574/4574/4574 4593/4593/4593
f 4573/4573/4573 4593/4593/4593 4592/4592/4592
f 4574/4574/4574 4575/4575/4575 4594/4594/4594
f 4574/4574/4574 4594/4594/4594 4593/4593/4593
f 4575/4575/4575 4576/4576/4576 4595/4595/4595
f 4575/4575/4575 4595/4595/4595 4594/4594/4594
f 4576/4576/4576 4577/4577/4577 4596/4596/4596
f 4576/4576/4576 4596/4596/4596 4595/4595/4595
f 4577/4577/4577 4578/4578/4578 4597/4597/4597
f 4577/4577/4577 4597/4597/4597 4596/4596/4596
f 4579/4579/4579 4580/4580/4580 4599/4599/4599
f 4579/4579/4579 4599/4599/4599 4598/4598/4598
f 4580/4580/4580 4581/4581/4581 4600/4600/4600
f 4580/4580/4580 4600/4600/4600 4599/4599/4599
f 4581/4581/4581 4582/4582/4582 4601/4601/4601
f 4581/4581/4581 4601/4601/4601 4600/4600/4600
f 4582/4582/4582 4583/4583/4583 4602/4602/4602
f 4582/4582/4582 4602/4602/4602 4601/4601/4601
f 4583/4583/4583 4584/4584/4584 4603/4603/4603
f 4583/4583/4583 4603/4603/4603 4602/4602/4602
f 4584/4584/4584 4585/4585/4585 4604/4604/4604
f 4584/4584/4584 4604/4604/4604 4603/4603/4603
f 4585/4585/4585 4586/4586/4586 4605/4605/4605
f 4585/4585/4585 4605/4605/4605 4604/4604/4604
f 4586/4586/4586 4587/4587/4587 4606/4606/4606
f 4586/4586/4586 4606/4606/4606 4605/4605/4605
f 4587/4587/4587 4588/4588/4588 4607/4607/4607
f 4587/4587/4587 4607/4607/4607 4606/4606/4606
f 4588/4588/4588 4589/4589/4589 4608/4608/4608
f 4588/4588/4588 4608/4608/4608 4607/4607/4607
f 4589/4589/4589 4590/4590/4590 4609/4609/4609
f 4589/4589/4589 4609/4609/4609 4608/4608/4608
f 4590/4590/4590 4591/4591/4591 4610/4610/4610
f 4590/4590/4590 4610/4610/4610 4609/4609/4609
f 4591/4591/4591 4592/4592/4592 4611/4611/4611
f 4591/4591/4591 4611/4611/4611 4610/4610/4610
f 4592/4592/4592 4593/4593/4593 4612/4612/4612
f 4592/4592/4592 4612/4612/4612 4611/4611/4611
f 4593/4593/4593 4594/4594/4594 4613/4613/4613
f 4593/4593/4593 4613/4613/4613 4612/4612/4612
f 4594/4594/4594 4595/4595/4595 4614/4614/4614
f 4594/4594/4594 4614/4614/4614 4613/4613/4613
f 4595/4595/4595 4596/4596/4596 4615/4615/4615
f 4595/4595/4595 4615/4615/4615 4614/4614/4614
f 4596/4596/4596 4597/4597/4597 4616/4616/4616
f 4596/4596/4596 4616/4616/4616 4615/4615/4615
f 4598/4598/4598 4599/4599/4599 4618/4618/4618
f 4598/4598/4598 4618/4618/4618 4617/4617/4617
f 4599/4599/4599 4600/4600/4600 4619/4619/4619
f 4599/4599/4599 4619/4619/4619 4618/4618/4618
f 4600/4600/4600 4601/4601/4601 4620/4620/4620
f 4600/4600/4600 4620/4620/4620 4619/4619/4619
f 4601/4601/4601 4602/4602/4602 4621/4621/4621
f 4601/4601/4601 4621/4621/4621 4620/4620/4620
f 4602/4602/4602 4603/4603/4603 4622/4622/4622
f 4602/4602/4602 4622/4622/4622 4621/4621/4621
f 4603/4603/4603 4604/4604/4604 4623/4623/4623
f 4603/4603/4603 4623/4623/4623 4622/4622/4622
f 4604/4604/4604 4605/4605/4605 4624/4624/4624
f 4604/4604/4604 4624/4624/4624 4623/4623/4623
f 4605/4605/4605 4606/4606/4606 4625/4625/4625
f 4605/4605/4605 4625/4625/4625 4624/4624/4624
f 4606/4606/4606 4607/4607/4607 4626/4626/4626
f 4606/4606/4606 4626/4626/4626 4625/4625/4625
f 4607/4607/4607 4608/4608/4608 4627/4627/4627
f 4607/4607/4607 4627/4627/4627 4626/4626/4626
f 4608/4608/4608 4609/4609/4609 4628/4628/4628
f 4608/4608/4608 4628/4628/4628 4627/4627/4627
f 4609/4609/4609 4610/4610/4610 4629/4629/4629
f 4609/4609/4609 4629/4629/4629 4628/4628/4628
f 4610/4610/4610 4611/4611/4611 4630/4630/4630
f 4610/4610/4610 4630/4630/4630 4629/4629/4629
f 4611/4611/4611 4612/4612/4612 4631/4631/4631
f 4611/4611/4611 4631/4631/4631 4630/4630/4630
f 4612/4612/4612 4613/4613/4613 4632/4632/4632
f 4612/4612/4612 4632/4632/4632 4631/4631/4631
f 4613/4613/4613 4614/4614/4614 4633/4633/4633
f 4613/4613/4613 4633/4633/4633 4632/4632/4632
f 4614/4614/4614 4615/4615/4615 4634/4634/4634
f 4614/4614/4614 4634/4634/4634 4633/4633/4633
f 4615/4615/4615 4616/4616/4616 4635/4635/4635
f 4615/4615/4615 4635/4635/4635 4634/4634/4634
f 4617/4617/4617 4618/4618/4618 4637/4637/4637
f 4617/4617/4617 4637/4637/4637 4636/4636/4636
f 4618/4618/4618 4619/4619/4619 4638/4638/4638
f 4618/4618/4618 4638/4638/4638 4637/4637/4637
f 4619/4619/4619 4620/4620/4620 4639/4639/4639
f 4619/4619/4619 4639/4639/4639 4638/4638/4638
f 4620/4620/4620 4621/4621/4621 4640/4640/4640
f 4620/4620/4620 4640/4640/4640 4639/4639/4639
f 4621/4621/4621 4622/4622/4622 4641/4641/4641
f 4621/4621/4621 4641/4641/4641 4640/4640/4640
f 4622/4622/4622 4623/4623/4623 4642/4642/4642
f 4622/4622/4622 4642/4642/4642 4641/4641/4641
f 4623/4623/4623 4624/4624/4624 4643/4643/4643
f 4623/4623/4623 4643/4643/4643 4642/4642/4642
f 4624/4624/4624 4625/4625/4625 4644/4644/4644
f 4624/4624/4624 4644/4644/4644 4643/4643/4643
f 4625/4625/4625 4626/4626/4626 4645/4645/4645
f 4625/4625/4625 4645/4645/4645 4644/4644/4644
f 4626/4626/4626 4627/4627/4627 4646/4646/4646
f 4626/4626/4626 4646/4646/4646 4645/4645/4645
f 4627/4627/4627 4628/4628/4628 4647/4647/4647
f 4627/4627/4627 4647/4647/4647 4646/4646/4646
f 4628/4628/4628 4629/4629/4629 4648/4648/4648
f 4628/4628/4628 4648/4648/4648 4647/4647/4647
f 4629/4629/4629 4630/4630/4630 4649/4649/4649
f 4629/4629/4629 4649/4649/4649 4648/4648/4648
f 4630/4630/4630 4631/4631/4631 4650/4650/4650
f 4630/4630/4630 4650/4650/4650 4649/4649/4649
f 4631/4631/4631 4632/4632/4632 4651/4651/4651
f 4631/4631/4631 4651/4651/4651 4650/4650/4650
f 4632/4632/4632 4633/4633/4633 4652/4652/4652
f 4632/4632/4632 4652/4652/4652 4651/4651/4651
f 4633/4633/4633 4634/4634/4634 4653/4653/4653
f 4633/4633/4633 4653/4653/4653 4652/4652/4652
f 4634/4634/4634 4635/4635/4635 4654/4654/4654
f 4634/4634/4634 4654/4654/4654 4653/4653/4653
f 4636/4636/4636 4637/4637/4637 4656/4656/4656
f 4636/4636/4636 4656/4656/4656 4655/4655/4655
f 4637/4637/4637 4638/4638/4638 4657/4657/4657
f 4637/4637/4637 4657/4657/4657 4656/4656/4656
f 4638/4638/4638 4639/4639/4639 4658/4658/4658
f 4638/4638/4638 4658/4658/4658 4657/4657/4657
f 4639/4639/4639 4640/4640/4640 4659/4659/4659
f 4639/4639/4639 4659/4659/4659 4658/4658/4658
f 4640/4640/4640 4641/4641/4641 4660/4660/4660
f 4640/4640/4640 4660/4660/4660 4659/4659/4659
f 4641/4641/4641 4642/4642/4642 4661/4661/4661
f 4641/4641/4641 4661/4661/4661 4660/4660/4660
f 4642/4642/4642 4643/4643/4643 4662/4662/4662
f 4642/4642/4642 4662/4662/4662 4661/4661/4661
f 4643/4643/4643 4644/4644/4644 4663/4663/4663
f 4643/4643/4643 4663/4663/4663 4662/4662/4662
f 4644/4644/4644 4645/4645/4645 4664/4664/4664
f 4644/4644/4644 4664/4664/4664 4663/4663/4663
f 4645/4645/4645 4646/4646/4646 4665/4665/4665
f 4645/4645/4645 4665/4665/4665 4664/4664/4664
f 4646/4646/4646 4647/4647/4647 4666/4666/4666
f 4646/4646/4646 4666/4666/4666 4665/4665/4665
f 4647/4647/4647 4648/4648/4648 4667/4667/4667
f 4647/4647/4647 4667/4667/4667 4666/4666/4666
f 4648/4648/4648 4649/4649/4649 4668/4668/4668
f 4648/4648/4648 4668/4668/4668 4667/4667/4667
f 4649/4649/4649 4650/4650/4650 4669/4669/4669
f 4649/4649/4649 4669/4669/4669 4668/4668/4668
f 4650/4650/4650 4651/4651/4651 4670/4670/4670
f 4650/4650/4650 4670/4670/4670 4669/4669/4669
f 4651/4651/4651 4652/4652/4652 4671/4671/4671
f 4651/4651/4651 4671/4671/4671 4670/4670/4670
f 4652/4652/4652 4653/4653/4653 4672/4672/4672
f 4652/4652/4652 4672/4672/4672 4671/4671/4671
f 4653/4653/4653 4654/4654/4654 4673/4673/4673
f 4653/4653/4653 4673/4673/4673 4672/4672/4672
f 4655/4655/4655 4656/4656/4656 4675/4675/4675
f 4655/4655/4655 4675/4675/4675 4674/4674/4674
f 4656/4656/4656 4657/4657/4657 4676/4676/4676
f 4656/4656/4656 4676/4676/4676 4675/4675/4675
f 4657/4657/4657 4658/4658/4658 4677/4677/4677
f 4657/4657/4657 4677/4677/4677 4676/4676/4676
f 4658/4658/4658 4659/4659/4659 4678/4678/4678
f 4658/4658/4658 4678/4678/4678 4677/4677/4677
f 4659/4659/4659 4660/4660/4660 4679/4679/4679
f 4659/4659/4659 4679/4679/4679 4678/4678/4678
f 4660/4660/4660 4661/4661/4661 4680/4680/4680
f 4660/4660/4660 4680/4680/4680 4679/4679/4679
f 4661/4661/4661 4662/4662/4662 4681/4681/4681
f 4661/4661/4661 4681/4681/4681 4680/4680/4680
f 4662/4662/4662 4663/4663/4663 4682/4682/4682
f 4662/4662/4662 4682/4682/4682 4681/4681/4681
f 4663/4663/4663 4664/4664/4664 4683/4683/4683
f 4663/4663/4663 4683/4683/4683 4682/4682/4682
f 4664/4664/4664 4665/4665/4665 4684/4684/4684
f 4664/4664/4664 4684/4684/4684 4683/4683/4683
f 4665/4665/4665 4666/4666/4666 4685/4685/4685
f 4665/4665/4665 4685/4685/4685 4684/4684/4684
f 4666/4666/4666 4667/4667/4667 4686/4686/4686
f 4666/4666/4666 4686/4686/4686 4685/4685/4685
f 4667/4667/4667 4668/4668/4668 4687/4687/4687
f 4667/4667/4667 4687/4687/4687 4686/4686/4686
f 4668/4668/4668 4669/4669/4669 4688/4688/4688
f 4668/4668/4668 4688/4688/4688 4687/4687/4687
f 4669/4669/4669 4670/4670/4670 4689/4689/4689
f 4669/4669/4669 4689/4689/4689 4688/4688/4688
f 4670/4670/4670 4671/4671/4671 4690/4690/4690
f 4670/4670/4670 4690/4690/4690 4689/4689/4689
f 4671/4671/4671 4672/4672/4672 4691/4691/4691
f 4671/4671/4671 4691/4691/4691 4690/4690/4690
f 4672/4672/4672 4673/4673/4673 4692/4692/4692
f 4672/4672/4672 4692/4692/4692 4691/4691/4691
f 4674/4674/4674 4675/4675/4675 4694/4694/4694
f 4674/4674/4674 4694/4694/4694 4693/4693/4693
f 4675/4675/4675 4676/4676/4676 4695/4695/4695
f 4675/4675/4675 4695/4695/4695 4694/4694/4694
f 4676/4676/4676 4677/4677/4677 4696/4696/4696
f 4676/4676/4676 4696/4696/4696 4695/4695/4695
f 4677/4677/4677 4678/4678/4678 4697/4697/4697
f 4677/4677/4677 4697/4697/4697 4696/4696/4696
f 4678/4678/4678 4679/4679/4679 4698/4698/4698
f 4678/4678/4678 4698/4698/4698 4697/4697/4697
f 4679/4679/4679 4680/4680/4680 4699/4699/4699
f 4679/4679/4679 4699/4699/4699 4698/4698/4698
f 4680/4680/4680 4681/4681/4681 4700/4700/4700
f 4680/4680/4680 4700/4700/4700 4699/4699/4699
f 4681/4681/4681 4682/4682/4682 4701/4701/4701
f 4681/4681/4681 4701/4701/4701 4700/4700/4700
f 4682/4682/4682 4683/4683/4683 4702/4702/4702
f 4682/4682/4682 4702/4702/4702 4701/4701/4701
f 4683/4683/4683 4684/4684/4684 4703/4703/4703
f 4683/4683/4683 4703/4703/4703 4702/4702/4702
f 4684/4684/4684 4685/4685/4685 4704/4704/4704
f 4684/4684/4684 4704/4704/4704 4703/4703/4703
f 4685/4685/4685 4686/4686/4686 4705/4705/4705
f 4685/4685/4685 4705/4705/4705 4704/4704/4704
f 4686/4686/4686 4687/4687/4687 4706/4706/4706
f 4686/4686/4686 4706/4706/4706 4705/4705/4705
f 4687/4687/4687 4688/4688/4688 4707/4707/4707
f 4687/4687/4687 4707/4707/4707 4706/4706/4706
f 4688/4688/4688 4689/4689/4689 4708/4708/4708
f 4688/4688/4688 4708/4708/4708 4707/4707/4707
f 4689/4689/4689 4690/4690/4690 4709/4709/4709
f 4689/4689/4689 4709/4709/4709 4708/4708/4708
f 4690/4690/4690 4691/4691/4691 4710/4710/4710
f 4690/4690/4690 4710/4710/4710 4709/4709/4709
f 4691/4691/4691 4692/4692/4692 4711/4711/4711
f 4691/4691/4691 4711/4711/4711 4710/4710/4710
f 4693/4693/4693 4694/4694/4694 4713/4713/4713
f 4693/4693/4693 4713/4713/4713 4712/4712/4712
f 4694/4694/4694 4695/4695/4695 4714/4714/4714
f 4694/4694/4694 4714/4714/4714 4713/4713/4713
f 4695/4695/4695 4696/4696/4696 4715/4715/4715
f 4695/4695/4695 4715/4715/4715 4714/4714/4714
f 4696/4696/4696 4697/4697/4697 4716/4716/4716
f 4696/4696/4696 4716/4716/4716 4715/4715/4715
f 4697/4697/4697 4698/4698/4698 4717/4717/4717
f 4697/4697/4697 4717/4717/4717 4716/4716/4716
f 4698/4698/4698 4699/4699/4699 4718/4718/4718
f 4698/4698/4698 4718/4718/4718 4717/4717/4717
f 4699/4699/4699 4700/4700/4700 4719/4719/4719
f 4699/4699/4699 4719/4719/4719 4718/4718/4718
f 4700/4700/4700 4701/4701/4701 4720/4720/4720
f 4700/4700/4700 4720/4720/4720 4719/4719/4719
f 4701/4701/4701 4702/4702/4702 4721/4721/4721
f 4701/4701/4701 4721/4721/4721 4720/4720/4720
f 4702/4702/4702 4703/4703/4703 4722/4722/4722
f 4702/4702/4702 4722/4722/4722 4721/4721/4721
f 4703/4703/4703 4704/4704/4704 4723/4723/4723
f 4703/4703/4703 4723/4723/4723 4722/4722/4722
f 4704/4704/4704 4705/4705/4705 4724/4724/4724
f 4704/4704/4704 4724/4724/4724 4723/4723/4723
f 4705/4705/4705 4706/4706/4706 4725/4725/4725
f 4705/4705/4705 4725/4725/4725 4724/4724/4724
f 4706/4706/4706 4707/4707/4707 4726/4726/4726
f 4706/4706/4706 4726/4726/4726 4725/4725/4725
f 4707/4707/4707 4708/4708/4708 4727/4727/4727
f 4707/4707/4707 4727/4727/4727 4726/4726/4726
f 4708/4708/4708 4709/4709/4709 4728/4728/4728
f 4708/4708/4708 4728/4728/4728 4727/4727/4727
f 4709/4709/4709 4710/4710/4710 4729/4729/4729
f 4709/4709/4709 4729/4729/4729 4728/4728/4728
f 4710/4710/4710 4711/4711/4711 4730/4730/4730
f 4710/4710/4710 4730/4730/4730 4729/4729/4729
f 4712/4712/4712 4713/4713/4713 4732/4732/4732
f 4712/4712/4712 4732/4732/4732 4731/4731/4731
f 4713/4713/4713 4714/4714/4714 4733/4733/4733
f 4713/4713/4713 4733/4733/4733 4732/4732/4732
f 4714/4714/4714 4715/4715/4715 4734/4734/4734
f 4714/4714/4714 4734/4734/4734 4733/4733/4733
f 4715/4715/4715 4716/4716/4716 4735/4735/4735
f 4715/4715/4715 4735/4735/4735 4734/4734/4734
f 4716/4716/4716 4717/4717/4717 4736/4736/4736
f 4716/4716/4716 4736/4736/4736 4735/4735/4735
f 4717/4717/4717 4718/4718/4718 4737/4737/4737
f 4717/4717/4717 4737/4737/4737 4736/4736/4736
f 4718/4718/4718 4719/4719/4719 4738/4738/4738
f 4718/4718/4718 4738/4738/4738 4737/4737/4737
f 4719/4719/4719 4720/4720/4720 4739/4739/4739
f 4719/4719/4719 4739/4739/4739 4738/4738/4738
f 4720/4720/4720 4721/4721/4721 4740/4740/4740
f 4720/4720/4720 4740/4740/4740 4739/4739/4739
f 4721/4721/4721 4722/4722/4722 4741/4741/4741
f 4721/4721/4721 4741/4741/4741 4740/4740/4740
f 4722/4722/4722 4723/4723/4723 4742/4742/4742
f 4722/4722/4722 4742/4742/4742 4741/4741/4741
f 4723/4723/4723 4724/4724/4724 4743/4743/4743
f 4723/4723/4723 4743/4743/4743 4742/4742/4742
f 4724/4724/4724 4725/4725/4725 4744/4744/4744
f 4724/4724/4724 4744/4744/4744 4743/4743/4743
f 4725/4725/4725 4726/4726/4726 4745/4745/4745
f 4725/4725/4725 4745/4745/4745 4744/4744/4744
f 4726/4726/4726 4727/4727/4727 4746/4746/4746
f 4726/4726/4726 4746/4746/4746 4745/4745/4745
f 4727/4727/4727 4728/4728/4728 4747/4747/4747
f 4727/4727/4727 4747/4747/4747 4746/4746/4746
f 4728/4728/4728 4729/4729/4729 4748/4748/4748
f 4728/4728/4728 4748/4748/4748 4747/4747/4747
f 4729/4729/4729 4730/4730/4730 4749/4749/4749
f 4729/4729/4729 4749/4749/4749 4748/4748/4748
f 4731/4731/4731 4732/4732/4732 4751/4751/4751
f 4731/4731/4731 4751/4751/4751 4750/4750/4750
f 4732/4732/4732 4733/4733/4733 4752/4752/4752
f 4732/4732/4732 4752/4752/4752 4751/4751/4751
f 4733/4733/4733 4734/4734/4734 4753/4753/4753
f 4733/4733/4733 4753/4753/4753 4752/4752/4752
f 4734/4734/4734 4735/4735/4735 4754/4754/4754
f 4734/4734/4734 4754/4754/4754 4753/4753/4753
f 4735/4735/4735 4736/4736/4736 4755/4755/4755
f 4735/4735/4735 4755/4755/4755 4754/4754/4754
f 4736/4736/4736 4737/4737/4737 4756/4756/4756
f 4736/4736/4736 4756/4756/4756 4755/4755/4755
f 4737/4737/4737 4738/4738/4738 4757/4757/4757
f 4737/4737/4737 4757/4757/4757 4756/4756/4756
f 4738/4738/4738 4739/4739/4739 4758/4758/4758
f 4738/4738/4738 4758/4758/4758 4757/4757/4757
f 4739/4739/4739 4740/4740/4740 4759/4759/4759
f 4739/4739/4739 4759/4759/4759 4758/4758/4758
f 4740/4740/4740 4741/4741/4741 4760/4760/4760
f 4740/4740/4740 4760/4760/4760 4759/4759/4759
f 4741/4741/4741 4742/4742/4742 4761/4761/4761
f 4741/4741/4741 4761/4761/4761 4760/4760/4760
f 4742/4742/4742 4743/4743/4743 4762/4762/4762
f 4742/4742/4742 4762/4762/4762 4761/4761/4761
f 4743/4743/4743 4744/4744/4744 4763/4763/4763
f 4743/4743/4743 4763/4763/4763 4762/4762/4762
f 4744/4744/4744 4745/4745/4745 4764/4764/4764
f 4744/4744/4744 4764/4764/4764 4763/4763/4763
f 4745/4745/4745 4746/4746/4746 4765/4765/4765
f 4745/4745/4745 4765/4765/4765 4764/4764/4764
f 4746/4746/4746 4747/4747/4747 4766/4766/4766
f 4746/4746/4746 4766/4766/4766 4765/4765/4765
f 4747/4747/4747 4748/4748/4748 4767/4767/4767
f 4747/4747/4747 4767/4767/4767 4766/4766/4766
f 4748/4748/4748 4749/4749/4749 4768/4768/4768
f 4748/4748/4748 4768/4768/4768 4767/4767/4767
f 4750/4750/4750 4751/4751/4751 4770/4770/4770
f 4750/4750/4750 4770/4770/4770 4769/4769/4769
f 4751/4751/4751 4752/4752/4752 4771/4771/4771
f 4751/4751/4751 4771/4771/4771 4770/4770/4770
f 4752/4752/4752 4753/4753/4753 4772/4772/4772
f 4752/4752/4752 4772/4772/4772 4771/4771/4771
f 4753/4753/4753 4754/4754/4754 4773/4773/4773
f 4753/4753/4753 4773/4773/4773 4772/4772/4772
f 4754/4754/4754 4755/4755/4755 4774/4774/4774
f 4754/4754/4754 4774/4774/4774 4773/4773/4773
f 4755/4755/4755 4756/4756/4756 4775/4775/4775
f 4755/4755/4755 4775/4775/4775 4774/4774/4774
f 4756/4756/4756 4757/4757/4757 4776/4776/4776
f 4756/4756/4756 4776/4776/4776 4775/4775/4775
f 4757/4757/4757 4758/4758/4758 4777/4777/4777
f 4757/4757/4757 4777/4777/4777 4776/4776/4776
f 4758/4758/4758 4759/4759/4759 4778/4778/4778
f 4758/4758/4758 4778/4778/4778 4777/4777/4777
f 4759/4759/4759 4760/4760/4760 4779/4779/4779
f 4759/4759/4759 4779/4779/4779 4778/4778/4778
f 4760/4760/4760 4761/4761/4761 4780/4780/4780
f 4760/4760/4760 4780/4780/4780 4779/4779/4779
f 4761/4761/4761 4762/4762/4762 4781/4781/4781
f 4761/4761/4761 4781/4781/4781 4780/4780/4780
f 4762/4762/4762 4763/4763/4763 4782/4782/4782
f 4762/4762/4762 4782/4782/4782 4781/4781/4781
f 4763/4763/4763 4764/4764/4764 4783/4783/4783
f 4763/4763/4763 4783/4783/4783 4782/4782/4782
f 4764/4764/4764 4765/4765/4765 4784/4784/4784
f 4764/4764/4764 4784/4784/4784 4783/4783/4783
f 4765/4765/4765 4766/4766/4766 4785/4785/4785
f 4765/4765/4765 4785/4785/4785 4784/4784/4784
f 4766/4766/4766 4767/4767/4767 4786/4786/4786
f 4766/4766/4766 4786/4786/4786 4785/4785/4785
f 4767/4767/4767 4768/4768/4768 4787/4787/4787
f 4767/4767/4767 4787/4787/4787 4786/4786/4786
f 4769/4769/4769 4770/4770/4770 4789/4789/4789
f 4769/4769/4769 4789/4789/4789 4788/4788/4788
f 4770/4770/4770 4771/4771/4771 4790/4790/4790
f 4770/4770/4770 4790/4790/4790 4789/4789/4789
f 4771/4771/4771 4772/4772/4772 4791/4791/4791
f 4771/4771/4771 4791/4791/4791 4790/4790/4790
f 4772/4772/4772 4773/4773/4773 4792/4792/4792
f 4772/4772/4772 4792/4792/4792 4791/4791/4791
f 4773/4773/4773 4774/4774/4774 4793/4793/4793
f 4773/4773/4773 4793/4793/4793 4792/4792/4792
f 4774/4774/4774 4775/4775/4775 4794/4794/4794
f 4774/4774/4774 4794/4794/4794 4793/4793/4793
f 4775/4775/4775 4776/4776/4776 4795/4795/4795
f 4775/4775/4775 4795/4795/4795 4794/4794/4794
f 4776/4776/4776 4777/4777/4777 4796/4796/4796
f 4776/4776/4776 4796/4796/4796 4795/4795/4795
f 4777/4777/4777 4778/4778/4778 4797/4797/4797
f 4777/4777/4777 4797/4797/4797 4796/4796/4796
f 4778/4778/4778 4779/4779/4779 4798/4798/4798
f 4778/4778/4778 4798/4798/4798 4797/4797/4797
f 4779/4779/4779 4780/4780/4780 4799/4799/4799
f 4779/4779/4779 4799/4799/4799 4798/4798/4798
f 4780/4780/4780 4781/4781/4781 4800/4800/4800
f 4780/4780/4780 4800/4800/4800 4799/4799/4799
f 4781/4781/4781 4782/4782/4782 4801/4801/4801
f 4781/4781/4781 4801/4801/4801 4800/4800/4800
f 4782/4782/4782 4783/4783/4783 4802/4802/4802
f 4782/4782/4782 4802/4802/4802 4801/4801/4801
f 4783/4783/4783 4784/4784/4784 4803/4803/4803
f 4783/4783/4783 4803/4803/4803 4802/4802/4802
f 4784/4784/4784 4785/4785/4785 4804/4804/4804
f 4784/4784/4784 4804/4804/4804 4803/4803/4803
f 4785/4785/4785 4786/4786/4786 4805/4805/4805
f 4785/4785/4785 4805/4805/4805 4804/4804/4804
f 4786/4786/4786 4787/4787/4787 4806/4806/4806
f 4786/4786/4786 4806/4806/4806 4805/4805/4805
f 4807/4807/4807 4809/4809/4809 4808/4808/4808
f 4807/4807/4807 4810/4810/4810 4809/4809/4809
f 4807/4807/4807 4811/4811/4811 4810/4810/4810
f 4807/4807/4807 4812/4812/4812 4811/4811/4811
f 4807/4807/4807 4813/4813/4813 4812/4812/4812
f 4807/4807/4807 4814/4814/4814 4813/4813/4813
f 4807/4807/4807 4815/4815/4815 4814/4814/4814
f 4807/4807/4807 4816/4816/4816 4815/4815/4815
f 4807/4807/4807 4817/4817/4817 4816/4816/4816
f 4807/4807/4807 4818/4818/4818 4817/4817/4817
f 4807/4807/4807 4819/4819/4819 4818/4818/4818
f 4807/4807/4807 4820/4820/4820 4819/4819/4819
f 4807/4807/4807 4821/4821/4821 4820/4820/4820
f 4807/4807/4807 4822/4822/4822 4821/4821/4821
f 4807/4807/4807 4823/4823/4823 4822/4822/4822
f 4807/4807/4807 4824/4824/4824 4823/4823/4823
f 4807/4807/4807 4825/4825/4825 4824/4824/4824
f 4807/4807/4807 4826/4826/4826 4825/4825/4825
f 4827/4827/4827 4828/4828/4828 4829/4829/4829
f 4827/4827/4827 4829/4829/4829 4830/4830/4830
f 4827/4827/4827 4830/4830/4830 4831/4831/4831
f 4827/4827/4827 4831/4831/4831 4832/4832/4832
f 4827/4827/4827 4832/4832/4832 4833/4833/4833
f 4827/4827/4827 4833/4833/4833 4834/4834/4834
f 4827/4827/4827 4834/4834/4834 4835/4835/4835
f 4827/4827/4827 4835/4835/4835 4836/4836/4836
f 4827/4827/4827 4836/4836/4836 4837/4837/4837
f 4827/4827/4827 4837/4837/4837 4838/4838/4838
f 4827/4827/4827 4838/4838/4838 4839/4839/4839
f 4827/4827/4827 4839/4839/4839 4840/4840/4840
f 4827/4827/4827 4840/4840/4840 4841/4841/4841
f 4827/4827/4827 4841/4841/4841 4842/4842/4842
f 4827/4827/4827 4842/4842/4842 4843/4843/4843
f 4827/4827/4827 4843/4843/4843 4844/4844/4844
f 4827/4827/4827 4844/4844/4844 4845/4845/4845
f 4827/4827/4827 4845/4845/4845 4846/4846/4846
g foot_black
usemtl foot_black
f 4847/4847/4847 4848/4848/4848 4863/4863/4863
f 4847/4847/4847 4863/4863/4863 4862/4862/4862
f 4848/4848/4848 4849/4849/4849 4864/4864/4864
f 4848/4848/4848 4864/4864/4864 4863/4863/4863
f 4849/4849/4849 4850/4850/4850 4865/4865/4865
f 4849/4849/4849 4865/4865/4865 4864/4864/4864
f 4850/4850/4850 4851/4851/4851 4866/4866/4866
f 4850/4850/4850 4866/4866/4866 4865/4865/4865
f 4851/4851/4851 4852/4852/4852 4867/4867/4867
f 4851/4851/4851 4867/4867/4867 4866/4866/4866
f 4852/4852/4852 4853/4853/4853 4868/4868/4868
f 4852/4852/4852 4868/4868/4868 4867/4867/4867
f 4853/4853/4853 4854/4854/4854 4869/4869/4869
f 4853/4853/4853 4869/4869/4869 4868/4868/4868
f 4854/4854/4854 4855/4855/4855 4870/4870/4870
f 4854/4854/4854 4870/4870/4870 4869/4869/4869
f 4855/4855/4855 4856/4856/4856 4871/4871/4871
f 4855/4855/4855 4871/4871/4871 4870/4870/4870
f 4856/4856/4856 4857/4857/4857 4872/4872/4872
f 4856/4856/4856 4872/4872/4872 4871/4871/4871
f 4857/4857/4857 4858/4858/4858 4873/4873/4873
f 4857/4857/4857 4873/4873/4873 4872/4872/4872
f 4858/4858/4858 4859/4859/4859 4874/4874/4874
f 4858/4858/4858 4874/4874/4874 4873/4873/4873
f 4859/4859/4859 4860/4860/4860 4875/4875/4875
f 4859/4859/4859 4875/4875/4875 4874/4874/4874
f 4860/4860/4860 4861/4861/4861 4876/4876/4876
f 4860/4860/4860 4876/4876/4876 4875/4875/4875
f 4862/4862/4862 4863/4863/4863 4878/4878/4878
f 4862/4862/4862 4878/4878/4878 4877/4877/4877
f 4863/4863/4863 4864/4864/4864 4879/4879/4879
f 4863/4863/4863 4879/4879/4879 4878/4878/4878
f 4864/4864/4864 4865/4865/4865 4880/4880/4880
f 4864/4864/4864 4880/4880/4880 4879/4879/4879
f 4865/4865/4865 4866/4866/4866 4881/4881/4881
f 4865/4865/4865 4881/4881/4881 4880/4880/4880
f 4866/4866/4866 4867/4867/4867 4882/4882/4882
f 4866/4866/4866 4882/4882/4882 4881/4881/4881
f 4867/4867/4867 4868/4868/4868 4883/4883/4883
f 4867/4867/4867 4883/4883/4883 4882/4882/4882
f 4868/4868/4868 4869/4869/4869 4884/4884/4884
f 4868/4868/4868 4884/4884/4884 4883/4883/4883
f 4869/4869/4869 4870/4870/4870 4885/4885/4885
f 4869/4869/4869 4885/4885/4885 4884/4884/4884
f 4870/4870/4870 4871/4871/4871 4886/4886/4886
f 4870/4870/4870 4886/4886/4886 4885/4885/4885
f 4871/4871/4871 4872/4872/4872 4887/4887/4887
f 4871/4871/4871 4887/4887/4887 4886/4886/4886
f 4872/4872/4872 4873/4873/4873 4888/4888/4888
f 4872/4872/4872 4888/4888/4888 4887/4887/4887
f 4873/4873/4873 4874/4874/4874 4889/4889/4889
f 4873/4873/4873 4889/4889/4889 4888/4888/4888
f 4874/4874/4874 4875/4875/4875 4890/4890/4890
f 4874/4874/4874 4890/4890/4890 4889/4889/4889
f 4875/4875/4875 4876/4876/4876 4891/4891/4891
f 4875/4875/4875 4891/4891/4891 4890/4890/4890
f 4877/4877/4877 4878/4878/4878 4893/4893/4893
f 4877/4877/4877 4893/4893/4893 4892/4892/4892
f 4878/4878/4878 4879/4879/4879 4894/4894/4894
f 4878/4878/4878 4894/4894/4894 4893/4893/4893
f 4879/4879/4879 4880/4880/4880 4895/4895/4895
f 4879/4879/4879 4895/4895/4895 4894/4894/4894
f 4880/4880/4880 4881/4881/4881 4896/4896/4896
f 4880/4880/4880 4896/4896/4896 4895/4895/4895
f 4881/4881/4881 4882/4882/4882 4897/4897/4897
f 4881/4881/4881 4897/4897/4897 4896/4896/4896
f 4882/4882/4882 4883/4883/4883 4898/4898/4898
f 4882/4882/4882 4898/4898/4898 4897/4897/4897
f 4883/4883/4883 4884/4884/4884 4899/4899/4899
f 4883/4883/4883 4899/4899/4899 4898/4898/4898
f 4884/4884/4884 4885/4885/4885 4900/4900/4900
f 4884/4884/4884 4900/4900/4900 4899/4899/4899
f 4885/4885/4885 4886/4886/4886 4901/4901/4901
f 4885/4885/4885 4901/4901/4901 4900/4900/4900
f 4886/4886/4886 4887/4887/4887 4902/4902/4902
f 4886/4886/4886 4902/4902/4902 4901/4901/4901
f 4887/4887/4887 4888/4888/4888 4903/4903/4903
f 4887/4887/4887 4903/4903/4903 4902/4902/4902
f 4888/4888/4888 4889/4889/4889 4904/4904/4904
f 4888/4888/4888 4904/4904/4904 4903/4903/4903
f 4889/4889/4889 4890/4890/4890 4905/4905/4905
f 4889/4889/4889 4905/4905/4905 4904/4904/4904
f 4890/4890/4890 4891/4891/4891 4906/4906/4906
f 4890/4890/4890 4906/4906/4906 4905/4905/4905
f 4892/4892/4892 4893/4893/4893 4908/4908/4908
f 4892/4892/4892 4908/4908/4908 4907/4907/4907
f 4893/4893/4893 4894/4894/4894 4909/4909/4909
f 4893/4893/4893 4909/4909/4909 4908/4908/4908
f 4894/4894/4894 4895/4895/4895 4910/4910/4910
f 4894/4894/4894 4910/4910/4910 4909/4909/4909
f 4895/4895/4895 4896/4896/4896 4911/4911/4911
f 4895/4895/4895 4911/4911/4911 4910/4910/4910
f 4896/4896/4896 4897/4897/4897 4912/4912/4912
f 4896/4896/4896 4912/4912/4912 4911/4911/4911
f 4897/4897/4897 4898/4898/4898 4913/4913/4913
f 4897/4897/4897 4913/4913/4913 4912/4912/4912
f 4898/4898/4898 4899/4899/4899 4914/4914/4914
f 4898/4898/4898 4914/4914/4914 4913/4913/4913
f 4899/4899/4899 4900/4900/4900 4915/4915/4915
f 4899/4899/4899 4915/4915/4915 4914/4914/4914
f 4900/4900/4900 4901/4901/4901 4916/4916/4916
f 4900/4900/4900 4916/4916/4916 4915/4915/4915
f 4901/4901/4901 4902/4902/4902 4917/4917/4917
f 4901/4901/4901 4917/4917/4917 4916/4916/4916
f 4902/4902/4902 4903/4903/4903 4918/4918/4918
f 4902/4902/4902 4918/4918/4918 4917/4917/4917
f 4903/4903/4903 4904/4904/4904 4919/4919/4919
f 4903/4903/4903 4919/4919/4919 4918/4918/4918
f 4904/4904/4904 4905/4905/4905 4920/4920/4920
f 4904/4904/4904 4920/4920/4920 4919/4919/4919
f 4905/4905/4905 4906/4906/4906 4921/4921/4921
f 4905/4905/4905 4921/4921/4921 4920/4920/4920
f 4922/4922/4922 4848/4848/4848 4847/4847/4847
f 4922/4922/4922 4849/4849/4849 4848/4848/4848
f 4922/4922/4922 4850/4850/4850 4849/4849/4849
f 4922/4922/4922 4851/4851/4851 4850/4850/4850
f 4922/4922/4922 4852/4852/4852 4851/4851/4851
f 4922/4922/4922 4853/4853/4853 4852/4852/4852
f 4922/4922/4922 4854/4854/4854 4853/4853/4853
f 4922/4922/4922 4855/4855/4855 4854/4854/4854
f 4922/4922/4922 4856/4856/4856 4855/4855/4855
f 4922/4922/4922 4857/4857/4857 4856/4856/4856
f 4922/4922/4922 4858/4858/4858 4857/4857/4857
f 4922/4922/4922 4859/4859/4859 4858/4858/4858
f 4922/4922/4922 4860/4860/4860 4859/4859/4859
f 4922/4922/4922 4861/4861/4861 4860/4860/4860
f 4923/4923/4923 4907/4907/4907 4908/4908/4908
f 4923/4923/4923 4908/4908/4908 4909/4909/4909
f 4923/4923/4923 4909/4909/4909 4910/4910/4910
f 4923/4923/4923 4910/4910/4910 4911/4911/4911
f 4923/4923/4923 4911/4911/4911 4912/4912/4912
f 4923/4923/4923 4912/4912/4912 4913/4913/4913
f 4923/4923/4923 4913/4913/4913 4914/4914/4914
f 4923/4923/4923 4914/4914/4914 4915/4915/4915
f 4923/4923/4923 4915/4915/4915 4916/4916/4916
f 4923/4923/4923 4916/4916/4916 4917/4917/4917
f 4923/4923/4923 4917/4917/4917 4918/4918/4918
f 4923/4923/4923 4918/4918/4918 4919/4919/4919
f 4923/4923/4923 4919/4919/4919 4920/4920/4920
f 4923/4923/4923 4920/4920/4920 4921/4921/4921
f 4924/4924/4924 4940/4940/4940 4925/4925/4925
f 4924/4924/4924 4939/4939/4939 4940/4940/4940
f 4925/4925/4925 4941/4941/4941 4926/4926/4926
f 4925/4925/4925 4940/4940/4940 4941/4941/4941
f 4926/4926/4926 4942/4942/4942 4927/4927/4927
f 4926/4926/4926 4941/4941/4941 4942/4942/4942
f 4927/4927/4927 4943/4943/4943 4928/4928/4928
f 4927/4927/4927 4942/4942/4942 4943/4943/4943
f 4928/4928/4928 4944/4944/4944 4929/4929/4929
f 4928/4928/4928 4943/4943/4943 4944/4944/4944
f 4929/4929/4929 4945/4945/4945 4930/4930/4930
f 4929/4929/4929 4944/4944/4944 4945/4945/4945
f 4930/4930/4930 4946/4946/4946 4931/4931/4931
f 4930/4930/4930 4945/4945/4945 4946/4946/4946
f 4931/4931/4931 4947/4947/4947 4932/4932/4932
f 4931/4931/4931 4946/4946/4946 4947/4947/4947
f 4932/4932/4932 4948/4948/4948 4933/4933/4933
f 4932/4932/4932 4947/4947/4947 4948/4948/4948
f 4933/4933/4933 4949/4949/4949 4934/4934/4934
f 4933/4933/4933 4948/4948/4948 4949/4949/4949
f 4934/4934/4934 4950/4950/4950 4935/4935/4935
f 4934/4934/4934 4949/4949/4949 4950/4950/4950
f 4935/4935/4935 4951/4951/4951 4936/4936/4936
f 4935/4935/4935 4950/4950/4950 4951/4951/4951
f 4936/4936/4936 4952/4952/4952 4937/4937/4937
f 4936/4936/4936 4951/4951/4951 4952/4952/4952
f 4937/4937/4937 4953/4953/4953 4938/4938/4938
f 4937/4937/4937 4952/4952/4952 4953/4953/4953
f 4939/4939/4939 4955/4955/4955 4940/4940/4940
f 4939/4939/4939 4954/4954/4954 4955/4955/4955
f 4940/4940/4940 4956/4956/4956 4941/4941/4941
f 4940/4940/4940 4955/4955/4955 4956/4956/4956
f 4941/4941/4941 4957/4957/4957 4942/4942/4942
f 4941/4941/4941 4956/4956/4956 4957/4957/4957
f 4942/4942/4942 4958/4958/4958 4943/4943/4943
f 4942/4942/4942 4957/4957/4957 4958/4958/4958
f 4943/4943/4943 4959/4959/4959 4944/4944/4944
f 4943/4943/4943 4958/4958/4958 4959/4959/4959
f 4944/4944/4944 4960/4960/4960 4945/4945/4945
f 4944/4944/4944 4959/4959/4959 4960/4960/4960
f 4945/4945/4945 4961/4961/4961 4946/4946/4946
f 4945/4945/4945 4960/4960/4960 4961/4961/4961
f 4946/4946/4946 4962/4962/4962 4947/4947/4947
f 4946/4946/4946 4961/4961/4961 4962/4962/4962
f 4947/4947/4947 4963/4963/4963 4948/4948/4948
f 4947/4947/4947 4962/4962/4962 4963/4963/4963
f 4948/4948/4948 4964/4964/4964 4949/4949/4949
f 4948/4948/4948 4963/4963/4963 4964/4964/4964
f 4949/4949/4949 4965/4965/4965 4950/4950/4950
f 4949/4949/4949 4964/4964/4964 4965/4965/4965
f 4950/4950/4950 4966/4966/4966 4951/4951/4951
f 4950/4950/4950 4965/4965/4965 4966/4966/4966
f 4951/4951/4951 4967/4967/4967 4952/4952/4952
f 4951/4951/4951 4966/4966/4966 4967/4967/4967
f 4952/4952/4952 4968/4968/4968 4953/4953/4953
f 4952/4952/4952 4967/4967/4967 4968/4968/4968
f 4954/4954/4954 4970/4970/4970 4955/4955/4955
f 4954/4954/4954 4969/4969/4969 4970/4970/4970
f 4955/4955/4955 4971/4971/4971 4956/4956/4956
f 4955/4955/4955 4970/4970/4970 4971/4971/4971
f 4956/4956/4956 4972/4972/4972 4957/4957/4957
f 4956/4956/4956 4971/4971/4971 4972/4972/4972
f 4957/4957/4957 4973/4973/4973 4958/4958/4958
f 4957/4957/4957 4972/4972/4972 4973/4973/4973
f 4958/4958/4958 4974/4974/4974 4959/4959/4959
f 4958/4958/4958 4973/4973/4973 4974/4974/4974
f 4959/4959/4959 4975/4975/4975 4960/4960/4960
f 4959/4959/4959 4974/4974/4974 4975/4975/4975
f 4960/4960/4960 4976/4976/4976 4961/4961/4961
f 4960/4960/4960 4975/4975/4975 4976/4976/4976
f 4961/4961/4961 4977/4977/4977 4962/4962/4962
f 4961/4961/4961 4976/4976/4976 4977/4977/4977
f 4962/4962/4962 4978/4978/4978 4963/4963/4963
f 4962/4962/4962 4977/4977/4977 4978/4978/4978
f 4963/4963/4963 4979/4979/4979 4964/4964/4964
f 4963/4963/4963 4978/4978/4978 4979/4979/4979
f 4964/4964/4964 4980/4980/4980 4965/4965/4965
f 4964/4964/4964 4979/4979/4979 4980/4980/4980
f 4965/4965/4965 4981/4981/4981 4966/4966/4966
f 4965/4965/4965 4980/4980/4980 4981/4981/4981
f 4966/4966/4966 4982/4982/4982 4967/4967/4967
f 4966/4966/4966 4981/4981/4981 4982/4982/4982
f 4967/4967/4967 4983/4983/4983 4968/4968/4968
f 4967/4967/4967 4982/4982/4982 4983/4983/4983
f 4969/4969/4969 4985/4985/4985 4970/4970/4970
f 4969/4969/4969 4984/4984/4984 4985/4985/4985
f 4970/4970/4970 4986/4986/4986 4971/4971/4971
f 4970/4970/4970 4985/4985/4985 4986/4986/4986
f 4971/4971/4971 4987/4987/4987 4972/4972/4972
f 4971/4971/4971 4986/4986/4986 4987/4987/4987
f 4972/4972/4972 4988/4988/4988 4973/4973/4973
f 4972/4972/4972 4987/4987/4987 4988/4988/4988
f 4973/4973/4973 4989/4989/4989 4974/4974/4974
f 4973/4973/4973 4988/4988/4988 4989/4989/4989
f 4974/4974/4974 4990/4990/4990 4975/4975/4975
f 4974/4974/4974 4989/4989/4989 4990/4990/4990
f 4975/4975/4975 4991/4991/4991 4976/4976/4976
f 4975/4975/4975 4990/4990/4990 4991/4991/4991
f 4976/4976/4976 4992/4992/4992 4977/4977/4977
f 4976/4976/4976 4991/4991/4991 4992/4992/4992
f 4977/4977/4977 4993/4993/4993 4978/4978/4978
f 4977/4977/4977 4992/4992/4992 4993/4993/4993
f 4978/4978/4978 4994/4994/4994 4979/4979/4979
f 4978/4978/4978 4993/4993/4993 4994/4994/4994
f 4979/4979/4979 4995/4995/4995 4980/4980/4980
f 4979/4979/4979 4994/4994/4994 4995/4995/4995
f 4980/4980/4980 4996/4996/4996 4981/4981/4981
f 4980/4980/4980 4995/4995/4995 4996/4996/4996
f 4981/4981/4981 4997/4997/4997 4982/4982/4982
f 4981/4981/4981 4996/4996/4996 4997/4997/4997
f 4982/4982/4982 4998/4998/4998 4983/4983/4983
f 4982/4982/4982 4997/4997/4997 4998/4998/4998
f 4999/4999/4999 4924/4924/4924 4925/4925/4925
f 4999/4999/4999 4925/4925/4925 4926/4926/4926
f 4999/4999/4999 4926/4926/4926 4927/4927/4927
f 4999/4999/4999 4927/4927/4927 4928/4928/4928
f 4999/4999/4999 4928/4928/4928 4929/4929/4929
f 4999/4999/4999 4929/4929/4929 4930/4930/4930
f 4999/4999/4999 4930/4930/4930 4931/4931/4931
f 4999/4999/4999 4931/4931/4931 4932/4932/4932
f 4999/4999/4999 4932/4932/4932 4933/4933/4933
f 4999/4999/4999 4933/4933/4933 4934/4934/4934
f 4999/4999/4999 4934/4934/4934 4935/4935/4935
f 4999/4999/4999 4935/4935/4935 4936/4936/4936
f 4999/4999/4999 4936/4936/4936 4937/4937/4937
f 4999/4999/4999 4937/4937/4937 4938/4938/4938
f 5000/5000/5000 4985/4985/4985 4984/4984/4984
f 5000/5000/5000 4986/4986/4986 4985/4985/4985
f 5000/5000/5000 4987/4987/4987 4986/4986/4986
f 5000/5000/5000 4988/4988/4988 4987/4987/4987
f 5000/5000/5000 4989/4989/4989 4988/4988/4988
f 5000/5000/5000 4990/4990/4990 4989/4989/4989
f 5000/5000/5000 4991/4991/4991 4990/4990/4990
f 5000/5000/5000 4992/4992/4992 4991/4991/4991
f 5000/5000/5000 4993/4993/4993 4992/4992/4992
f 5000/5000/5000 4994/4994/4994 4993/4993/4993
f 5000/5000/5000 4995/4995/4995 4994/4994/4994
f 5000/5000/5000 4996/4996/4996 4995/4995/4995
f 5000/5000/5000 4997/4997/4997 4996/4996/4996
f 5000/5000/5000 4998/4998/4998 4997/4997/4997
